user_id,pais,moneda,ingreso_mensual,nivel_endeudamiento,frecuencia_ahorro,descripcion,valor,categoria,fecha,tipo_texto
1,AR,ARS,267621,19,Baja,deb aut gas nea pos,83525,servicios,2026-01-27,cartola
1,AR,ARS,267621,19,Baja,consorcio palermo exp,47478,vivienda,2026-01-23,cartola
1,AR,ARS,267621,19,Baja,medife asociados deb,86735,salud,2026-01-25,cartola
1,AR,ARS,267621,19,Baja,la continental pizza,13449,alimentacion,2026-01-25,cartola
1,AR,ARS,267621,19,Baja,peaje sarandi compra,2395,transporte,2026-01-08,cartola
1,AR,ARS,267621,19,Baja,zonaprop compra factura,67296,vivienda,2026-01-16,cartola
1,AR,ARS,267621,19,Baja,corredores viales compra,4470,transporte,2026-01-29,cartola
1,AR,ARS,267621,19,Baja,pago naturgy,14630,servicios,2026-01-04,natural
1,AR,ARS,267621,19,Baja,telecentro debito directo,25899,servicios,2026-01-17,cartola
1,AR,ARS,267621,19,Baja,emova subte caba,1960,transporte,2026-01-02,cartola
1,AR,ARS,267621,19,Baja,icbc mantenimiento servicio,16409,otros,2026-01-24,cartola
1,AR,ARS,267621,19,Baja,giro cajero banelco,22289,otros,2026-01-08,cartola
1,AR,ARS,267621,19,Baja,dexter sport pos,61104,otros,2026-01-20,cartola
1,AR,ARS,267621,19,Baja,ligier compra pos,35635,vivienda,2026-01-18,cartola
1,AR,ARS,267621,19,Baja,compra en makro,49490,alimentacion,2026-01-14,natural
1,AR,ARS,267621,19,Baja,compra en rotiseria la querencia,21135,alimentacion,2026-01-21,natural
1,AR,ARS,267621,19,Baja,pago en pizzeria guerrin,47251,alimentacion,2026-01-10,natural
1,AR,ARS,267621,19,Baja,peaje debenedetti pos,4073,transporte,2026-01-14,cartola
1,AR,ARS,267621,19,Baja,la continental pizza,26660,alimentacion,2026-01-26,cartola
1,AR,ARS,267621,19,Baja,pago edenor,72068,servicios,2026-01-04,natural
1,AR,ARS,267621,19,Baja,ligier compra pos,49760,vivienda,2026-01-13,cartola
1,AR,ARS,267621,19,Baja,telecentro debito directo,39217,servicios,2026-01-16,cartola
1,AR,ARS,267621,19,Baja,pago edersa rio negro,53651,servicios,2026-01-23,natural
1,AR,ARS,267621,19,Baja,deb aut claro hogar,53475,servicios,2026-01-06,cartola
1,AR,ARS,267621,19,Baja,carga bencina en trenes argentinos,1376,transporte,2026-01-10,natural
1,AR,ARS,267621,19,Baja,uber* trip argentina,26514,transporte,2026-01-23,cartola
1,AR,ARS,267621,19,Baja,puntoticket compra,81244,ocio,2026-01-29,cartola
1,AR,ARS,267621,19,Baja,compra en le pain quotidien,35759,alimentacion,2026-01-02,natural
1,AR,ARS,267621,19,Baja,carga bencina en sube,6219,transporte,2026-01-25,natural
1,AR,ARS,267621,19,Baja,compra en diagnostico maipu,71057,salud,2026-01-04,natural
1,AR,ARS,267621,19,Baja,pago edersa rio negro,33536,servicios,2026-01-20,natural
1,AR,ARS,267621,19,Baja,colegio newman deb aut,11028,educacion,2026-01-13,cartola
1,AR,ARS,267621,19,Baja,edesur pago directo,56898,servicios,2026-01-09,cartola
1,AR,ARS,267621,19,Baja,entrada a movistar arena argentina,93385,ocio,2026-01-21,natural
1,AR,ARS,267621,19,Baja,suscripcion a netflix argentina,7662,streaming,2026-01-15,natural
1,AR,ARS,267621,19,Baja,pago en pani,31770,alimentacion,2026-01-27,natural
1,AR,ARS,267621,19,Baja,kika bar entradas,24263,ocio,2026-01-27,cartola
1,AR,ARS,267621,19,Baja,mp*spotify argentina,9644,streaming,2026-01-17,cartola
1,AR,ARS,267621,19,Baja,peaje alberti ausa,2885,transporte,2026-01-28,cartola
1,AR,ARS,267621,19,Baja,telecentro debito directo,29609,servicios,2026-01-08,cartola
1,AR,ARS,267621,19,Baja,galeno cobertura deb,59322,salud,2026-01-26,cartola
1,AR,ARS,267621,19,Baja,peaje pacheco ausol,6173,transporte,2026-01-28,cartola
1,AR,ARS,267621,19,Baja,pago easy,25118,vivienda,2026-01-07,natural
1,AR,ARS,267621,19,Baja,yenny/ateneo suc compra,13014,educacion,2026-01-15,cartola
1,AR,ARS,267621,19,Baja,peaje illia ausa,2284,transporte,2026-01-18,cartola
1,AR,ARS,267621,19,Baja,mercadopago*laquerencia,17457,alimentacion,2026-01-24,cartola
1,AR,ARS,267621,19,Baja,compra en hospital aleman,80287,salud,2026-01-13,natural
1,AR,ARS,267621,19,Baja,pago en accord salud,92720,salud,2026-01-23,natural
1,AR,ARS,267621,19,Baja,pago epen neuquen,51363,servicios,2026-01-12,natural
1,AR,ARS,267621,19,Baja,medicus compra pos deb,39009,salud,2026-01-15,cartola
1,AR,ARS,267621,19,Baja,entrada a luna park,37810,ocio,2026-01-14,natural
1,AR,ARS,267621,19,Baja,easy compra internet,49829,vivienda,2026-01-15,cartola
1,AR,ARS,267621,19,Baja,deb aut aguas bonaerenses,47906,servicios,2026-01-16,cartola
1,AR,ARS,267621,19,Baja,smg medicina prepaga deb,36176,salud,2026-01-27,cartola
1,AR,ARS,267621,19,Baja,mp*disney plus arg,4694,streaming,2026-01-23,cartola
1,AR,ARS,267621,19,Baja,suscripcion a teatro colon,22240,ocio,2026-01-23,natural
1,AR,ARS,267621,19,Baja,peaje illia ausa,1815,transporte,2026-01-03,cartola
1,AR,ARS,267621,19,Baja,carga bencina en chevallier,92120,transporte,2026-01-16,natural
1,AR,ARS,267621,19,Baja,sanatorio finochietto,77727,salud,2026-01-24,cartola
1,AR,ARS,267621,19,Baja,avalian medicina prepaga,88997,salud,2026-01-24,cartola
1,AR,ARS,267621,19,Baja,compra en dean & dennys,34194,alimentacion,2026-01-26,natural
1,AR,ARS,267621,19,Baja,farmacias vantage suc,72889,salud,2026-01-19,cartola
1,AR,ARS,267621,19,Baja,peaje sarandi compra,2494,transporte,2026-01-27,cartola
1,AR,ARS,267621,19,Baja,pago ligier pinturerias,88259,vivienda,2026-01-21,natural
1,AR,ARS,267621,19,Baja,pago litoral gas,63933,servicios,2026-01-07,natural
1,AR,ARS,267621,19,Baja,mp*spotify argentina,6186,streaming,2026-01-09,cartola
1,AR,ARS,267621,19,Baja,pago movistar hogar argentina,62188,servicios,2026-01-22,natural
1,AR,ARS,267621,19,Baja,carga bencina en flecha bus,25155,transporte,2026-01-10,natural
1,AR,ARS,267621,19,Baja,trenes argentinos pos,4924,transporte,2026-01-06,cartola
1,AR,ARS,267621,19,Baja,carga bencina en peaje debenedetti,2751,transporte,2026-01-15,natural
1,AR,ARS,267621,19,Baja,sanatorio guemes intern,81069,salud,2026-01-08,cartola
1,AR,ARS,267621,19,Baja,pago rapipago,79556,servicios,2026-01-29,natural
1,AR,ARS,267621,19,Baja,deb aut gas nea pos,57857,servicios,2026-01-13,cartola
1,AR,ARS,267621,19,Baja,carga bencina en emova subte,7865,transporte,2026-01-17,natural
1,AR,ARS,267621,19,Baja,metrovias boleteria,4978,transporte,2026-01-12,cartola
1,AR,ARS,267621,19,Baja,entrada a ticketek,67994,ocio,2026-01-06,natural
1,AR,ARS,267621,19,Baja,pago zara argentina,65822,otros,2026-01-04,natural
1,AR,ARS,267621,19,Baja,mp*amazon prime arg,6782,ocio,2026-01-10,cartola
1,AR,ARS,267621,19,Baja,smg medicina prepaga deb,32475,salud,2026-01-26,cartola
1,AR,ARS,267621,19,Baja,pago movistar hogar argentina,61283,servicios,2026-01-10,natural
1,AR,ARS,267621,19,Baja,pago aguas cordobesas,7270,servicios,2026-01-13,natural
1,AR,ARS,267621,19,Baja,carga bencina en axion energy,17276,transporte,2026-01-08,natural
1,AR,ARS,267621,19,Baja,deb aut aguas bonaerenses,14986,servicios,2026-01-17,cartola
1,AR,ARS,267621,19,Baja,parque de la costa comp,26284,ocio,2026-01-10,cartola
1,AR,ARS,267621,19,Baja,pago telecom fibertel,33012,servicios,2026-01-11,natural
1,AR,ARS,267621,19,Baja,pago en coto,52888,alimentacion,2026-01-14,natural
1,AR,ARS,267621,19,Baja,pago personal flow,24961,servicios,2026-01-05,natural
1,AR,ARS,267621,19,Baja,suscripcion a spotify argentina,9465,streaming,2026-01-27,natural
1,AR,ARS,267621,19,Baja,pago coppel,60508,otros,2026-01-04,natural
1,AR,ARS,267621,19,Baja,pago ferreteria industrial,11658,vivienda,2026-01-05,natural
1,AR,ARS,267621,19,Baja,pago en sancor salud,92603,salud,2026-01-24,natural
1,AR,ARS,267621,19,Baja,pago en makro,93090,alimentacion,2026-01-21,natural
1,AR,ARS,267621,19,Baja,deb aut camuzzi pampeana,73372,servicios,2026-01-28,cartola
1,AR,ARS,267621,19,Baja,suscripcion a spotify argentina,5140,streaming,2026-01-10,natural
1,AR,ARS,267621,19,Baja,telecentro debito directo,64183,servicios,2026-01-21,cartola
1,AR,ARS,267621,19,Baja,teatro colon entradas,13761,ocio,2026-01-12,cartola
1,AR,ARS,267621,19,Baja,pago en burger king,17626,alimentacion,2026-01-10,natural
1,AR,ARS,267621,19,Baja,pago edersa rio negro,50211,servicios,2026-01-04,natural
1,AR,ARS,267621,19,Baja,carga bencina en metrovias,5002,transporte,2026-01-24,natural
1,AR,ARS,267621,19,Baja,pago pinturas alba,70743,vivienda,2026-01-11,natural
1,AR,ARS,267621,19,Baja,peaje debenedetti pos,3493,transporte,2026-01-20,cartola
1,AR,ARS,267621,19,Baja,sanatorio guemes intern,89588,salud,2026-01-25,cartola
1,AR,ARS,267621,19,Baja,scholastica compra pos,34736,educacion,2026-01-10,cartola
1,AR,ARS,267621,19,Baja,peaje parque avellaneda,3577,transporte,2026-01-25,cartola
1,AR,ARS,267621,19,Baja,consorcioabierto expensas,42552,vivienda,2026-01-17,cartola
1,AR,ARS,267621,19,Baja,viaje en peaje samborombon,7727,transporte,2026-01-05,natural
1,AR,ARS,267621,19,Baja,deb aut claro hogar,24908,servicios,2026-01-11,cartola
1,AR,ARS,267621,19,Baja,mercadopago*doncarlos,6647,alimentacion,2026-01-03,cartola
1,AR,ARS,267621,19,Baja,colegio st georges deb,64547,educacion,2026-01-29,cartola
1,AR,ARS,267621,19,Baja,pago naturgy,9607,servicios,2026-01-17,natural
1,AR,ARS,267621,19,Baja,farmacias vantage suc,11734,salud,2026-01-29,cartola
1,AR,ARS,267621,19,Baja,blaisten s.a. suc,67521,vivienda,2026-01-20,cartola
1,AR,ARS,267621,19,Baja,showcase ar compra pos,10471,ocio,2026-01-20,cartola
1,AR,ARS,267621,19,Baja,metrogas debito aut,40530,servicios,2026-01-26,cartola
1,AR,ARS,267621,19,Baja,clinica suizo argentina,85528,salud,2026-01-18,cartola
1,AR,ARS,267621,19,Baja,osecac cuota directa,44014,salud,2026-01-20,cartola
1,AR,ARS,267621,19,Baja,pago uala,75531,otros,2026-01-26,natural
1,AR,ARS,267621,19,Baja,carga bencina en uber argentina,11671,transporte,2026-01-09,natural
1,AR,ARS,267621,19,Baja,supermercados vea,28517,alimentacion,2026-01-16,cartola
1,AR,ARS,267621,19,Baja,mp*spotify argentina,4885,streaming,2026-01-11,cartola
1,AR,ARS,267621,19,Baja,mp*disney plus arg,11041,streaming,2026-01-23,cartola
1,AR,ARS,267621,19,Baja,carga bencina en telepase autopistas,28315,transporte,2026-01-15,natural
1,AR,ARS,267621,19,Baja,mostaza suc compra,26721,alimentacion,2026-01-10,cartola
1,AR,ARS,267621,19,Baja,metrogas debito aut,15816,servicios,2026-01-11,cartola
1,AR,ARS,267621,19,Baja,colegio champagnat deb,63047,educacion,2026-01-05,cartola
2,AR,ARS,294393,40,Baja,pago pinturerias prestigio,70757,vivienda,2026-01-16,natural
2,AR,ARS,294393,40,Baja,pago en jumbo,71626,alimentacion,2026-01-02,natural
2,AR,ARS,294393,40,Baja,compra en las cuartetas,46196,alimentacion,2026-01-26,natural
2,AR,ARS,294393,40,Baja,puntoticket compra,90529,ocio,2026-01-26,cartola
2,AR,ARS,294393,40,Baja,panaderia san jose pos,12174,alimentacion,2026-01-10,cartola
2,AR,ARS,294393,40,Baja,pago en carniceria el ombu,67132,alimentacion,2026-01-04,natural
2,AR,ARS,294393,40,Baja,consorcio palermo exp,78687,vivienda,2026-01-05,cartola
2,AR,ARS,294393,40,Baja,pago pagomiscuentas,55955,servicios,2026-01-23,natural
2,AR,ARS,294393,40,Baja,deb aut camuzzi pampeana,14809,servicios,2026-01-12,cartola
2,AR,ARS,294393,40,Baja,carga bencina en puma energy,64976,transporte,2026-01-23,natural
2,AR,ARS,294393,40,Baja,deb aut epec cordoba,69165,servicios,2026-01-18,cartola
2,AR,ARS,294393,40,Baja,compra en laboratorio stamboulian,75338,salud,2026-01-08,natural
2,AR,ARS,294393,40,Baja,recarga sube acc,8599,transporte,2026-01-24,cartola
2,AR,ARS,294393,40,Baja,pago easy,92578,vivienda,2026-01-24,natural
2,AR,ARS,294393,40,Baja,compra en fiambreria el galpon,4448,alimentacion,2026-01-09,natural
2,AR,ARS,294393,40,Baja,pago megatone,75482,otros,2026-01-17,natural
2,AR,ARS,294393,40,Baja,pago claro hogar argentina,43349,servicios,2026-01-28,natural
2,AR,ARS,294393,40,Baja,pinturas alba compra suc,43946,vivienda,2026-01-06,cartola
2,AR,ARS,294393,40,Baja,compra en osecac,54280,salud,2026-01-29,natural
2,AR,ARS,294393,40,Baja,pago en mi barrio hamburgueseria,31386,alimentacion,2026-01-27,natural
2,AR,ARS,294393,40,Baja,pago easy,47072,vivienda,2026-01-29,natural
2,AR,ARS,294393,40,Baja,mercadopago*doncarlos,18370,alimentacion,2026-01-19,cartola
2,AR,ARS,294393,40,Baja,pago rapipago,62682,servicios,2026-01-24,natural
2,AR,ARS,294393,40,Baja,viaje en emova subte,4826,transporte,2026-01-03,natural
2,AR,ARS,294393,40,Baja,nueva chevallier s.a.,61968,transporte,2026-01-23,cartola
2,AR,ARS,294393,40,Baja,deb aut edet tucuman,34936,servicios,2026-01-03,cartola
2,AR,ARS,294393,40,Baja,pago en carniceria el ombu,53515,alimentacion,2026-01-05,natural
2,AR,ARS,294393,40,Baja,pago consorcio edificio belgrano,32011,vivienda,2026-01-29,natural
2,AR,ARS,294393,40,Baja,mp*amazon prime arg,3612,ocio,2026-01-10,cartola
2,AR,ARS,294393,40,Baja,viaje en peaje debenedetti,4756,transporte,2026-01-29,natural
2,AR,ARS,294393,40,Baja,entrada a fiter gimnasios,30452,ocio,2026-01-29,natural
2,AR,ARS,294393,40,Baja,expensas online transfer,28968,vivienda,2026-01-23,cartola
2,AR,ARS,294393,40,Baja,telecentro debito directo,63940,servicios,2026-01-05,cartola
2,AR,ARS,294393,40,Baja,deb aut edersa pos,27173,servicios,2026-01-24,cartola
2,AR,ARS,294393,40,Baja,op.ypf suc compra,21028,transporte,2026-01-03,cartola
2,AR,ARS,294393,40,Baja,peaje hudson aubasa,8556,transporte,2026-01-18,cartola
2,AR,ARS,294393,40,Baja,clinica mater dei compra,96938,salud,2026-01-07,cartola
2,AR,ARS,294393,40,Baja,freddo helados compra,21783,alimentacion,2026-01-20,cartola
2,AR,ARS,294393,40,Baja,el club de la milanesa,53805,alimentacion,2026-01-10,cartola
2,AR,ARS,294393,40,Baja,suscripcion a ticketek,75981,ocio,2026-01-04,natural
2,AR,ARS,294393,40,Baja,sancor salud deb aut,99626,salud,2026-01-15,cartola
2,AR,ARS,294393,40,Baja,mp*spotify argentina,9424,streaming,2026-01-14,cartola
2,AR,ARS,294393,40,Baja,naturgy pago compra,39091,servicios,2026-01-13,cartola
2,AR,ARS,294393,40,Baja,colegio st georges deb,41639,educacion,2026-01-28,cartola
2,AR,ARS,294393,40,Baja,suscripcion a puntoticket argentina,16061,ocio,2026-01-21,natural
2,AR,ARS,294393,40,Baja,suscripcion a spotify argentina,8854,streaming,2026-01-09,natural
2,AR,ARS,294393,40,Baja,suscripcion a teatro opera,44850,ocio,2026-01-22,natural
2,AR,ARS,294393,40,Baja,le pain quotidien suc,50358,alimentacion,2026-01-27,cartola
2,AR,ARS,294393,40,Baja,compra en sanatorio otamendi,73911,salud,2026-01-11,natural
2,AR,ARS,294393,40,Baja,metrovias boleteria,2438,transporte,2026-01-27,cartola
2,AR,ARS,294393,40,Baja,pago maderas ramos,94579,vivienda,2026-01-28,natural
2,AR,ARS,294393,40,Baja,pago en la birra bar,38078,alimentacion,2026-01-25,natural
2,AR,ARS,294393,40,Baja,pago naturgy,69385,servicios,2026-01-26,natural
2,AR,ARS,294393,40,Baja,federacion patronal deb,89048,otros,2026-01-27,cartola
2,AR,ARS,294393,40,Baja,galeno cobertura deb,73272,salud,2026-01-13,cartola
2,AR,ARS,294393,40,Baja,entrada a niceto club,25181,ocio,2026-01-05,natural
2,AR,ARS,294393,40,Baja,entrada a smart fit argentina,18820,ocio,2026-01-21,natural
2,AR,ARS,294393,40,Baja,viaje en axion energy,72852,transporte,2026-01-22,natural
2,AR,ARS,294393,40,Baja,pago en farmacias selma,10943,salud,2026-01-17,natural
2,AR,ARS,294393,40,Baja,kfc suc,22614,alimentacion,2026-01-16,cartola
2,AR,ARS,294393,40,Baja,pago en accord salud,102175,salud,2026-01-20,natural
2,AR,ARS,294393,40,Baja,suscripcion a netflix argentina,11797,streaming,2026-01-21,natural
2,AR,ARS,294393,40,Baja,accord salud debito directo,94583,salud,2026-01-13,cartola
2,AR,ARS,294393,40,Baja,carga bencina en flecha bus,45947,transporte,2026-01-23,natural
2,AR,ARS,294393,40,Baja,prevencion salud compra,101129,salud,2026-01-14,cartola
2,AR,ARS,294393,40,Baja,puma energy suc,71600,transporte,2026-01-08,cartola
2,AR,ARS,294393,40,Baja,teatro opera entradas,14799,ocio,2026-01-12,cartola
2,AR,ARS,294393,40,Baja,carga bencina en sube,7446,transporte,2026-01-28,natural
2,AR,ARS,294393,40,Baja,pago personal flow,43305,servicios,2026-01-12,natural
2,AR,ARS,294393,40,Baja,deb aut aguas bonaerenses,5185,servicios,2026-01-06,cartola
2,AR,ARS,294393,40,Baja,icbc mantenimiento servicio,7217,otros,2026-01-29,cartola
2,AR,ARS,294393,40,Baja,compra en carrefour,56955,alimentacion,2026-01-20,natural
2,AR,ARS,294393,40,Baja,cabify compra,11695,transporte,2026-01-25,cartola
2,AR,ARS,294393,40,Baja,farmacias azul suc,12330,salud,2026-01-26,cartola
2,AR,ARS,294393,40,Baja,sanatorio otamendi suc,57146,salud,2026-01-09,cartola
2,AR,ARS,294393,40,Baja,pago edesur,96363,servicios,2026-01-22,natural
2,AR,ARS,294393,40,Baja,pago dexter,82781,otros,2026-01-23,natural
2,AR,ARS,294393,40,Baja,la mezzetta compra,36069,alimentacion,2026-01-04,cartola
2,AR,ARS,294393,40,Baja,recarga sube acc,1538,transporte,2026-01-21,cartola
2,AR,ARS,294393,40,Baja,deb aut fiter pos,41335,ocio,2026-01-21,cartola
2,AR,ARS,294393,40,Baja,pago consorcio edificio belgrano,96263,vivienda,2026-01-27,natural
2,AR,ARS,294393,40,Baja,suscripcion a disney plus argentina,9332,streaming,2026-01-15,natural
2,AR,ARS,294393,40,Baja,mercadopago*elprogreso,30119,vivienda,2026-01-16,cartola
2,AR,ARS,294393,40,Baja,centro rossi compra pos,24463,salud,2026-01-12,cartola
2,AR,ARS,294393,40,Baja,entrada a movistar arena argentina,40006,ocio,2026-01-04,natural
2,AR,ARS,294393,40,Baja,changomas compra,20219,alimentacion,2026-01-25,cartola
2,AR,ARS,294393,40,Baja,mp*netflix argentina,14115,streaming,2026-01-19,cartola
2,AR,ARS,294393,40,Baja,colegio northlands deb,18964,educacion,2026-01-29,cartola
2,AR,ARS,294393,40,Baja,suscripcion a bar el barista argentina,17858,ocio,2026-01-11,natural
2,AR,ARS,294393,40,Baja,suscripcion a movistar arena argentina,33579,ocio,2026-01-06,natural
2,AR,ARS,294393,40,Baja,passline tickets suc,26184,ocio,2026-01-19,cartola
2,AR,ARS,294393,40,Baja,pago en laboratorio stamboulian,46512,salud,2026-01-29,natural
2,AR,ARS,294393,40,Baja,inscripcion en colegio marin,6384,educacion,2026-01-02,natural
2,AR,ARS,294393,40,Baja,pago en el cuartito,28249,alimentacion,2026-01-02,natural
2,AR,ARS,294393,40,Baja,diarco compra pos,82531,alimentacion,2026-01-25,cartola
2,AR,ARS,294393,40,Baja,suscripcion a cinemark hoyts,9006,ocio,2026-01-14,natural
2,AR,ARS,294393,40,Baja,omint debito directo,23574,salud,2026-01-25,cartola
2,AR,ARS,294393,40,Baja,peaje samborombon aubasa,6384,transporte,2026-01-03,cartola
2,AR,ARS,294393,40,Baja,dean & dennys suc,26245,alimentacion,2026-01-04,cartola
2,AR,ARS,294393,40,Baja,peaje larena ausol,5473,transporte,2026-01-16,cartola
2,AR,ARS,294393,40,Baja,smg medicina prepaga deb,70097,salud,2026-01-15,cartola
2,AR,ARS,294393,40,Baja,pago en las cuartetas,52965,alimentacion,2026-01-03,natural
2,AR,ARS,294393,40,Baja,peaje dock sud acc,1948,transporte,2026-01-11,cartola
2,AR,ARS,294393,40,Baja,pagomiscuentas aysa deb,55080,servicios,2026-01-12,cartola
2,AR,ARS,294393,40,Baja,rappi*compra,33223,alimentacion,2026-01-14,cartola
2,AR,ARS,294393,40,Baja,pago ferreteria el progreso,35785,vivienda,2026-01-04,natural
2,AR,ARS,294393,40,Baja,centro rossi compra pos,17544,salud,2026-01-16,cartola
2,AR,ARS,294393,40,Baja,pagomiscuentas debito,77465,servicios,2026-01-14,cartola
2,AR,ARS,294393,40,Baja,mp*spotify argentina,4871,streaming,2026-01-02,cartola
2,AR,ARS,294393,40,Baja,santander comision servicio,21754,otros,2026-01-24,cartola
2,AR,ARS,294393,40,Baja,pago metrogas,65240,servicios,2026-01-15,natural
2,AR,ARS,294393,40,Baja,kel libreria suc compra,18308,educacion,2026-01-11,cartola
2,AR,ARS,294393,40,Baja,suscripcion a netflix argentina,10456,streaming,2026-01-18,natural
2,AR,ARS,294393,40,Baja,deb aut on fit gimnasios,32710,ocio,2026-01-26,cartola
2,AR,ARS,294393,40,Baja,carga bencina en peaje parque avellaneda,7287,transporte,2026-01-05,natural
2,AR,ARS,294393,40,Baja,compra en mcdonald's,17370,alimentacion,2026-01-07,natural
2,AR,ARS,294393,40,Baja,pago giro cajero banelco,62811,otros,2026-01-23,natural
2,AR,ARS,294393,40,Baja,pago gas nea,92278,servicios,2026-01-29,natural
2,AR,ARS,294393,40,Baja,vep afip acc compra,34786,otros,2026-01-17,cartola
2,AR,ARS,294393,40,Baja,pago en medicus,101125,salud,2026-01-18,natural
2,AR,ARS,294393,40,Baja,el club de la milanesa,41616,alimentacion,2026-01-13,cartola
2,AR,ARS,294393,40,Baja,pago metrogas,92497,servicios,2026-01-21,natural
2,AR,ARS,294393,40,Baja,pago colegio san martin,95162,educacion,2026-01-16,natural
2,AR,ARS,294393,40,Baja,deb aut gas nea pos,93437,servicios,2026-01-21,cartola
2,AR,ARS,294393,40,Baja,zonaprop compra factura,20109,vivienda,2026-01-27,cartola
3,AR,ARS,158513,22,Alta,pagomiscuentas debito,48813,servicios,2026-01-22,cartola
3,AR,ARS,158513,22,Alta,kfc suc,28187,alimentacion,2026-01-16,cartola
3,AR,ARS,158513,22,Alta,expensas online transfer,30403,vivienda,2026-01-11,cartola
3,AR,ARS,158513,22,Alta,compra en laboratorio stamboulian,32175,salud,2026-01-27,natural
3,AR,ARS,158513,22,Alta,teatro colon entradas,14319,ocio,2026-01-19,cartola
3,AR,ARS,158513,22,Alta,suscripcion a teatro gran rex,31514,ocio,2026-01-12,natural
3,AR,ARS,158513,22,Alta,pago en pizzeria guerrin,18268,alimentacion,2026-01-22,natural
3,AR,ARS,158513,22,Alta,suscripcion a spotify argentina,3556,streaming,2026-01-11,natural
3,AR,ARS,158513,22,Alta,pago colegio ward,23112,educacion,2026-01-22,natural
3,AR,ARS,158513,22,Alta,deb aut on fit gimnasios,27856,ocio,2026-01-11,cartola
3,AR,ARS,158513,22,Alta,pago en burger king,17197,alimentacion,2026-01-08,natural
3,AR,ARS,158513,22,Alta,recarga sube acc,2269,transporte,2026-01-29,cartola
3,AR,ARS,158513,22,Alta,pago litoral gas,43374,servicios,2026-01-23,natural
3,AR,ARS,158513,22,Alta,carga bencina en peaje dellepiane,2573,transporte,2026-01-07,natural
3,AR,ARS,158513,22,Alta,compra en el cuartito,48942,alimentacion,2026-01-25,natural
3,AR,ARS,158513,22,Alta,compra en medife,25459,salud,2026-01-16,natural
3,AR,ARS,158513,22,Alta,mercadopago*elbarista,18710,ocio,2026-01-09,cartola
3,AR,ARS,158513,22,Alta,peaje illia ausa,4212,transporte,2026-01-28,cartola
3,AR,ARS,158513,22,Alta,pago en las cuartetas,45883,alimentacion,2026-01-26,natural
3,AR,ARS,158513,22,Alta,carga bencina en emova subte,9239,transporte,2026-01-28,natural
3,AR,ARS,158513,22,Alta,compra en dandy,21070,alimentacion,2026-01-22,natural
3,AR,ARS,158513,22,Alta,pago maderas ramos,43171,vivienda,2026-01-11,natural
3,AR,ARS,158513,22,Alta,mayorista yaguar suc,44469,alimentacion,2026-01-18,cartola
3,AR,ARS,158513,22,Alta,compra en el noble,8005,alimentacion,2026-01-28,natural
3,AR,ARS,158513,22,Alta,maderas ramos s.a.,25873,vivienda,2026-01-14,cartola
3,AR,ARS,158513,22,Alta,pago ferreteria el progreso,28307,vivienda,2026-01-09,natural
3,AR,ARS,158513,22,Alta,compra en supermercados dia,50838,alimentacion,2026-01-06,natural
3,AR,ARS,158513,22,Alta,compra en club de la birra,38962,alimentacion,2026-01-26,natural
3,AR,ARS,158513,22,Alta,mp*spotify argentina,7540,streaming,2026-01-04,cartola
3,AR,ARS,158513,22,Alta,burger king pos,33360,alimentacion,2026-01-25,cartola
3,AR,ARS,158513,22,Alta,suscripcion a sportclub,28643,ocio,2026-01-11,natural
3,AR,ARS,158513,22,Alta,pago en kfc,18756,alimentacion,2026-01-04,natural
3,AR,ARS,158513,22,Alta,compra en rappi,44107,alimentacion,2026-01-24,natural
3,AR,ARS,158513,22,Alta,compra en el noble,5051,alimentacion,2026-01-20,natural
3,AR,ARS,158513,22,Alta,pago en clinica mater dei,46402,salud,2026-01-04,natural
3,AR,ARS,158513,22,Alta,pago giro cajero link,53538,otros,2026-01-14,natural
3,AR,ARS,158513,22,Alta,edesur pago directo,51659,servicios,2026-01-13,cartola
3,AR,ARS,158513,22,Alta,viaje en ypf,38402,transporte,2026-01-09,natural
3,AR,ARS,158513,22,Alta,suscripcion a disney plus argentina,4849,streaming,2026-01-06,natural
3,AR,ARS,158513,22,Alta,compra en verduleria don carlos,13593,alimentacion,2026-01-28,natural
3,AR,ARS,158513,22,Alta,pago epec,46361,servicios,2026-01-04,natural
3,AR,ARS,158513,22,Alta,mp*spotify argentina,2802,streaming,2026-01-03,cartola
3,AR,ARS,158513,22,Alta,pago edesur,30682,servicios,2026-01-28,natural
3,AR,ARS,158513,22,Alta,pago pinturerias rex,17399,vivienda,2026-01-11,natural
3,AR,ARS,158513,22,Alta,pago en laboratorio stamboulian,13132,salud,2026-01-10,natural
3,AR,ARS,158513,22,Alta,pago en grido helados,18318,alimentacion,2026-01-14,natural
3,AR,ARS,158513,22,Alta,viaje en cabify,19259,transporte,2026-01-27,natural
3,AR,ARS,158513,22,Alta,blaisten s.a. suc,42820,vivienda,2026-01-21,cartola
3,AR,ARS,158513,22,Alta,banco nacion cargo mant,9937,otros,2026-01-05,cartola
3,AR,ARS,158513,22,Alta,pizzeria guerrin compra,28375,alimentacion,2026-01-21,cartola
3,AR,ARS,158513,22,Alta,mp*netflix argentina,12272,streaming,2026-01-03,cartola
3,AR,ARS,158513,22,Alta,suscripcion a spotify argentina,7536,streaming,2026-01-22,natural
3,AR,ARS,158513,22,Alta,pago dexter,24917,otros,2026-01-13,natural
3,AR,ARS,158513,22,Alta,consorcioabierto expensas,31020,vivienda,2026-01-21,cartola
3,AR,ARS,158513,22,Alta,deb aut megatlon suc,29140,ocio,2026-01-09,cartola
3,AR,ARS,158513,22,Alta,provincia net recauda,26733,servicios,2026-01-20,cartola
3,AR,ARS,158513,22,Alta,diarco compra pos,52251,alimentacion,2026-01-13,cartola
3,AR,ARS,158513,22,Alta,pago en laboratorio stamboulian,15038,salud,2026-01-14,natural
3,AR,ARS,158513,22,Alta,carga bencina en telepase autopistas,10679,transporte,2026-01-25,natural
3,AR,ARS,158513,22,Alta,compra en panaderia san jose,7840,alimentacion,2026-01-10,natural
3,AR,ARS,158513,22,Alta,deb aut edersa pos,43246,servicios,2026-01-21,cartola
3,AR,ARS,158513,22,Alta,corredores viales compra,18095,transporte,2026-01-06,cartola
3,AR,ARS,158513,22,Alta,pago epec,26315,servicios,2026-01-04,natural
3,AR,ARS,158513,22,Alta,pagomiscuentas debito,45767,servicios,2026-01-04,cartola
3,AR,ARS,158513,22,Alta,pago pinturerias prestigio,37657,vivienda,2026-01-27,natural
3,AR,ARS,158513,22,Alta,compra en osde,9538,salud,2026-01-09,natural
3,AR,ARS,158513,22,Alta,pago edenor,35651,servicios,2026-01-16,natural
3,AR,ARS,158513,22,Alta,pago camuzzi gas pampeana,18504,servicios,2026-01-04,natural
3,AR,ARS,158513,22,Alta,viaje en peaje debenedetti,5421,transporte,2026-01-28,natural
3,AR,ARS,158513,22,Alta,inscripcion en universidad de belgrano ub,22361,educacion,2026-01-16,natural
3,AR,ARS,158513,22,Alta,suscripcion a spotify argentina,3551,streaming,2026-01-26,natural
3,AR,ARS,158513,22,Alta,pago allianz seguros,54955,otros,2026-01-28,natural
3,AR,ARS,158513,22,Alta,diarco compra pos,39965,alimentacion,2026-01-12,cartola
3,AR,ARS,158513,22,Alta,pago telecentro,37676,servicios,2026-01-29,natural
3,AR,ARS,158513,22,Alta,mcdonalds ar pos,23986,alimentacion,2026-01-11,cartola
3,AR,ARS,158513,22,Alta,suscripcion a multiplex cines,21468,ocio,2026-01-07,natural
3,AR,ARS,158513,22,Alta,kika bar entradas,47658,ocio,2026-01-20,cartola
3,AR,ARS,158513,22,Alta,coto suc,17323,alimentacion,2026-01-22,cartola
3,AR,ARS,158513,22,Alta,deb aut movistar hogar,54672,servicios,2026-01-20,cartola
3,AR,ARS,158513,22,Alta,sanatorio finochietto,40496,salud,2026-01-22,cartola
3,AR,ARS,158513,22,Alta,administracion san martin,34899,vivienda,2026-01-27,cartola
3,AR,ARS,158513,22,Alta,giro rapipago recauda,22492,servicios,2026-01-24,cartola
3,AR,ARS,158513,22,Alta,almacen de pizzas suc,34738,alimentacion,2026-01-08,cartola
3,AR,ARS,158513,22,Alta,viaje en sube,3560,transporte,2026-01-25,natural
3,AR,ARS,158513,22,Alta,deb aut arba bs as,31130,otros,2026-01-13,cartola
3,AR,ARS,158513,22,Alta,argenprop deb aut,30913,vivienda,2026-01-05,cartola
3,AR,ARS,158513,22,Alta,didi* trip argentina,7116,transporte,2026-01-11,cartola
3,AR,ARS,158513,22,Alta,deb aut aguas bonaerenses,32402,servicios,2026-01-29,cartola
3,AR,ARS,158513,22,Alta,pago pagomiscuentas,39859,servicios,2026-01-26,natural
3,AR,ARS,158513,22,Alta,mercadopago*almacen,17296,alimentacion,2026-01-11,cartola
3,AR,ARS,158513,22,Alta,pago blaisten,40771,vivienda,2026-01-08,natural
3,AR,ARS,158513,22,Alta,utn cuotas academicas,23312,educacion,2026-01-21,cartola
3,AR,ARS,158513,22,Alta,deb aut edet tucuman,45840,servicios,2026-01-02,cartola
3,AR,ARS,158513,22,Alta,pago pago facil,11777,servicios,2026-01-26,natural
3,AR,ARS,158513,22,Alta,dr ahorro argentina,29252,salud,2026-01-19,cartola
3,AR,ARS,158513,22,Alta,mercadopago*elgalpon,13456,alimentacion,2026-01-18,cartola
3,AR,ARS,158513,22,Alta,pago ferreteria el puente,11665,vivienda,2026-01-06,natural
3,AR,ARS,158513,22,Alta,pago federacion patronal seguros,40457,otros,2026-01-19,natural
3,AR,ARS,158513,22,Alta,pago aysa,18045,servicios,2026-01-18,natural
3,AR,ARS,158513,22,Alta,pago en jumbo,23980,alimentacion,2026-01-18,natural
3,AR,ARS,158513,22,Alta,expensas online transfer,53784,vivienda,2026-01-21,cartola
3,AR,ARS,158513,22,Alta,viaje en emova subte,5902,transporte,2026-01-24,natural
3,AR,ARS,158513,22,Alta,editorial santillana deb,11090,educacion,2026-01-23,cartola
3,AR,ARS,158513,22,Alta,kentucky pizza pos,46253,alimentacion,2026-01-25,cartola
3,AR,ARS,158513,22,Alta,pago edet tucuman,16746,servicios,2026-01-22,natural
3,AR,ARS,158513,22,Alta,deb aut gas nea pos,45855,servicios,2026-01-03,cartola
3,AR,ARS,158513,22,Alta,inscripcion en itba,35941,educacion,2026-01-06,natural
3,AR,ARS,158513,22,Alta,pago telecentro,17069,servicios,2026-01-08,natural
3,AR,ARS,158513,22,Alta,cafe martinez suc,9861,alimentacion,2026-01-24,cartola
3,AR,ARS,158513,22,Alta,carga bencina en plusmar,50073,transporte,2026-01-24,natural
3,AR,ARS,158513,22,Alta,burger king pos,24379,alimentacion,2026-01-23,cartola
3,AR,ARS,158513,22,Alta,pago alquileres argentina,45140,vivienda,2026-01-19,natural
3,AR,ARS,158513,22,Alta,viaje en aubasa,12573,transporte,2026-01-21,natural
3,AR,ARS,158513,22,Alta,pago ferreteria el progreso,21284,vivienda,2026-01-11,natural
3,AR,ARS,158513,22,Alta,pago edersa rio negro,27584,servicios,2026-01-12,natural
3,AR,ARS,158513,22,Alta,pago ferreteria el puente,28563,vivienda,2026-01-05,natural
3,AR,ARS,158513,22,Alta,inscripcion en libreria sbs,31883,educacion,2026-01-28,natural
3,AR,ARS,158513,22,Alta,peaje dellepiane ausa,2699,transporte,2026-01-11,cartola
3,AR,ARS,158513,22,Alta,pago fravega,42699,otros,2026-01-25,natural
3,AR,ARS,158513,22,Alta,pago octavo piso saas,52130,vivienda,2026-01-06,natural
3,AR,ARS,158513,22,Alta,pani deli compra,48458,alimentacion,2026-01-03,cartola
3,AR,ARS,158513,22,Alta,suscripcion a on fit,23394,ocio,2026-01-05,natural
3,AR,ARS,158513,22,Alta,diagnostico maipu compra,45959,salud,2026-01-26,cartola
3,AR,ARS,158513,22,Alta,mercadopago*elgalpon,34444,alimentacion,2026-01-22,cartola
3,AR,ARS,158513,22,Alta,pago aguas cordobesas,37290,servicios,2026-01-12,natural
4,AR,ARS,126868,74,Baja,op.shell compra,40189,transporte,2026-01-20,cartola
4,AR,ARS,126868,74,Baja,carga bencina en peaje parque avellaneda,7923,transporte,2026-01-07,natural
4,AR,ARS,126868,74,Baja,compra en opticas lof,17760,salud,2026-01-28,natural
4,AR,ARS,126868,74,Baja,pago en hospital britanico,38052,salud,2026-01-03,natural
4,AR,ARS,126868,74,Baja,pago en rotiseria la querencia,12032,alimentacion,2026-01-11,natural
4,AR,ARS,126868,74,Baja,pago administracion san martin,42802,vivienda,2026-01-29,natural
4,AR,ARS,126868,74,Baja,pago pinturerias rex,21318,vivienda,2026-01-07,natural
4,AR,ARS,126868,74,Baja,suscripcion a disney plus argentina,6107,streaming,2026-01-25,natural
4,AR,ARS,126868,74,Baja,carga bencina en autopistas del sol ausol,20605,transporte,2026-01-07,natural
4,AR,ARS,126868,74,Baja,entrada a la trastienda,36574,ocio,2026-01-04,natural
4,AR,ARS,126868,74,Baja,pago en farmacia azul,16109,salud,2026-01-12,natural
4,AR,ARS,126868,74,Baja,deb aut edenor s.a.,20545,servicios,2026-01-16,cartola
4,AR,ARS,126868,74,Baja,pago pagomiscuentas,21788,servicios,2026-01-10,natural
4,AR,ARS,126868,74,Baja,input entradas bar,25486,ocio,2026-01-05,cartola
4,AR,ARS,126868,74,Baja,pago consorcioabierto,36642,vivienda,2026-01-24,natural
4,AR,ARS,126868,74,Baja,compra en papa john's,18043,alimentacion,2026-01-06,natural
4,AR,ARS,126868,74,Baja,pago consorcio edificio belgrano,42250,vivienda,2026-01-15,natural
4,AR,ARS,126868,74,Baja,suscripcion a spotify argentina,8704,streaming,2026-01-26,natural
4,AR,ARS,126868,74,Baja,viaje en peaje dellepiane,2170,transporte,2026-01-04,natural
4,AR,ARS,126868,74,Baja,pago naturgy,12047,servicios,2026-01-20,natural
4,AR,ARS,126868,74,Baja,pago consorcioabierto,35375,vivienda,2026-01-05,natural
4,AR,ARS,126868,74,Baja,mp*disney plus arg,8777,streaming,2026-01-18,cartola
4,AR,ARS,126868,74,Baja,dr ahorro argentina,32716,salud,2026-01-15,cartola
4,AR,ARS,126868,74,Baja,sodimac s.a. compra,30310,vivienda,2026-01-27,cartola
4,AR,ARS,126868,74,Baja,op.ypf suc compra,27974,transporte,2026-01-02,cartola
4,AR,ARS,126868,74,Baja,mp*disney plus arg,4598,streaming,2026-01-13,cartola
4,AR,ARS,126868,74,Baja,suscripcion a disney plus argentina,4493,streaming,2026-01-17,natural
4,AR,ARS,126868,74,Baja,pago en kentucky pizzeria,19795,alimentacion,2026-01-13,natural
4,AR,ARS,126868,74,Baja,pago sancor seguros,32697,otros,2026-01-14,natural
4,AR,ARS,126868,74,Baja,pizzeria guerrin compra,44343,alimentacion,2026-01-29,cartola
4,AR,ARS,126868,74,Baja,cabify compra,20604,transporte,2026-01-06,cartola
4,AR,ARS,126868,74,Baja,suscripcion a netflix argentina,5056,streaming,2026-01-16,natural
4,AR,ARS,126868,74,Baja,suscripcion a fiter gimnasios,31897,ocio,2026-01-09,natural
4,AR,ARS,126868,74,Baja,zonaprop compra factura,21032,vivienda,2026-01-25,cartola
4,AR,ARS,126868,74,Baja,pago edesur,37475,servicios,2026-01-09,natural
4,AR,ARS,126868,74,Baja,puma energy suc,31462,transporte,2026-01-21,cartola
4,AR,ARS,126868,74,Baja,entrada a showcase cinemas,13519,ocio,2026-01-16,natural
4,AR,ARS,126868,74,Baja,carga bencina en uber argentina,27719,transporte,2026-01-06,natural
4,AR,ARS,126868,74,Baja,pago pinturerias prestigio,25673,vivienda,2026-01-20,natural
4,AR,ARS,126868,74,Baja,colegio northlands deb,28084,educacion,2026-01-11,cartola
4,AR,ARS,126868,74,Baja,deb aut edesal s.a.,29080,servicios,2026-01-11,cartola
4,AR,ARS,126868,74,Baja,carga bencina en peaje hudson,6346,transporte,2026-01-22,natural
4,AR,ARS,126868,74,Baja,deb aut fiter pos,34240,ocio,2026-01-13,cartola
4,AR,ARS,126868,74,Baja,pago edesal san luis,24489,servicios,2026-01-24,natural
4,AR,ARS,126868,74,Baja,farmacias selma pos,24653,salud,2026-01-26,cartola
4,AR,ARS,126868,74,Baja,mercadopago*elprogreso,17768,vivienda,2026-01-24,cartola
4,AR,ARS,126868,74,Baja,el club de la milanesa,41974,alimentacion,2026-01-15,cartola
4,AR,ARS,126868,74,Baja,solo deportes compra pos,27727,otros,2026-01-08,cartola
4,AR,ARS,126868,74,Baja,axion energy suc,42219,transporte,2026-01-13,cartola
4,AR,ARS,126868,74,Baja,banchero pizzeria suc,19983,alimentacion,2026-01-14,cartola
4,AR,ARS,126868,74,Baja,suscripcion a teatro opera,13295,ocio,2026-01-27,natural
4,AR,ARS,126868,74,Baja,pago epen neuquen,34002,servicios,2026-01-08,natural
4,AR,ARS,126868,74,Baja,pago pagomiscuentas,21869,servicios,2026-01-08,natural
4,AR,ARS,126868,74,Baja,pago epen neuquen,15844,servicios,2026-01-09,natural
4,AR,ARS,126868,74,Baja,mp*disney plus arg,5675,streaming,2026-01-09,cartola
4,AR,ARS,126868,74,Baja,yenny compra internet,32947,educacion,2026-01-22,cartola
4,AR,ARS,126868,74,Baja,pago en galeno,13052,salud,2026-01-16,natural
4,AR,ARS,126868,74,Baja,pago en banchero,38268,alimentacion,2026-01-08,natural
4,AR,ARS,126868,74,Baja,compra en medife,2766,salud,2026-01-25,natural
4,AR,ARS,126868,74,Baja,pago en subway,22630,alimentacion,2026-01-11,natural
4,AR,ARS,126868,74,Baja,havanna s.a. compra,12037,alimentacion,2026-01-28,cartola
4,AR,ARS,126868,74,Baja,viaje en peaje hudson,6862,transporte,2026-01-10,natural
4,AR,ARS,126868,74,Baja,deb aut aguas cordobesas,38151,servicios,2026-01-25,cartola
4,AR,ARS,126868,74,Baja,pago telecom fibertel,22586,servicios,2026-01-07,natural
4,AR,ARS,126868,74,Baja,pago camuzzi gas pampeana,13849,servicios,2026-01-28,natural
4,AR,ARS,126868,74,Baja,mercadopago*elbarista,4209,ocio,2026-01-28,cartola
4,AR,ARS,126868,74,Baja,multiplex cines compra,9948,ocio,2026-01-18,cartola
4,AR,ARS,126868,74,Baja,pago sodimac,32245,vivienda,2026-01-23,natural
4,AR,ARS,126868,74,Baja,easy compra internet,36957,vivienda,2026-01-18,cartola
4,AR,ARS,126868,74,Baja,mp*disney plus arg,6348,streaming,2026-01-28,cartola
4,AR,ARS,126868,74,Baja,suscripcion a spotify argentina,9104,streaming,2026-01-05,natural
4,AR,ARS,126868,74,Baja,litoral gas debito pos,17758,servicios,2026-01-21,cartola
4,AR,ARS,126868,74,Baja,pago maderas ramos,33759,vivienda,2026-01-13,natural
4,AR,ARS,126868,74,Baja,tarjeta naranja deb pago,33513,otros,2026-01-24,cartola
4,AR,ARS,126868,74,Baja,carga bencina en peaje larena,2660,transporte,2026-01-04,natural
4,AR,ARS,126868,74,Baja,avalian medicina prepaga,19378,salud,2026-01-22,cartola
4,AR,ARS,126868,74,Baja,mayorista yaguar suc,40677,alimentacion,2026-01-15,cartola
4,AR,ARS,126868,74,Baja,suscripcion a teatro colon,16249,ocio,2026-01-09,natural
4,AR,ARS,126868,74,Baja,peaje sarandi compra,5395,transporte,2026-01-04,cartola
4,AR,ARS,126868,74,Baja,suscripcion a spotify argentina,9867,streaming,2026-01-07,natural
4,AR,ARS,126868,74,Baja,pago pagomiscuentas,3026,servicios,2026-01-26,natural
4,AR,ARS,126868,74,Baja,giro rapipago recauda,8042,servicios,2026-01-20,cartola
4,AR,ARS,126868,74,Baja,peaje alberti ausa,4479,transporte,2026-01-19,cartola
4,AR,ARS,126868,74,Baja,carga bencina en peaje dellepiane,2646,transporte,2026-01-18,natural
4,AR,ARS,126868,74,Baja,mp*spotify argentina,2939,streaming,2026-01-09,cartola
4,AR,ARS,126868,74,Baja,pago pagomiscuentas,41660,servicios,2026-01-26,natural
4,AR,ARS,126868,74,Baja,viaje en peaje pacheco,4239,transporte,2026-01-17,natural
4,AR,ARS,126868,74,Baja,peaje hudson recaudacion,4575,transporte,2026-01-23,cartola
4,AR,ARS,126868,74,Baja,inscripcion en colegio san martin,4076,educacion,2026-01-27,natural
4,AR,ARS,126868,74,Baja,axion energy suc,14688,transporte,2026-01-14,cartola
4,AR,ARS,126868,74,Baja,suscripcion a disney plus argentina,5263,streaming,2026-01-13,natural
4,AR,ARS,126868,74,Baja,compra carrefour suc,30202,alimentacion,2026-01-26,cartola
4,AR,ARS,126868,74,Baja,recarga sube acc,1715,transporte,2026-01-16,cartola
4,AR,ARS,126868,74,Baja,kel libreria suc compra,34741,educacion,2026-01-04,cartola
4,AR,ARS,126868,74,Baja,compra en farmacias central oeste,27261,salud,2026-01-11,natural
4,AR,ARS,126868,74,Baja,compra en laboratorio stamboulian,15550,salud,2026-01-20,natural
4,AR,ARS,126868,74,Baja,alquileres argentina deb,41388,vivienda,2026-01-11,cartola
4,AR,ARS,126868,74,Baja,recarga sube acc,1518,transporte,2026-01-10,cartola
4,AR,ARS,126868,74,Baja,hospital britanico compra,36260,salud,2026-01-09,cartola
4,AR,ARS,126868,74,Baja,suscripcion a spotify argentina,7364,streaming,2026-01-05,natural
4,AR,ARS,126868,74,Baja,compra carrefour suc,35932,alimentacion,2026-01-21,cartola
4,AR,ARS,126868,74,Baja,pfortner optica suc,28798,salud,2026-01-15,cartola
4,AR,ARS,126868,74,Baja,deb aut edet tucuman,34477,servicios,2026-01-12,cartola
4,AR,ARS,126868,74,Baja,input entradas bar,23163,ocio,2026-01-07,cartola
4,AR,ARS,126868,74,Baja,pago impuestos afip,24550,otros,2026-01-20,natural
4,AR,ARS,126868,74,Baja,pagomiscuentas debito,26645,servicios,2026-01-27,cartola
4,AR,ARS,126868,74,Baja,farmacias azul suc,40952,salud,2026-01-19,cartola
4,AR,ARS,126868,74,Baja,mi barrio compra,23525,alimentacion,2026-01-25,cartola
4,AR,ARS,126868,74,Baja,pago octavo piso saas,39367,vivienda,2026-01-28,natural
4,AR,ARS,126868,74,Baja,giro pago facil recauda,35722,servicios,2026-01-11,cartola
4,AR,ARS,126868,74,Baja,viaje en peaje larena,3262,transporte,2026-01-04,natural
4,AR,ARS,126868,74,Baja,pago en clinica suizo argentina,16971,salud,2026-01-19,natural
4,AR,ARS,126868,74,Baja,compra en grido helados,21593,alimentacion,2026-01-05,natural
4,AR,ARS,126868,74,Baja,deb aut edesal s.a.,33780,servicios,2026-01-22,cartola
4,AR,ARS,126868,74,Baja,entrada a parque de la costa,44230,ocio,2026-01-26,natural
4,AR,ARS,126868,74,Baja,peaje illia ausa,2763,transporte,2026-01-05,cartola
4,AR,ARS,126868,74,Baja,carga bencina en plusmar,43999,transporte,2026-01-16,natural
4,AR,ARS,126868,74,Baja,hospital italiano socio,44099,salud,2026-01-02,cartola
4,AR,ARS,126868,74,Baja,pago pinturerias prestigio,31630,vivienda,2026-01-05,natural
4,AR,ARS,126868,74,Baja,deb aut epen neuquen,16642,servicios,2026-01-12,cartola
4,AR,ARS,126868,74,Baja,octavo piso expensas,42075,vivienda,2026-01-17,cartola
4,AR,ARS,126868,74,Baja,banchero pizzeria suc,37151,alimentacion,2026-01-11,cartola
4,AR,ARS,126868,74,Baja,la mezzetta compra,14542,alimentacion,2026-01-12,cartola
4,AR,ARS,126868,74,Baja,suscripcion a niceto club,18771,ocio,2026-01-18,natural
4,AR,ARS,126868,74,Baja,pago en yaguar,42711,alimentacion,2026-01-09,natural
5,AR,ARS,254794,59,Baja,deb aut edet tucuman,39176,servicios,2026-01-23,cartola
5,AR,ARS,254794,59,Baja,farmacity s.a. suc,30863,salud,2026-01-15,cartola
5,AR,ARS,254794,59,Baja,diagnostico maipu compra,43153,salud,2026-01-26,cartola
5,AR,ARS,254794,59,Baja,mp*netflix argentina,14459,streaming,2026-01-29,cartola
5,AR,ARS,254794,59,Baja,maderas ramos s.a.,46363,vivienda,2026-01-05,cartola
5,AR,ARS,254794,59,Baja,viaje en peaje sarandi,5509,transporte,2026-01-21,natural
5,AR,ARS,254794,59,Baja,avalian medicina prepaga,85935,salud,2026-01-29,cartola
5,AR,ARS,254794,59,Baja,pago consorcioabierto,83329,vivienda,2026-01-21,natural
5,AR,ARS,254794,59,Baja,colegio northlands deb,11325,educacion,2026-01-09,cartola
5,AR,ARS,254794,59,Baja,viaje en cabify,15232,transporte,2026-01-15,natural
5,AR,ARS,254794,59,Baja,colegio champagnat deb,27693,educacion,2026-01-17,cartola
5,AR,ARS,254794,59,Baja,suscripcion a boliche input,52287,ocio,2026-01-19,natural
5,AR,ARS,254794,59,Baja,papa johns pizza,10597,alimentacion,2026-01-28,cartola
5,AR,ARS,254794,59,Baja,pago sodimac,59059,vivienda,2026-01-06,natural
5,AR,ARS,254794,59,Baja,pago en freddo,42803,alimentacion,2026-01-15,natural
5,AR,ARS,254794,59,Baja,suscripcion a spotify argentina,8317,streaming,2026-01-07,natural
5,AR,ARS,254794,59,Baja,coto suc,40905,alimentacion,2026-01-10,cartola
5,AR,ARS,254794,59,Baja,viaje en autopistas del sol ausol,7511,transporte,2026-01-19,natural
5,AR,ARS,254794,59,Baja,consorcio caballito exp,35484,vivienda,2026-01-19,cartola
5,AR,ARS,254794,59,Baja,pago provincia net,74046,servicios,2026-01-26,natural
5,AR,ARS,254794,59,Baja,suscripcion a disney plus argentina,5790,streaming,2026-01-25,natural
5,AR,ARS,254794,59,Baja,pago telecentro,34510,servicios,2026-01-16,natural
5,AR,ARS,254794,59,Baja,peaje sarandi compra,2212,transporte,2026-01-05,cartola
5,AR,ARS,254794,59,Baja,pago telecentro,28754,servicios,2026-01-29,natural
5,AR,ARS,254794,59,Baja,mp*disney plus arg,7507,streaming,2026-01-06,cartola
5,AR,ARS,254794,59,Baja,pago personal flow,22780,servicios,2026-01-21,natural
5,AR,ARS,254794,59,Baja,mercadopago*ferrind,48356,vivienda,2026-01-10,cartola
5,AR,ARS,254794,59,Baja,giro cajero red link,14481,otros,2026-01-26,cartola
5,AR,ARS,254794,59,Baja,pago edesur,46349,servicios,2026-01-24,natural
5,AR,ARS,254794,59,Baja,pago telecentro,24584,servicios,2026-01-26,natural
5,AR,ARS,254794,59,Baja,giro rapipago recauda,67154,servicios,2026-01-22,cartola
5,AR,ARS,254794,59,Baja,metrovias boleteria,4073,transporte,2026-01-22,cartola
5,AR,ARS,254794,59,Baja,pago metrogas,60802,servicios,2026-01-24,natural
5,AR,ARS,254794,59,Baja,pago provincia net,62597,servicios,2026-01-20,natural
5,AR,ARS,254794,59,Baja,pago en mi barrio hamburgueseria,33259,alimentacion,2026-01-22,natural
5,AR,ARS,254794,59,Baja,entrada a movistar arena argentina,28300,ocio,2026-01-08,natural
5,AR,ARS,254794,59,Baja,banco macro deb automatico,17410,otros,2026-01-28,cartola
5,AR,ARS,254794,59,Baja,peaje hudson recaudacion,6234,transporte,2026-01-29,cartola
5,AR,ARS,254794,59,Baja,mercadopago*ferrind,16345,vivienda,2026-01-22,cartola
5,AR,ARS,254794,59,Baja,deb aut epec cordoba,17134,servicios,2026-01-29,cartola
5,AR,ARS,254794,59,Baja,pago en el club de la milanesa,12044,alimentacion,2026-01-08,natural
5,AR,ARS,254794,59,Baja,solo deportes compra pos,54566,otros,2026-01-10,cartola
5,AR,ARS,254794,59,Baja,grido helados compra,12204,alimentacion,2026-01-23,cartola
5,AR,ARS,254794,59,Baja,flow telecom compra,24787,servicios,2026-01-11,cartola
5,AR,ARS,254794,59,Baja,suscripcion a netflix argentina,12032,streaming,2026-01-02,natural
5,AR,ARS,254794,59,Baja,viaje en axion energy,29393,transporte,2026-01-02,natural
5,AR,ARS,254794,59,Baja,havanna s.a. compra,31275,alimentacion,2026-01-29,cartola
5,AR,ARS,254794,59,Baja,farmacias selma pos,67613,salud,2026-01-14,cartola
5,AR,ARS,254794,59,Baja,williamsburg burger suc,13712,alimentacion,2026-01-13,cartola
5,AR,ARS,254794,59,Baja,pago aysa,30082,servicios,2026-01-22,natural
5,AR,ARS,254794,59,Baja,pago comisiones banco galicia,3741,otros,2026-01-21,natural
5,AR,ARS,254794,59,Baja,suscripcion a megatlon,51015,ocio,2026-01-15,natural
5,AR,ARS,254794,59,Baja,deb aut megatlon suc,84358,ocio,2026-01-05,cartola
5,AR,ARS,254794,59,Baja,pago en vital mayorista,78638,alimentacion,2026-01-15,natural
5,AR,ARS,254794,59,Baja,recarga sube acc,3029,transporte,2026-01-04,cartola
5,AR,ARS,254794,59,Baja,carga bencina en peaje dock sud,3834,transporte,2026-01-29,natural
5,AR,ARS,254794,59,Baja,pago claro hogar argentina,23464,servicios,2026-01-25,natural
5,AR,ARS,254794,59,Baja,compra en sanatorio finochietto,43576,salud,2026-01-17,natural
5,AR,ARS,254794,59,Baja,compra en osde,35287,salud,2026-01-18,natural
5,AR,ARS,254794,59,Baja,pago edenor,59329,servicios,2026-01-14,natural
5,AR,ARS,254794,59,Baja,deb aut gas nea pos,63163,servicios,2026-01-23,cartola
5,AR,ARS,254794,59,Baja,pedidosya compra,9783,alimentacion,2026-01-04,cartola
5,AR,ARS,254794,59,Baja,pago en burger king,7305,alimentacion,2026-01-18,natural
5,AR,ARS,254794,59,Baja,viaje en peaje debenedetti,5604,transporte,2026-01-24,natural
5,AR,ARS,254794,59,Baja,compra en sanatorio finochietto,75164,salud,2026-01-10,natural
5,AR,ARS,254794,59,Baja,compra en changomas,75017,alimentacion,2026-01-19,natural
5,AR,ARS,254794,59,Baja,carga bencina en peaje samborombon,6696,transporte,2026-01-11,natural
5,AR,ARS,254794,59,Baja,suscripcion a disney plus argentina,11810,streaming,2026-01-09,natural
5,AR,ARS,254794,59,Baja,el noble compra,8800,alimentacion,2026-01-21,cartola
5,AR,ARS,254794,59,Baja,compra en pizzeria guerrin,57607,alimentacion,2026-01-05,natural
5,AR,ARS,254794,59,Baja,maxiconsumo s.a.,80973,alimentacion,2026-01-17,cartola
5,AR,ARS,254794,59,Baja,icbc mantenimiento servicio,6971,otros,2026-01-25,cartola
5,AR,ARS,254794,59,Baja,pago movistar hogar argentina,60033,servicios,2026-01-12,natural
5,AR,ARS,254794,59,Baja,deb aut movistar hogar,46331,servicios,2026-01-24,cartola
5,AR,ARS,254794,59,Baja,stock center compra pos,83031,otros,2026-01-13,cartola
5,AR,ARS,254794,59,Baja,antares compra pos,44651,alimentacion,2026-01-07,cartola
5,AR,ARS,254794,59,Baja,puma energy suc,27117,transporte,2026-01-18,cartola
5,AR,ARS,254794,59,Baja,antares compra pos,8305,alimentacion,2026-01-17,cartola
5,AR,ARS,254794,59,Baja,osecac cuota directa,24835,salud,2026-01-29,cartola
5,AR,ARS,254794,59,Baja,williamsburg burger suc,34483,alimentacion,2026-01-09,cartola
5,AR,ARS,254794,59,Baja,centro rossi compra pos,53934,salud,2026-01-04,cartola
5,AR,ARS,254794,59,Baja,pago universidad de palermo up,35448,educacion,2026-01-07,natural
5,AR,ARS,254794,59,Baja,carga bencina en plusmar,16019,transporte,2026-01-16,natural
5,AR,ARS,254794,59,Baja,deb aut claro hogar,31449,servicios,2026-01-16,cartola
5,AR,ARS,254794,59,Baja,pago en mcdonald's,25109,alimentacion,2026-01-25,natural
5,AR,ARS,254794,59,Baja,entrada a megatlon,52135,ocio,2026-01-26,natural
5,AR,ARS,254794,59,Baja,pago epen neuquen,83638,servicios,2026-01-06,natural
5,AR,ARS,254794,59,Baja,kentucky pizza pos,9566,alimentacion,2026-01-13,cartola
5,AR,ARS,254794,59,Baja,suscripcion a boliche input,10628,ocio,2026-01-26,natural
5,AR,ARS,254794,59,Baja,kika bar entradas,28153,ocio,2026-01-18,cartola
5,AR,ARS,254794,59,Baja,pago mercantil andina seguros,79491,otros,2026-01-24,natural
5,AR,ARS,254794,59,Baja,viaje en shell,45339,transporte,2026-01-24,natural
5,AR,ARS,254794,59,Baja,pago epec,26128,servicios,2026-01-22,natural
5,AR,ARS,254794,59,Baja,pago metrogas,85580,servicios,2026-01-23,natural
5,AR,ARS,254794,59,Baja,banco patagonia cargos,10757,otros,2026-01-12,cartola
5,AR,ARS,254794,59,Baja,giro rapipago recauda,45762,servicios,2026-01-10,cartola
5,AR,ARS,254794,59,Baja,carga bencina en uber argentina,7460,transporte,2026-01-06,natural
5,AR,ARS,254794,59,Baja,almacen de pizzas suc,38043,alimentacion,2026-01-05,cartola
5,AR,ARS,254794,59,Baja,octavo piso expensas,54616,vivienda,2026-01-10,cartola
5,AR,ARS,254794,59,Baja,pago metrogas,28658,servicios,2026-01-28,natural
5,AR,ARS,254794,59,Baja,mp*disney plus arg,4330,streaming,2026-01-29,cartola
5,AR,ARS,254794,59,Baja,viaje en axion energy,44534,transporte,2026-01-18,natural
5,AR,ARS,254794,59,Baja,compra en starbucks,12025,alimentacion,2026-01-02,natural
5,AR,ARS,254794,59,Baja,pago comisiones banco frances,19717,otros,2026-01-05,natural
5,AR,ARS,254794,59,Baja,zonaprop compra factura,27919,vivienda,2026-01-28,cartola
5,AR,ARS,254794,59,Baja,telecentro debito directo,23566,servicios,2026-01-14,cartola
5,AR,ARS,254794,59,Baja,sanatorio finochietto,82250,salud,2026-01-20,cartola
5,AR,ARS,254794,59,Baja,peaje alberti ausa,1307,transporte,2026-01-04,cartola
5,AR,ARS,254794,59,Baja,compra en la continental,36060,alimentacion,2026-01-29,natural
5,AR,ARS,254794,59,Baja,pagomiscuentas debito,18059,servicios,2026-01-16,cartola
5,AR,ARS,254794,59,Baja,pago en rotiseria la querencia,33387,alimentacion,2026-01-17,natural
5,AR,ARS,254794,59,Baja,las cuartetas compra,36461,alimentacion,2026-01-08,cartola
5,AR,ARS,254794,59,Baja,deb aut movistar hogar,30340,servicios,2026-01-06,cartola
5,AR,ARS,254794,59,Baja,pago en tea connection,22107,alimentacion,2026-01-15,natural
5,AR,ARS,254794,59,Baja,deb aut aguas cordobesas,9996,servicios,2026-01-14,cartola
5,AR,ARS,254794,59,Baja,compra en mcdonald's,22328,alimentacion,2026-01-14,natural
5,AR,ARS,254794,59,Baja,pago provincia net,65873,servicios,2026-01-13,natural
5,AR,ARS,254794,59,Baja,litoral gas debito pos,50153,servicios,2026-01-07,cartola
5,AR,ARS,254794,59,Baja,dandy restaurant compra,40707,alimentacion,2026-01-27,cartola
5,AR,ARS,254794,59,Baja,pago edesur,71824,servicios,2026-01-07,natural
5,AR,ARS,254794,59,Baja,pizzeria guerrin compra,24804,alimentacion,2026-01-28,cartola
5,AR,ARS,254794,59,Baja,pago epen neuquen,19328,servicios,2026-01-20,natural
5,AR,ARS,254794,59,Baja,pago rapipago,49504,servicios,2026-01-07,natural
5,AR,ARS,254794,59,Baja,carga bencina en autopistas del oeste,26186,transporte,2026-01-24,natural
5,AR,ARS,254794,59,Baja,mp*disney plus arg,8617,streaming,2026-01-08,cartola
6,AR,ARS,107811,16,Baja,deb aut aguas cordobesas,23764,servicios,2026-01-17,cartola
6,AR,ARS,107811,16,Baja,compra en disco,17622,alimentacion,2026-01-18,natural
6,AR,ARS,107811,16,Baja,mercadopago*ferrind,30123,vivienda,2026-01-06,cartola
6,AR,ARS,107811,16,Baja,cabify compra,13603,transporte,2026-01-06,cartola
6,AR,ARS,107811,16,Baja,deb aut univ belgrano,26452,educacion,2026-01-18,cartola
6,AR,ARS,107811,16,Baja,pago metrogas,20241,servicios,2026-01-20,natural
6,AR,ARS,107811,16,Baja,starbucks s.a. pos,14071,alimentacion,2026-01-07,cartola
6,AR,ARS,107811,16,Baja,suscripcion a spotify argentina,8986,streaming,2026-01-22,natural
6,AR,ARS,107811,16,Baja,peaje debenedetti pos,4423,transporte,2026-01-20,cartola
6,AR,ARS,107811,16,Baja,pago rapipago,23107,servicios,2026-01-06,natural
6,AR,ARS,107811,16,Baja,pago en carrefour,33003,alimentacion,2026-01-29,natural
6,AR,ARS,107811,16,Baja,pago coppel,20966,otros,2026-01-22,natural
6,AR,ARS,107811,16,Baja,editorial santillana deb,14608,educacion,2026-01-04,cartola
6,AR,ARS,107811,16,Baja,carga bencina en autopistas del oeste,7501,transporte,2026-01-28,natural
6,AR,ARS,107811,16,Baja,suscripcion a disney plus argentina,9974,streaming,2026-01-02,natural
6,AR,ARS,107811,16,Baja,didi* trip argentina,4721,transporte,2026-01-27,cartola
6,AR,ARS,107811,16,Baja,compra carrefour suc,11577,alimentacion,2026-01-25,cartola
6,AR,ARS,107811,16,Baja,farmacias vantage suc,33984,salud,2026-01-14,cartola
6,AR,ARS,107811,16,Baja,compra en avalian,4401,salud,2026-01-07,natural
6,AR,ARS,107811,16,Baja,sodimac s.a. compra,21663,vivienda,2026-01-10,cartola
6,AR,ARS,107811,16,Baja,stock center compra pos,29200,otros,2026-01-14,cartola
6,AR,ARS,107811,16,Baja,compra en vea,25925,alimentacion,2026-01-12,natural
6,AR,ARS,107811,16,Baja,inscripcion en colegio marin,16896,educacion,2026-01-22,natural
6,AR,ARS,107811,16,Baja,el noble compra,10147,alimentacion,2026-01-12,cartola
6,AR,ARS,107811,16,Baja,viaje en uber argentina,16411,transporte,2026-01-23,natural
6,AR,ARS,107811,16,Baja,didi* trip argentina,5642,transporte,2026-01-20,cartola
6,AR,ARS,107811,16,Baja,pinturas alba compra suc,17032,vivienda,2026-01-02,cartola
6,AR,ARS,107811,16,Baja,pago en medicus,22771,salud,2026-01-08,natural
6,AR,ARS,107811,16,Baja,compra en burger king,11597,alimentacion,2026-01-17,natural
6,AR,ARS,107811,16,Baja,deb aut claro hogar,35718,servicios,2026-01-17,cartola
6,AR,ARS,107811,16,Baja,pago movistar hogar argentina,14986,servicios,2026-01-07,natural
6,AR,ARS,107811,16,Baja,avalian medicina prepaga,13182,salud,2026-01-03,cartola
6,AR,ARS,107811,16,Baja,flecha bus compra pos,23631,transporte,2026-01-10,cartola
6,AR,ARS,107811,16,Baja,pago universidad de belgrano ub,25727,educacion,2026-01-04,natural
6,AR,ARS,107811,16,Baja,ticketek entradas suc,32742,ocio,2026-01-26,cartola
6,AR,ARS,107811,16,Baja,inscripcion en libreria sbs,8998,educacion,2026-01-19,natural
6,AR,ARS,107811,16,Baja,suscripcion a spotify argentina,7191,streaming,2026-01-11,natural
6,AR,ARS,107811,16,Baja,antares compra pos,30906,alimentacion,2026-01-20,cartola
6,AR,ARS,107811,16,Baja,pago gas nea,30201,servicios,2026-01-05,natural
6,AR,ARS,107811,16,Baja,pago epec,20664,servicios,2026-01-08,natural
6,AR,ARS,107811,16,Baja,pagomiscuentas aysa deb,6398,servicios,2026-01-23,cartola
6,AR,ARS,107811,16,Baja,opticas lof compra,32552,salud,2026-01-21,cartola
6,AR,ARS,107811,16,Baja,carga bencina en corredores viales,25825,transporte,2026-01-04,natural
6,AR,ARS,107811,16,Baja,avalian medicina prepaga,19167,salud,2026-01-10,cartola
6,AR,ARS,107811,16,Baja,pago easy,35773,vivienda,2026-01-05,natural
6,AR,ARS,107811,16,Baja,compra en farmacias selma,23566,salud,2026-01-05,natural
6,AR,ARS,107811,16,Baja,deb aut univ palermo,26825,educacion,2026-01-19,cartola
6,AR,ARS,107811,16,Baja,giro pago facil recauda,20310,servicios,2026-01-17,cartola
6,AR,ARS,107811,16,Baja,editorial santillana deb,11227,educacion,2026-01-14,cartola
6,AR,ARS,107811,16,Baja,compra en dandy,34308,alimentacion,2026-01-14,natural
6,AR,ARS,107811,16,Baja,pagomiscuentas debito,17569,servicios,2026-01-17,cartola
6,AR,ARS,107811,16,Baja,provincia net recauda,4325,servicios,2026-01-27,cartola
6,AR,ARS,107811,16,Baja,telepase ausa,30118,transporte,2026-01-24,cartola
6,AR,ARS,107811,16,Baja,mp*netflix argentina,7201,streaming,2026-01-25,cartola
6,AR,ARS,107811,16,Baja,opticas lof compra,22514,salud,2026-01-15,cartola
6,AR,ARS,107811,16,Baja,multiplex cines compra,11158,ocio,2026-01-28,cartola
6,AR,ARS,107811,16,Baja,compra en hospital britanico,37115,salud,2026-01-18,natural
6,AR,ARS,107811,16,Baja,pago metrogas,18194,servicios,2026-01-06,natural
6,AR,ARS,107811,16,Baja,pago litoral gas,36813,servicios,2026-01-08,natural
6,AR,ARS,107811,16,Baja,deb aut personal flow,16888,servicios,2026-01-16,cartola
6,AR,ARS,107811,16,Baja,grido helados compra,10524,alimentacion,2026-01-28,cartola
6,AR,ARS,107811,16,Baja,pago alquileres argentina,21899,vivienda,2026-01-09,natural
6,AR,ARS,107811,16,Baja,clinica suizo argentina,15695,salud,2026-01-29,cartola
6,AR,ARS,107811,16,Baja,mercadopago*elpuente,13960,vivienda,2026-01-28,cartola
6,AR,ARS,107811,16,Baja,deb aut epen neuquen,34572,servicios,2026-01-02,cartola
6,AR,ARS,107811,16,Baja,compra en farmacias vantage,32978,salud,2026-01-29,natural
6,AR,ARS,107811,16,Baja,didi* trip argentina,9274,transporte,2026-01-15,cartola
6,AR,ARS,107811,16,Baja,pago easy,25535,vivienda,2026-01-21,natural
6,AR,ARS,107811,16,Baja,pago telecentro,23270,servicios,2026-01-24,natural
6,AR,ARS,107811,16,Baja,pago banco hsbc,15687,otros,2026-01-16,natural
6,AR,ARS,107811,16,Baja,viaje en flecha bus,24900,transporte,2026-01-20,natural
6,AR,ARS,107811,16,Baja,pago en almacen de barrio,23704,alimentacion,2026-01-19,natural
6,AR,ARS,107811,16,Baja,teatro opera entradas,21262,ocio,2026-01-05,cartola
6,AR,ARS,107811,16,Baja,pago ferreteria industrial,19059,vivienda,2026-01-10,natural
6,AR,ARS,107811,16,Baja,la trastienda compra pos,19790,ocio,2026-01-18,cartola
6,AR,ARS,107811,16,Baja,pago edesur,36392,servicios,2026-01-23,natural
6,AR,ARS,107811,16,Baja,recarga sube acc,6908,transporte,2026-01-17,cartola
6,AR,ARS,107811,16,Baja,icbc mantenimiento servicio,15215,otros,2026-01-25,cartola
6,AR,ARS,107811,16,Baja,pago en la mezzetta,25744,alimentacion,2026-01-25,natural
6,AR,ARS,107811,16,Baja,suscripcion a disney plus argentina,8379,streaming,2026-01-23,natural
6,AR,ARS,107811,16,Baja,compra en medicus,6648,salud,2026-01-11,natural
6,AR,ARS,107811,16,Baja,compra en maxiconsumo,36059,alimentacion,2026-01-23,natural
6,AR,ARS,107811,16,Baja,deb aut edet tucuman,17926,servicios,2026-01-09,cartola
6,AR,ARS,107811,16,Baja,suscripcion a spotify argentina,5944,streaming,2026-01-13,natural
6,AR,ARS,107811,16,Baja,viaje en autopistas del sol ausol,17196,transporte,2026-01-03,natural
6,AR,ARS,107811,16,Baja,pago gas nea,27015,servicios,2026-01-17,natural
6,AR,ARS,107811,16,Baja,pago litoral gas,11926,servicios,2026-01-18,natural
6,AR,ARS,107811,16,Baja,op.shell compra,19940,transporte,2026-01-08,cartola
6,AR,ARS,107811,16,Baja,peaje samborombon aubasa,5248,transporte,2026-01-29,cartola
6,AR,ARS,107811,16,Baja,mp*netflix argentina,12988,streaming,2026-01-07,cartola
6,AR,ARS,107811,16,Baja,op.shell compra,15154,transporte,2026-01-08,cartola
6,AR,ARS,107811,16,Baja,pago telecom fibertel,36883,servicios,2026-01-27,natural
6,AR,ARS,107811,16,Baja,pago metrogas,12240,servicios,2026-01-14,natural
6,AR,ARS,107811,16,Baja,hospital britanico compra,36570,salud,2026-01-19,cartola
6,AR,ARS,107811,16,Baja,compra en grido helados,4461,alimentacion,2026-01-02,natural
6,AR,ARS,107811,16,Baja,la trastienda compra pos,34038,ocio,2026-01-24,cartola
6,AR,ARS,107811,16,Baja,deb aut claro hogar,14224,servicios,2026-01-18,cartola
6,AR,ARS,107811,16,Baja,inscripcion en itba,3217,educacion,2026-01-11,natural
6,AR,ARS,107811,16,Baja,pago ligier pinturerias,34541,vivienda,2026-01-23,natural
6,AR,ARS,107811,16,Baja,pago agip rentas,37641,otros,2026-01-26,natural
6,AR,ARS,107811,16,Baja,williamsburg burger suc,20218,alimentacion,2026-01-09,cartola
6,AR,ARS,107811,16,Baja,suscripcion a netflix argentina,8460,streaming,2026-01-05,natural
6,AR,ARS,107811,16,Baja,sanatorio finochietto,2302,salud,2026-01-22,cartola
6,AR,ARS,107811,16,Baja,peaje hudson recaudacion,6604,transporte,2026-01-03,cartola
6,AR,ARS,107811,16,Baja,la trastienda compra pos,37397,ocio,2026-01-24,cartola
6,AR,ARS,107811,16,Baja,almacen de pizzas suc,19960,alimentacion,2026-01-10,cartola
6,AR,ARS,107811,16,Baja,pago zonaprop,18733,vivienda,2026-01-11,natural
6,AR,ARS,107811,16,Baja,compra en farmacia azul,21693,salud,2026-01-15,natural
6,AR,ARS,107811,16,Baja,pago naturgy,24763,servicios,2026-01-11,natural
6,AR,ARS,107811,16,Baja,dia% express suc,36619,alimentacion,2026-01-08,cartola
6,AR,ARS,107811,16,Baja,litoral gas debito pos,14608,servicios,2026-01-15,cartola
6,AR,ARS,107811,16,Baja,op.shell compra,32961,transporte,2026-01-08,cartola
6,AR,ARS,107811,16,Baja,mp*spotify argentina,5208,streaming,2026-01-02,cartola
6,AR,ARS,107811,16,Baja,mp*max hbo argentina,12095,ocio,2026-01-04,cartola
6,AR,ARS,107811,16,Baja,pago metrogas,31709,servicios,2026-01-22,natural
6,AR,ARS,107811,16,Baja,ausol aut. del sol,10654,transporte,2026-01-05,cartola
6,AR,ARS,107811,16,Baja,edesur pago directo,19521,servicios,2026-01-23,cartola
6,AR,ARS,107811,16,Baja,peaje parque avellaneda,2949,transporte,2026-01-26,cartola
6,AR,ARS,107811,16,Baja,pago edenor,16534,servicios,2026-01-12,natural
6,AR,ARS,107811,16,Baja,hospital italiano socio,21453,salud,2026-01-25,cartola
6,AR,ARS,107811,16,Baja,la birra bar pos,17730,alimentacion,2026-01-14,cartola
6,AR,ARS,107811,16,Baja,pago en hospital italiano,9985,salud,2026-01-27,natural
6,AR,ARS,107811,16,Baja,prevencion salud compra,6543,salud,2026-01-24,cartola
6,AR,ARS,107811,16,Baja,mp*netflix argentina,6699,streaming,2026-01-20,cartola
6,AR,ARS,107811,16,Baja,consorcio caballito exp,35178,vivienda,2026-01-14,cartola
7,AR,ARS,160990,69,Alta,pago aguas bonaerenses,6888,servicios,2026-01-17,natural
7,AR,ARS,160990,69,Alta,naturgy pago compra,34953,servicios,2026-01-04,cartola
7,AR,ARS,160990,69,Alta,carga bencina en autopistas del oeste,2405,transporte,2026-01-23,natural
7,AR,ARS,160990,69,Alta,pago litoral gas,42282,servicios,2026-01-15,natural
7,AR,ARS,160990,69,Alta,passline tickets suc,43583,ocio,2026-01-23,cartola
7,AR,ARS,160990,69,Alta,suscripcion a amazon prime argentina,7573,ocio,2026-01-02,natural
7,AR,ARS,160990,69,Alta,entrada a steam games argentina,37132,ocio,2026-01-29,natural
7,AR,ARS,160990,69,Alta,dean & dennys suc,22110,alimentacion,2026-01-12,cartola
7,AR,ARS,160990,69,Alta,dexter sport pos,53222,otros,2026-01-22,cartola
7,AR,ARS,160990,69,Alta,opticas lof compra,27400,salud,2026-01-16,cartola
7,AR,ARS,160990,69,Alta,pago epec,20768,servicios,2026-01-12,natural
7,AR,ARS,160990,69,Alta,rappi*compra,47819,alimentacion,2026-01-14,cartola
7,AR,ARS,160990,69,Alta,sanatorio guemes intern,55985,salud,2026-01-04,cartola
7,AR,ARS,160990,69,Alta,deb aut aguas bonaerenses,46781,servicios,2026-01-18,cartola
7,AR,ARS,160990,69,Alta,inscripcion en colegio ward,31507,educacion,2026-01-28,natural
7,AR,ARS,160990,69,Alta,mostaza suc compra,33166,alimentacion,2026-01-19,cartola
7,AR,ARS,160990,69,Alta,pago aguas bonaerenses,36007,servicios,2026-01-24,natural
7,AR,ARS,160990,69,Alta,argenprop deb aut,53182,vivienda,2026-01-12,cartola
7,AR,ARS,160990,69,Alta,pago en sanatorio finochietto,55801,salud,2026-01-24,natural
7,AR,ARS,160990,69,Alta,mayorista yaguar suc,48067,alimentacion,2026-01-24,cartola
7,AR,ARS,160990,69,Alta,mp*spotify argentina,3376,streaming,2026-01-08,cartola
7,AR,ARS,160990,69,Alta,antares compra pos,33248,alimentacion,2026-01-28,cartola
7,AR,ARS,160990,69,Alta,deb aut edersa pos,36146,servicios,2026-01-15,cartola
7,AR,ARS,160990,69,Alta,pago en le pain quotidien,52049,alimentacion,2026-01-16,natural
7,AR,ARS,160990,69,Alta,suscripcion a on fit,20411,ocio,2026-01-18,natural
7,AR,ARS,160990,69,Alta,mp*disney plus arg,11662,streaming,2026-01-20,cartola
7,AR,ARS,160990,69,Alta,pago ligier pinturerias,26613,vivienda,2026-01-25,natural
7,AR,ARS,160990,69,Alta,pago naturgy,33389,servicios,2026-01-18,natural
7,AR,ARS,160990,69,Alta,pago pago facil,42911,servicios,2026-01-10,natural
7,AR,ARS,160990,69,Alta,omint debito directo,20887,salud,2026-01-06,cartola
7,AR,ARS,160990,69,Alta,dandy restaurant compra,45573,alimentacion,2026-01-24,cartola
7,AR,ARS,160990,69,Alta,pago ferreteria industrial,46279,vivienda,2026-01-08,natural
7,AR,ARS,160990,69,Alta,suscripcion a teatro gran rex,37629,ocio,2026-01-24,natural
7,AR,ARS,160990,69,Alta,entrada a steam games argentina,37023,ocio,2026-01-24,natural
7,AR,ARS,160990,69,Alta,bonafide compra,11712,alimentacion,2026-01-20,cartola
7,AR,ARS,160990,69,Alta,pago edersa rio negro,41359,servicios,2026-01-29,natural
7,AR,ARS,160990,69,Alta,farmacity s.a. suc,39257,salud,2026-01-14,cartola
7,AR,ARS,160990,69,Alta,pizzeria guerrin compra,12709,alimentacion,2026-01-26,cartola
7,AR,ARS,160990,69,Alta,deb aut claro hogar,54786,servicios,2026-01-28,cartola
7,AR,ARS,160990,69,Alta,heisenburger pos,15671,alimentacion,2026-01-19,cartola
7,AR,ARS,160990,69,Alta,la birra bar pos,36161,alimentacion,2026-01-29,cartola
7,AR,ARS,160990,69,Alta,entrada a fiter gimnasios,25350,ocio,2026-01-09,natural
7,AR,ARS,160990,69,Alta,pago pinturerias prestigio,21078,vivienda,2026-01-15,natural
7,AR,ARS,160990,69,Alta,vep afip acc compra,51184,otros,2026-01-25,cartola
7,AR,ARS,160990,69,Alta,viaje en peaje dock sud,5129,transporte,2026-01-26,natural
7,AR,ARS,160990,69,Alta,pago colegio san andres,14484,educacion,2026-01-11,natural
7,AR,ARS,160990,69,Alta,clinica mater dei compra,46220,salud,2026-01-07,cartola
7,AR,ARS,160990,69,Alta,mp*netflix argentina,11180,streaming,2026-01-10,cartola
7,AR,ARS,160990,69,Alta,inscripcion en universidad de belgrano ub,12155,educacion,2026-01-02,natural
7,AR,ARS,160990,69,Alta,peaje debenedetti pos,2768,transporte,2026-01-12,cartola
7,AR,ARS,160990,69,Alta,colegio ward compra cuota,21345,educacion,2026-01-20,cartola
7,AR,ARS,160990,69,Alta,pago pontificia universidad catolica uca,22440,educacion,2026-01-18,natural
7,AR,ARS,160990,69,Alta,mercadopago*almacen,7222,alimentacion,2026-01-19,cartola
7,AR,ARS,160990,69,Alta,pago en sancor salud,16105,salud,2026-01-12,natural
7,AR,ARS,160990,69,Alta,smg medicina prepaga deb,36375,salud,2026-01-19,cartola
7,AR,ARS,160990,69,Alta,deb aut edet tucuman,15576,servicios,2026-01-13,cartola
7,AR,ARS,160990,69,Alta,pago en prevencion salud,17588,salud,2026-01-14,natural
7,AR,ARS,160990,69,Alta,naturgy pago compra,33288,servicios,2026-01-25,cartola
7,AR,ARS,160990,69,Alta,viaje en corredores viales,18936,transporte,2026-01-18,natural
7,AR,ARS,160990,69,Alta,deb aut epec cordoba,46903,servicios,2026-01-22,cartola
7,AR,ARS,160990,69,Alta,compra en almacen de barrio,4698,alimentacion,2026-01-26,natural
7,AR,ARS,160990,69,Alta,easy compra internet,51086,vivienda,2026-01-23,cartola
7,AR,ARS,160990,69,Alta,playstation psn ar comp,49918,ocio,2026-01-05,cartola
7,AR,ARS,160990,69,Alta,viaje en peaje alberti,3878,transporte,2026-01-22,natural
7,AR,ARS,160990,69,Alta,metrogas debito aut,52960,servicios,2026-01-16,cartola
7,AR,ARS,160990,69,Alta,mp*netflix argentina,6433,streaming,2026-01-07,cartola
7,AR,ARS,160990,69,Alta,pago camuzzi gas pampeana,14616,servicios,2026-01-10,natural
7,AR,ARS,160990,69,Alta,hospital italiano socio,50325,salud,2026-01-12,cartola
7,AR,ARS,160990,69,Alta,compra en las cuartetas,16253,alimentacion,2026-01-26,natural
7,AR,ARS,160990,69,Alta,mp*netflix argentina,6189,streaming,2026-01-18,cartola
7,AR,ARS,160990,69,Alta,heisenburger pos,28474,alimentacion,2026-01-04,cartola
7,AR,ARS,160990,69,Alta,corredores viales compra,16341,transporte,2026-01-28,cartola
7,AR,ARS,160990,69,Alta,suscripcion a smart fit argentina,23122,ocio,2026-01-25,natural
7,AR,ARS,160990,69,Alta,lutz ferrando optica,50764,salud,2026-01-22,cartola
7,AR,ARS,160990,69,Alta,las cuartetas compra,50963,alimentacion,2026-01-02,cartola
7,AR,ARS,160990,69,Alta,sbs libreria compra,16265,educacion,2026-01-02,cartola
7,AR,ARS,160990,69,Alta,pago colegio san martin,36811,educacion,2026-01-11,natural
7,AR,ARS,160990,69,Alta,peaje parque avellaneda,7946,transporte,2026-01-15,cartola
7,AR,ARS,160990,69,Alta,litoral gas debito pos,17335,servicios,2026-01-09,cartola
7,AR,ARS,160990,69,Alta,puntoticket compra,27735,ocio,2026-01-23,cartola
7,AR,ARS,160990,69,Alta,edesur pago directo,45969,servicios,2026-01-19,cartola
7,AR,ARS,160990,69,Alta,pizzeria guerrin compra,13414,alimentacion,2026-01-08,cartola
7,AR,ARS,160990,69,Alta,mp*spotify argentina,5210,streaming,2026-01-23,cartola
7,AR,ARS,160990,69,Alta,suscripcion a max hbo argentina,8671,ocio,2026-01-12,natural
7,AR,ARS,160990,69,Alta,pago ferreteria industrial,50392,vivienda,2026-01-20,natural
7,AR,ARS,160990,69,Alta,cuspide suc compra,35069,educacion,2026-01-12,cartola
7,AR,ARS,160990,69,Alta,didi* trip argentina,16790,transporte,2026-01-13,cartola
7,AR,ARS,160990,69,Alta,pago en banchero,29229,alimentacion,2026-01-16,natural
7,AR,ARS,160990,69,Alta,compra en medicus,33523,salud,2026-01-22,natural
7,AR,ARS,160990,69,Alta,suscripcion a puntoticket argentina,24175,ocio,2026-01-10,natural
7,AR,ARS,160990,69,Alta,suscripcion a disney plus argentina,4626,streaming,2026-01-29,natural
7,AR,ARS,160990,69,Alta,pago easy,48134,vivienda,2026-01-03,natural
7,AR,ARS,160990,69,Alta,sbs libreria compra,42368,educacion,2026-01-26,cartola
7,AR,ARS,160990,69,Alta,pago en persicco,20134,alimentacion,2026-01-06,natural
7,AR,ARS,160990,69,Alta,ligier compra pos,20934,vivienda,2026-01-18,cartola
7,AR,ARS,160990,69,Alta,compra en kfc,31428,alimentacion,2026-01-26,natural
7,AR,ARS,160990,69,Alta,edificio belgrano expensas,35217,vivienda,2026-01-20,cartola
7,AR,ARS,160990,69,Alta,mp*amazon prime arg,8996,ocio,2026-01-13,cartola
7,AR,ARS,160990,69,Alta,dean & dennys suc,21979,alimentacion,2026-01-10,cartola
7,AR,ARS,160990,69,Alta,pago en farmacias dr ahorro,16551,salud,2026-01-14,natural
7,AR,ARS,160990,69,Alta,edificio belgrano expensas,31521,vivienda,2026-01-22,cartola
7,AR,ARS,160990,69,Alta,viaje en peaje debenedetti,5771,transporte,2026-01-28,natural
7,AR,ARS,160990,69,Alta,suscripcion a disney plus argentina,8459,streaming,2026-01-22,natural
7,AR,ARS,160990,69,Alta,compra en sanatorio otamendi,55352,salud,2026-01-18,natural
7,AR,ARS,160990,69,Alta,viaje en corredores viales,9303,transporte,2026-01-28,natural
7,AR,ARS,160990,69,Alta,pago aguas cordobesas,37595,servicios,2026-01-18,natural
7,AR,ARS,160990,69,Alta,deb aut epec cordoba,25853,servicios,2026-01-18,cartola
7,AR,ARS,160990,69,Alta,playstation psn ar comp,14846,ocio,2026-01-13,cartola
7,AR,ARS,160990,69,Alta,mp*max hbo argentina,7773,ocio,2026-01-12,cartola
7,AR,ARS,160990,69,Alta,mp*spotify argentina,8031,streaming,2026-01-08,cartola
7,AR,ARS,160990,69,Alta,colegio ward compra cuota,28537,educacion,2026-01-03,cartola
7,AR,ARS,160990,69,Alta,mercadopago*elombu,20559,alimentacion,2026-01-18,cartola
7,AR,ARS,160990,69,Alta,mercadopago*laquerencia,14624,alimentacion,2026-01-10,cartola
7,AR,ARS,160990,69,Alta,pago litoral gas,34571,servicios,2026-01-25,natural
7,AR,ARS,160990,69,Alta,mp*spotify argentina,3202,streaming,2026-01-21,cartola
7,AR,ARS,160990,69,Alta,comafi cargo mant cta,6789,otros,2026-01-15,cartola
7,AR,ARS,160990,69,Alta,suscripcion a ticketek,53184,ocio,2026-01-21,natural
7,AR,ARS,160990,69,Alta,entrada a puntoticket argentina,25991,ocio,2026-01-16,natural
7,AR,ARS,160990,69,Alta,deb aut univ catolica,16670,educacion,2026-01-06,cartola
7,AR,ARS,160990,69,Alta,compra en mcdonald's,39053,alimentacion,2026-01-21,natural
7,AR,ARS,160990,69,Alta,pedidosya compra,44309,alimentacion,2026-01-27,cartola
7,AR,ARS,160990,69,Alta,argenprop deb aut,16107,vivienda,2026-01-06,cartola
7,AR,ARS,160990,69,Alta,pago camuzzi gas pampeana,10078,servicios,2026-01-18,natural
7,AR,ARS,160990,69,Alta,pago en optica pförtner,20846,salud,2026-01-09,natural
7,AR,ARS,160990,69,Alta,deb aut aguas cordobesas,30984,servicios,2026-01-27,cartola
8,AR,ARS,106956,76,Baja,mp*disney plus arg,8719,streaming,2026-01-06,cartola
8,AR,ARS,106956,76,Baja,carga bencina en peaje dellepiane,3404,transporte,2026-01-11,natural
8,AR,ARS,106956,76,Baja,sbs libreria compra,20390,educacion,2026-01-02,cartola
8,AR,ARS,106956,76,Baja,suscripcion a netflix argentina,14469,streaming,2026-01-14,natural
8,AR,ARS,106956,76,Baja,input entradas bar,36354,ocio,2026-01-13,cartola
8,AR,ARS,106956,76,Baja,pago en el noble,26350,alimentacion,2026-01-29,natural
8,AR,ARS,106956,76,Baja,pago consorcio caballito,33990,vivienda,2026-01-26,natural
8,AR,ARS,106956,76,Baja,carga bencina en peaje hudson,7920,transporte,2026-01-13,natural
8,AR,ARS,106956,76,Baja,inscripcion en editorial santillana argentina,18315,educacion,2026-01-26,natural
8,AR,ARS,106956,76,Baja,suscripcion a disney plus argentina,5131,streaming,2026-01-25,natural
8,AR,ARS,106956,76,Baja,carga bencina en peaje illia,3864,transporte,2026-01-08,natural
8,AR,ARS,106956,76,Baja,pago ferreteria industrial,36242,vivienda,2026-01-07,natural
8,AR,ARS,106956,76,Baja,compra en sanatorio finochietto,1242,salud,2026-01-17,natural
8,AR,ARS,106956,76,Baja,giro pago facil recauda,8776,servicios,2026-01-09,cartola
8,AR,ARS,106956,76,Baja,pago en clinica suizo argentina,2306,salud,2026-01-21,natural
8,AR,ARS,106956,76,Baja,teatro gran rex entradas,34577,ocio,2026-01-26,cartola
8,AR,ARS,106956,76,Baja,deb aut edet tucuman,31199,servicios,2026-01-08,cartola
8,AR,ARS,106956,76,Baja,litoral gas debito pos,17371,servicios,2026-01-27,cartola
8,AR,ARS,106956,76,Baja,kel libreria suc compra,30886,educacion,2026-01-07,cartola
8,AR,ARS,106956,76,Baja,suscripcion a movistar arena argentina,27839,ocio,2026-01-04,natural
8,AR,ARS,106956,76,Baja,pago federacion patronal seguros,27571,otros,2026-01-20,natural
8,AR,ARS,106956,76,Baja,viaje en ypf,17248,transporte,2026-01-25,natural
8,AR,ARS,106956,76,Baja,deb aut gas nea pos,19406,servicios,2026-01-28,cartola
8,AR,ARS,106956,76,Baja,peaje dock sud acc,3093,transporte,2026-01-14,cartola
8,AR,ARS,106956,76,Baja,yenny/ateneo suc compra,13735,educacion,2026-01-05,cartola
8,AR,ARS,106956,76,Baja,kel libreria suc compra,17642,educacion,2026-01-05,cartola
8,AR,ARS,106956,76,Baja,pago movistar hogar argentina,29626,servicios,2026-01-24,natural
8,AR,ARS,106956,76,Baja,avalian medicina prepaga,19522,salud,2026-01-09,cartola
8,AR,ARS,106956,76,Baja,deb aut epec cordoba,37334,servicios,2026-01-20,cartola
8,AR,ARS,106956,76,Baja,deb aut aguas cordobesas,9809,servicios,2026-01-14,cartola
8,AR,ARS,106956,76,Baja,entrada a passline argentina,34181,ocio,2026-01-15,natural
8,AR,ARS,106956,76,Baja,pago mercado libre,27964,otros,2026-01-11,natural
8,AR,ARS,106956,76,Baja,compra en las cuartetas,33036,alimentacion,2026-01-19,natural
8,AR,ARS,106956,76,Baja,deb aut aguas cordobesas,16284,servicios,2026-01-20,cartola
8,AR,ARS,106956,76,Baja,carga bencina en peaje parque avellaneda,7596,transporte,2026-01-17,natural
8,AR,ARS,106956,76,Baja,suscripcion a netflix argentina,8965,streaming,2026-01-09,natural
8,AR,ARS,106956,76,Baja,didi* trip argentina,14166,transporte,2026-01-05,cartola
8,AR,ARS,106956,76,Baja,pago en changomas,30145,alimentacion,2026-01-21,natural
8,AR,ARS,106956,76,Baja,pago en antares,25243,alimentacion,2026-01-13,natural
8,AR,ARS,106956,76,Baja,entrada a smart fit argentina,36825,ocio,2026-01-07,natural
8,AR,ARS,106956,76,Baja,giro cajero red link,20367,otros,2026-01-26,cartola
8,AR,ARS,106956,76,Baja,inscripcion en universidad tecnologica nacional utn,37227,educacion,2026-01-19,natural
8,AR,ARS,106956,76,Baja,compra en bonafide,8950,alimentacion,2026-01-16,natural
8,AR,ARS,106956,76,Baja,pago tarjeta naranja,25343,otros,2026-01-23,natural
8,AR,ARS,106956,76,Baja,peaje samborombon aubasa,2325,transporte,2026-01-21,cartola
8,AR,ARS,106956,76,Baja,flow telecom compra,35975,servicios,2026-01-10,cartola
8,AR,ARS,106956,76,Baja,expensas online transfer,31242,vivienda,2026-01-17,cartola
8,AR,ARS,106956,76,Baja,pago en medife,24029,salud,2026-01-29,natural
8,AR,ARS,106956,76,Baja,compra en hospital italiano,6963,salud,2026-01-28,natural
8,AR,ARS,106956,76,Baja,wendys suc,31848,alimentacion,2026-01-15,cartola
8,AR,ARS,106956,76,Baja,pago personal flow,19779,servicios,2026-01-17,natural
8,AR,ARS,106956,76,Baja,flow telecom compra,31812,servicios,2026-01-29,cartola
8,AR,ARS,106956,76,Baja,entrada a fiter gimnasios,28345,ocio,2026-01-10,natural
8,AR,ARS,106956,76,Baja,colegio champagnat deb,2632,educacion,2026-01-24,cartola
8,AR,ARS,106956,76,Baja,burger king pos,32667,alimentacion,2026-01-28,cartola
8,AR,ARS,106956,76,Baja,deb aut megatlon suc,33483,ocio,2026-01-13,cartola
8,AR,ARS,106956,76,Baja,yenny/ateneo suc compra,19276,educacion,2026-01-05,cartola
8,AR,ARS,106956,76,Baja,clinica mater dei compra,20912,salud,2026-01-20,cartola
8,AR,ARS,106956,76,Baja,entrada a fiter gimnasios,23719,ocio,2026-01-13,natural
8,AR,ARS,106956,76,Baja,viaje en plusmar,25974,transporte,2026-01-04,natural
8,AR,ARS,106956,76,Baja,compra en medicus,16265,salud,2026-01-29,natural
8,AR,ARS,106956,76,Baja,williamsburg burger suc,37427,alimentacion,2026-01-22,cartola
8,AR,ARS,106956,76,Baja,luna park entradas,17337,ocio,2026-01-12,cartola
8,AR,ARS,106956,76,Baja,autop. del oeste compra,23397,transporte,2026-01-10,cartola
8,AR,ARS,106956,76,Baja,entrada a luna park,23888,ocio,2026-01-25,natural
8,AR,ARS,106956,76,Baja,cp67 compra libros,19565,educacion,2026-01-29,cartola
8,AR,ARS,106956,76,Baja,compra en banchero,15188,alimentacion,2026-01-08,natural
8,AR,ARS,106956,76,Baja,dia% express suc,10262,alimentacion,2026-01-17,cartola
8,AR,ARS,106956,76,Baja,easy compra internet,35261,vivienda,2026-01-26,cartola
8,AR,ARS,106956,76,Baja,pago musimundo,23600,otros,2026-01-22,natural
8,AR,ARS,106956,76,Baja,giro rapipago recauda,23274,servicios,2026-01-25,cartola
8,AR,ARS,106956,76,Baja,peaje pacheco ausol,3035,transporte,2026-01-28,cartola
8,AR,ARS,106956,76,Baja,jumbo compra,36743,alimentacion,2026-01-12,cartola
8,AR,ARS,106956,76,Baja,pago epec,32713,servicios,2026-01-06,natural
8,AR,ARS,106956,76,Baja,pago banco nacion,10680,otros,2026-01-18,natural
8,AR,ARS,106956,76,Baja,entrada a fiter gimnasios,28146,ocio,2026-01-19,natural
8,AR,ARS,106956,76,Baja,axion energy suc,26478,transporte,2026-01-15,cartola
8,AR,ARS,106956,76,Baja,ausol aut. del sol,2345,transporte,2026-01-28,cartola
8,AR,ARS,106956,76,Baja,pagomiscuentas aysa deb,16268,servicios,2026-01-19,cartola
8,AR,ARS,106956,76,Baja,pago en rappi,36029,alimentacion,2026-01-02,natural
8,AR,ARS,106956,76,Baja,deb aut claro hogar,29562,servicios,2026-01-02,cartola
8,AR,ARS,106956,76,Baja,pago octavo piso saas,31745,vivienda,2026-01-14,natural
8,AR,ARS,106956,76,Baja,carga bencina en peaje debenedetti,4692,transporte,2026-01-10,natural
8,AR,ARS,106956,76,Baja,pago en le pain quotidien,15849,alimentacion,2026-01-11,natural
8,AR,ARS,106956,76,Baja,deb aut fiter pos,26808,ocio,2026-01-29,cartola
8,AR,ARS,106956,76,Baja,maxiconsumo s.a.,36186,alimentacion,2026-01-16,cartola
8,AR,ARS,106956,76,Baja,puntoticket compra,35406,ocio,2026-01-12,cartola
8,AR,ARS,106956,76,Baja,disco suc,27529,alimentacion,2026-01-05,cartola
8,AR,ARS,106956,76,Baja,recarga sube acc,6858,transporte,2026-01-02,cartola
8,AR,ARS,106956,76,Baja,recarga sube acc,1120,transporte,2026-01-12,cartola
8,AR,ARS,106956,76,Baja,pago en optica lutz ferrando,31331,salud,2026-01-24,natural
8,AR,ARS,106956,76,Baja,pago pagomiscuentas,7257,servicios,2026-01-03,natural
8,AR,ARS,106956,76,Baja,carga bencina en emova subte,2169,transporte,2026-01-08,natural
8,AR,ARS,106956,76,Baja,pago movistar hogar argentina,24503,servicios,2026-01-26,natural
8,AR,ARS,106956,76,Baja,suscripcion a spotify argentina,8817,streaming,2026-01-25,natural
8,AR,ARS,106956,76,Baja,pago banco provincia,8550,otros,2026-01-18,natural
8,AR,ARS,106956,76,Baja,playstation psn ar comp,20493,ocio,2026-01-11,cartola
8,AR,ARS,106956,76,Baja,pago telecom fibertel,19382,servicios,2026-01-10,natural
8,AR,ARS,106956,76,Baja,prestigio s.a. compra,24511,vivienda,2026-01-03,cartola
8,AR,ARS,106956,76,Baja,deb aut personal flow,18700,servicios,2026-01-15,cartola
8,AR,ARS,106956,76,Baja,viaje en cabify,12047,transporte,2026-01-27,natural
8,AR,ARS,106956,76,Baja,viaje en shell,34040,transporte,2026-01-24,natural
8,AR,ARS,106956,76,Baja,scholastica compra pos,30257,educacion,2026-01-07,cartola
8,AR,ARS,106956,76,Baja,pago expensas online,31089,vivienda,2026-01-03,natural
8,AR,ARS,106956,76,Baja,compra en farmacias selma,27981,salud,2026-01-06,natural
8,AR,ARS,106956,76,Baja,pago ferreteria industrial,28296,vivienda,2026-01-27,natural
8,AR,ARS,106956,76,Baja,deb aut epen neuquen,18323,servicios,2026-01-14,cartola
8,AR,ARS,106956,76,Baja,pago en farmacias selma,13214,salud,2026-01-24,natural
8,AR,ARS,106956,76,Baja,compra en medicus,18853,salud,2026-01-20,natural
8,AR,ARS,106956,76,Baja,pago en bonafide,7803,alimentacion,2026-01-29,natural
8,AR,ARS,106956,76,Baja,deb aut camuzzi pampeana,15254,servicios,2026-01-06,cartola
8,AR,ARS,106956,76,Baja,pago en opticas lof,20629,salud,2026-01-02,natural
8,AR,ARS,106956,76,Baja,pago litoral gas,20420,servicios,2026-01-21,natural
8,AR,ARS,106956,76,Baja,deb aut aguas bonaerenses,12824,servicios,2026-01-04,cartola
8,AR,ARS,106956,76,Baja,deb aut fiter pos,30697,ocio,2026-01-23,cartola
8,AR,ARS,106956,76,Baja,pago ferreteria el puente,7550,vivienda,2026-01-15,natural
8,AR,ARS,106956,76,Baja,suscripcion a max hbo argentina,5577,ocio,2026-01-03,natural
8,AR,ARS,106956,76,Baja,pago aysa,10853,servicios,2026-01-05,natural
8,AR,ARS,106956,76,Baja,pago argenprop,11042,vivienda,2026-01-23,natural
8,AR,ARS,106956,76,Baja,expensas online transfer,28386,vivienda,2026-01-09,cartola
8,AR,ARS,106956,76,Baja,suscripcion a multiplex cines,5428,ocio,2026-01-22,natural
8,AR,ARS,106956,76,Baja,pago blaisten,30337,vivienda,2026-01-13,natural
8,AR,ARS,106956,76,Baja,pago colegio cardinal newman,13162,educacion,2026-01-28,natural
8,AR,ARS,106956,76,Baja,entrada a on fit,17332,ocio,2026-01-04,natural
8,AR,ARS,106956,76,Baja,litoral gas debito pos,11182,servicios,2026-01-09,cartola
9,AR,ARS,287700,74,Media,pago octavo piso saas,50312,vivienda,2026-01-20,natural
9,AR,ARS,287700,74,Media,entrada a steam games argentina,58419,ocio,2026-01-23,natural
9,AR,ARS,287700,74,Media,consorcio palermo exp,48644,vivienda,2026-01-07,cartola
9,AR,ARS,287700,74,Media,pago ligier pinturerias,59238,vivienda,2026-01-13,natural
9,AR,ARS,287700,74,Media,pago camuzzi gas pampeana,52553,servicios,2026-01-26,natural
9,AR,ARS,287700,74,Media,suscripcion a discoteca kika,29197,ocio,2026-01-14,natural
9,AR,ARS,287700,74,Media,deb aut epen neuquen,45303,servicios,2026-01-16,cartola
9,AR,ARS,287700,74,Media,pago en avalian,85003,salud,2026-01-21,natural
9,AR,ARS,287700,74,Media,maxiconsumo s.a.,74562,alimentacion,2026-01-09,cartola
9,AR,ARS,287700,74,Media,viaje en autopistas del oeste,2711,transporte,2026-01-19,natural
9,AR,ARS,287700,74,Media,consorcio caballito exp,48278,vivienda,2026-01-16,cartola
9,AR,ARS,287700,74,Media,farmacias selma pos,39732,salud,2026-01-20,cartola
9,AR,ARS,287700,74,Media,telepase ausa,29077,transporte,2026-01-20,cartola
9,AR,ARS,287700,74,Media,pago en osecac,29249,salud,2026-01-27,natural
9,AR,ARS,287700,74,Media,pago pinturas alba,87527,vivienda,2026-01-21,natural
9,AR,ARS,287700,74,Media,showcase ar compra pos,24383,ocio,2026-01-26,cartola
9,AR,ARS,287700,74,Media,mi barrio compra,16457,alimentacion,2026-01-28,cartola
9,AR,ARS,287700,74,Media,compra en osecac,22899,salud,2026-01-25,natural
9,AR,ARS,287700,74,Media,entrada a teatro opera,13498,ocio,2026-01-03,natural
9,AR,ARS,287700,74,Media,carga bencina en shell,56853,transporte,2026-01-12,natural
9,AR,ARS,287700,74,Media,mercadopago*elprogreso,13039,vivienda,2026-01-25,cartola
9,AR,ARS,287700,74,Media,pago comisiones banco frances,21001,otros,2026-01-09,natural
9,AR,ARS,287700,74,Media,lutz ferrando optica,66684,salud,2026-01-12,cartola
9,AR,ARS,287700,74,Media,pago en rotiseria la querencia,8231,alimentacion,2026-01-04,natural
9,AR,ARS,287700,74,Media,pago en medife,84272,salud,2026-01-19,natural
9,AR,ARS,287700,74,Media,compra en persicco,18351,alimentacion,2026-01-09,natural
9,AR,ARS,287700,74,Media,mi barrio compra,19592,alimentacion,2026-01-20,cartola
9,AR,ARS,287700,74,Media,pizzeria guerrin compra,36104,alimentacion,2026-01-13,cartola
9,AR,ARS,287700,74,Media,pago en bonafide,12230,alimentacion,2026-01-07,natural
9,AR,ARS,287700,74,Media,bbva comision paquete deb,21920,otros,2026-01-03,cartola
9,AR,ARS,287700,74,Media,pago telecentro,28086,servicios,2026-01-26,natural
9,AR,ARS,287700,74,Media,suscripcion a netflix argentina,6841,streaming,2026-01-21,natural
9,AR,ARS,287700,74,Media,deb aut claro hogar,10900,servicios,2026-01-27,cartola
9,AR,ARS,287700,74,Media,almacen de pizzas suc,38379,alimentacion,2026-01-08,cartola
9,AR,ARS,287700,74,Media,suscripcion a netflix argentina,8339,streaming,2026-01-19,natural
9,AR,ARS,287700,74,Media,zonaprop compra factura,99590,vivienda,2026-01-20,cartola
9,AR,ARS,287700,74,Media,litoral gas debito pos,13699,servicios,2026-01-03,cartola
9,AR,ARS,287700,74,Media,carga bencina en peaje illia,3852,transporte,2026-01-16,natural
9,AR,ARS,287700,74,Media,cinemark hoyts compra,8182,ocio,2026-01-10,cartola
9,AR,ARS,287700,74,Media,suscripcion a niceto club,31607,ocio,2026-01-11,natural
9,AR,ARS,287700,74,Media,deb aut edet tucuman,65662,servicios,2026-01-14,cartola
9,AR,ARS,287700,74,Media,argenprop deb aut,51347,vivienda,2026-01-21,cartola
9,AR,ARS,287700,74,Media,pago consorcioabierto,56066,vivienda,2026-01-19,natural
9,AR,ARS,287700,74,Media,deb aut edenor s.a.,17210,servicios,2026-01-18,cartola
9,AR,ARS,287700,74,Media,carga bencina en chevallier,63563,transporte,2026-01-13,natural
9,AR,ARS,287700,74,Media,mp*spotify argentina,7621,streaming,2026-01-18,cartola
9,AR,ARS,287700,74,Media,carga bencina en shell,48774,transporte,2026-01-19,natural
9,AR,ARS,287700,74,Media,telecentro debito directo,24942,servicios,2026-01-14,cartola
9,AR,ARS,287700,74,Media,suscripcion a multiplex cines,17524,ocio,2026-01-15,natural
9,AR,ARS,287700,74,Media,viaje en sube,4493,transporte,2026-01-16,natural
9,AR,ARS,287700,74,Media,pago octavo piso saas,43163,vivienda,2026-01-29,natural
9,AR,ARS,287700,74,Media,pago en el cuartito,42328,alimentacion,2026-01-26,natural
9,AR,ARS,287700,74,Media,mercadopago*laquerencia,15357,alimentacion,2026-01-19,cartola
9,AR,ARS,287700,74,Media,argenprop deb aut,34134,vivienda,2026-01-06,cartola
9,AR,ARS,287700,74,Media,suscripcion a spotify argentina,9710,streaming,2026-01-11,natural
9,AR,ARS,287700,74,Media,pago en osecac,56736,salud,2026-01-06,natural
9,AR,ARS,287700,74,Media,naturgy pago compra,25241,servicios,2026-01-26,cartola
9,AR,ARS,287700,74,Media,pago banco hsbc,21644,otros,2026-01-21,natural
9,AR,ARS,287700,74,Media,peaje larena ausol,2213,transporte,2026-01-24,cartola
9,AR,ARS,287700,74,Media,pago aysa,37920,servicios,2026-01-24,natural
9,AR,ARS,287700,74,Media,steam games compra int,54785,ocio,2026-01-06,cartola
9,AR,ARS,287700,74,Media,mostaza suc compra,6556,alimentacion,2026-01-02,cartola
9,AR,ARS,287700,74,Media,pago pago facil,32170,servicios,2026-01-26,natural
9,AR,ARS,287700,74,Media,viaje en cabify,17394,transporte,2026-01-24,natural
9,AR,ARS,287700,74,Media,flecha bus compra pos,47346,transporte,2026-01-26,cartola
9,AR,ARS,287700,74,Media,pani deli compra,64023,alimentacion,2026-01-12,cartola
9,AR,ARS,287700,74,Media,compra en accord salud,99370,salud,2026-01-18,natural
9,AR,ARS,287700,74,Media,compra en el club de la milanesa,66198,alimentacion,2026-01-18,natural
9,AR,ARS,287700,74,Media,sodimac s.a. compra,85098,vivienda,2026-01-26,cartola
9,AR,ARS,287700,74,Media,showcase ar compra pos,11721,ocio,2026-01-14,cartola
9,AR,ARS,287700,74,Media,deb aut claro hogar,40234,servicios,2026-01-11,cartola
9,AR,ARS,287700,74,Media,entrada a showcase cinemas,22440,ocio,2026-01-28,natural
9,AR,ARS,287700,74,Media,multiplex cines compra,21405,ocio,2026-01-26,cartola
9,AR,ARS,287700,74,Media,colegio st georges deb,20611,educacion,2026-01-12,cartola
9,AR,ARS,287700,74,Media,pago consorcioabierto,89464,vivienda,2026-01-16,natural
9,AR,ARS,287700,74,Media,compra en cafe martinez,14333,alimentacion,2026-01-24,natural
9,AR,ARS,287700,74,Media,suscripcion a netflix argentina,6870,streaming,2026-01-04,natural
9,AR,ARS,287700,74,Media,pago alquileres argentina,87636,vivienda,2026-01-14,natural
9,AR,ARS,287700,74,Media,pago universidad tecnologica nacional utn,42398,educacion,2026-01-07,natural
9,AR,ARS,287700,74,Media,flow telecom compra,24725,servicios,2026-01-11,cartola
9,AR,ARS,287700,74,Media,suscripcion a spotify argentina,4865,streaming,2026-01-06,natural
9,AR,ARS,287700,74,Media,pago mercado libre,86600,otros,2026-01-16,natural
9,AR,ARS,287700,74,Media,pago pinturas alba,83237,vivienda,2026-01-09,natural
9,AR,ARS,287700,74,Media,peaje larena ausol,5897,transporte,2026-01-16,cartola
9,AR,ARS,287700,74,Media,dandy restaurant compra,12861,alimentacion,2026-01-19,cartola
9,AR,ARS,287700,74,Media,carga bencina en peaje pacheco,6567,transporte,2026-01-03,natural
9,AR,ARS,287700,74,Media,disco suc,95626,alimentacion,2026-01-06,cartola
9,AR,ARS,287700,74,Media,pago edesal san luis,87771,servicios,2026-01-12,natural
9,AR,ARS,287700,74,Media,edesur pago directo,24272,servicios,2026-01-07,cartola
9,AR,ARS,287700,74,Media,compra en papa john's,26024,alimentacion,2026-01-16,natural
9,AR,ARS,287700,74,Media,mp*spotify argentina,2793,streaming,2026-01-11,cartola
9,AR,ARS,287700,74,Media,viaje en trenes argentinos,3604,transporte,2026-01-28,natural
9,AR,ARS,287700,74,Media,yenny compra internet,69710,educacion,2026-01-24,cartola
9,AR,ARS,287700,74,Media,pagomiscuentas debito,71081,servicios,2026-01-08,cartola
9,AR,ARS,287700,74,Media,mp*disney plus arg,4476,streaming,2026-01-25,cartola
9,AR,ARS,287700,74,Media,pago fravega,83394,otros,2026-01-15,natural
9,AR,ARS,287700,74,Media,entrada a teatro colon,44034,ocio,2026-01-06,natural
9,AR,ARS,287700,74,Media,entrada a smart fit argentina,35029,ocio,2026-01-17,natural
9,AR,ARS,287700,74,Media,pago aguas bonaerenses,20251,servicios,2026-01-02,natural
9,AR,ARS,287700,74,Media,compra en el club de la milanesa,52990,alimentacion,2026-01-27,natural
9,AR,ARS,287700,74,Media,deb aut sportclub pos,52134,ocio,2026-01-13,cartola
9,AR,ARS,287700,74,Media,colegio ward compra cuota,93478,educacion,2026-01-08,cartola
9,AR,ARS,287700,74,Media,mp*spotify argentina,8973,streaming,2026-01-11,cartola
9,AR,ARS,287700,74,Media,mercadopago*ferrind,10803,vivienda,2026-01-12,cartola
9,AR,ARS,287700,74,Media,carga bencina en peaje parque avellaneda,6660,transporte,2026-01-28,natural
9,AR,ARS,287700,74,Media,havanna s.a. compra,31822,alimentacion,2026-01-23,cartola
9,AR,ARS,287700,74,Media,pago pinturas alba,16660,vivienda,2026-01-06,natural
9,AR,ARS,287700,74,Media,deb aut fiter pos,28980,ocio,2026-01-28,cartola
9,AR,ARS,287700,74,Media,pago en centro rossi,19342,salud,2026-01-20,natural
9,AR,ARS,287700,74,Media,suscripcion a spotify argentina,7048,streaming,2026-01-20,natural
9,AR,ARS,287700,74,Media,suscripcion a spotify argentina,3042,streaming,2026-01-28,natural
9,AR,ARS,287700,74,Media,pago en freddo,41014,alimentacion,2026-01-07,natural
9,AR,ARS,287700,74,Media,inscripcion en libreria yenny,49222,educacion,2026-01-15,natural
9,AR,ARS,287700,74,Media,kfc suc,17176,alimentacion,2026-01-11,cartola
9,AR,ARS,287700,74,Media,ausol aut. del sol,7734,transporte,2026-01-27,cartola
9,AR,ARS,287700,74,Media,mcdonalds ar pos,12068,alimentacion,2026-01-02,cartola
9,AR,ARS,287700,74,Media,litoral gas debito pos,28195,servicios,2026-01-17,cartola
9,AR,ARS,287700,74,Media,suscripcion a disney plus argentina,6542,streaming,2026-01-26,natural
9,AR,ARS,287700,74,Media,pago litoral gas,96698,servicios,2026-01-25,natural
9,AR,ARS,287700,74,Media,freddo helados compra,40232,alimentacion,2026-01-11,cartola
9,AR,ARS,287700,74,Media,pago edesal san luis,89894,servicios,2026-01-16,natural
9,AR,ARS,287700,74,Media,pago naturgy,76233,servicios,2026-01-02,natural
9,AR,ARS,287700,74,Media,yenny compra internet,35504,educacion,2026-01-08,cartola
9,AR,ARS,287700,74,Media,carga bencina en peaje hudson,4114,transporte,2026-01-10,natural
9,AR,ARS,287700,74,Media,wendys suc,9250,alimentacion,2026-01-21,cartola
10,AR,ARS,157787,62,Alta,inscripcion en universidad de palermo up,15115,educacion,2026-01-10,natural
10,AR,ARS,157787,62,Alta,compra en la mezzetta,25564,alimentacion,2026-01-04,natural
10,AR,ARS,157787,62,Alta,carga bencina en trenes argentinos,3274,transporte,2026-01-06,natural
10,AR,ARS,157787,62,Alta,las cuartetas compra,11806,alimentacion,2026-01-03,cartola
10,AR,ARS,157787,62,Alta,pago en persicco,17229,alimentacion,2026-01-21,natural
10,AR,ARS,157787,62,Alta,compra en omint,14562,salud,2026-01-26,natural
10,AR,ARS,157787,62,Alta,deb aut gas nea pos,16637,servicios,2026-01-27,cartola
10,AR,ARS,157787,62,Alta,deb aut epec cordoba,21374,servicios,2026-01-23,cartola
10,AR,ARS,157787,62,Alta,mercadopago*elbarista,19250,ocio,2026-01-09,cartola
10,AR,ARS,157787,62,Alta,pago en tea connection,22911,alimentacion,2026-01-07,natural
10,AR,ARS,157787,62,Alta,suscripcion a disney plus argentina,6706,streaming,2026-01-16,natural
10,AR,ARS,157787,62,Alta,blaisten s.a. suc,46151,vivienda,2026-01-17,cartola
10,AR,ARS,157787,62,Alta,pago consorcioabierto,39249,vivienda,2026-01-18,natural
10,AR,ARS,157787,62,Alta,la birra bar pos,13511,alimentacion,2026-01-22,cartola
10,AR,ARS,157787,62,Alta,starbucks s.a. pos,18605,alimentacion,2026-01-15,cartola
10,AR,ARS,157787,62,Alta,didi* trip argentina,20455,transporte,2026-01-17,cartola
10,AR,ARS,157787,62,Alta,pago en omint,15224,salud,2026-01-27,natural
10,AR,ARS,157787,62,Alta,pago agip rentas,40686,otros,2026-01-23,natural
10,AR,ARS,157787,62,Alta,suscripcion a discoteca kika,45630,ocio,2026-01-20,natural
10,AR,ARS,157787,62,Alta,cuspide suc compra,43378,educacion,2026-01-16,cartola
10,AR,ARS,157787,62,Alta,pago en persicco,10061,alimentacion,2026-01-12,natural
10,AR,ARS,157787,62,Alta,sodimac s.a. compra,17933,vivienda,2026-01-06,cartola
10,AR,ARS,157787,62,Alta,pago edet tucuman,15012,servicios,2026-01-16,natural
10,AR,ARS,157787,62,Alta,pago alquileres argentina,50085,vivienda,2026-01-08,natural
10,AR,ARS,157787,62,Alta,suscripcion a spotify argentina,4955,streaming,2026-01-15,natural
10,AR,ARS,157787,62,Alta,suscripcion a spotify argentina,3231,streaming,2026-01-29,natural
10,AR,ARS,157787,62,Alta,papa johns pizza,8045,alimentacion,2026-01-19,cartola
10,AR,ARS,157787,62,Alta,pago mercado libre,51095,otros,2026-01-05,natural
10,AR,ARS,157787,62,Alta,deb aut edenor s.a.,27416,servicios,2026-01-20,cartola
10,AR,ARS,157787,62,Alta,omint debito directo,26663,salud,2026-01-15,cartola
10,AR,ARS,157787,62,Alta,consorcioabierto expensas,45560,vivienda,2026-01-19,cartola
10,AR,ARS,157787,62,Alta,compra en osecac,38611,salud,2026-01-11,natural
10,AR,ARS,157787,62,Alta,solo deportes compra pos,23800,otros,2026-01-22,cartola
10,AR,ARS,157787,62,Alta,compra en banchero,39396,alimentacion,2026-01-04,natural
10,AR,ARS,157787,62,Alta,pago en williamsburg,34253,alimentacion,2026-01-21,natural
10,AR,ARS,157787,62,Alta,pago en almacen de barrio,15897,alimentacion,2026-01-14,natural
10,AR,ARS,157787,62,Alta,pago en farmacias vantage,32837,salud,2026-01-29,natural
10,AR,ARS,157787,62,Alta,mp*disney plus arg,8110,streaming,2026-01-19,cartola
10,AR,ARS,157787,62,Alta,inscripcion en universidad tecnologica nacional utn,22481,educacion,2026-01-05,natural
10,AR,ARS,157787,62,Alta,colegio st georges deb,6824,educacion,2026-01-25,cartola
10,AR,ARS,157787,62,Alta,pago pinturerias rex,45470,vivienda,2026-01-09,natural
10,AR,ARS,157787,62,Alta,pago blaisten,50336,vivienda,2026-01-21,natural
10,AR,ARS,157787,62,Alta,pago en havanna,22031,alimentacion,2026-01-16,natural
10,AR,ARS,157787,62,Alta,pago pinturas alba,49615,vivienda,2026-01-13,natural
10,AR,ARS,157787,62,Alta,mercadopago*transferencia,19953,otros,2026-01-24,cartola
10,AR,ARS,157787,62,Alta,pago epen neuquen,31927,servicios,2026-01-03,natural
10,AR,ARS,157787,62,Alta,entrada a parque de la costa,23080,ocio,2026-01-27,natural
10,AR,ARS,157787,62,Alta,mp*netflix argentina,9699,streaming,2026-01-06,cartola
10,AR,ARS,157787,62,Alta,rex pinturerias compra,31518,vivienda,2026-01-10,cartola
10,AR,ARS,157787,62,Alta,carga bencina en telepase autopistas,2965,transporte,2026-01-20,natural
10,AR,ARS,157787,62,Alta,mp*disney plus arg,7658,streaming,2026-01-07,cartola
10,AR,ARS,157787,62,Alta,peaje debenedetti pos,3434,transporte,2026-01-27,cartola
10,AR,ARS,157787,62,Alta,pago sodimac,34468,vivienda,2026-01-21,natural
10,AR,ARS,157787,62,Alta,pago aysa,37502,servicios,2026-01-26,natural
10,AR,ARS,157787,62,Alta,compra en clinica mater dei,52211,salud,2026-01-08,natural
10,AR,ARS,157787,62,Alta,pago libreria scholastica,8560,educacion,2026-01-03,natural
10,AR,ARS,157787,62,Alta,persicco suc,36710,alimentacion,2026-01-25,cartola
10,AR,ARS,157787,62,Alta,deb aut camuzzi pampeana,25313,servicios,2026-01-24,cartola
10,AR,ARS,157787,62,Alta,pago en galeno,11089,salud,2026-01-02,natural
10,AR,ARS,157787,62,Alta,peaje illia ausa,2838,transporte,2026-01-12,cartola
10,AR,ARS,157787,62,Alta,pago coppel,21380,otros,2026-01-29,natural
10,AR,ARS,157787,62,Alta,osecac cuota directa,32864,salud,2026-01-10,cartola
10,AR,ARS,157787,62,Alta,pago movistar hogar argentina,54883,servicios,2026-01-26,natural
10,AR,ARS,157787,62,Alta,entrada a passline argentina,50582,ocio,2026-01-23,natural
10,AR,ARS,157787,62,Alta,suscripcion a netflix argentina,10132,streaming,2026-01-28,natural
10,AR,ARS,157787,62,Alta,pago en kentucky pizzeria,14402,alimentacion,2026-01-13,natural
10,AR,ARS,157787,62,Alta,ausol aut. del sol,10254,transporte,2026-01-02,cartola
10,AR,ARS,157787,62,Alta,suscripcion a showcase cinemas,24968,ocio,2026-01-21,natural
10,AR,ARS,157787,62,Alta,input entradas bar,17862,ocio,2026-01-21,cartola
10,AR,ARS,157787,62,Alta,compra en pizzeria guerrin,51461,alimentacion,2026-01-05,natural
10,AR,ARS,157787,62,Alta,mp*spotify argentina,4913,streaming,2026-01-04,cartola
10,AR,ARS,157787,62,Alta,entrada a puntoticket argentina,42982,ocio,2026-01-10,natural
10,AR,ARS,157787,62,Alta,pago en vea,26172,alimentacion,2026-01-14,natural
10,AR,ARS,157787,62,Alta,viaje en shell,31923,transporte,2026-01-07,natural
10,AR,ARS,157787,62,Alta,compra en hospital britanico,41575,salud,2026-01-22,natural
10,AR,ARS,157787,62,Alta,pago zonaprop,47430,vivienda,2026-01-21,natural
10,AR,ARS,157787,62,Alta,deb aut megatlon suc,51442,ocio,2026-01-03,cartola
10,AR,ARS,157787,62,Alta,compra en rotiseria la querencia,21423,alimentacion,2026-01-17,natural
10,AR,ARS,157787,62,Alta,pago en le pain quotidien,8056,alimentacion,2026-01-10,natural
10,AR,ARS,157787,62,Alta,havanna s.a. compra,34142,alimentacion,2026-01-02,cartola
10,AR,ARS,157787,62,Alta,pinturas alba compra suc,43335,vivienda,2026-01-29,cartola
10,AR,ARS,157787,62,Alta,mp*netflix argentina,13849,streaming,2026-01-14,cartola
10,AR,ARS,157787,62,Alta,pago comisiones banco comafi,5171,otros,2026-01-12,natural
10,AR,ARS,157787,62,Alta,suscripcion a spotify argentina,2952,streaming,2026-01-13,natural
10,AR,ARS,157787,62,Alta,pago ferreteria industrial,15272,vivienda,2026-01-22,natural
10,AR,ARS,157787,62,Alta,carga bencina en peaje hudson,1822,transporte,2026-01-11,natural
10,AR,ARS,157787,62,Alta,mp*netflix argentina,10886,streaming,2026-01-22,cartola
10,AR,ARS,157787,62,Alta,smg medicina prepaga deb,10748,salud,2026-01-02,cartola
10,AR,ARS,157787,62,Alta,mp*disney plus arg,5953,streaming,2026-01-04,cartola
10,AR,ARS,157787,62,Alta,deb aut edet tucuman,35167,servicios,2026-01-28,cartola
10,AR,ARS,157787,62,Alta,deb aut edenor s.a.,14427,servicios,2026-01-12,cartola
10,AR,ARS,157787,62,Alta,edesur pago directo,36575,servicios,2026-01-27,cartola
10,AR,ARS,157787,62,Alta,suscripcion a on fit,31019,ocio,2026-01-25,natural
10,AR,ARS,157787,62,Alta,inscripcion en pontificia universidad catolica uca,3993,educacion,2026-01-22,natural
10,AR,ARS,157787,62,Alta,tea connection pos,9001,alimentacion,2026-01-22,cartola
10,AR,ARS,157787,62,Alta,compra en makro,45818,alimentacion,2026-01-16,natural
10,AR,ARS,157787,62,Alta,suscripcion a parque de la costa,16191,ocio,2026-01-05,natural
10,AR,ARS,157787,62,Alta,expensas online transfer,34455,vivienda,2026-01-08,cartola
10,AR,ARS,157787,62,Alta,lutz ferrando optica,41346,salud,2026-01-23,cartola
10,AR,ARS,157787,62,Alta,pago universidad de belgrano ub,22652,educacion,2026-01-26,natural
10,AR,ARS,157787,62,Alta,makro pos suc,50496,alimentacion,2026-01-10,cartola
10,AR,ARS,157787,62,Alta,compra en kentucky pizzeria,19013,alimentacion,2026-01-16,natural
10,AR,ARS,157787,62,Alta,peaje samborombon aubasa,1833,transporte,2026-01-27,cartola
10,AR,ARS,157787,62,Alta,pago aguas bonaerenses,29650,servicios,2026-01-17,natural
10,AR,ARS,157787,62,Alta,pago en carrefour,21758,alimentacion,2026-01-15,natural
10,AR,ARS,157787,62,Alta,mp*spotify argentina,8171,streaming,2026-01-06,cartola
10,AR,ARS,157787,62,Alta,deb aut on fit gimnasios,30759,ocio,2026-01-07,cartola
10,AR,ARS,157787,62,Alta,showcase ar compra pos,25038,ocio,2026-01-17,cartola
10,AR,ARS,157787,62,Alta,multiplex cines compra,14869,ocio,2026-01-02,cartola
10,AR,ARS,157787,62,Alta,pago universidad de san andres,9277,educacion,2026-01-21,natural
10,AR,ARS,157787,62,Alta,pago en laboratorio stamboulian,45371,salud,2026-01-26,natural
10,AR,ARS,157787,62,Alta,playstation psn ar comp,23115,ocio,2026-01-05,cartola
10,AR,ARS,157787,62,Alta,deb aut edesal s.a.,43091,servicios,2026-01-07,cartola
10,AR,ARS,157787,62,Alta,entrada a showcase cinemas,7270,ocio,2026-01-08,natural
10,AR,ARS,157787,62,Alta,omint debito directo,31274,salud,2026-01-25,cartola
10,AR,ARS,157787,62,Alta,mercadopago*doncarlos,8263,alimentacion,2026-01-02,cartola
10,AR,ARS,157787,62,Alta,pago argenprop,14643,vivienda,2026-01-20,natural
10,AR,ARS,157787,62,Alta,inscripcion en colegio cardinal newman,14602,educacion,2026-01-09,natural
10,AR,ARS,157787,62,Alta,pagomiscuentas debito,16927,servicios,2026-01-25,cartola
10,AR,ARS,157787,62,Alta,compra en swiss medical,26187,salud,2026-01-17,natural
10,AR,ARS,157787,62,Alta,utn cuotas academicas,48564,educacion,2026-01-21,cartola
10,AR,ARS,157787,62,Alta,alquileres argentina deb,46119,vivienda,2026-01-25,cartola
10,AR,ARS,157787,62,Alta,bonafide compra,6918,alimentacion,2026-01-06,cartola
10,AR,ARS,157787,62,Alta,mercadopago*laquerencia,8909,alimentacion,2026-01-05,cartola
10,AR,ARS,157787,62,Alta,deb aut epec cordoba,42408,servicios,2026-01-12,cartola
11,AR,ARS,172926,5,Baja,ausol aut. del sol,21779,transporte,2026-01-27,cartola
11,AR,ARS,172926,5,Baja,suscripcion a teatro opera,23136,ocio,2026-01-04,natural
11,AR,ARS,172926,5,Baja,compra en hospital aleman,53015,salud,2026-01-20,natural
11,AR,ARS,172926,5,Baja,edificio belgrano expensas,39147,vivienda,2026-01-15,cartola
11,AR,ARS,172926,5,Baja,mp*netflix argentina,9060,streaming,2026-01-20,cartola
11,AR,ARS,172926,5,Baja,carga bencina en corredores viales,21391,transporte,2026-01-15,natural
11,AR,ARS,172926,5,Baja,pago coppel,45844,otros,2026-01-15,natural
11,AR,ARS,172926,5,Baja,pago pinturas alba,57655,vivienda,2026-01-17,natural
11,AR,ARS,172926,5,Baja,peaje hudson recaudacion,7669,transporte,2026-01-25,cartola
11,AR,ARS,172926,5,Baja,smg medicina prepaga deb,10426,salud,2026-01-09,cartola
11,AR,ARS,172926,5,Baja,multiplex cines compra,5521,ocio,2026-01-11,cartola
11,AR,ARS,172926,5,Baja,compra en el club de la milanesa,49380,alimentacion,2026-01-16,natural
11,AR,ARS,172926,5,Baja,zonaprop compra factura,58080,vivienda,2026-01-27,cartola
11,AR,ARS,172926,5,Baja,pago edet tucuman,45428,servicios,2026-01-29,natural
11,AR,ARS,172926,5,Baja,luna park entradas,60269,ocio,2026-01-03,cartola
11,AR,ARS,172926,5,Baja,carga bencina en peaje dellepiane,3710,transporte,2026-01-27,natural
11,AR,ARS,172926,5,Baja,mp*disney plus arg,11215,streaming,2026-01-03,cartola
11,AR,ARS,172926,5,Baja,maderas ramos s.a.,28379,vivienda,2026-01-13,cartola
11,AR,ARS,172926,5,Baja,sodimac s.a. compra,35958,vivienda,2026-01-22,cartola
11,AR,ARS,172926,5,Baja,pago pontificia universidad catolica uca,38478,educacion,2026-01-06,natural
11,AR,ARS,172926,5,Baja,pago banco patagonia,4921,otros,2026-01-26,natural
11,AR,ARS,172926,5,Baja,mp*netflix argentina,10250,streaming,2026-01-10,cartola
11,AR,ARS,172926,5,Baja,consorcio palermo exp,44081,vivienda,2026-01-13,cartola
11,AR,ARS,172926,5,Baja,carga bencina en chevallier,44863,transporte,2026-01-17,natural
11,AR,ARS,172926,5,Baja,suscripcion a disney plus argentina,10761,streaming,2026-01-16,natural
11,AR,ARS,172926,5,Baja,suscripcion a ticketek,59125,ocio,2026-01-08,natural
11,AR,ARS,172926,5,Baja,deb aut epec cordoba,20721,servicios,2026-01-07,cartola
11,AR,ARS,172926,5,Baja,axion energy suc,19167,transporte,2026-01-05,cartola
11,AR,ARS,172926,5,Baja,suscripcion a spotify argentina,3732,streaming,2026-01-11,natural
11,AR,ARS,172926,5,Baja,pago en clinica mater dei,53870,salud,2026-01-13,natural
11,AR,ARS,172926,5,Baja,centro rossi compra pos,54250,salud,2026-01-08,cartola
11,AR,ARS,172926,5,Baja,pago en williamsburg,22225,alimentacion,2026-01-15,natural
11,AR,ARS,172926,5,Baja,colegio ward compra cuota,23113,educacion,2026-01-23,cartola
11,AR,ARS,172926,5,Baja,mp*disney plus arg,7647,streaming,2026-01-20,cartola
11,AR,ARS,172926,5,Baja,heisenburger pos,16043,alimentacion,2026-01-10,cartola
11,AR,ARS,172926,5,Baja,carga bencina en aubasa,6220,transporte,2026-01-06,natural
11,AR,ARS,172926,5,Baja,compra en hospital italiano,45451,salud,2026-01-24,natural
11,AR,ARS,172926,5,Baja,pago consorcioabierto,35746,vivienda,2026-01-07,natural
11,AR,ARS,172926,5,Baja,viaje en shell,35750,transporte,2026-01-10,natural
11,AR,ARS,172926,5,Baja,pago en swiss medical,38592,salud,2026-01-13,natural
11,AR,ARS,172926,5,Baja,pago en almacen de pizzas,42880,alimentacion,2026-01-05,natural
11,AR,ARS,172926,5,Baja,pago rapipago,35729,servicios,2026-01-12,natural
11,AR,ARS,172926,5,Baja,pago en pani,45792,alimentacion,2026-01-22,natural
11,AR,ARS,172926,5,Baja,mp*spotify argentina,9839,streaming,2026-01-26,cartola
11,AR,ARS,172926,5,Baja,pago comisiones banco galicia,20021,otros,2026-01-12,natural
11,AR,ARS,172926,5,Baja,suscripcion a disney plus argentina,7923,streaming,2026-01-23,natural
11,AR,ARS,172926,5,Baja,yenny compra internet,9625,educacion,2026-01-28,cartola
11,AR,ARS,172926,5,Baja,peaje hudson aubasa,3015,transporte,2026-01-21,cartola
11,AR,ARS,172926,5,Baja,parque de la costa comp,46500,ocio,2026-01-26,cartola
11,AR,ARS,172926,5,Baja,viaje en ypf,20478,transporte,2026-01-23,natural
11,AR,ARS,172926,5,Baja,multiplex cines compra,21770,ocio,2026-01-17,cartola
11,AR,ARS,172926,5,Baja,viaje en peaje dock sud,5690,transporte,2026-01-14,natural
11,AR,ARS,172926,5,Baja,antares compra pos,35525,alimentacion,2026-01-13,cartola
11,AR,ARS,172926,5,Baja,bonafide compra,8256,alimentacion,2026-01-16,cartola
11,AR,ARS,172926,5,Baja,pago metrogas,22135,servicios,2026-01-25,natural
11,AR,ARS,172926,5,Baja,bbva comision paquete deb,10957,otros,2026-01-25,cartola
11,AR,ARS,172926,5,Baja,allianz seguros deb aut,49144,otros,2026-01-20,cartola
11,AR,ARS,172926,5,Baja,deb aut univ belgrano,15346,educacion,2026-01-29,cartola
11,AR,ARS,172926,5,Baja,pago ferreteria industrial,14332,vivienda,2026-01-04,natural
11,AR,ARS,172926,5,Baja,le pain quotidien suc,25912,alimentacion,2026-01-19,cartola
11,AR,ARS,172926,5,Baja,pago consorcio caballito,52747,vivienda,2026-01-07,natural
11,AR,ARS,172926,5,Baja,deb aut claro hogar,46298,servicios,2026-01-28,cartola
11,AR,ARS,172926,5,Baja,deb aut gas nea pos,27917,servicios,2026-01-25,cartola
11,AR,ARS,172926,5,Baja,easy compra internet,10160,vivienda,2026-01-11,cartola
11,AR,ARS,172926,5,Baja,pago comisiones banco comafi,5269,otros,2026-01-15,natural
11,AR,ARS,172926,5,Baja,el cuartito compra,24039,alimentacion,2026-01-26,cartola
11,AR,ARS,172926,5,Baja,viaje en axion energy,51248,transporte,2026-01-20,natural
11,AR,ARS,172926,5,Baja,compra en galeno,42885,salud,2026-01-13,natural
11,AR,ARS,172926,5,Baja,pago consorcio caballito,28574,vivienda,2026-01-20,natural
11,AR,ARS,172926,5,Baja,compra en cafe martinez,10553,alimentacion,2026-01-13,natural
11,AR,ARS,172926,5,Baja,wendys suc,17334,alimentacion,2026-01-13,cartola
11,AR,ARS,172926,5,Baja,compra en papa john's,23354,alimentacion,2026-01-18,natural
11,AR,ARS,172926,5,Baja,compra en le pain quotidien,20009,alimentacion,2026-01-19,natural
11,AR,ARS,172926,5,Baja,viaje en autopistas del oeste,24445,transporte,2026-01-23,natural
11,AR,ARS,172926,5,Baja,suscripcion a spotify argentina,3285,streaming,2026-01-28,natural
11,AR,ARS,172926,5,Baja,maxiconsumo s.a.,51979,alimentacion,2026-01-26,cartola
11,AR,ARS,172926,5,Baja,mercadopago*ferrind,20684,vivienda,2026-01-06,cartola
11,AR,ARS,172926,5,Baja,pago octavo piso saas,59449,vivienda,2026-01-15,natural
11,AR,ARS,172926,5,Baja,pago blaisten,22639,vivienda,2026-01-17,natural
11,AR,ARS,172926,5,Baja,peaje debenedetti pos,4470,transporte,2026-01-16,cartola
11,AR,ARS,172926,5,Baja,pago aguas bonaerenses,39283,servicios,2026-01-07,natural
11,AR,ARS,172926,5,Baja,mp*netflix argentina,6943,streaming,2026-01-29,cartola
11,AR,ARS,172926,5,Baja,mp*disney plus arg,5856,streaming,2026-01-08,cartola
11,AR,ARS,172926,5,Baja,compra en changomas,35840,alimentacion,2026-01-04,natural
11,AR,ARS,172926,5,Baja,pedidosya compra,33262,alimentacion,2026-01-05,cartola
11,AR,ARS,172926,5,Baja,pago en pizzeria guerrin,42651,alimentacion,2026-01-05,natural
11,AR,ARS,172926,5,Baja,edesur pago directo,14341,servicios,2026-01-02,cartola
11,AR,ARS,172926,5,Baja,naturgy pago compra,47439,servicios,2026-01-08,cartola
11,AR,ARS,172926,5,Baja,bonafide compra,2979,alimentacion,2026-01-29,cartola
11,AR,ARS,172926,5,Baja,mp*spotify argentina,7249,streaming,2026-01-07,cartola
11,AR,ARS,172926,5,Baja,deb aut epen neuquen,52170,servicios,2026-01-20,cartola
11,AR,ARS,172926,5,Baja,compra en la birra bar,7416,alimentacion,2026-01-11,natural
11,AR,ARS,172926,5,Baja,dean & dennys suc,23600,alimentacion,2026-01-25,cartola
11,AR,ARS,172926,5,Baja,pago en burger king,36162,alimentacion,2026-01-13,natural
11,AR,ARS,172926,5,Baja,suscripcion a netflix argentina,12203,streaming,2026-01-07,natural
11,AR,ARS,172926,5,Baja,giro rapipago recauda,30793,servicios,2026-01-09,cartola
11,AR,ARS,172926,5,Baja,stamboulian labs,30596,salud,2026-01-05,cartola
11,AR,ARS,172926,5,Baja,pago pinturas alba,35674,vivienda,2026-01-04,natural
11,AR,ARS,172926,5,Baja,puma energy suc,37217,transporte,2026-01-21,cartola
11,AR,ARS,172926,5,Baja,suscripcion a disney plus argentina,11996,streaming,2026-01-19,natural
11,AR,ARS,172926,5,Baja,pfortner optica suc,46046,salud,2026-01-04,cartola
11,AR,ARS,172926,5,Baja,deb aut aguas cordobesas,50507,servicios,2026-01-02,cartola
11,AR,ARS,172926,5,Baja,giro cajero banelco,46046,otros,2026-01-16,cartola
11,AR,ARS,172926,5,Baja,blaisten s.a. suc,22813,vivienda,2026-01-14,cartola
11,AR,ARS,172926,5,Baja,mp*netflix argentina,7764,streaming,2026-01-08,cartola
11,AR,ARS,172926,5,Baja,peaje dock sud acc,4811,transporte,2026-01-28,cartola
11,AR,ARS,172926,5,Baja,pago en hospital britanico,44126,salud,2026-01-26,natural
11,AR,ARS,172926,5,Baja,deb aut edet tucuman,41229,servicios,2026-01-23,cartola
11,AR,ARS,172926,5,Baja,suscripcion a luna park,46754,ocio,2026-01-26,natural
11,AR,ARS,172926,5,Baja,argenprop deb aut,26429,vivienda,2026-01-09,cartola
11,AR,ARS,172926,5,Baja,mp*amazon prime arg,3243,ocio,2026-01-03,cartola
11,AR,ARS,172926,5,Baja,deb aut aguas cordobesas,50440,servicios,2026-01-07,cartola
11,AR,ARS,172926,5,Baja,clinica mater dei compra,50356,salud,2026-01-21,cartola
11,AR,ARS,172926,5,Baja,entrada a bar el barista argentina,6507,ocio,2026-01-27,natural
11,AR,ARS,172926,5,Baja,prestigio s.a. compra,50630,vivienda,2026-01-10,cartola
11,AR,ARS,172926,5,Baja,mercadopago*elpuente,20411,vivienda,2026-01-26,cartola
11,AR,ARS,172926,5,Baja,el noble compra,8903,alimentacion,2026-01-12,cartola
11,AR,ARS,172926,5,Baja,deb aut epec cordoba,45124,servicios,2026-01-07,cartola
11,AR,ARS,172926,5,Baja,yenny compra internet,54272,educacion,2026-01-15,cartola
11,AR,ARS,172926,5,Baja,la mezzetta compra,32498,alimentacion,2026-01-05,cartola
11,AR,ARS,172926,5,Baja,inscripcion en editorial santillana argentina,53258,educacion,2026-01-17,natural
11,AR,ARS,172926,5,Baja,ar.deb.aut. itba suc,34935,educacion,2026-01-10,cartola
11,AR,ARS,172926,5,Baja,pago alquileres argentina,60215,vivienda,2026-01-12,natural
11,AR,ARS,172926,5,Baja,mercadopago*elombu,12956,alimentacion,2026-01-13,cartola
11,AR,ARS,172926,5,Baja,peaje parque avellaneda,6783,transporte,2026-01-22,cartola
12,AR,ARS,283013,59,Media,puma energy suc,68118,transporte,2026-01-13,cartola
12,AR,ARS,283013,59,Media,dr ahorro argentina,19005,salud,2026-01-22,cartola
12,AR,ARS,283013,59,Media,carga bencina en axion energy,20585,transporte,2026-01-12,natural
12,AR,ARS,283013,59,Media,mercadopago*doncarlos,13186,alimentacion,2026-01-23,cartola
12,AR,ARS,283013,59,Media,pago gas nea,75470,servicios,2026-01-02,natural
12,AR,ARS,283013,59,Media,suscripcion a disney plus argentina,4182,streaming,2026-01-20,natural
12,AR,ARS,283013,59,Media,compra en sanatorio otamendi,56404,salud,2026-01-24,natural
12,AR,ARS,283013,59,Media,entrada a teatro colon,75107,ocio,2026-01-07,natural
12,AR,ARS,283013,59,Media,movistar arena tickets,77146,ocio,2026-01-22,cartola
12,AR,ARS,283013,59,Media,metrogas debito aut,78232,servicios,2026-01-10,cartola
12,AR,ARS,283013,59,Media,compra en rotiseria la querencia,31347,alimentacion,2026-01-24,natural
12,AR,ARS,283013,59,Media,naturgy pago compra,85576,servicios,2026-01-04,cartola
12,AR,ARS,283013,59,Media,kel libreria suc compra,70294,educacion,2026-01-13,cartola
12,AR,ARS,283013,59,Media,pago edet tucuman,54563,servicios,2026-01-15,natural
12,AR,ARS,283013,59,Media,teatro colon entradas,36224,ocio,2026-01-10,cartola
12,AR,ARS,283013,59,Media,suscripcion a megatlon,51671,ocio,2026-01-20,natural
12,AR,ARS,283013,59,Media,pago consorcio edificio belgrano,65118,vivienda,2026-01-20,natural
12,AR,ARS,283013,59,Media,mp*netflix argentina,13556,streaming,2026-01-16,cartola
12,AR,ARS,283013,59,Media,pago en diarco,69357,alimentacion,2026-01-12,natural
12,AR,ARS,283013,59,Media,metrogas debito aut,91090,servicios,2026-01-15,cartola
12,AR,ARS,283013,59,Media,ausol aut. del sol,23169,transporte,2026-01-23,cartola
12,AR,ARS,283013,59,Media,luna park entradas,46258,ocio,2026-01-08,cartola
12,AR,ARS,283013,59,Media,williamsburg burger suc,27351,alimentacion,2026-01-19,cartola
12,AR,ARS,283013,59,Media,allianz seguros deb aut,26850,otros,2026-01-10,cartola
12,AR,ARS,283013,59,Media,compra en subway,13602,alimentacion,2026-01-22,natural
12,AR,ARS,283013,59,Media,pago epen neuquen,75680,servicios,2026-01-29,natural
12,AR,ARS,283013,59,Media,pagomiscuentas debito,80852,servicios,2026-01-04,cartola
12,AR,ARS,283013,59,Media,pago pago facil,50636,servicios,2026-01-14,natural
12,AR,ARS,283013,59,Media,deb aut epen neuquen,30423,servicios,2026-01-20,cartola
12,AR,ARS,283013,59,Media,suscripcion a netflix argentina,13551,streaming,2026-01-17,natural
12,AR,ARS,283013,59,Media,telecentro debito directo,54309,servicios,2026-01-27,cartola
12,AR,ARS,283013,59,Media,carga bencina en peaje alberti,3393,transporte,2026-01-15,natural
12,AR,ARS,283013,59,Media,puma energy suc,34957,transporte,2026-01-10,cartola
12,AR,ARS,283013,59,Media,galeno cobertura deb,10160,salud,2026-01-13,cartola
12,AR,ARS,283013,59,Media,suscripcion a netflix argentina,10185,streaming,2026-01-23,natural
12,AR,ARS,283013,59,Media,carga bencina en telepase autopistas,31317,transporte,2026-01-13,natural
12,AR,ARS,283013,59,Media,maderas ramos s.a.,65392,vivienda,2026-01-21,cartola
12,AR,ARS,283013,59,Media,compra en pani,53399,alimentacion,2026-01-24,natural
12,AR,ARS,283013,59,Media,deb aut edesal s.a.,43414,servicios,2026-01-14,cartola
12,AR,ARS,283013,59,Media,carga bencina en peaje debenedetti,4472,transporte,2026-01-19,natural
12,AR,ARS,283013,59,Media,deb aut epec cordoba,65917,servicios,2026-01-14,cartola
12,AR,ARS,283013,59,Media,deb aut movistar hogar,31719,servicios,2026-01-28,cartola
12,AR,ARS,283013,59,Media,pago claro hogar argentina,23787,servicios,2026-01-16,natural
12,AR,ARS,283013,59,Media,entrada a ticketek,68253,ocio,2026-01-29,natural
12,AR,ARS,283013,59,Media,mi barrio compra,21611,alimentacion,2026-01-15,cartola
12,AR,ARS,283013,59,Media,pagomiscuentas debito,96029,servicios,2026-01-28,cartola
12,AR,ARS,283013,59,Media,mayorista yaguar suc,85775,alimentacion,2026-01-04,cartola
12,AR,ARS,283013,59,Media,pago en clinica suizo argentina,92790,salud,2026-01-16,natural
12,AR,ARS,283013,59,Media,suscripcion a netflix argentina,8010,streaming,2026-01-02,natural
12,AR,ARS,283013,59,Media,sanatorio finochietto,60024,salud,2026-01-04,cartola
12,AR,ARS,283013,59,Media,compra en kfc,21920,alimentacion,2026-01-29,natural
12,AR,ARS,283013,59,Media,colegio newman deb aut,44694,educacion,2026-01-29,cartola
12,AR,ARS,283013,59,Media,suscripcion a spotify argentina,3921,streaming,2026-01-27,natural
12,AR,ARS,283013,59,Media,axion energy suc,66328,transporte,2026-01-14,cartola
12,AR,ARS,283013,59,Media,deb aut gas nea pos,37423,servicios,2026-01-02,cartola
12,AR,ARS,283013,59,Media,pago edet tucuman,95216,servicios,2026-01-16,natural
12,AR,ARS,283013,59,Media,el cuartito compra,19059,alimentacion,2026-01-21,cartola
12,AR,ARS,283013,59,Media,galeno cobertura deb,22392,salud,2026-01-13,cartola
12,AR,ARS,283013,59,Media,mercadopago*laquerencia,12690,alimentacion,2026-01-18,cartola
12,AR,ARS,283013,59,Media,pago en osecac,44734,salud,2026-01-05,natural
12,AR,ARS,283013,59,Media,viaje en uber argentina,9243,transporte,2026-01-11,natural
12,AR,ARS,283013,59,Media,mp*spotify argentina,3566,streaming,2026-01-08,cartola
12,AR,ARS,283013,59,Media,teatro gran rex entradas,39820,ocio,2026-01-15,cartola
12,AR,ARS,283013,59,Media,pago edenor,50036,servicios,2026-01-21,natural
12,AR,ARS,283013,59,Media,pago ferreteria el progreso,27224,vivienda,2026-01-04,natural
12,AR,ARS,283013,59,Media,maxiconsumo s.a.,92110,alimentacion,2026-01-24,cartola
12,AR,ARS,283013,59,Media,pago en swiss medical,53095,salud,2026-01-04,natural
12,AR,ARS,283013,59,Media,disco suc,16830,alimentacion,2026-01-09,cartola
12,AR,ARS,283013,59,Media,maderas ramos s.a.,30965,vivienda,2026-01-18,cartola
12,AR,ARS,283013,59,Media,suscripcion a teatro gran rex,66733,ocio,2026-01-19,natural
12,AR,ARS,283013,59,Media,makro pos suc,62058,alimentacion,2026-01-17,cartola
12,AR,ARS,283013,59,Media,deb aut epec cordoba,32290,servicios,2026-01-24,cartola
12,AR,ARS,283013,59,Media,zonaprop compra factura,46131,vivienda,2026-01-03,cartola
12,AR,ARS,283013,59,Media,pago giro cajero banelco,38831,otros,2026-01-11,natural
12,AR,ARS,283013,59,Media,pago movistar hogar argentina,52169,servicios,2026-01-18,natural
12,AR,ARS,283013,59,Media,trenes argentinos pos,1851,transporte,2026-01-17,cartola
12,AR,ARS,283013,59,Media,pago aysa,41416,servicios,2026-01-03,natural
12,AR,ARS,283013,59,Media,disco suc,40128,alimentacion,2026-01-17,cartola
12,AR,ARS,283013,59,Media,peaje debenedetti pos,5326,transporte,2026-01-17,cartola
12,AR,ARS,283013,59,Media,pago en bonafide,14116,alimentacion,2026-01-17,natural
12,AR,ARS,283013,59,Media,banchero pizzeria suc,17202,alimentacion,2026-01-04,cartola
12,AR,ARS,283013,59,Media,viaje en autopistas del sol ausol,7919,transporte,2026-01-20,natural
12,AR,ARS,283013,59,Media,pago gas nea,35839,servicios,2026-01-18,natural
12,AR,ARS,283013,59,Media,pago telecom fibertel,72580,servicios,2026-01-26,natural
12,AR,ARS,283013,59,Media,argenprop deb aut,53077,vivienda,2026-01-23,cartola
12,AR,ARS,283013,59,Media,megatone compra internet,66664,otros,2026-01-05,cartola
12,AR,ARS,283013,59,Media,pagomiscuentas aysa deb,6892,servicios,2026-01-28,cartola
12,AR,ARS,283013,59,Media,suscripcion a spotify argentina,6219,streaming,2026-01-21,natural
12,AR,ARS,283013,59,Media,entrada a teatro colon,15747,ocio,2026-01-12,natural
12,AR,ARS,283013,59,Media,deb aut epen neuquen,86600,servicios,2026-01-29,cartola
12,AR,ARS,283013,59,Media,la continental pizza,25543,alimentacion,2026-01-03,cartola
12,AR,ARS,283013,59,Media,suscripcion a disney plus argentina,11797,streaming,2026-01-14,natural
12,AR,ARS,283013,59,Media,didi* trip argentina,15571,transporte,2026-01-29,cartola
12,AR,ARS,283013,59,Media,emova subte caba,7592,transporte,2026-01-26,cartola
12,AR,ARS,283013,59,Media,comision galicia deb,5451,otros,2026-01-27,cartola
12,AR,ARS,283013,59,Media,compra en optica lutz ferrando,55645,salud,2026-01-13,natural
12,AR,ARS,283013,59,Media,movistar arena tickets,87194,ocio,2026-01-16,cartola
12,AR,ARS,283013,59,Media,pago aguas cordobesas,23595,servicios,2026-01-04,natural
12,AR,ARS,283013,59,Media,provincia net recauda,83460,servicios,2026-01-22,cartola
12,AR,ARS,283013,59,Media,dr ahorro argentina,36642,salud,2026-01-16,cartola
12,AR,ARS,283013,59,Media,suscripcion a la trastienda,30325,ocio,2026-01-11,natural
12,AR,ARS,283013,59,Media,blaisten s.a. suc,77601,vivienda,2026-01-06,cartola
12,AR,ARS,283013,59,Media,mp*spotify argentina,9393,streaming,2026-01-15,cartola
12,AR,ARS,283013,59,Media,op.shell compra,87219,transporte,2026-01-03,cartola
12,AR,ARS,283013,59,Media,ligier compra pos,70694,vivienda,2026-01-16,cartola
12,AR,ARS,283013,59,Media,parque de la costa comp,28605,ocio,2026-01-20,cartola
12,AR,ARS,283013,59,Media,mercadopago*almacen,2533,alimentacion,2026-01-23,cartola
12,AR,ARS,283013,59,Media,consorcioabierto expensas,81505,vivienda,2026-01-15,cartola
12,AR,ARS,283013,59,Media,pago claro hogar argentina,30574,servicios,2026-01-26,natural
12,AR,ARS,283013,59,Media,teatro opera entradas,46743,ocio,2026-01-29,cartola
12,AR,ARS,283013,59,Media,deb aut personal flow,39259,servicios,2026-01-21,cartola
12,AR,ARS,283013,59,Media,peaje larena ausol,2871,transporte,2026-01-02,cartola
12,AR,ARS,283013,59,Media,vital s.a. pos,40871,alimentacion,2026-01-17,cartola
12,AR,ARS,283013,59,Media,pago alquileres argentina,96936,vivienda,2026-01-11,natural
12,AR,ARS,283013,59,Media,entrada a teatro opera,59281,ocio,2026-01-27,natural
12,AR,ARS,283013,59,Media,recarga sube acc,2106,transporte,2026-01-05,cartola
12,AR,ARS,283013,59,Media,pago edersa rio negro,38670,servicios,2026-01-17,natural
12,AR,ARS,283013,59,Media,la trastienda compra pos,41690,ocio,2026-01-22,cartola
12,AR,ARS,283013,59,Media,deb aut camuzzi pampeana,35023,servicios,2026-01-26,cartola
12,AR,ARS,283013,59,Media,pinturas alba compra suc,67296,vivienda,2026-01-07,cartola
12,AR,ARS,283013,59,Media,pago epen neuquen,70361,servicios,2026-01-02,natural
12,AR,ARS,283013,59,Media,deb aut gas nea pos,39801,servicios,2026-01-20,cartola
12,AR,ARS,283013,59,Media,giro rapipago recauda,9674,servicios,2026-01-05,cartola
12,AR,ARS,283013,59,Media,entrada a boliche input,38297,ocio,2026-01-25,natural
12,AR,ARS,283013,59,Media,colegio san andres deb,40942,educacion,2026-01-14,cartola
13,AR,ARS,172842,24,Baja,pago consorcio caballito,51744,vivienda,2026-01-09,natural
13,AR,ARS,172842,24,Baja,mp*disney plus arg,4155,streaming,2026-01-12,cartola
13,AR,ARS,172842,24,Baja,yenny/ateneo suc compra,50487,educacion,2026-01-17,cartola
13,AR,ARS,172842,24,Baja,tea connection pos,28725,alimentacion,2026-01-15,cartola
13,AR,ARS,172842,24,Baja,papa johns pizza,29796,alimentacion,2026-01-13,cartola
13,AR,ARS,172842,24,Baja,pago en hospital aleman,48599,salud,2026-01-21,natural
13,AR,ARS,172842,24,Baja,deb aut edersa pos,57054,servicios,2026-01-11,cartola
13,AR,ARS,172842,24,Baja,suscripcion a spotify argentina,5914,streaming,2026-01-27,natural
13,AR,ARS,172842,24,Baja,consorcioabierto expensas,50376,vivienda,2026-01-24,cartola
13,AR,ARS,172842,24,Baja,mp*disney plus arg,7955,streaming,2026-01-08,cartola
13,AR,ARS,172842,24,Baja,pago en rappi,11612,alimentacion,2026-01-11,natural
13,AR,ARS,172842,24,Baja,viaje en peaje hudson,1885,transporte,2026-01-10,natural
13,AR,ARS,172842,24,Baja,compra en farmacias vantage,16450,salud,2026-01-27,natural
13,AR,ARS,172842,24,Baja,compra en el noble,8734,alimentacion,2026-01-19,natural
13,AR,ARS,172842,24,Baja,carga bencina en telepase autopistas,13651,transporte,2026-01-26,natural
13,AR,ARS,172842,24,Baja,pago movistar hogar argentina,21907,servicios,2026-01-24,natural
13,AR,ARS,172842,24,Baja,compra en almacen de pizzas,37458,alimentacion,2026-01-05,natural
13,AR,ARS,172842,24,Baja,pago aguas bonaerenses,11676,servicios,2026-01-18,natural
13,AR,ARS,172842,24,Baja,pago en le pain quotidien,15737,alimentacion,2026-01-07,natural
13,AR,ARS,172842,24,Baja,suscripcion a disney plus argentina,7616,streaming,2026-01-25,natural
13,AR,ARS,172842,24,Baja,pagomiscuentas aysa deb,47407,servicios,2026-01-28,cartola
13,AR,ARS,172842,24,Baja,antares compra pos,20731,alimentacion,2026-01-15,cartola
13,AR,ARS,172842,24,Baja,pago edenor,28077,servicios,2026-01-12,natural
13,AR,ARS,172842,24,Baja,cabify compra,5792,transporte,2026-01-24,cartola
13,AR,ARS,172842,24,Baja,pago provincia net,44251,servicios,2026-01-26,natural
13,AR,ARS,172842,24,Baja,giro pago facil recauda,54590,servicios,2026-01-27,cartola
13,AR,ARS,172842,24,Baja,pago en osecac,41824,salud,2026-01-02,natural
13,AR,ARS,172842,24,Baja,compra en laboratorio stamboulian,10651,salud,2026-01-04,natural
13,AR,ARS,172842,24,Baja,emova subte caba,3692,transporte,2026-01-14,cartola
13,AR,ARS,172842,24,Baja,deb aut edesal s.a.,54039,servicios,2026-01-20,cartola
13,AR,ARS,172842,24,Baja,pago en le pain quotidien,54751,alimentacion,2026-01-15,natural
13,AR,ARS,172842,24,Baja,pago en clinica mater dei,56481,salud,2026-01-25,natural
13,AR,ARS,172842,24,Baja,suscripcion a spotify argentina,2564,streaming,2026-01-24,natural
13,AR,ARS,172842,24,Baja,pago en sanatorio finochietto,46721,salud,2026-01-24,natural
13,AR,ARS,172842,24,Baja,carga bencina en peaje illia,4201,transporte,2026-01-11,natural
13,AR,ARS,172842,24,Baja,mercadopago*doncarlos,13460,alimentacion,2026-01-25,cartola
13,AR,ARS,172842,24,Baja,suscripcion a netflix argentina,13527,streaming,2026-01-08,natural
13,AR,ARS,172842,24,Baja,compra en fiambreria el galpon,14231,alimentacion,2026-01-02,natural
13,AR,ARS,172842,24,Baja,compra en heisenburger,23692,alimentacion,2026-01-28,natural
13,AR,ARS,172842,24,Baja,pago epen neuquen,39705,servicios,2026-01-25,natural
13,AR,ARS,172842,24,Baja,pago en grido helados,12511,alimentacion,2026-01-05,natural
13,AR,ARS,172842,24,Baja,la continental pizza,15175,alimentacion,2026-01-20,cartola
13,AR,ARS,172842,24,Baja,suscripcion a spotify argentina,5276,streaming,2026-01-13,natural
13,AR,ARS,172842,24,Baja,carga bencina en peaje larena,7856,transporte,2026-01-24,natural
13,AR,ARS,172842,24,Baja,centro rossi compra pos,28228,salud,2026-01-18,cartola
13,AR,ARS,172842,24,Baja,scholastica compra pos,34773,educacion,2026-01-24,cartola
13,AR,ARS,172842,24,Baja,medife asociados deb,7098,salud,2026-01-15,cartola
13,AR,ARS,172842,24,Baja,deb aut aguas cordobesas,20076,servicios,2026-01-13,cartola
13,AR,ARS,172842,24,Baja,entrada a luna park,53550,ocio,2026-01-29,natural
13,AR,ARS,172842,24,Baja,nueva chevallier s.a.,53711,transporte,2026-01-16,cartola
13,AR,ARS,172842,24,Baja,suscripcion a spotify argentina,8494,streaming,2026-01-06,natural
13,AR,ARS,172842,24,Baja,pinturas alba compra suc,58605,vivienda,2026-01-24,cartola
13,AR,ARS,172842,24,Baja,pago ligier pinturerias,22737,vivienda,2026-01-17,natural
13,AR,ARS,172842,24,Baja,mayorista yaguar suc,58318,alimentacion,2026-01-05,cartola
13,AR,ARS,172842,24,Baja,deb aut sportclub pos,32230,ocio,2026-01-20,cartola
13,AR,ARS,172842,24,Baja,plusmar compra pos,20046,transporte,2026-01-11,cartola
13,AR,ARS,172842,24,Baja,prepago*uala cargo,20266,otros,2026-01-27,cartola
13,AR,ARS,172842,24,Baja,heisenburger pos,25320,alimentacion,2026-01-11,cartola
13,AR,ARS,172842,24,Baja,pago personal flow,26998,servicios,2026-01-02,natural
13,AR,ARS,172842,24,Baja,pago en bonafide,3606,alimentacion,2026-01-17,natural
13,AR,ARS,172842,24,Baja,inscripcion en colegio champagnat,31374,educacion,2026-01-17,natural
13,AR,ARS,172842,24,Baja,pago aguas bonaerenses,13703,servicios,2026-01-26,natural
13,AR,ARS,172842,24,Baja,pago en hospital italiano,44881,salud,2026-01-04,natural
13,AR,ARS,172842,24,Baja,deb aut edesal s.a.,52867,servicios,2026-01-09,cartola
13,AR,ARS,172842,24,Baja,pagomiscuentas debito,37454,servicios,2026-01-23,cartola
13,AR,ARS,172842,24,Baja,pago epen neuquen,30178,servicios,2026-01-24,natural
13,AR,ARS,172842,24,Baja,le pain quotidien suc,54360,alimentacion,2026-01-22,cartola
13,AR,ARS,172842,24,Baja,mercadopago*elgalpon,6790,alimentacion,2026-01-21,cartola
13,AR,ARS,172842,24,Baja,pago sodimac,49371,vivienda,2026-01-18,natural
13,AR,ARS,172842,24,Baja,pago naturgy,51139,servicios,2026-01-02,natural
13,AR,ARS,172842,24,Baja,viaje en uber argentina,11037,transporte,2026-01-04,natural
13,AR,ARS,172842,24,Baja,deb aut aguas bonaerenses,25999,servicios,2026-01-03,cartola
13,AR,ARS,172842,24,Baja,easy compra internet,32279,vivienda,2026-01-15,cartola
13,AR,ARS,172842,24,Baja,panaderia san jose pos,6699,alimentacion,2026-01-04,cartola
13,AR,ARS,172842,24,Baja,dia% express suc,39506,alimentacion,2026-01-06,cartola
13,AR,ARS,172842,24,Baja,mi barrio compra,8436,alimentacion,2026-01-15,cartola
13,AR,ARS,172842,24,Baja,suscripcion a showcase cinemas,25635,ocio,2026-01-02,natural
13,AR,ARS,172842,24,Baja,mp*spotify argentina,5694,streaming,2026-01-06,cartola
13,AR,ARS,172842,24,Baja,omint debito directo,18631,salud,2026-01-28,cartola
13,AR,ARS,172842,24,Baja,edesur pago directo,23274,servicios,2026-01-21,cartola
13,AR,ARS,172842,24,Baja,inscripcion en editorial santillana argentina,43333,educacion,2026-01-05,natural
13,AR,ARS,172842,24,Baja,carga bencina en autopistas del oeste,17231,transporte,2026-01-17,natural
13,AR,ARS,172842,24,Baja,compra en le pain quotidien,23318,alimentacion,2026-01-10,natural
13,AR,ARS,172842,24,Baja,colegio champagnat deb,8380,educacion,2026-01-19,cartola
13,AR,ARS,172842,24,Baja,entrada a amazon prime argentina,5495,ocio,2026-01-04,natural
13,AR,ARS,172842,24,Baja,pago litoral gas,21333,servicios,2026-01-13,natural
13,AR,ARS,172842,24,Baja,consorcioabierto expensas,55625,vivienda,2026-01-15,cartola
13,AR,ARS,172842,24,Baja,bbva comision paquete deb,2869,otros,2026-01-16,cartola
13,AR,ARS,172842,24,Baja,pago mercado pago,43798,otros,2026-01-03,natural
13,AR,ARS,172842,24,Baja,pago aguas cordobesas,23911,servicios,2026-01-13,natural
13,AR,ARS,172842,24,Baja,pago personal flow,53348,servicios,2026-01-03,natural
13,AR,ARS,172842,24,Baja,mercadopago*doncarlos,20951,alimentacion,2026-01-04,cartola
13,AR,ARS,172842,24,Baja,farmacias azul suc,58427,salud,2026-01-19,cartola
13,AR,ARS,172842,24,Baja,pago allianz seguros,35818,otros,2026-01-23,natural
13,AR,ARS,172842,24,Baja,pago edet tucuman,32128,servicios,2026-01-10,natural
13,AR,ARS,172842,24,Baja,autop. del oeste compra,13194,transporte,2026-01-21,cartola
13,AR,ARS,172842,24,Baja,corredores viales compra,24670,transporte,2026-01-02,cartola
13,AR,ARS,172842,24,Baja,entrada a cinemark hoyts,6313,ocio,2026-01-19,natural
13,AR,ARS,172842,24,Baja,pago edersa rio negro,46045,servicios,2026-01-27,natural
13,AR,ARS,172842,24,Baja,pago edet tucuman,20080,servicios,2026-01-23,natural
13,AR,ARS,172842,24,Baja,pago en la birra bar,31166,alimentacion,2026-01-14,natural
13,AR,ARS,172842,24,Baja,compra en mi barrio hamburgueseria,32103,alimentacion,2026-01-05,natural
13,AR,ARS,172842,24,Baja,octavo piso expensas,54135,vivienda,2026-01-25,cartola
13,AR,ARS,172842,24,Baja,pago en wendy's,27800,alimentacion,2026-01-08,natural
13,AR,ARS,172842,24,Baja,compra en tea connection,25869,alimentacion,2026-01-09,natural
13,AR,ARS,172842,24,Baja,deb aut la caja seguros,22411,otros,2026-01-24,cartola
13,AR,ARS,172842,24,Baja,mp*netflix argentina,5116,streaming,2026-01-28,cartola
13,AR,ARS,172842,24,Baja,entrada a max hbo argentina,8544,ocio,2026-01-07,natural
13,AR,ARS,172842,24,Baja,pago colegio northlands,38802,educacion,2026-01-04,natural
13,AR,ARS,172842,24,Baja,colegio san andres deb,5991,educacion,2026-01-20,cartola
13,AR,ARS,172842,24,Baja,pago litoral gas,55769,servicios,2026-01-29,natural
13,AR,ARS,172842,24,Baja,entrada a boliche input,54416,ocio,2026-01-23,natural
13,AR,ARS,172842,24,Baja,pago libreria cp67,6128,educacion,2026-01-29,natural
13,AR,ARS,172842,24,Baja,pago pago facil,58334,servicios,2026-01-05,natural
13,AR,ARS,172842,24,Baja,mp*spotify argentina,6559,streaming,2026-01-26,cartola
13,AR,ARS,172842,24,Baja,banchero pizzeria suc,22215,alimentacion,2026-01-15,cartola
13,AR,ARS,172842,24,Baja,mercadopago*ferrind,10338,vivienda,2026-01-12,cartola
13,AR,ARS,172842,24,Baja,compra en rotiseria la querencia,6662,alimentacion,2026-01-24,natural
13,AR,ARS,172842,24,Baja,central oeste compra,22382,salud,2026-01-12,cartola
13,AR,ARS,172842,24,Baja,peaje pacheco ausol,7122,transporte,2026-01-17,cartola
13,AR,ARS,172842,24,Baja,pago en farmacity,43832,salud,2026-01-28,natural
13,AR,ARS,172842,24,Baja,puma energy suc,43036,transporte,2026-01-12,cartola
13,AR,ARS,172842,24,Baja,pago pagomiscuentas,36057,servicios,2026-01-26,natural
13,AR,ARS,172842,24,Baja,pago libreria cp67,12269,educacion,2026-01-04,natural
13,AR,ARS,172842,24,Baja,coppel tiendas compra,39732,otros,2026-01-29,cartola
14,AR,ARS,188236,18,Baja,suscripcion a netflix argentina,6015,streaming,2026-01-03,natural
14,AR,ARS,188236,18,Baja,peaje pacheco ausol,5537,transporte,2026-01-23,cartola
14,AR,ARS,188236,18,Baja,pago en disco,29327,alimentacion,2026-01-05,natural
14,AR,ARS,188236,18,Baja,suscripcion a sportclub,40277,ocio,2026-01-16,natural
14,AR,ARS,188236,18,Baja,compra en optica lutz ferrando,43056,salud,2026-01-12,natural
14,AR,ARS,188236,18,Baja,niceto club entradas,9702,ocio,2026-01-12,cartola
14,AR,ARS,188236,18,Baja,deb aut univ palermo,8611,educacion,2026-01-24,cartola
14,AR,ARS,188236,18,Baja,heisenburger pos,33550,alimentacion,2026-01-20,cartola
14,AR,ARS,188236,18,Baja,mercadopago*almacen,10397,alimentacion,2026-01-17,cartola
14,AR,ARS,188236,18,Baja,mp*spotify argentina,4023,streaming,2026-01-27,cartola
14,AR,ARS,188236,18,Baja,pago en maxiconsumo,45212,alimentacion,2026-01-11,natural
14,AR,ARS,188236,18,Baja,sbs libreria compra,57822,educacion,2026-01-17,cartola
14,AR,ARS,188236,18,Baja,autop. del oeste compra,11537,transporte,2026-01-02,cartola
14,AR,ARS,188236,18,Baja,zonaprop compra factura,15756,vivienda,2026-01-28,cartola
14,AR,ARS,188236,18,Baja,edesur pago directo,37660,servicios,2026-01-08,cartola
14,AR,ARS,188236,18,Baja,playstation psn ar comp,56463,ocio,2026-01-08,cartola
14,AR,ARS,188236,18,Baja,entrada a boliche input,55340,ocio,2026-01-29,natural
14,AR,ARS,188236,18,Baja,cuspide suc compra,47376,educacion,2026-01-12,cartola
14,AR,ARS,188236,18,Baja,pago en el club de la milanesa,63720,alimentacion,2026-01-09,natural
14,AR,ARS,188236,18,Baja,pago edet tucuman,29616,servicios,2026-01-21,natural
14,AR,ARS,188236,18,Baja,viaje en chevallier,60141,transporte,2026-01-27,natural
14,AR,ARS,188236,18,Baja,mp*netflix argentina,11558,streaming,2026-01-02,cartola
14,AR,ARS,188236,18,Baja,central oeste compra,29454,salud,2026-01-05,cartola
14,AR,ARS,188236,18,Baja,pago en almacen de pizzas,20240,alimentacion,2026-01-03,natural
14,AR,ARS,188236,18,Baja,bapro mantenimiento cta,4241,otros,2026-01-09,cartola
14,AR,ARS,188236,18,Baja,deb aut epen neuquen,23421,servicios,2026-01-19,cartola
14,AR,ARS,188236,18,Baja,uber* trip argentina,3704,transporte,2026-01-10,cartola
14,AR,ARS,188236,18,Baja,deb aut edenor s.a.,56397,servicios,2026-01-22,cartola
14,AR,ARS,188236,18,Baja,pago naturgy,30176,servicios,2026-01-16,natural
14,AR,ARS,188236,18,Baja,viaje en peaje illia,2525,transporte,2026-01-24,natural
14,AR,ARS,188236,18,Baja,compra en diarco,38571,alimentacion,2026-01-19,natural
14,AR,ARS,188236,18,Baja,compra en sancor salud,22719,salud,2026-01-03,natural
14,AR,ARS,188236,18,Baja,pago gas nea,20392,servicios,2026-01-27,natural
14,AR,ARS,188236,18,Baja,pago en kfc,6745,alimentacion,2026-01-29,natural
14,AR,ARS,188236,18,Baja,compra en almacen de barrio,21139,alimentacion,2026-01-25,natural
14,AR,ARS,188236,18,Baja,pedidosya compra,9251,alimentacion,2026-01-14,cartola
14,AR,ARS,188236,18,Baja,pago edet tucuman,64226,servicios,2026-01-18,natural
14,AR,ARS,188236,18,Baja,mercadopago*ferrind,56693,vivienda,2026-01-24,cartola
14,AR,ARS,188236,18,Baja,pinturas alba compra suc,43048,vivienda,2026-01-14,cartola
14,AR,ARS,188236,18,Baja,suscripcion a ticketek,53271,ocio,2026-01-09,natural
14,AR,ARS,188236,18,Baja,deb aut epec cordoba,30360,servicios,2026-01-11,cartola
14,AR,ARS,188236,18,Baja,avalian medicina prepaga,39327,salud,2026-01-28,cartola
14,AR,ARS,188236,18,Baja,sanatorio guemes intern,25554,salud,2026-01-04,cartola
14,AR,ARS,188236,18,Baja,plusmar compra pos,33040,transporte,2026-01-03,cartola
14,AR,ARS,188236,18,Baja,expensas online transfer,42044,vivienda,2026-01-16,cartola
14,AR,ARS,188236,18,Baja,sancor salud deb aut,34488,salud,2026-01-14,cartola
14,AR,ARS,188236,18,Baja,almacen de pizzas suc,22821,alimentacion,2026-01-04,cartola
14,AR,ARS,188236,18,Baja,compra en farmacias central oeste,25301,salud,2026-01-27,natural
14,AR,ARS,188236,18,Baja,didi* trip argentina,5724,transporte,2026-01-13,cartola
14,AR,ARS,188236,18,Baja,mcdonalds ar pos,27873,alimentacion,2026-01-12,cartola
14,AR,ARS,188236,18,Baja,carga bencina en peaje parque avellaneda,7599,transporte,2026-01-24,natural
14,AR,ARS,188236,18,Baja,entrada a amazon prime argentina,8866,ocio,2026-01-02,natural
14,AR,ARS,188236,18,Baja,pago claro hogar argentina,32716,servicios,2026-01-14,natural
14,AR,ARS,188236,18,Baja,deb aut edet tucuman,15779,servicios,2026-01-18,cartola
14,AR,ARS,188236,18,Baja,comision galicia deb,14525,otros,2026-01-25,cartola
14,AR,ARS,188236,18,Baja,suscripcion a spotify argentina,4414,streaming,2026-01-25,natural
14,AR,ARS,188236,18,Baja,pagomiscuentas debito,53898,servicios,2026-01-29,cartola
14,AR,ARS,188236,18,Baja,mi barrio compra,28370,alimentacion,2026-01-16,cartola
14,AR,ARS,188236,18,Baja,sanatorio guemes intern,21972,salud,2026-01-20,cartola
14,AR,ARS,188236,18,Baja,deb aut claro hogar,10634,servicios,2026-01-23,cartola
14,AR,ARS,188236,18,Baja,pagomiscuentas debito,16777,servicios,2026-01-23,cartola
14,AR,ARS,188236,18,Baja,deb aut edersa pos,49232,servicios,2026-01-20,cartola
14,AR,ARS,188236,18,Baja,compra en heisenburger,7055,alimentacion,2026-01-12,natural
14,AR,ARS,188236,18,Baja,inscripcion en colegio marin,41717,educacion,2026-01-14,natural
14,AR,ARS,188236,18,Baja,carga bencina en emova subte,2043,transporte,2026-01-17,natural
14,AR,ARS,188236,18,Baja,pago en rotiseria la querencia,34591,alimentacion,2026-01-04,natural
14,AR,ARS,188236,18,Baja,las cuartetas compra,44735,alimentacion,2026-01-28,cartola
14,AR,ARS,188236,18,Baja,mp*spotify argentina,2719,streaming,2026-01-04,cartola
14,AR,ARS,188236,18,Baja,giro rapipago recauda,21600,servicios,2026-01-11,cartola
14,AR,ARS,188236,18,Baja,multiplex cines compra,19898,ocio,2026-01-18,cartola
14,AR,ARS,188236,18,Baja,pago en cafe martinez,17085,alimentacion,2026-01-07,natural
14,AR,ARS,188236,18,Baja,solo deportes compra pos,50156,otros,2026-01-25,cartola
14,AR,ARS,188236,18,Baja,pago en burger king,10257,alimentacion,2026-01-15,natural
14,AR,ARS,188236,18,Baja,deb aut edesal s.a.,43115,servicios,2026-01-20,cartola
14,AR,ARS,188236,18,Baja,pago gas nea,21302,servicios,2026-01-10,natural
14,AR,ARS,188236,18,Baja,recarga sube acc,4651,transporte,2026-01-14,cartola
14,AR,ARS,188236,18,Baja,passline tickets suc,46462,ocio,2026-01-20,cartola
14,AR,ARS,188236,18,Baja,pago epec,45323,servicios,2026-01-11,natural
14,AR,ARS,188236,18,Baja,entrada a megatlon,50726,ocio,2026-01-14,natural
14,AR,ARS,188236,18,Baja,ticketek entradas suc,26477,ocio,2026-01-07,cartola
14,AR,ARS,188236,18,Baja,deb aut epen neuquen,40316,servicios,2026-01-23,cartola
14,AR,ARS,188236,18,Baja,mercadopago*laquerencia,11260,alimentacion,2026-01-03,cartola
14,AR,ARS,188236,18,Baja,peaje sarandi compra,2793,transporte,2026-01-22,cartola
14,AR,ARS,188236,18,Baja,pago blaisten,60747,vivienda,2026-01-17,natural
14,AR,ARS,188236,18,Baja,stamboulian labs,46229,salud,2026-01-13,cartola
14,AR,ARS,188236,18,Baja,pago en supermercados dia,37056,alimentacion,2026-01-15,natural
14,AR,ARS,188236,18,Baja,pago pinturerias rex,28590,vivienda,2026-01-02,natural
14,AR,ARS,188236,18,Baja,el cuartito compra,38271,alimentacion,2026-01-25,cartola
14,AR,ARS,188236,18,Baja,smg medicina prepaga deb,27878,salud,2026-01-10,cartola
14,AR,ARS,188236,18,Baja,pago en maxiconsumo,45718,alimentacion,2026-01-17,natural
14,AR,ARS,188236,18,Baja,pago blaisten,50941,vivienda,2026-01-06,natural
14,AR,ARS,188236,18,Baja,rex pinturerias compra,25575,vivienda,2026-01-02,cartola
14,AR,ARS,188236,18,Baja,steam games compra int,23277,ocio,2026-01-25,cartola
14,AR,ARS,188236,18,Baja,pago en farmacias central oeste,50000,salud,2026-01-06,natural
14,AR,ARS,188236,18,Baja,compra en farmacias vantage,19199,salud,2026-01-16,natural
14,AR,ARS,188236,18,Baja,suscripcion a disney plus argentina,10647,streaming,2026-01-14,natural
14,AR,ARS,188236,18,Baja,suscripcion a spotify argentina,2929,streaming,2026-01-26,natural
14,AR,ARS,188236,18,Baja,smg medicina prepaga deb,18246,salud,2026-01-09,cartola
14,AR,ARS,188236,18,Baja,coto suc,39635,alimentacion,2026-01-02,cartola
14,AR,ARS,188236,18,Baja,carga bencina en uber argentina,25280,transporte,2026-01-05,natural
14,AR,ARS,188236,18,Baja,pago edesal san luis,23002,servicios,2026-01-15,natural
14,AR,ARS,188236,18,Baja,pago ferreteria industrial,31147,vivienda,2026-01-21,natural
14,AR,ARS,188236,18,Baja,carga bencina en peaje hudson,4736,transporte,2026-01-09,natural
14,AR,ARS,188236,18,Baja,peaje hudson aubasa,6798,transporte,2026-01-14,cartola
14,AR,ARS,188236,18,Baja,cinemark hoyts compra,18752,ocio,2026-01-09,cartola
14,AR,ARS,188236,18,Baja,pago en la birra bar,24748,alimentacion,2026-01-03,natural
14,AR,ARS,188236,18,Baja,burger king pos,19470,alimentacion,2026-01-21,cartola
14,AR,ARS,188236,18,Baja,pago argenprop,56696,vivienda,2026-01-10,natural
14,AR,ARS,188236,18,Baja,pago impuestos afip,56344,otros,2026-01-12,natural
14,AR,ARS,188236,18,Baja,pago en dean & dennys,34965,alimentacion,2026-01-04,natural
14,AR,ARS,188236,18,Baja,peaje dock sud acc,5177,transporte,2026-01-22,cartola
14,AR,ARS,188236,18,Baja,suscripcion a disney plus argentina,8812,streaming,2026-01-09,natural
14,AR,ARS,188236,18,Baja,dean & dennys suc,35385,alimentacion,2026-01-09,cartola
14,AR,ARS,188236,18,Baja,mp*netflix argentina,6300,streaming,2026-01-13,cartola
14,AR,ARS,188236,18,Baja,octavo piso expensas,34939,vivienda,2026-01-22,cartola
14,AR,ARS,188236,18,Baja,pago en banchero,46695,alimentacion,2026-01-25,natural
14,AR,ARS,188236,18,Baja,pagomiscuentas aysa deb,23227,servicios,2026-01-27,cartola
14,AR,ARS,188236,18,Baja,pago litoral gas,59890,servicios,2026-01-26,natural
14,AR,ARS,188236,18,Baja,antares compra pos,29210,alimentacion,2026-01-08,cartola
14,AR,ARS,188236,18,Baja,pago ferreteria el progreso,17578,vivienda,2026-01-18,natural
14,AR,ARS,188236,18,Baja,flecha bus compra pos,56273,transporte,2026-01-29,cartola
14,AR,ARS,188236,18,Baja,pago octavo piso saas,28414,vivienda,2026-01-08,natural
14,AR,ARS,188236,18,Baja,compra en makro,64419,alimentacion,2026-01-09,natural
14,AR,ARS,188236,18,Baja,consorcio palermo exp,58756,vivienda,2026-01-07,cartola
14,AR,ARS,188236,18,Baja,mp*netflix argentina,11947,streaming,2026-01-09,cartola
15,AR,ARS,199595,17,Media,carga bencina en peaje samborombon,5172,transporte,2026-01-10,natural
15,AR,ARS,199595,17,Media,pago aguas cordobesas,11243,servicios,2026-01-14,natural
15,AR,ARS,199595,17,Media,hospital britanico compra,63926,salud,2026-01-21,cartola
15,AR,ARS,199595,17,Media,mp*netflix argentina,12897,streaming,2026-01-14,cartola
15,AR,ARS,199595,17,Media,pago en farmacias central oeste,55732,salud,2026-01-21,natural
15,AR,ARS,199595,17,Media,mercadopago*elpuente,26310,vivienda,2026-01-14,cartola
15,AR,ARS,199595,17,Media,edificio belgrano expensas,48561,vivienda,2026-01-21,cartola
15,AR,ARS,199595,17,Media,pago ferreteria industrial,18955,vivienda,2026-01-06,natural
15,AR,ARS,199595,17,Media,pago edenor,12841,servicios,2026-01-17,natural
15,AR,ARS,199595,17,Media,pago en medife,27858,salud,2026-01-14,natural
15,AR,ARS,199595,17,Media,administracion san martin,63555,vivienda,2026-01-03,cartola
15,AR,ARS,199595,17,Media,pago megatone,40219,otros,2026-01-08,natural
15,AR,ARS,199595,17,Media,pago movistar hogar argentina,62545,servicios,2026-01-18,natural
15,AR,ARS,199595,17,Media,mp*disney plus arg,9640,streaming,2026-01-03,cartola
15,AR,ARS,199595,17,Media,deb aut sportclub pos,41173,ocio,2026-01-03,cartola
15,AR,ARS,199595,17,Media,pago provincia net,6703,servicios,2026-01-10,natural
15,AR,ARS,199595,17,Media,niceto club entradas,17657,ocio,2026-01-21,cartola
15,AR,ARS,199595,17,Media,colegio northlands deb,12574,educacion,2026-01-26,cartola
15,AR,ARS,199595,17,Media,la mezzetta compra,32188,alimentacion,2026-01-20,cartola
15,AR,ARS,199595,17,Media,pago fravega,53982,otros,2026-01-07,natural
15,AR,ARS,199595,17,Media,deb aut movistar hogar,57340,servicios,2026-01-19,cartola
15,AR,ARS,199595,17,Media,luna park entradas,53409,ocio,2026-01-15,cartola
15,AR,ARS,199595,17,Media,deb aut epen neuquen,68978,servicios,2026-01-22,cartola
15,AR,ARS,199595,17,Media,scholastica compra pos,14352,educacion,2026-01-08,cartola
15,AR,ARS,199595,17,Media,giro rapipago recauda,43383,servicios,2026-01-07,cartola
15,AR,ARS,199595,17,Media,deb aut edenor s.a.,18348,servicios,2026-01-24,cartola
15,AR,ARS,199595,17,Media,medife asociados deb,44889,salud,2026-01-15,cartola
15,AR,ARS,199595,17,Media,compra en grido helados,10107,alimentacion,2026-01-17,natural
15,AR,ARS,199595,17,Media,compra en vital mayorista,54767,alimentacion,2026-01-07,natural
15,AR,ARS,199595,17,Media,carga bencina en peaje parque avellaneda,3496,transporte,2026-01-10,natural
15,AR,ARS,199595,17,Media,pago mercantil andina seguros,43883,otros,2026-01-29,natural
15,AR,ARS,199595,17,Media,multiplex cines compra,14605,ocio,2026-01-05,cartola
15,AR,ARS,199595,17,Media,viaje en autopistas del oeste,2972,transporte,2026-01-17,natural
15,AR,ARS,199595,17,Media,mp*max hbo argentina,4155,ocio,2026-01-26,cartola
15,AR,ARS,199595,17,Media,coppel tiendas compra,21346,otros,2026-01-27,cartola
15,AR,ARS,199595,17,Media,pago en dandy,46083,alimentacion,2026-01-17,natural
15,AR,ARS,199595,17,Media,mercadopago*ferrind,49608,vivienda,2026-01-13,cartola
15,AR,ARS,199595,17,Media,suscripcion a spotify argentina,5082,streaming,2026-01-23,natural
15,AR,ARS,199595,17,Media,pago en clinica suizo argentina,46875,salud,2026-01-27,natural
15,AR,ARS,199595,17,Media,compra en el club de la milanesa,69051,alimentacion,2026-01-02,natural
15,AR,ARS,199595,17,Media,suscripcion a on fit,25157,ocio,2026-01-13,natural
15,AR,ARS,199595,17,Media,pinturas alba compra suc,45745,vivienda,2026-01-08,cartola
15,AR,ARS,199595,17,Media,le pain quotidien suc,29114,alimentacion,2026-01-13,cartola
15,AR,ARS,199595,17,Media,pago epen neuquen,33333,servicios,2026-01-21,natural
15,AR,ARS,199595,17,Media,expensas online transfer,25332,vivienda,2026-01-17,cartola
15,AR,ARS,199595,17,Media,musimundo compra pos,63121,otros,2026-01-21,cartola
15,AR,ARS,199595,17,Media,compra en diarco,64082,alimentacion,2026-01-06,natural
15,AR,ARS,199595,17,Media,pago blaisten,34749,vivienda,2026-01-07,natural
15,AR,ARS,199595,17,Media,pago naturgy,39599,servicios,2026-01-09,natural
15,AR,ARS,199595,17,Media,peaje dellepiane ausa,2232,transporte,2026-01-24,cartola
15,AR,ARS,199595,17,Media,cafe martinez suc,17788,alimentacion,2026-01-10,cartola
15,AR,ARS,199595,17,Media,telepase ausa,24321,transporte,2026-01-23,cartola
15,AR,ARS,199595,17,Media,maxiconsumo s.a.,67241,alimentacion,2026-01-24,cartola
15,AR,ARS,199595,17,Media,carga bencina en didi argentina,21373,transporte,2026-01-22,natural
15,AR,ARS,199595,17,Media,viaje en corredores viales,25509,transporte,2026-01-22,natural
15,AR,ARS,199595,17,Media,suscripcion a fiter gimnasios,32318,ocio,2026-01-10,natural
15,AR,ARS,199595,17,Media,changomas compra,15299,alimentacion,2026-01-25,cartola
15,AR,ARS,199595,17,Media,pago universidad de san andres,9604,educacion,2026-01-29,natural
15,AR,ARS,199595,17,Media,emova subte caba,1027,transporte,2026-01-20,cartola
15,AR,ARS,199595,17,Media,alquileres argentina deb,53883,vivienda,2026-01-13,cartola
15,AR,ARS,199595,17,Media,pago aysa,39062,servicios,2026-01-05,natural
15,AR,ARS,199595,17,Media,sanatorio guemes intern,50186,salud,2026-01-28,cartola
15,AR,ARS,199595,17,Media,pago telecentro,47757,servicios,2026-01-21,natural
15,AR,ARS,199595,17,Media,carga bencina en peaje parque avellaneda,7450,transporte,2026-01-21,natural
15,AR,ARS,199595,17,Media,plusmar compra pos,55128,transporte,2026-01-29,cartola
15,AR,ARS,199595,17,Media,suscripcion a spotify argentina,7669,streaming,2026-01-11,natural
15,AR,ARS,199595,17,Media,suscripcion a spotify argentina,2981,streaming,2026-01-06,natural
15,AR,ARS,199595,17,Media,pago personal flow,63015,servicios,2026-01-24,natural
15,AR,ARS,199595,17,Media,suscripcion a netflix argentina,12987,streaming,2026-01-28,natural
15,AR,ARS,199595,17,Media,entrada a steam games argentina,6826,ocio,2026-01-15,natural
15,AR,ARS,199595,17,Media,movistar arena tickets,69657,ocio,2026-01-04,cartola
15,AR,ARS,199595,17,Media,pago pinturerias prestigio,36505,vivienda,2026-01-24,natural
15,AR,ARS,199595,17,Media,giro rapipago recauda,15755,servicios,2026-01-26,cartola
15,AR,ARS,199595,17,Media,pago edesur,65693,servicios,2026-01-16,natural
15,AR,ARS,199595,17,Media,parque de la costa comp,21015,ocio,2026-01-17,cartola
15,AR,ARS,199595,17,Media,recarga sube acc,2718,transporte,2026-01-25,cartola
15,AR,ARS,199595,17,Media,la continental pizza,7598,alimentacion,2026-01-29,cartola
15,AR,ARS,199595,17,Media,colegio northlands deb,11668,educacion,2026-01-15,cartola
15,AR,ARS,199595,17,Media,steam games compra int,11383,ocio,2026-01-17,cartola
15,AR,ARS,199595,17,Media,pago en disco,17690,alimentacion,2026-01-20,natural
15,AR,ARS,199595,17,Media,compra en farmacias selma,46089,salud,2026-01-03,natural
15,AR,ARS,199595,17,Media,persicco suc,37522,alimentacion,2026-01-21,cartola
15,AR,ARS,199595,17,Media,pago sancor seguros,68846,otros,2026-01-26,natural
15,AR,ARS,199595,17,Media,administracion san martin,50041,vivienda,2026-01-22,cartola
15,AR,ARS,199595,17,Media,farmacity s.a. suc,12864,salud,2026-01-05,cartola
15,AR,ARS,199595,17,Media,ligier compra pos,29741,vivienda,2026-01-20,cartola
15,AR,ARS,199595,17,Media,pago comisiones banco comafi,10169,otros,2026-01-27,natural
15,AR,ARS,199595,17,Media,inscripcion en colegio san martin,33726,educacion,2026-01-11,natural
15,AR,ARS,199595,17,Media,deb aut univ palermo,23309,educacion,2026-01-29,cartola
15,AR,ARS,199595,17,Media,pago telecom fibertel,44563,servicios,2026-01-14,natural
15,AR,ARS,199595,17,Media,inscripcion en libreria sbs,58345,educacion,2026-01-04,natural
15,AR,ARS,199595,17,Media,pago consorcio caballito,63322,vivienda,2026-01-26,natural
15,AR,ARS,199595,17,Media,deb aut edesal s.a.,19689,servicios,2026-01-21,cartola
15,AR,ARS,199595,17,Media,mp*netflix argentina,14088,streaming,2026-01-12,cartola
15,AR,ARS,199595,17,Media,compra en maxiconsumo,48515,alimentacion,2026-01-19,natural
15,AR,ARS,199595,17,Media,peaje dellepiane ausa,1786,transporte,2026-01-05,cartola
15,AR,ARS,199595,17,Media,maderas ramos s.a.,60679,vivienda,2026-01-23,cartola
15,AR,ARS,199595,17,Media,pago en starbucks,5012,alimentacion,2026-01-23,natural
15,AR,ARS,199595,17,Media,zonaprop compra factura,49818,vivienda,2026-01-12,cartola
15,AR,ARS,199595,17,Media,pago maderas ramos,64726,vivienda,2026-01-24,natural
15,AR,ARS,199595,17,Media,la birra bar pos,9431,alimentacion,2026-01-08,cartola
15,AR,ARS,199595,17,Media,compra en antares,21604,alimentacion,2026-01-20,natural
15,AR,ARS,199595,17,Media,compra en farmacias selma,52782,salud,2026-01-19,natural
15,AR,ARS,199595,17,Media,emova subte caba,3675,transporte,2026-01-04,cartola
15,AR,ARS,199595,17,Media,pago edesal san luis,39875,servicios,2026-01-19,natural
15,AR,ARS,199595,17,Media,carga bencina en peaje pacheco,4206,transporte,2026-01-24,natural
15,AR,ARS,199595,17,Media,compra en clinica mater dei,66226,salud,2026-01-15,natural
15,AR,ARS,199595,17,Media,pagomiscuentas debito,58836,servicios,2026-01-21,cartola
15,AR,ARS,199595,17,Media,viaje en telepase autopistas,6583,transporte,2026-01-04,natural
15,AR,ARS,199595,17,Media,viaje en axion energy,35777,transporte,2026-01-06,natural
15,AR,ARS,199595,17,Media,telecentro debito directo,32933,servicios,2026-01-14,cartola
15,AR,ARS,199595,17,Media,pago banco bbva,13907,otros,2026-01-07,natural
15,AR,ARS,199595,17,Media,pago pinturerias prestigio,56589,vivienda,2026-01-05,natural
15,AR,ARS,199595,17,Media,pago consorcio caballito,46480,vivienda,2026-01-03,natural
15,AR,ARS,199595,17,Media,dean & dennys suc,18765,alimentacion,2026-01-27,cartola
15,AR,ARS,199595,17,Media,suscripcion a disney plus argentina,8519,streaming,2026-01-17,natural
15,AR,ARS,199595,17,Media,pago libreria el ateneo,8622,educacion,2026-01-23,natural
15,AR,ARS,199595,17,Media,compra en freddo,43195,alimentacion,2026-01-25,natural
15,AR,ARS,199595,17,Media,entrada a movistar arena argentina,66366,ocio,2026-01-24,natural
15,AR,ARS,199595,17,Media,pago consorcio edificio belgrano,53199,vivienda,2026-01-10,natural
15,AR,ARS,199595,17,Media,pago banco bbva,11500,otros,2026-01-11,natural
15,AR,ARS,199595,17,Media,compra en omint,7902,salud,2026-01-25,natural
15,AR,ARS,199595,17,Media,carga bencina en axion energy,22820,transporte,2026-01-25,natural
15,AR,ARS,199595,17,Media,carga bencina en corredores viales,18149,transporte,2026-01-15,natural
15,AR,ARS,199595,17,Media,kika bar entradas,16940,ocio,2026-01-18,cartola
16,AR,ARS,190165,38,Baja,suscripcion a disney plus argentina,11275,streaming,2026-01-14,natural
16,AR,ARS,190165,38,Baja,pago en mcdonald's,6477,alimentacion,2026-01-09,natural
16,AR,ARS,190165,38,Baja,coppel tiendas compra,54804,otros,2026-01-07,cartola
16,AR,ARS,190165,38,Baja,suscripcion a bar el barista argentina,21154,ocio,2026-01-04,natural
16,AR,ARS,190165,38,Baja,farmacias selma pos,38664,salud,2026-01-03,cartola
16,AR,ARS,190165,38,Baja,avalian medicina prepaga,13073,salud,2026-01-05,cartola
16,AR,ARS,190165,38,Baja,carga bencina en peaje larena,4046,transporte,2026-01-11,natural
16,AR,ARS,190165,38,Baja,ausol aut. del sol,10675,transporte,2026-01-25,cartola
16,AR,ARS,190165,38,Baja,suscripcion a luna park,29251,ocio,2026-01-16,natural
16,AR,ARS,190165,38,Baja,deb aut aguas cordobesas,9768,servicios,2026-01-21,cartola
16,AR,ARS,190165,38,Baja,prestigio s.a. compra,41192,vivienda,2026-01-13,cartola
16,AR,ARS,190165,38,Baja,flow telecom compra,44349,servicios,2026-01-05,cartola
16,AR,ARS,190165,38,Baja,compra en swiss medical,7454,salud,2026-01-15,natural
16,AR,ARS,190165,38,Baja,rappi*compra,5452,alimentacion,2026-01-23,cartola
16,AR,ARS,190165,38,Baja,nueva chevallier s.a.,37910,transporte,2026-01-13,cartola
16,AR,ARS,190165,38,Baja,compra en farmacias vantage,40155,salud,2026-01-16,natural
16,AR,ARS,190165,38,Baja,deb aut megatlon suc,38605,ocio,2026-01-25,cartola
16,AR,ARS,190165,38,Baja,sancor salud deb aut,14907,salud,2026-01-11,cartola
16,AR,ARS,190165,38,Baja,compra en persicco,33094,alimentacion,2026-01-07,natural
16,AR,ARS,190165,38,Baja,suscripcion a smart fit argentina,39798,ocio,2026-01-15,natural
16,AR,ARS,190165,38,Baja,pago pinturas alba,64417,vivienda,2026-01-12,natural
16,AR,ARS,190165,38,Baja,pago rapipago,35889,servicios,2026-01-06,natural
16,AR,ARS,190165,38,Baja,dia% express suc,55951,alimentacion,2026-01-06,cartola
16,AR,ARS,190165,38,Baja,carga bencina en ypf,65291,transporte,2026-01-23,natural
16,AR,ARS,190165,38,Baja,pago pago facil,42130,servicios,2026-01-17,natural
16,AR,ARS,190165,38,Baja,carga bencina en chevallier,17414,transporte,2026-01-21,natural
16,AR,ARS,190165,38,Baja,mercadopago*almacen,8123,alimentacion,2026-01-26,cartola
16,AR,ARS,190165,38,Baja,subway compra pos,27468,alimentacion,2026-01-28,cartola
16,AR,ARS,190165,38,Baja,compra en hospital britanico,58149,salud,2026-01-24,natural
16,AR,ARS,190165,38,Baja,mp*disney plus arg,5484,streaming,2026-01-29,cartola
16,AR,ARS,190165,38,Baja,colegio ward compra cuota,11647,educacion,2026-01-06,cartola
16,AR,ARS,190165,38,Baja,pago en galeno,14495,salud,2026-01-02,natural
16,AR,ARS,190165,38,Baja,multiplex cines compra,6669,ocio,2026-01-18,cartola
16,AR,ARS,190165,38,Baja,peaje pacheco ausol,3895,transporte,2026-01-15,cartola
16,AR,ARS,190165,38,Baja,pago ligier pinturerias,42988,vivienda,2026-01-05,natural
16,AR,ARS,190165,38,Baja,telepase ausa,33400,transporte,2026-01-15,cartola
16,AR,ARS,190165,38,Baja,trenes argentinos pos,889,transporte,2026-01-02,cartola
16,AR,ARS,190165,38,Baja,pani deli compra,31078,alimentacion,2026-01-17,cartola
16,AR,ARS,190165,38,Baja,peaje dock sud acc,2325,transporte,2026-01-10,cartola
16,AR,ARS,190165,38,Baja,provincia net recauda,24907,servicios,2026-01-05,cartola
16,AR,ARS,190165,38,Baja,suscripcion a niceto club,44160,ocio,2026-01-12,natural
16,AR,ARS,190165,38,Baja,pago en optica lutz ferrando,38683,salud,2026-01-09,natural
16,AR,ARS,190165,38,Baja,playstation psn ar comp,43294,ocio,2026-01-05,cartola
16,AR,ARS,190165,38,Baja,pani deli compra,49441,alimentacion,2026-01-20,cartola
16,AR,ARS,190165,38,Baja,pago banco provincia,4160,otros,2026-01-04,natural
16,AR,ARS,190165,38,Baja,deb aut aguas bonaerenses,27472,servicios,2026-01-17,cartola
16,AR,ARS,190165,38,Baja,pago banco provincia,9741,otros,2026-01-06,natural
16,AR,ARS,190165,38,Baja,mercadopago*elgalpon,27317,alimentacion,2026-01-26,cartola
16,AR,ARS,190165,38,Baja,pago camuzzi gas pampeana,32763,servicios,2026-01-22,natural
16,AR,ARS,190165,38,Baja,mp*spotify argentina,3054,streaming,2026-01-18,cartola
16,AR,ARS,190165,38,Baja,litoral gas debito pos,59831,servicios,2026-01-21,cartola
16,AR,ARS,190165,38,Baja,recarga sube acc,3372,transporte,2026-01-20,cartola
16,AR,ARS,190165,38,Baja,pago en el cuartito,20464,alimentacion,2026-01-17,natural
16,AR,ARS,190165,38,Baja,mp*disney plus arg,11958,streaming,2026-01-16,cartola
16,AR,ARS,190165,38,Baja,pago rapipago,39863,servicios,2026-01-21,natural
16,AR,ARS,190165,38,Baja,cabify compra,3117,transporte,2026-01-08,cartola
16,AR,ARS,190165,38,Baja,uba tasas inscripcion,48606,educacion,2026-01-24,cartola
16,AR,ARS,190165,38,Baja,suscripcion a spotify argentina,4985,streaming,2026-01-24,natural
16,AR,ARS,190165,38,Baja,puma energy suc,23213,transporte,2026-01-19,cartola
16,AR,ARS,190165,38,Baja,op.shell compra,56917,transporte,2026-01-10,cartola
16,AR,ARS,190165,38,Baja,deb aut movistar hogar,63814,servicios,2026-01-09,cartola
16,AR,ARS,190165,38,Baja,banco macro deb automatico,18717,otros,2026-01-22,cartola
16,AR,ARS,190165,38,Baja,peaje dock sud acc,4523,transporte,2026-01-24,cartola
16,AR,ARS,190165,38,Baja,deb aut movistar hogar,59322,servicios,2026-01-21,cartola
16,AR,ARS,190165,38,Baja,viaje en shell,56022,transporte,2026-01-09,natural
16,AR,ARS,190165,38,Baja,mp*spotify argentina,3947,streaming,2026-01-02,cartola
16,AR,ARS,190165,38,Baja,pago consorcio caballito,34975,vivienda,2026-01-22,natural
16,AR,ARS,190165,38,Baja,carga bencina en peaje pacheco,7196,transporte,2026-01-28,natural
16,AR,ARS,190165,38,Baja,omint debito directo,19516,salud,2026-01-22,cartola
16,AR,ARS,190165,38,Baja,giro rapipago recauda,13200,servicios,2026-01-25,cartola
16,AR,ARS,190165,38,Baja,suscripcion a spotify argentina,3715,streaming,2026-01-17,natural
16,AR,ARS,190165,38,Baja,makro pos suc,50770,alimentacion,2026-01-17,cartola
16,AR,ARS,190165,38,Baja,flow telecom compra,60438,servicios,2026-01-11,cartola
16,AR,ARS,190165,38,Baja,compra en makro,57917,alimentacion,2026-01-04,natural
16,AR,ARS,190165,38,Baja,el noble compra,13036,alimentacion,2026-01-22,cartola
16,AR,ARS,190165,38,Baja,pago musimundo,62468,otros,2026-01-21,natural
16,AR,ARS,190165,38,Baja,freddo helados compra,7357,alimentacion,2026-01-02,cartola
16,AR,ARS,190165,38,Baja,deb aut edet tucuman,17866,servicios,2026-01-26,cartola
16,AR,ARS,190165,38,Baja,compra en diarco,30884,alimentacion,2026-01-27,natural
16,AR,ARS,190165,38,Baja,pani deli compra,63625,alimentacion,2026-01-24,cartola
16,AR,ARS,190165,38,Baja,pago en maxiconsumo,50742,alimentacion,2026-01-28,natural
16,AR,ARS,190165,38,Baja,havanna s.a. compra,20192,alimentacion,2026-01-03,cartola
16,AR,ARS,190165,38,Baja,pago pinturerias rex,56122,vivienda,2026-01-28,natural
16,AR,ARS,190165,38,Baja,mercadopago*doncarlos,12223,alimentacion,2026-01-28,cartola
16,AR,ARS,190165,38,Baja,farmacity s.a. suc,64779,salud,2026-01-09,cartola
16,AR,ARS,190165,38,Baja,compra en farmacias selma,28154,salud,2026-01-23,natural
16,AR,ARS,190165,38,Baja,prevencion salud compra,9267,salud,2026-01-05,cartola
16,AR,ARS,190165,38,Baja,ausol aut. del sol,13708,transporte,2026-01-12,cartola
16,AR,ARS,190165,38,Baja,compra en changomas,10840,alimentacion,2026-01-15,natural
16,AR,ARS,190165,38,Baja,pago expensas online,31885,vivienda,2026-01-23,natural
16,AR,ARS,190165,38,Baja,mp*disney plus arg,10697,streaming,2026-01-05,cartola
16,AR,ARS,190165,38,Baja,nueva chevallier s.a.,55367,transporte,2026-01-10,cartola
16,AR,ARS,190165,38,Baja,deb aut edersa pos,66342,servicios,2026-01-02,cartola
16,AR,ARS,190165,38,Baja,pago aysa,55972,servicios,2026-01-06,natural
16,AR,ARS,190165,38,Baja,pago en centro rossi,64222,salud,2026-01-28,natural
16,AR,ARS,190165,38,Baja,pago en rotiseria la querencia,33013,alimentacion,2026-01-06,natural
16,AR,ARS,190165,38,Baja,pago en maxiconsumo,40959,alimentacion,2026-01-12,natural
16,AR,ARS,190165,38,Baja,pago pinturas alba,57444,vivienda,2026-01-06,natural
16,AR,ARS,190165,38,Baja,deb aut edet tucuman,31115,servicios,2026-01-19,cartola
16,AR,ARS,190165,38,Baja,pago ferreteria el puente,18641,vivienda,2026-01-14,natural
16,AR,ARS,190165,38,Baja,compra en la mezzetta,34645,alimentacion,2026-01-24,natural
16,AR,ARS,190165,38,Baja,grido helados compra,4093,alimentacion,2026-01-29,cartola
16,AR,ARS,190165,38,Baja,compra en fiambreria el galpon,19529,alimentacion,2026-01-03,natural
16,AR,ARS,190165,38,Baja,pago provincia net,58623,servicios,2026-01-11,natural
16,AR,ARS,190165,38,Baja,mercadopago*elpuente,16297,vivienda,2026-01-28,cartola
16,AR,ARS,190165,38,Baja,peaje parque avellaneda,3128,transporte,2026-01-24,cartola
16,AR,ARS,190165,38,Baja,mp*spotify argentina,8505,streaming,2026-01-15,cartola
16,AR,ARS,190165,38,Baja,compra en diagnostico maipu,21947,salud,2026-01-17,natural
16,AR,ARS,190165,38,Baja,flow telecom compra,19978,servicios,2026-01-06,cartola
16,AR,ARS,190165,38,Baja,pago en vea,8817,alimentacion,2026-01-06,natural
16,AR,ARS,190165,38,Baja,deb aut aguas cordobesas,54729,servicios,2026-01-18,cartola
16,AR,ARS,190165,38,Baja,mp*spotify argentina,6351,streaming,2026-01-12,cartola
16,AR,ARS,190165,38,Baja,sanatorio finochietto,62781,salud,2026-01-05,cartola
16,AR,ARS,190165,38,Baja,compra en la continental,9104,alimentacion,2026-01-18,natural
16,AR,ARS,190165,38,Baja,pago en persicco,33262,alimentacion,2026-01-19,natural
16,AR,ARS,190165,38,Baja,suscripcion a spotify argentina,7186,streaming,2026-01-15,natural
16,AR,ARS,190165,38,Baja,pago movistar hogar argentina,18025,servicios,2026-01-25,natural
16,AR,ARS,190165,38,Baja,peaje dock sud acc,1958,transporte,2026-01-07,cartola
16,AR,ARS,190165,38,Baja,pago camuzzi gas pampeana,49654,servicios,2026-01-17,natural
16,AR,ARS,190165,38,Baja,carga bencina en peaje pacheco,5318,transporte,2026-01-03,natural
16,AR,ARS,190165,38,Baja,deb aut edet tucuman,42801,servicios,2026-01-05,cartola
16,AR,ARS,190165,38,Baja,pago en grido helados,23765,alimentacion,2026-01-02,natural
16,AR,ARS,190165,38,Baja,cabify compra,20746,transporte,2026-01-08,cartola
16,AR,ARS,190165,38,Baja,pago libreria yenny,20303,educacion,2026-01-09,natural
16,AR,ARS,190165,38,Baja,peaje samborombon aubasa,6126,transporte,2026-01-27,cartola
17,AR,ARS,291294,63,Alta,sodimac s.a. compra,53232,vivienda,2026-01-11,cartola
17,AR,ARS,291294,63,Alta,bonafide compra,14815,alimentacion,2026-01-14,cartola
17,AR,ARS,291294,63,Alta,pago ferreteria industrial,61202,vivienda,2026-01-24,natural
17,AR,ARS,291294,63,Alta,suscripcion a teatro colon,63383,ocio,2026-01-18,natural
17,AR,ARS,291294,63,Alta,pago aysa,6552,servicios,2026-01-17,natural
17,AR,ARS,291294,63,Alta,utn cuotas academicas,58026,educacion,2026-01-23,cartola
17,AR,ARS,291294,63,Alta,pago administracion san martin,37227,vivienda,2026-01-08,natural
17,AR,ARS,291294,63,Alta,pago edet tucuman,33463,servicios,2026-01-18,natural
17,AR,ARS,291294,63,Alta,pago expensas online,88588,vivienda,2026-01-16,natural
17,AR,ARS,291294,63,Alta,pagomiscuentas debito,40121,servicios,2026-01-29,cartola
17,AR,ARS,291294,63,Alta,edesur pago directo,99505,servicios,2026-01-08,cartola
17,AR,ARS,291294,63,Alta,pago stock center,37975,otros,2026-01-05,natural
17,AR,ARS,291294,63,Alta,pago aysa,55221,servicios,2026-01-17,natural
17,AR,ARS,291294,63,Alta,compra en cafe martinez,5780,alimentacion,2026-01-04,natural
17,AR,ARS,291294,63,Alta,peaje hudson aubasa,7289,transporte,2026-01-07,cartola
17,AR,ARS,291294,63,Alta,suscripcion a spotify argentina,4613,streaming,2026-01-26,natural
17,AR,ARS,291294,63,Alta,pago edet tucuman,33408,servicios,2026-01-03,natural
17,AR,ARS,291294,63,Alta,medicus compra pos deb,100821,salud,2026-01-21,cartola
17,AR,ARS,291294,63,Alta,pagomiscuentas aysa deb,33890,servicios,2026-01-29,cartola
17,AR,ARS,291294,63,Alta,teatro colon entradas,58979,ocio,2026-01-15,cartola
17,AR,ARS,291294,63,Alta,pago pinturerias rex,20593,vivienda,2026-01-25,natural
17,AR,ARS,291294,63,Alta,deb aut edersa pos,87505,servicios,2026-01-29,cartola
17,AR,ARS,291294,63,Alta,compra en freddo,16368,alimentacion,2026-01-09,natural
17,AR,ARS,291294,63,Alta,hospital italiano socio,83853,salud,2026-01-16,cartola
17,AR,ARS,291294,63,Alta,mercadopago*elpuente,29313,vivienda,2026-01-04,cartola
17,AR,ARS,291294,63,Alta,compra en supermercados dia,30014,alimentacion,2026-01-14,natural
17,AR,ARS,291294,63,Alta,viaje en autopistas del oeste,13220,transporte,2026-01-08,natural
17,AR,ARS,291294,63,Alta,mp*spotify argentina,3436,streaming,2026-01-03,cartola
17,AR,ARS,291294,63,Alta,pago pinturas alba,31072,vivienda,2026-01-20,natural
17,AR,ARS,291294,63,Alta,dandy restaurant compra,61844,alimentacion,2026-01-27,cartola
17,AR,ARS,291294,63,Alta,medife asociados deb,95512,salud,2026-01-08,cartola
17,AR,ARS,291294,63,Alta,deb aut edesal s.a.,67433,servicios,2026-01-22,cartola
17,AR,ARS,291294,63,Alta,diarco compra pos,39077,alimentacion,2026-01-04,cartola
17,AR,ARS,291294,63,Alta,carga bencina en peaje debenedetti,5198,transporte,2026-01-23,natural
17,AR,ARS,291294,63,Alta,flow telecom compra,25044,servicios,2026-01-15,cartola
17,AR,ARS,291294,63,Alta,peaje dellepiane ausa,3932,transporte,2026-01-13,cartola
17,AR,ARS,291294,63,Alta,pago aguas cordobesas,37162,servicios,2026-01-24,natural
17,AR,ARS,291294,63,Alta,osecac cuota directa,52376,salud,2026-01-02,cartola
17,AR,ARS,291294,63,Alta,colegio marin deb aut,28937,educacion,2026-01-23,cartola
17,AR,ARS,291294,63,Alta,inscripcion en universidad de belgrano ub,45344,educacion,2026-01-02,natural
17,AR,ARS,291294,63,Alta,el club de la milanesa,73198,alimentacion,2026-01-29,cartola
17,AR,ARS,291294,63,Alta,peaje illia ausa,3760,transporte,2026-01-18,cartola
17,AR,ARS,291294,63,Alta,suscripcion a spotify argentina,9319,streaming,2026-01-22,natural
17,AR,ARS,291294,63,Alta,musimundo compra pos,19782,otros,2026-01-08,cartola
17,AR,ARS,291294,63,Alta,compra en sanatorio guemes,41771,salud,2026-01-13,natural
17,AR,ARS,291294,63,Alta,carga bencina en uber argentina,25270,transporte,2026-01-13,natural
17,AR,ARS,291294,63,Alta,pago edenor,51576,servicios,2026-01-24,natural
17,AR,ARS,291294,63,Alta,edificio belgrano expensas,84270,vivienda,2026-01-13,cartola
17,AR,ARS,291294,63,Alta,pago pago facil,71572,servicios,2026-01-05,natural
17,AR,ARS,291294,63,Alta,deb aut epec cordoba,71149,servicios,2026-01-19,cartola
17,AR,ARS,291294,63,Alta,sbs libreria compra,64131,educacion,2026-01-29,cartola
17,AR,ARS,291294,63,Alta,suscripcion a niceto club,36671,ocio,2026-01-04,natural
17,AR,ARS,291294,63,Alta,pago naturgy,19749,servicios,2026-01-05,natural
17,AR,ARS,291294,63,Alta,expensas online transfer,91399,vivienda,2026-01-16,cartola
17,AR,ARS,291294,63,Alta,sodimac s.a. compra,99518,vivienda,2026-01-15,cartola
17,AR,ARS,291294,63,Alta,carga bencina en peaje dellepiane,5224,transporte,2026-01-08,natural
17,AR,ARS,291294,63,Alta,pago naturgy,53955,servicios,2026-01-15,natural
17,AR,ARS,291294,63,Alta,deb aut edet tucuman,66879,servicios,2026-01-13,cartola
17,AR,ARS,291294,63,Alta,litoral gas debito pos,45172,servicios,2026-01-23,cartola
17,AR,ARS,291294,63,Alta,carga bencina en peaje alberti,4256,transporte,2026-01-02,natural
17,AR,ARS,291294,63,Alta,giro pago facil recauda,7282,servicios,2026-01-06,cartola
17,AR,ARS,291294,63,Alta,litoral gas debito pos,86636,servicios,2026-01-07,cartola
17,AR,ARS,291294,63,Alta,pago allianz seguros,53697,otros,2026-01-08,natural
17,AR,ARS,291294,63,Alta,entrada a luna park,21760,ocio,2026-01-06,natural
17,AR,ARS,291294,63,Alta,giro rapipago recauda,98435,servicios,2026-01-12,cartola
17,AR,ARS,291294,63,Alta,consorcio palermo exp,65273,vivienda,2026-01-27,cartola
17,AR,ARS,291294,63,Alta,pago en vital mayorista,81382,alimentacion,2026-01-28,natural
17,AR,ARS,291294,63,Alta,deb aut movistar hogar,48235,servicios,2026-01-12,cartola
17,AR,ARS,291294,63,Alta,axion energy suc,15360,transporte,2026-01-22,cartola
17,AR,ARS,291294,63,Alta,pago aysa,6823,servicios,2026-01-20,natural
17,AR,ARS,291294,63,Alta,pago en centro rossi,29111,salud,2026-01-07,natural
17,AR,ARS,291294,63,Alta,trenes argentinos pos,2316,transporte,2026-01-19,cartola
17,AR,ARS,291294,63,Alta,pago epen neuquen,61559,servicios,2026-01-10,natural
17,AR,ARS,291294,63,Alta,compra en diarco,33033,alimentacion,2026-01-05,natural
17,AR,ARS,291294,63,Alta,expensas online transfer,36080,vivienda,2026-01-11,cartola
17,AR,ARS,291294,63,Alta,cabify compra,6040,transporte,2026-01-29,cartola
17,AR,ARS,291294,63,Alta,opticas lof compra,39259,salud,2026-01-17,cartola
17,AR,ARS,291294,63,Alta,giro pago facil recauda,12643,servicios,2026-01-22,cartola
17,AR,ARS,291294,63,Alta,las cuartetas compra,36019,alimentacion,2026-01-12,cartola
17,AR,ARS,291294,63,Alta,deb aut megatlon suc,49116,ocio,2026-01-02,cartola
17,AR,ARS,291294,63,Alta,pago edesal san luis,86356,servicios,2026-01-05,natural
17,AR,ARS,291294,63,Alta,pago arba impuestos,68427,otros,2026-01-07,natural
17,AR,ARS,291294,63,Alta,rex pinturerias compra,30937,vivienda,2026-01-02,cartola
17,AR,ARS,291294,63,Alta,pago ligier pinturerias,82075,vivienda,2026-01-29,natural
17,AR,ARS,291294,63,Alta,prevencion salud compra,87109,salud,2026-01-06,cartola
17,AR,ARS,291294,63,Alta,viaje en peaje parque avellaneda,7665,transporte,2026-01-10,natural
17,AR,ARS,291294,63,Alta,pago blaisten,60685,vivienda,2026-01-16,natural
17,AR,ARS,291294,63,Alta,suscripcion a spotify argentina,6072,streaming,2026-01-08,natural
17,AR,ARS,291294,63,Alta,viaje en uber argentina,25513,transporte,2026-01-14,natural
17,AR,ARS,291294,63,Alta,compra en heisenburger,31114,alimentacion,2026-01-27,natural
17,AR,ARS,291294,63,Alta,peaje parque avellaneda,5996,transporte,2026-01-16,cartola
17,AR,ARS,291294,63,Alta,compra en centro rossi,47608,salud,2026-01-21,natural
17,AR,ARS,291294,63,Alta,smg medicina prepaga deb,49169,salud,2026-01-22,cartola
17,AR,ARS,291294,63,Alta,pago epec,36921,servicios,2026-01-20,natural
17,AR,ARS,291294,63,Alta,pago en clinica suizo argentina,99177,salud,2026-01-14,natural
17,AR,ARS,291294,63,Alta,makro pos suc,98021,alimentacion,2026-01-27,cartola
17,AR,ARS,291294,63,Alta,kfc suc,7380,alimentacion,2026-01-13,cartola
17,AR,ARS,291294,63,Alta,stamboulian labs,51215,salud,2026-01-12,cartola
17,AR,ARS,291294,63,Alta,mp*disney plus arg,6694,streaming,2026-01-20,cartola
17,AR,ARS,291294,63,Alta,telecentro debito directo,51807,servicios,2026-01-11,cartola
17,AR,ARS,291294,63,Alta,deb aut on fit gimnasios,23125,ocio,2026-01-10,cartola
17,AR,ARS,291294,63,Alta,suscripcion a disney plus argentina,4612,streaming,2026-01-23,natural
17,AR,ARS,291294,63,Alta,pagomiscuentas debito,43958,servicios,2026-01-03,cartola
17,AR,ARS,291294,63,Alta,pago aguas cordobesas,9066,servicios,2026-01-05,natural
17,AR,ARS,291294,63,Alta,mayorista yaguar suc,79415,alimentacion,2026-01-14,cartola
17,AR,ARS,291294,63,Alta,op.ypf suc compra,52360,transporte,2026-01-27,cartola
17,AR,ARS,291294,63,Alta,deb aut edenor s.a.,72525,servicios,2026-01-28,cartola
17,AR,ARS,291294,63,Alta,pago coppel,84922,otros,2026-01-12,natural
17,AR,ARS,291294,63,Alta,multiplex cines compra,20397,ocio,2026-01-27,cartola
17,AR,ARS,291294,63,Alta,medicus compra pos deb,100562,salud,2026-01-13,cartola
17,AR,ARS,291294,63,Alta,sanatorio guemes intern,61048,salud,2026-01-03,cartola
17,AR,ARS,291294,63,Alta,diagnostico maipu compra,74582,salud,2026-01-22,cartola
17,AR,ARS,291294,63,Alta,pago megatone,64008,otros,2026-01-02,natural
17,AR,ARS,291294,63,Alta,peaje alberti ausa,1042,transporte,2026-01-12,cartola
17,AR,ARS,291294,63,Alta,deb aut epen neuquen,69105,servicios,2026-01-04,cartola
17,AR,ARS,291294,63,Alta,compra en williamsburg,31174,alimentacion,2026-01-24,natural
17,AR,ARS,291294,63,Alta,deb aut movistar hogar,63442,servicios,2026-01-03,cartola
17,AR,ARS,291294,63,Alta,metrogas debito aut,42567,servicios,2026-01-21,cartola
17,AR,ARS,291294,63,Alta,pago rapipago,38377,servicios,2026-01-20,natural
17,AR,ARS,291294,63,Alta,pago zonaprop,53855,vivienda,2026-01-22,natural
17,AR,ARS,291294,63,Alta,pago en farmacia azul,35525,salud,2026-01-10,natural
17,AR,ARS,291294,63,Alta,peaje parque avellaneda,5954,transporte,2026-01-10,cartola
17,AR,ARS,291294,63,Alta,deb aut edersa pos,24852,servicios,2026-01-28,cartola
17,AR,ARS,291294,63,Alta,pago edesal san luis,96821,servicios,2026-01-24,natural
17,AR,ARS,291294,63,Alta,rappi*compra,8949,alimentacion,2026-01-23,cartola
18,AR,ARS,132722,53,Baja,peaje alberti ausa,2577,transporte,2026-01-05,cartola
18,AR,ARS,132722,53,Baja,viaje en peaje alberti,3418,transporte,2026-01-26,natural
18,AR,ARS,132722,53,Baja,pago edersa rio negro,28877,servicios,2026-01-06,natural
18,AR,ARS,132722,53,Baja,carga bencina en aubasa,7817,transporte,2026-01-26,natural
18,AR,ARS,132722,53,Baja,central oeste compra,24208,salud,2026-01-23,cartola
18,AR,ARS,132722,53,Baja,peaje sarandi compra,2336,transporte,2026-01-05,cartola
18,AR,ARS,132722,53,Baja,suscripcion a netflix argentina,5271,streaming,2026-01-10,natural
18,AR,ARS,132722,53,Baja,pizzeria guerrin compra,43792,alimentacion,2026-01-10,cartola
18,AR,ARS,132722,53,Baja,mercadopago*elgalpon,6754,alimentacion,2026-01-08,cartola
18,AR,ARS,132722,53,Baja,compra en almacen de barrio,16118,alimentacion,2026-01-16,natural
18,AR,ARS,132722,53,Baja,viaje en puma energy,15220,transporte,2026-01-08,natural
18,AR,ARS,132722,53,Baja,viaje en emova subte,3894,transporte,2026-01-18,natural
18,AR,ARS,132722,53,Baja,compra en clinica mater dei,45102,salud,2026-01-09,natural
18,AR,ARS,132722,53,Baja,jumbo compra,33849,alimentacion,2026-01-04,cartola
18,AR,ARS,132722,53,Baja,pago pinturerias rex,22420,vivienda,2026-01-14,natural
18,AR,ARS,132722,53,Baja,pago en osde,25376,salud,2026-01-17,natural
18,AR,ARS,132722,53,Baja,peaje illia ausa,1833,transporte,2026-01-11,cartola
18,AR,ARS,132722,53,Baja,mp*spotify argentina,8511,streaming,2026-01-07,cartola
18,AR,ARS,132722,53,Baja,pago expensas online,35622,vivienda,2026-01-07,natural
18,AR,ARS,132722,53,Baja,axion energy suc,22921,transporte,2026-01-16,cartola
18,AR,ARS,132722,53,Baja,compra carrefour suc,41103,alimentacion,2026-01-02,cartola
18,AR,ARS,132722,53,Baja,subway compra pos,7022,alimentacion,2026-01-26,cartola
18,AR,ARS,132722,53,Baja,pago aguas bonaerenses,28078,servicios,2026-01-17,natural
18,AR,ARS,132722,53,Baja,deb aut aguas cordobesas,13168,servicios,2026-01-02,cartola
18,AR,ARS,132722,53,Baja,pago libreria yenny,22961,educacion,2026-01-26,natural
18,AR,ARS,132722,53,Baja,dia% express suc,10553,alimentacion,2026-01-25,cartola
18,AR,ARS,132722,53,Baja,viaje en chevallier,34988,transporte,2026-01-23,natural
18,AR,ARS,132722,53,Baja,maderas ramos s.a.,40032,vivienda,2026-01-13,cartola
18,AR,ARS,132722,53,Baja,viaje en autopistas del oeste,18968,transporte,2026-01-05,natural
18,AR,ARS,132722,53,Baja,plusmar compra pos,11358,transporte,2026-01-15,cartola
18,AR,ARS,132722,53,Baja,deb aut edesal s.a.,21282,servicios,2026-01-02,cartola
18,AR,ARS,132722,53,Baja,viaje en peaje parque avellaneda,7700,transporte,2026-01-08,natural
18,AR,ARS,132722,53,Baja,suscripcion a netflix argentina,11189,streaming,2026-01-22,natural
18,AR,ARS,132722,53,Baja,deb aut megatlon suc,45265,ocio,2026-01-23,cartola
18,AR,ARS,132722,53,Baja,viaje en autopistas del oeste,14813,transporte,2026-01-11,natural
18,AR,ARS,132722,53,Baja,compra en carniceria el ombu,44083,alimentacion,2026-01-15,natural
18,AR,ARS,132722,53,Baja,deb aut gas nea pos,30740,servicios,2026-01-02,cartola
18,AR,ARS,132722,53,Baja,pago zonaprop,42560,vivienda,2026-01-21,natural
18,AR,ARS,132722,53,Baja,ar.deb.aut. itba suc,11276,educacion,2026-01-04,cartola
18,AR,ARS,132722,53,Baja,deb aut edenor s.a.,41744,servicios,2026-01-11,cartola
18,AR,ARS,132722,53,Baja,naturgy pago compra,11486,servicios,2026-01-02,cartola
18,AR,ARS,132722,53,Baja,clinica mater dei compra,45001,salud,2026-01-06,cartola
18,AR,ARS,132722,53,Baja,compra en medicus,27058,salud,2026-01-04,natural
18,AR,ARS,132722,53,Baja,mp*netflix argentina,8223,streaming,2026-01-04,cartola
18,AR,ARS,132722,53,Baja,carga bencina en shell,30505,transporte,2026-01-27,natural
18,AR,ARS,132722,53,Baja,luna park entradas,28846,ocio,2026-01-05,cartola
18,AR,ARS,132722,53,Baja,deb aut claro hogar,30364,servicios,2026-01-15,cartola
18,AR,ARS,132722,53,Baja,suscripcion a teatro colon,19121,ocio,2026-01-10,natural
18,AR,ARS,132722,53,Baja,mercadopago*elgalpon,10537,alimentacion,2026-01-04,cartola
18,AR,ARS,132722,53,Baja,corredores viales compra,22588,transporte,2026-01-07,cartola
18,AR,ARS,132722,53,Baja,prevencion salud compra,28650,salud,2026-01-06,cartola
18,AR,ARS,132722,53,Baja,pago ferreteria industrial,43018,vivienda,2026-01-16,natural
18,AR,ARS,132722,53,Baja,pago en hospital italiano,43444,salud,2026-01-02,natural
18,AR,ARS,132722,53,Baja,deb aut edenor s.a.,39585,servicios,2026-01-06,cartola
18,AR,ARS,132722,53,Baja,teatro gran rex entradas,40776,ocio,2026-01-18,cartola
18,AR,ARS,132722,53,Baja,pago en clinica suizo argentina,46112,salud,2026-01-03,natural
18,AR,ARS,132722,53,Baja,giro rapipago recauda,11253,servicios,2026-01-02,cartola
18,AR,ARS,132722,53,Baja,pago ligier pinturerias,30080,vivienda,2026-01-03,natural
18,AR,ARS,132722,53,Baja,peaje pacheco ausol,2876,transporte,2026-01-05,cartola
18,AR,ARS,132722,53,Baja,pago gas nea,39553,servicios,2026-01-05,natural
18,AR,ARS,132722,53,Baja,suscripcion a disney plus argentina,8184,streaming,2026-01-24,natural
18,AR,ARS,132722,53,Baja,viaje en sube,5604,transporte,2026-01-06,natural
18,AR,ARS,132722,53,Baja,viaje en peaje larena,7240,transporte,2026-01-22,natural
18,AR,ARS,132722,53,Baja,carga bencina en corredores viales,2211,transporte,2026-01-05,natural
18,AR,ARS,132722,53,Baja,compra en diarco,33966,alimentacion,2026-01-08,natural
18,AR,ARS,132722,53,Baja,coto suc,45148,alimentacion,2026-01-03,cartola
18,AR,ARS,132722,53,Baja,deb aut claro hogar,36513,servicios,2026-01-07,cartola
18,AR,ARS,132722,53,Baja,pago camuzzi gas pampeana,27057,servicios,2026-01-29,natural
18,AR,ARS,132722,53,Baja,mp*max hbo argentina,11083,ocio,2026-01-02,cartola
18,AR,ARS,132722,53,Baja,la birra bar pos,22273,alimentacion,2026-01-25,cartola
18,AR,ARS,132722,53,Baja,mp*netflix argentina,12801,streaming,2026-01-11,cartola
18,AR,ARS,132722,53,Baja,parque de la costa comp,44306,ocio,2026-01-10,cartola
18,AR,ARS,132722,53,Baja,diagnostico maipu compra,41209,salud,2026-01-15,cartola
18,AR,ARS,132722,53,Baja,pagomiscuentas aysa deb,6833,servicios,2026-01-05,cartola
18,AR,ARS,132722,53,Baja,uba tasas inscripcion,34023,educacion,2026-01-22,cartola
18,AR,ARS,132722,53,Baja,niceto club entradas,37129,ocio,2026-01-13,cartola
18,AR,ARS,132722,53,Baja,pago tarjeta naranja,43915,otros,2026-01-02,natural
18,AR,ARS,132722,53,Baja,pago arba impuestos,37809,otros,2026-01-13,natural
18,AR,ARS,132722,53,Baja,pago litoral gas,33599,servicios,2026-01-22,natural
18,AR,ARS,132722,53,Baja,la continental pizza,43906,alimentacion,2026-01-24,cartola
18,AR,ARS,132722,53,Baja,pago aysa,23241,servicios,2026-01-14,natural
18,AR,ARS,132722,53,Baja,club de la birra suc,39702,alimentacion,2026-01-17,cartola
18,AR,ARS,132722,53,Baja,entrada a steam games argentina,41751,ocio,2026-01-06,natural
18,AR,ARS,132722,53,Baja,suscripcion a disney plus argentina,11824,streaming,2026-01-04,natural
18,AR,ARS,132722,53,Baja,antares compra pos,17931,alimentacion,2026-01-23,cartola
18,AR,ARS,132722,53,Baja,las cuartetas compra,39722,alimentacion,2026-01-09,cartola
18,AR,ARS,132722,53,Baja,pago banco patagonia,4654,otros,2026-01-25,natural
18,AR,ARS,132722,53,Baja,giro pago facil recauda,7218,servicios,2026-01-10,cartola
18,AR,ARS,132722,53,Baja,antares compra pos,12276,alimentacion,2026-01-13,cartola
18,AR,ARS,132722,53,Baja,cinemark hoyts compra,11703,ocio,2026-01-24,cartola
18,AR,ARS,132722,53,Baja,compra en farmacias selma,42603,salud,2026-01-10,natural
18,AR,ARS,132722,53,Baja,prestigio s.a. compra,25389,vivienda,2026-01-07,cartola
18,AR,ARS,132722,53,Baja,hospital aleman plan deb,45393,salud,2026-01-02,cartola
18,AR,ARS,132722,53,Baja,niceto club entradas,14304,ocio,2026-01-27,cartola
18,AR,ARS,132722,53,Baja,compra en carrefour,33564,alimentacion,2026-01-12,natural
18,AR,ARS,132722,53,Baja,banchero pizzeria suc,42113,alimentacion,2026-01-28,cartola
18,AR,ARS,132722,53,Baja,viaje en peaje alberti,2940,transporte,2026-01-21,natural
18,AR,ARS,132722,53,Baja,pagomiscuentas aysa deb,9401,servicios,2026-01-22,cartola
18,AR,ARS,132722,53,Baja,central oeste compra,43299,salud,2026-01-27,cartola
18,AR,ARS,132722,53,Baja,argenprop deb aut,17728,vivienda,2026-01-03,cartola
18,AR,ARS,132722,53,Baja,teatro colon entradas,11477,ocio,2026-01-11,cartola
18,AR,ARS,132722,53,Baja,pago movistar hogar argentina,37586,servicios,2026-01-29,natural
18,AR,ARS,132722,53,Baja,pago claro hogar argentina,14900,servicios,2026-01-29,natural
18,AR,ARS,132722,53,Baja,expensas online transfer,36385,vivienda,2026-01-21,cartola
18,AR,ARS,132722,53,Baja,pago en el cuartito,15266,alimentacion,2026-01-22,natural
18,AR,ARS,132722,53,Baja,havanna s.a. compra,18308,alimentacion,2026-01-12,cartola
18,AR,ARS,132722,53,Baja,edesur pago directo,19128,servicios,2026-01-28,cartola
18,AR,ARS,132722,53,Baja,suscripcion a disney plus argentina,11473,streaming,2026-01-17,natural
18,AR,ARS,132722,53,Baja,compra en rotiseria la querencia,44977,alimentacion,2026-01-13,natural
18,AR,ARS,132722,53,Baja,pago mercantil andina seguros,34600,otros,2026-01-19,natural
18,AR,ARS,132722,53,Baja,pago zonaprop,29728,vivienda,2026-01-03,natural
18,AR,ARS,132722,53,Baja,mercadopago*elprogreso,25954,vivienda,2026-01-11,cartola
18,AR,ARS,132722,53,Baja,pago telecentro,15702,servicios,2026-01-26,natural
18,AR,ARS,132722,53,Baja,pago personal flow,32504,servicios,2026-01-23,natural
18,AR,ARS,132722,53,Baja,mp*netflix argentina,14052,streaming,2026-01-14,cartola
18,AR,ARS,132722,53,Baja,deb aut edersa pos,18103,servicios,2026-01-15,cartola
18,AR,ARS,132722,53,Baja,argenprop deb aut,38701,vivienda,2026-01-21,cartola
18,AR,ARS,132722,53,Baja,deb aut la caja seguros,31527,otros,2026-01-15,cartola
18,AR,ARS,132722,53,Baja,telecentro debito directo,22603,servicios,2026-01-02,cartola
18,AR,ARS,132722,53,Baja,carga bencina en peaje parque avellaneda,6392,transporte,2026-01-29,natural
18,AR,ARS,132722,53,Baja,mp*netflix argentina,6255,streaming,2026-01-16,cartola
18,AR,ARS,132722,53,Baja,jumbo compra,25293,alimentacion,2026-01-22,cartola
18,AR,ARS,132722,53,Baja,pago claro hogar argentina,18501,servicios,2026-01-23,natural
18,AR,ARS,132722,53,Baja,supermercados vea,13005,alimentacion,2026-01-19,cartola
18,AR,ARS,132722,53,Baja,carga bencina en peaje debenedetti,4424,transporte,2026-01-16,natural
19,AR,ARS,244714,42,Alta,suscripcion a spotify argentina,8891,streaming,2026-01-18,natural
19,AR,ARS,244714,42,Alta,pago pagomiscuentas,72964,servicios,2026-01-13,natural
19,AR,ARS,244714,42,Alta,deb aut edersa pos,77728,servicios,2026-01-08,cartola
19,AR,ARS,244714,42,Alta,litoral gas debito pos,38216,servicios,2026-01-19,cartola
19,AR,ARS,244714,42,Alta,carga bencina en aubasa,13376,transporte,2026-01-03,natural
19,AR,ARS,244714,42,Alta,pago comisiones banco frances,22796,otros,2026-01-02,natural
19,AR,ARS,244714,42,Alta,sodimac s.a. compra,47428,vivienda,2026-01-14,cartola
19,AR,ARS,244714,42,Alta,axion energy suc,19827,transporte,2026-01-21,cartola
19,AR,ARS,244714,42,Alta,farmacity s.a. suc,55146,salud,2026-01-03,cartola
19,AR,ARS,244714,42,Alta,carga bencina en emova subte,4021,transporte,2026-01-23,natural
19,AR,ARS,244714,42,Alta,peaje hudson recaudacion,7750,transporte,2026-01-02,cartola
19,AR,ARS,244714,42,Alta,pago pagomiscuentas,36410,servicios,2026-01-26,natural
19,AR,ARS,244714,42,Alta,compra en banchero,35947,alimentacion,2026-01-27,natural
19,AR,ARS,244714,42,Alta,pago en freddo,24836,alimentacion,2026-01-15,natural
19,AR,ARS,244714,42,Alta,pago colegio champagnat,52844,educacion,2026-01-14,natural
19,AR,ARS,244714,42,Alta,pago ferreteria el progreso,11642,vivienda,2026-01-27,natural
19,AR,ARS,244714,42,Alta,suscripcion a spotify argentina,3200,streaming,2026-01-12,natural
19,AR,ARS,244714,42,Alta,utn cuotas academicas,55949,educacion,2026-01-23,cartola
19,AR,ARS,244714,42,Alta,peaje pacheco ausol,6980,transporte,2026-01-11,cartola
19,AR,ARS,244714,42,Alta,cuspide suc compra,61788,educacion,2026-01-07,cartola
19,AR,ARS,244714,42,Alta,farmacity s.a. suc,62659,salud,2026-01-03,cartola
19,AR,ARS,244714,42,Alta,comafi cargo mant cta,8338,otros,2026-01-20,cartola
19,AR,ARS,244714,42,Alta,pago movistar hogar argentina,51998,servicios,2026-01-16,natural
19,AR,ARS,244714,42,Alta,mi barrio compra,31279,alimentacion,2026-01-29,cartola
19,AR,ARS,244714,42,Alta,mercadopago*elprogreso,44309,vivienda,2026-01-29,cartola
19,AR,ARS,244714,42,Alta,showcase ar compra pos,13124,ocio,2026-01-03,cartola
19,AR,ARS,244714,42,Alta,compra en almacen de barrio,16428,alimentacion,2026-01-19,natural
19,AR,ARS,244714,42,Alta,suscripcion a netflix argentina,9244,streaming,2026-01-23,natural
19,AR,ARS,244714,42,Alta,pago provincia net,73836,servicios,2026-01-13,natural
19,AR,ARS,244714,42,Alta,mercadopago*almacen,16542,alimentacion,2026-01-04,cartola
19,AR,ARS,244714,42,Alta,autop. del oeste compra,20689,transporte,2026-01-28,cartola
19,AR,ARS,244714,42,Alta,suscripcion a netflix argentina,11987,streaming,2026-01-02,natural
19,AR,ARS,244714,42,Alta,peaje illia ausa,2475,transporte,2026-01-15,cartola
19,AR,ARS,244714,42,Alta,pago provincia net,64693,servicios,2026-01-21,natural
19,AR,ARS,244714,42,Alta,grido helados compra,5461,alimentacion,2026-01-06,cartola
19,AR,ARS,244714,42,Alta,pago edenor,25924,servicios,2026-01-18,natural
19,AR,ARS,244714,42,Alta,suscripcion a disney plus argentina,8163,streaming,2026-01-08,natural
19,AR,ARS,244714,42,Alta,compra en sanatorio otamendi,52136,salud,2026-01-14,natural
19,AR,ARS,244714,42,Alta,pago edet tucuman,25281,servicios,2026-01-20,natural
19,AR,ARS,244714,42,Alta,pago consorcio caballito,69308,vivienda,2026-01-19,natural
19,AR,ARS,244714,42,Alta,mp*disney plus arg,10538,streaming,2026-01-17,cartola
19,AR,ARS,244714,42,Alta,deb aut on fit gimnasios,30451,ocio,2026-01-08,cartola
19,AR,ARS,244714,42,Alta,deb aut claro hogar,25992,servicios,2026-01-27,cartola
19,AR,ARS,244714,42,Alta,provincia net recauda,33263,servicios,2026-01-25,cartola
19,AR,ARS,244714,42,Alta,pago banco patagonia,15782,otros,2026-01-13,natural
19,AR,ARS,244714,42,Alta,mercadopago*elgalpon,20568,alimentacion,2026-01-13,cartola
19,AR,ARS,244714,42,Alta,teatro opera entradas,42192,ocio,2026-01-15,cartola
19,AR,ARS,244714,42,Alta,carga bencina en peaje alberti,4386,transporte,2026-01-26,natural
19,AR,ARS,244714,42,Alta,pago edesal san luis,30106,servicios,2026-01-12,natural
19,AR,ARS,244714,42,Alta,axion energy suc,65543,transporte,2026-01-06,cartola
19,AR,ARS,244714,42,Alta,pago colegio ward,60213,educacion,2026-01-16,natural
19,AR,ARS,244714,42,Alta,vital s.a. pos,67435,alimentacion,2026-01-19,cartola
19,AR,ARS,244714,42,Alta,mp*spotify argentina,8585,streaming,2026-01-29,cartola
19,AR,ARS,244714,42,Alta,compra en el noble,5784,alimentacion,2026-01-06,natural
19,AR,ARS,244714,42,Alta,pago ligier pinturerias,65870,vivienda,2026-01-06,natural
19,AR,ARS,244714,42,Alta,compra en sanatorio guemes,51645,salud,2026-01-12,natural
19,AR,ARS,244714,42,Alta,pago pagomiscuentas,79526,servicios,2026-01-25,natural
19,AR,ARS,244714,42,Alta,pago en pani,33262,alimentacion,2026-01-22,natural
19,AR,ARS,244714,42,Alta,opticas lof compra,69106,salud,2026-01-17,cartola
19,AR,ARS,244714,42,Alta,suscripcion a disney plus argentina,5502,streaming,2026-01-06,natural
19,AR,ARS,244714,42,Alta,pago gas nea,56480,servicios,2026-01-14,natural
19,AR,ARS,244714,42,Alta,viaje en cabify,19668,transporte,2026-01-26,natural
19,AR,ARS,244714,42,Alta,starbucks s.a. pos,19664,alimentacion,2026-01-20,cartola
19,AR,ARS,244714,42,Alta,pago ligier pinturerias,81614,vivienda,2026-01-11,natural
19,AR,ARS,244714,42,Alta,autop. del oeste compra,26815,transporte,2026-01-06,cartola
19,AR,ARS,244714,42,Alta,pani deli compra,57905,alimentacion,2026-01-18,cartola
19,AR,ARS,244714,42,Alta,trenes argentinos pos,3075,transporte,2026-01-11,cartola
19,AR,ARS,244714,42,Alta,papa johns pizza,14973,alimentacion,2026-01-09,cartola
19,AR,ARS,244714,42,Alta,pago claro hogar argentina,27001,servicios,2026-01-09,natural
19,AR,ARS,244714,42,Alta,mp*amazon prime arg,3786,ocio,2026-01-28,cartola
19,AR,ARS,244714,42,Alta,pago consorcioabierto,31792,vivienda,2026-01-19,natural
19,AR,ARS,244714,42,Alta,octavo piso expensas,25436,vivienda,2026-01-28,cartola
19,AR,ARS,244714,42,Alta,pago en burger king,15235,alimentacion,2026-01-25,natural
19,AR,ARS,244714,42,Alta,farmacias selma pos,64486,salud,2026-01-05,cartola
19,AR,ARS,244714,42,Alta,suscripcion a netflix argentina,12281,streaming,2026-01-10,natural
19,AR,ARS,244714,42,Alta,compra en maxiconsumo,53248,alimentacion,2026-01-13,natural
19,AR,ARS,244714,42,Alta,pago epen neuquen,41155,servicios,2026-01-07,natural
19,AR,ARS,244714,42,Alta,pago pinturerias rex,74436,vivienda,2026-01-24,natural
19,AR,ARS,244714,42,Alta,mp*netflix argentina,12100,streaming,2026-01-24,cartola
19,AR,ARS,244714,42,Alta,pago pagomiscuentas,26955,servicios,2026-01-22,natural
19,AR,ARS,244714,42,Alta,suscripcion a passline argentina,29940,ocio,2026-01-23,natural
19,AR,ARS,244714,42,Alta,pedidosya compra,14924,alimentacion,2026-01-07,cartola
19,AR,ARS,244714,42,Alta,mp*spotify argentina,3579,streaming,2026-01-04,cartola
19,AR,ARS,244714,42,Alta,banco macro deb automatico,1304,otros,2026-01-17,cartola
19,AR,ARS,244714,42,Alta,deb aut univ s.andres,48976,educacion,2026-01-15,cartola
19,AR,ARS,244714,42,Alta,suscripcion a disney plus argentina,7115,streaming,2026-01-22,natural
19,AR,ARS,244714,42,Alta,carga bencina en plusmar,33601,transporte,2026-01-11,natural
19,AR,ARS,244714,42,Alta,entrada a smart fit argentina,44107,ocio,2026-01-19,natural
19,AR,ARS,244714,42,Alta,argenprop deb aut,38695,vivienda,2026-01-26,cartola
19,AR,ARS,244714,42,Alta,giro pago facil recauda,61611,servicios,2026-01-23,cartola
19,AR,ARS,244714,42,Alta,compra en farmacias vantage,65913,salud,2026-01-13,natural
19,AR,ARS,244714,42,Alta,suscripcion a disney plus argentina,5049,streaming,2026-01-28,natural
19,AR,ARS,244714,42,Alta,deb aut aguas cordobesas,45390,servicios,2026-01-09,cartola
19,AR,ARS,244714,42,Alta,wendys suc,22129,alimentacion,2026-01-29,cartola
19,AR,ARS,244714,42,Alta,pago edesur,83696,servicios,2026-01-23,natural
19,AR,ARS,244714,42,Alta,emova subte caba,8240,transporte,2026-01-10,cartola
19,AR,ARS,244714,42,Alta,pago movistar hogar argentina,43818,servicios,2026-01-22,natural
19,AR,ARS,244714,42,Alta,deb aut claro hogar,39336,servicios,2026-01-20,cartola
19,AR,ARS,244714,42,Alta,pago camuzzi gas pampeana,37027,servicios,2026-01-21,natural
19,AR,ARS,244714,42,Alta,suscripcion a amazon prime argentina,7955,ocio,2026-01-27,natural
19,AR,ARS,244714,42,Alta,compra en laboratorio stamboulian,53684,salud,2026-01-22,natural
19,AR,ARS,244714,42,Alta,compra en burger king,17865,alimentacion,2026-01-28,natural
19,AR,ARS,244714,42,Alta,pago ferreteria el progreso,22017,vivienda,2026-01-12,natural
19,AR,ARS,244714,42,Alta,compra en sanatorio guemes,52598,salud,2026-01-29,natural
19,AR,ARS,244714,42,Alta,pago en panaderia san jose,3179,alimentacion,2026-01-03,natural
19,AR,ARS,244714,42,Alta,starbucks s.a. pos,4294,alimentacion,2026-01-26,cartola
19,AR,ARS,244714,42,Alta,suscripcion a netflix argentina,9463,streaming,2026-01-22,natural
19,AR,ARS,244714,42,Alta,compra en opticas lof,47389,salud,2026-01-04,natural
19,AR,ARS,244714,42,Alta,consorcio palermo exp,36320,vivienda,2026-01-28,cartola
19,AR,ARS,244714,42,Alta,pago zonaprop,24524,vivienda,2026-01-08,natural
19,AR,ARS,244714,42,Alta,deb aut claro hogar,31215,servicios,2026-01-25,cartola
19,AR,ARS,244714,42,Alta,wendys suc,20537,alimentacion,2026-01-10,cartola
19,AR,ARS,244714,42,Alta,comafi cargo mant cta,13539,otros,2026-01-04,cartola
19,AR,ARS,244714,42,Alta,metrovias boleteria,5595,transporte,2026-01-11,cartola
19,AR,ARS,244714,42,Alta,deb aut camuzzi pampeana,76400,servicios,2026-01-02,cartola
19,AR,ARS,244714,42,Alta,pago federacion patronal seguros,64855,otros,2026-01-16,natural
19,AR,ARS,244714,42,Alta,viaje en ypf,67081,transporte,2026-01-13,natural
19,AR,ARS,244714,42,Alta,argenprop deb aut,50712,vivienda,2026-01-27,cartola
19,AR,ARS,244714,42,Alta,suscripcion a multiplex cines,8125,ocio,2026-01-29,natural
19,AR,ARS,244714,42,Alta,deb aut gas nea pos,40763,servicios,2026-01-14,cartola
19,AR,ARS,244714,42,Alta,suscripcion a smart fit argentina,35150,ocio,2026-01-03,natural
19,AR,ARS,244714,42,Alta,deb aut movistar hogar,38991,servicios,2026-01-12,cartola
19,AR,ARS,244714,42,Alta,pago edesur,52132,servicios,2026-01-29,natural
19,AR,ARS,244714,42,Alta,pago en el cuartito,21711,alimentacion,2026-01-19,natural
19,AR,ARS,244714,42,Alta,administracion san martin,40449,vivienda,2026-01-24,cartola
20,AR,ARS,262141,51,Alta,pago ferreteria el puente,26737,vivienda,2026-01-05,natural
20,AR,ARS,262141,51,Alta,central oeste compra,55241,salud,2026-01-02,cartola
20,AR,ARS,262141,51,Alta,pani deli compra,17961,alimentacion,2026-01-16,cartola
20,AR,ARS,262141,51,Alta,pago naturgy,13119,servicios,2026-01-07,natural
20,AR,ARS,262141,51,Alta,deb aut on fit gimnasios,31964,ocio,2026-01-29,cartola
20,AR,ARS,262141,51,Alta,alquileres argentina deb,40606,vivienda,2026-01-15,cartola
20,AR,ARS,262141,51,Alta,hsbc comision paquete deb,18920,otros,2026-01-13,cartola
20,AR,ARS,262141,51,Alta,ar.deb.aut. itba suc,11895,educacion,2026-01-23,cartola
20,AR,ARS,262141,51,Alta,viaje en peaje dock sud,4541,transporte,2026-01-17,natural
20,AR,ARS,262141,51,Alta,mercadopago*ferrind,27739,vivienda,2026-01-24,cartola
20,AR,ARS,262141,51,Alta,deb aut edenor s.a.,53640,servicios,2026-01-06,cartola
20,AR,ARS,262141,51,Alta,pago easy,50873,vivienda,2026-01-24,natural
20,AR,ARS,262141,51,Alta,el club de la milanesa,33694,alimentacion,2026-01-21,cartola
20,AR,ARS,262141,51,Alta,consorcioabierto expensas,34375,vivienda,2026-01-19,cartola
20,AR,ARS,262141,51,Alta,provincia net recauda,85420,servicios,2026-01-08,cartola
20,AR,ARS,262141,51,Alta,viaje en peaje alberti,2745,transporte,2026-01-13,natural
20,AR,ARS,262141,51,Alta,suscripcion a luna park,48390,ocio,2026-01-04,natural
20,AR,ARS,262141,51,Alta,deb aut univ palermo,50505,educacion,2026-01-07,cartola
20,AR,ARS,262141,51,Alta,viaje en puma energy,28607,transporte,2026-01-12,natural
20,AR,ARS,262141,51,Alta,colegio champagnat deb,42255,educacion,2026-01-27,cartola
20,AR,ARS,262141,51,Alta,suscripcion a disney plus argentina,9476,streaming,2026-01-07,natural
20,AR,ARS,262141,51,Alta,mostaza suc compra,12592,alimentacion,2026-01-27,cartola
20,AR,ARS,262141,51,Alta,mp*amazon prime arg,4350,ocio,2026-01-02,cartola
20,AR,ARS,262141,51,Alta,trenes argentinos pos,927,transporte,2026-01-27,cartola
20,AR,ARS,262141,51,Alta,clinica mater dei compra,75912,salud,2026-01-18,cartola
20,AR,ARS,262141,51,Alta,telecentro debito directo,51709,servicios,2026-01-26,cartola
20,AR,ARS,262141,51,Alta,hospital britanico compra,58264,salud,2026-01-18,cartola
20,AR,ARS,262141,51,Alta,viaje en axion energy,40036,transporte,2026-01-24,natural
20,AR,ARS,262141,51,Alta,el noble compra,23366,alimentacion,2026-01-24,cartola
20,AR,ARS,262141,51,Alta,pago edesal san luis,27760,servicios,2026-01-22,natural
20,AR,ARS,262141,51,Alta,viaje en ypf,62931,transporte,2026-01-25,natural
20,AR,ARS,262141,51,Alta,compra en clinica suizo argentina,81686,salud,2026-01-14,natural
20,AR,ARS,262141,51,Alta,osecac cuota directa,15699,salud,2026-01-13,cartola
20,AR,ARS,262141,51,Alta,easy compra internet,86832,vivienda,2026-01-05,cartola
20,AR,ARS,262141,51,Alta,pago movistar hogar argentina,44951,servicios,2026-01-03,natural
20,AR,ARS,262141,51,Alta,la trastienda compra pos,72748,ocio,2026-01-24,cartola
20,AR,ARS,262141,51,Alta,mp*spotify argentina,7622,streaming,2026-01-20,cartola
20,AR,ARS,262141,51,Alta,pago edersa rio negro,75709,servicios,2026-01-17,natural
20,AR,ARS,262141,51,Alta,compra en pani,52437,alimentacion,2026-01-03,natural
20,AR,ARS,262141,51,Alta,clinica suizo argentina,91747,salud,2026-01-25,cartola
20,AR,ARS,262141,51,Alta,antares compra pos,16127,alimentacion,2026-01-28,cartola
20,AR,ARS,262141,51,Alta,pago edesur,68114,servicios,2026-01-12,natural
20,AR,ARS,262141,51,Alta,compra en verduleria don carlos,11592,alimentacion,2026-01-22,natural
20,AR,ARS,262141,51,Alta,entrada a cinemark hoyts,16900,ocio,2026-01-24,natural
20,AR,ARS,262141,51,Alta,pago en carniceria el ombu,58005,alimentacion,2026-01-15,natural
20,AR,ARS,262141,51,Alta,deb aut edesal s.a.,20058,servicios,2026-01-28,cartola
20,AR,ARS,262141,51,Alta,pagomiscuentas aysa deb,52772,servicios,2026-01-07,cartola
20,AR,ARS,262141,51,Alta,galeno cobertura deb,42501,salud,2026-01-18,cartola
20,AR,ARS,262141,51,Alta,compra en sanatorio finochietto,88944,salud,2026-01-11,natural
20,AR,ARS,262141,51,Alta,peaje hudson aubasa,3428,transporte,2026-01-20,cartola
20,AR,ARS,262141,51,Alta,pago metrogas,82211,servicios,2026-01-05,natural
20,AR,ARS,262141,51,Alta,flow telecom compra,29326,servicios,2026-01-20,cartola
20,AR,ARS,262141,51,Alta,suscripcion a cinemark hoyts,11548,ocio,2026-01-22,natural
20,AR,ARS,262141,51,Alta,central oeste compra,38339,salud,2026-01-23,cartola
20,AR,ARS,262141,51,Alta,playstation psn ar comp,22397,ocio,2026-01-14,cartola
20,AR,ARS,262141,51,Alta,mp*netflix argentina,9570,streaming,2026-01-12,cartola
20,AR,ARS,262141,51,Alta,opticas lof compra,36673,salud,2026-01-08,cartola
20,AR,ARS,262141,51,Alta,pago en papa john's,14498,alimentacion,2026-01-04,natural
20,AR,ARS,262141,51,Alta,consorcio caballito exp,51829,vivienda,2026-01-22,cartola
20,AR,ARS,262141,51,Alta,administracion san martin,47344,vivienda,2026-01-28,cartola
20,AR,ARS,262141,51,Alta,inscripcion en universidad de belgrano ub,37876,educacion,2026-01-13,natural
20,AR,ARS,262141,51,Alta,niceto club entradas,26919,ocio,2026-01-24,cartola
20,AR,ARS,262141,51,Alta,pago banco hsbc,4773,otros,2026-01-10,natural
20,AR,ARS,262141,51,Alta,carga bencina en telepase autopistas,3530,transporte,2026-01-17,natural
20,AR,ARS,262141,51,Alta,mercadopago*elombu,52335,alimentacion,2026-01-14,cartola
20,AR,ARS,262141,51,Alta,entrada a showcase cinemas,16063,ocio,2026-01-29,natural
20,AR,ARS,262141,51,Alta,flow telecom compra,73234,servicios,2026-01-12,cartola
20,AR,ARS,262141,51,Alta,entrada a max hbo argentina,7065,ocio,2026-01-07,natural
20,AR,ARS,262141,51,Alta,consorcioabierto expensas,79286,vivienda,2026-01-27,cartola
20,AR,ARS,262141,51,Alta,entrada a parque de la costa,49746,ocio,2026-01-17,natural
20,AR,ARS,262141,51,Alta,deb aut movistar hogar,59406,servicios,2026-01-12,cartola
20,AR,ARS,262141,51,Alta,alquileres argentina deb,59672,vivienda,2026-01-09,cartola
20,AR,ARS,262141,51,Alta,litoral gas debito pos,22136,servicios,2026-01-26,cartola
20,AR,ARS,262141,51,Alta,carga bencina en peaje samborombon,4782,transporte,2026-01-18,natural
20,AR,ARS,262141,51,Alta,compra en starbucks,10003,alimentacion,2026-01-06,natural
20,AR,ARS,262141,51,Alta,entrada a ticketek,22051,ocio,2026-01-27,natural
20,AR,ARS,262141,51,Alta,provincia net recauda,63124,servicios,2026-01-16,cartola
20,AR,ARS,262141,51,Alta,pago en diarco,43133,alimentacion,2026-01-11,natural
20,AR,ARS,262141,51,Alta,kfc suc,11662,alimentacion,2026-01-25,cartola
20,AR,ARS,262141,51,Alta,viaje en peaje larena,6549,transporte,2026-01-02,natural
20,AR,ARS,262141,51,Alta,maderas ramos s.a.,38095,vivienda,2026-01-23,cartola
20,AR,ARS,262141,51,Alta,smg medicina prepaga deb,62444,salud,2026-01-14,cartola
20,AR,ARS,262141,51,Alta,pago edersa rio negro,45816,servicios,2026-01-14,natural
20,AR,ARS,262141,51,Alta,dean & dennys suc,36646,alimentacion,2026-01-26,cartola
20,AR,ARS,262141,51,Alta,viaje en autopistas del sol ausol,28862,transporte,2026-01-21,natural
20,AR,ARS,262141,51,Alta,central oeste compra,51464,salud,2026-01-25,cartola
20,AR,ARS,262141,51,Alta,pago zara argentina,54528,otros,2026-01-26,natural
20,AR,ARS,262141,51,Alta,carga bencina en aubasa,7068,transporte,2026-01-21,natural
20,AR,ARS,262141,51,Alta,pago colegio san martin,81265,educacion,2026-01-17,natural
20,AR,ARS,262141,51,Alta,burger king pos,15893,alimentacion,2026-01-12,cartola
20,AR,ARS,262141,51,Alta,farmacias vantage suc,60798,salud,2026-01-11,cartola
20,AR,ARS,262141,51,Alta,opticas lof compra,75000,salud,2026-01-15,cartola
20,AR,ARS,262141,51,Alta,pago en persicco,39404,alimentacion,2026-01-27,natural
20,AR,ARS,262141,51,Alta,pago en las cuartetas,15145,alimentacion,2026-01-27,natural
20,AR,ARS,262141,51,Alta,flow telecom compra,59815,servicios,2026-01-18,cartola
20,AR,ARS,262141,51,Alta,hospital italiano socio,40759,salud,2026-01-23,cartola
20,AR,ARS,262141,51,Alta,stamboulian labs,17144,salud,2026-01-10,cartola
20,AR,ARS,262141,51,Alta,suscripcion a netflix argentina,14889,streaming,2026-01-18,natural
20,AR,ARS,262141,51,Alta,hospital britanico compra,81663,salud,2026-01-19,cartola
20,AR,ARS,262141,51,Alta,pago megatone,38440,otros,2026-01-29,natural
20,AR,ARS,262141,51,Alta,mp*amazon prime arg,3056,ocio,2026-01-24,cartola
20,AR,ARS,262141,51,Alta,inscripcion en universidad de san andres,36365,educacion,2026-01-15,natural
20,AR,ARS,262141,51,Alta,papa johns pizza,7305,alimentacion,2026-01-17,cartola
20,AR,ARS,262141,51,Alta,pago sodimac,90555,vivienda,2026-01-15,natural
20,AR,ARS,262141,51,Alta,viaje en autopistas del sol ausol,27127,transporte,2026-01-07,natural
20,AR,ARS,262141,51,Alta,metrovias boleteria,1143,transporte,2026-01-11,cartola
20,AR,ARS,262141,51,Alta,teatro opera entradas,26638,ocio,2026-01-03,cartola
20,AR,ARS,262141,51,Alta,alquileres argentina deb,56294,vivienda,2026-01-19,cartola
20,AR,ARS,262141,51,Alta,pago en banchero,16979,alimentacion,2026-01-10,natural
20,AR,ARS,262141,51,Alta,viaje en flecha bus,46994,transporte,2026-01-03,natural
20,AR,ARS,262141,51,Alta,grido helados compra,5254,alimentacion,2026-01-25,cartola
20,AR,ARS,262141,51,Alta,suscripcion a max hbo argentina,10257,ocio,2026-01-12,natural
20,AR,ARS,262141,51,Alta,deb aut epen neuquen,51581,servicios,2026-01-02,cartola
20,AR,ARS,262141,51,Alta,compra en pani,26833,alimentacion,2026-01-28,natural
20,AR,ARS,262141,51,Alta,pago naturgy,33119,servicios,2026-01-21,natural
20,AR,ARS,262141,51,Alta,mercadopago*elprogreso,6200,vivienda,2026-01-17,cartola
20,AR,ARS,262141,51,Alta,corredores viales compra,16317,transporte,2026-01-24,cartola
20,AR,ARS,262141,51,Alta,pago movistar hogar argentina,44870,servicios,2026-01-07,natural
20,AR,ARS,262141,51,Alta,puntoticket compra,15662,ocio,2026-01-02,cartola
20,AR,ARS,262141,51,Alta,deb aut edesal s.a.,29008,servicios,2026-01-16,cartola
20,AR,ARS,262141,51,Alta,colegio ward compra cuota,90651,educacion,2026-01-09,cartola
20,AR,ARS,262141,51,Alta,cafe martinez suc,6621,alimentacion,2026-01-11,cartola
20,AR,ARS,262141,51,Alta,mp*disney plus arg,10774,streaming,2026-01-15,cartola
20,AR,ARS,262141,51,Alta,teatro colon entradas,80969,ocio,2026-01-19,cartola
20,AR,ARS,262141,51,Alta,havanna s.a. compra,14974,alimentacion,2026-01-16,cartola
21,AR,ARS,150407,13,Baja,antares compra pos,40200,alimentacion,2026-01-24,cartola
21,AR,ARS,150407,13,Baja,freddo helados compra,22757,alimentacion,2026-01-23,cartola
21,AR,ARS,150407,13,Baja,metrogas debito aut,49378,servicios,2026-01-13,cartola
21,AR,ARS,150407,13,Baja,pani deli compra,44707,alimentacion,2026-01-11,cartola
21,AR,ARS,150407,13,Baja,deb aut epec cordoba,45630,servicios,2026-01-21,cartola
21,AR,ARS,150407,13,Baja,inscripcion en colegio marin,24548,educacion,2026-01-26,natural
21,AR,ARS,150407,13,Baja,compra en papa john's,24233,alimentacion,2026-01-14,natural
21,AR,ARS,150407,13,Baja,pago aysa,29800,servicios,2026-01-05,natural
21,AR,ARS,150407,13,Baja,compra en swiss medical,8754,salud,2026-01-29,natural
21,AR,ARS,150407,13,Baja,pago en mi barrio hamburgueseria,29566,alimentacion,2026-01-13,natural
21,AR,ARS,150407,13,Baja,giro pago facil recauda,42272,servicios,2026-01-26,cartola
21,AR,ARS,150407,13,Baja,pago en farmacia azul,47531,salud,2026-01-18,natural
21,AR,ARS,150407,13,Baja,pago alquileres argentina,43688,vivienda,2026-01-26,natural
21,AR,ARS,150407,13,Baja,pago consorcio edificio belgrano,35143,vivienda,2026-01-14,natural
21,AR,ARS,150407,13,Baja,carga bencina en peaje hudson,4236,transporte,2026-01-23,natural
21,AR,ARS,150407,13,Baja,pago rapipago,41021,servicios,2026-01-15,natural
21,AR,ARS,150407,13,Baja,coto suc,52558,alimentacion,2026-01-21,cartola
21,AR,ARS,150407,13,Baja,entrada a multiplex cines,24646,ocio,2026-01-02,natural
21,AR,ARS,150407,13,Baja,viaje en didi argentina,7954,transporte,2026-01-23,natural
21,AR,ARS,150407,13,Baja,pago en grido helados,4744,alimentacion,2026-01-19,natural
21,AR,ARS,150407,13,Baja,octavo piso expensas,30288,vivienda,2026-01-25,cartola
21,AR,ARS,150407,13,Baja,pago telecom fibertel,48944,servicios,2026-01-12,natural
21,AR,ARS,150407,13,Baja,supermercados vea,10024,alimentacion,2026-01-16,cartola
21,AR,ARS,150407,13,Baja,pago expensas online,34537,vivienda,2026-01-16,natural
21,AR,ARS,150407,13,Baja,pago argenprop,49584,vivienda,2026-01-09,natural
21,AR,ARS,150407,13,Baja,pago blaisten,15451,vivienda,2026-01-29,natural
21,AR,ARS,150407,13,Baja,pinturas alba compra suc,37252,vivienda,2026-01-15,cartola
21,AR,ARS,150407,13,Baja,pago megatone,50007,otros,2026-01-17,natural
21,AR,ARS,150407,13,Baja,pago edesur,29199,servicios,2026-01-13,natural
21,AR,ARS,150407,13,Baja,pago en osecac,48525,salud,2026-01-15,natural
21,AR,ARS,150407,13,Baja,pago naturgy,17567,servicios,2026-01-25,natural
21,AR,ARS,150407,13,Baja,kentucky pizza pos,30271,alimentacion,2026-01-09,cartola
21,AR,ARS,150407,13,Baja,deb aut personal flow,32334,servicios,2026-01-22,cartola
21,AR,ARS,150407,13,Baja,suscripcion a spotify argentina,9866,streaming,2026-01-26,natural
21,AR,ARS,150407,13,Baja,ausol aut. del sol,24583,transporte,2026-01-27,cartola
21,AR,ARS,150407,13,Baja,rex pinturerias compra,52239,vivienda,2026-01-03,cartola
21,AR,ARS,150407,13,Baja,pagomiscuentas aysa deb,39195,servicios,2026-01-09,cartola
21,AR,ARS,150407,13,Baja,pago gas nea,31771,servicios,2026-01-24,natural
21,AR,ARS,150407,13,Baja,le pain quotidien suc,27971,alimentacion,2026-01-16,cartola
21,AR,ARS,150407,13,Baja,mp*amazon prime arg,8694,ocio,2026-01-21,cartola
21,AR,ARS,150407,13,Baja,carga bencina en emova subte,5215,transporte,2026-01-29,natural
21,AR,ARS,150407,13,Baja,viaje en autopistas del sol ausol,6861,transporte,2026-01-13,natural
21,AR,ARS,150407,13,Baja,suscripcion a disney plus argentina,11128,streaming,2026-01-17,natural
21,AR,ARS,150407,13,Baja,entrada a steam games argentina,26558,ocio,2026-01-18,natural
21,AR,ARS,150407,13,Baja,pago en optica pförtner,49801,salud,2026-01-07,natural
21,AR,ARS,150407,13,Baja,pago alquileres argentina,40233,vivienda,2026-01-12,natural
21,AR,ARS,150407,13,Baja,uber* trip argentina,10350,transporte,2026-01-21,cartola
21,AR,ARS,150407,13,Baja,naturgy pago compra,50598,servicios,2026-01-17,cartola
21,AR,ARS,150407,13,Baja,pago administracion san martin,25399,vivienda,2026-01-25,natural
21,AR,ARS,150407,13,Baja,peaje larena ausol,2269,transporte,2026-01-05,cartola
21,AR,ARS,150407,13,Baja,giro cajero red link,6403,otros,2026-01-19,cartola
21,AR,ARS,150407,13,Baja,pago camuzzi gas pampeana,15206,servicios,2026-01-16,natural
21,AR,ARS,150407,13,Baja,deb aut univ di tella,17540,educacion,2026-01-25,cartola
21,AR,ARS,150407,13,Baja,la continental pizza,23062,alimentacion,2026-01-24,cartola
21,AR,ARS,150407,13,Baja,sodimac s.a. compra,51920,vivienda,2026-01-10,cartola
21,AR,ARS,150407,13,Baja,compra en mcdonald's,10172,alimentacion,2026-01-18,natural
21,AR,ARS,150407,13,Baja,uber* trip argentina,10457,transporte,2026-01-26,cartola
21,AR,ARS,150407,13,Baja,pago libreria cp67,12440,educacion,2026-01-12,natural
21,AR,ARS,150407,13,Baja,metrogas debito aut,20872,servicios,2026-01-16,cartola
21,AR,ARS,150407,13,Baja,compra en mcdonald's,12545,alimentacion,2026-01-21,natural
21,AR,ARS,150407,13,Baja,pago consorcio caballito,28314,vivienda,2026-01-25,natural
21,AR,ARS,150407,13,Baja,pago edet tucuman,27766,servicios,2026-01-02,natural
21,AR,ARS,150407,13,Baja,metrovias boleteria,5926,transporte,2026-01-22,cartola
21,AR,ARS,150407,13,Baja,pago en almacen de barrio,17836,alimentacion,2026-01-10,natural
21,AR,ARS,150407,13,Baja,telecentro debito directo,37357,servicios,2026-01-19,cartola
21,AR,ARS,150407,13,Baja,administracion san martin,39419,vivienda,2026-01-26,cartola
21,AR,ARS,150407,13,Baja,deb aut aguas cordobesas,6427,servicios,2026-01-18,cartola
21,AR,ARS,150407,13,Baja,consorcioabierto expensas,35858,vivienda,2026-01-15,cartola
21,AR,ARS,150407,13,Baja,mp*max hbo argentina,11261,ocio,2026-01-23,cartola
21,AR,ARS,150407,13,Baja,pago consorcioabierto,36343,vivienda,2026-01-08,natural
21,AR,ARS,150407,13,Baja,viaje en autopistas del sol ausol,12486,transporte,2026-01-05,natural
21,AR,ARS,150407,13,Baja,suscripcion a disney plus argentina,5722,streaming,2026-01-12,natural
21,AR,ARS,150407,13,Baja,compra en mi barrio hamburgueseria,18483,alimentacion,2026-01-21,natural
21,AR,ARS,150407,13,Baja,entrada a teatro colon,43847,ocio,2026-01-26,natural
21,AR,ARS,150407,13,Baja,mp*netflix argentina,9306,streaming,2026-01-29,cartola
21,AR,ARS,150407,13,Baja,provincia net recauda,12501,servicios,2026-01-25,cartola
21,AR,ARS,150407,13,Baja,centro rossi compra pos,32666,salud,2026-01-15,cartola
21,AR,ARS,150407,13,Baja,inscripcion en colegio cardinal newman,1875,educacion,2026-01-03,natural
21,AR,ARS,150407,13,Baja,pago arba impuestos,47322,otros,2026-01-26,natural
21,AR,ARS,150407,13,Baja,peaje alberti ausa,3884,transporte,2026-01-23,cartola
21,AR,ARS,150407,13,Baja,mp*spotify argentina,9320,streaming,2026-01-12,cartola
21,AR,ARS,150407,13,Baja,compra en avalian,22848,salud,2026-01-27,natural
21,AR,ARS,150407,13,Baja,carga bencina en plusmar,38842,transporte,2026-01-04,natural
21,AR,ARS,150407,13,Baja,autop. del oeste compra,25686,transporte,2026-01-25,cartola
21,AR,ARS,150407,13,Baja,inscripcion en universidad tecnologica nacional utn,45599,educacion,2026-01-09,natural
21,AR,ARS,150407,13,Baja,peaje dock sud acc,4572,transporte,2026-01-03,cartola
21,AR,ARS,150407,13,Baja,puntoticket compra,50251,ocio,2026-01-11,cartola
21,AR,ARS,150407,13,Baja,maxiconsumo s.a.,37424,alimentacion,2026-01-26,cartola
21,AR,ARS,150407,13,Baja,suscripcion a netflix argentina,7464,streaming,2026-01-19,natural
21,AR,ARS,150407,13,Baja,pago en kfc,15742,alimentacion,2026-01-19,natural
21,AR,ARS,150407,13,Baja,prestigio s.a. compra,19432,vivienda,2026-01-26,cartola
21,AR,ARS,150407,13,Baja,pago en heisenburger,28913,alimentacion,2026-01-29,natural
21,AR,ARS,150407,13,Baja,compra en laboratorio stamboulian,39218,salud,2026-01-07,natural
21,AR,ARS,150407,13,Baja,didi* trip argentina,17599,transporte,2026-01-08,cartola
21,AR,ARS,150407,13,Baja,input entradas bar,26975,ocio,2026-01-25,cartola
21,AR,ARS,150407,13,Baja,pago aysa,12811,servicios,2026-01-14,natural
21,AR,ARS,150407,13,Baja,edesur pago directo,44629,servicios,2026-01-18,cartola
21,AR,ARS,150407,13,Baja,pago en sanatorio otamendi,51790,salud,2026-01-27,natural
21,AR,ARS,150407,13,Baja,pago pinturerias prestigio,39872,vivienda,2026-01-20,natural
21,AR,ARS,150407,13,Baja,mercadopago*elgalpon,29578,alimentacion,2026-01-07,cartola
21,AR,ARS,150407,13,Baja,pago metrogas,45612,servicios,2026-01-26,natural
21,AR,ARS,150407,13,Baja,pago en las cuartetas,36742,alimentacion,2026-01-16,natural
21,AR,ARS,150407,13,Baja,pago epen neuquen,21974,servicios,2026-01-07,natural
21,AR,ARS,150407,13,Baja,entrada a teatro colon,39756,ocio,2026-01-02,natural
21,AR,ARS,150407,13,Baja,pago en medicus,1920,salud,2026-01-02,natural
21,AR,ARS,150407,13,Baja,cafe martinez suc,9998,alimentacion,2026-01-29,cartola
21,AR,ARS,150407,13,Baja,carga bencina en peaje larena,4675,transporte,2026-01-26,natural
21,AR,ARS,150407,13,Baja,pago provincia net,49851,servicios,2026-01-08,natural
21,AR,ARS,150407,13,Baja,deb aut personal flow,35216,servicios,2026-01-02,cartola
21,AR,ARS,150407,13,Baja,pago sodimac,20344,vivienda,2026-01-12,natural
21,AR,ARS,150407,13,Baja,telecentro debito directo,28684,servicios,2026-01-07,cartola
21,AR,ARS,150407,13,Baja,compra en galeno,16772,salud,2026-01-26,natural
21,AR,ARS,150407,13,Baja,farmacias selma pos,33812,salud,2026-01-14,cartola
21,AR,ARS,150407,13,Baja,pani deli compra,23669,alimentacion,2026-01-16,cartola
21,AR,ARS,150407,13,Baja,compra en swiss medical,14980,salud,2026-01-04,natural
21,AR,ARS,150407,13,Baja,pago giro cajero link,39899,otros,2026-01-07,natural
21,AR,ARS,150407,13,Baja,pago naturgy,40054,servicios,2026-01-25,natural
21,AR,ARS,150407,13,Baja,mercantil andina deb,27516,otros,2026-01-04,cartola
21,AR,ARS,150407,13,Baja,provincia net recauda,34324,servicios,2026-01-05,cartola
21,AR,ARS,150407,13,Baja,deb aut edenor s.a.,12475,servicios,2026-01-15,cartola
21,AR,ARS,150407,13,Baja,pfortner optica suc,24557,salud,2026-01-11,cartola
21,AR,ARS,150407,13,Baja,giro pago facil recauda,45729,servicios,2026-01-24,cartola
21,AR,ARS,150407,13,Baja,compra en la continental,32538,alimentacion,2026-01-10,natural
21,AR,ARS,150407,13,Baja,mp*spotify argentina,2871,streaming,2026-01-09,cartola
21,AR,ARS,150407,13,Baja,compra en carrefour,18385,alimentacion,2026-01-24,natural
22,AR,ARS,273346,34,Media,pago sodimac,20019,vivienda,2026-01-29,natural
22,AR,ARS,273346,34,Media,suscripcion a spotify argentina,5544,streaming,2026-01-15,natural
22,AR,ARS,273346,34,Media,compra en panaderia san jose,3980,alimentacion,2026-01-13,natural
22,AR,ARS,273346,34,Media,naturgy pago compra,29282,servicios,2026-01-08,cartola
22,AR,ARS,273346,34,Media,viaje en peaje pacheco,5057,transporte,2026-01-21,natural
22,AR,ARS,273346,34,Media,peaje illia ausa,1105,transporte,2026-01-17,cartola
22,AR,ARS,273346,34,Media,diarco compra pos,83432,alimentacion,2026-01-14,cartola
22,AR,ARS,273346,34,Media,deb aut epen neuquen,80839,servicios,2026-01-05,cartola
22,AR,ARS,273346,34,Media,mostaza suc compra,8518,alimentacion,2026-01-04,cartola
22,AR,ARS,273346,34,Media,pago en pedidosya,35437,alimentacion,2026-01-06,natural
22,AR,ARS,273346,34,Media,deb aut edet tucuman,15094,servicios,2026-01-17,cartola
22,AR,ARS,273346,34,Media,deb aut movistar hogar,20401,servicios,2026-01-19,cartola
22,AR,ARS,273346,34,Media,pago en clinica suizo argentina,88806,salud,2026-01-17,natural
22,AR,ARS,273346,34,Media,mp*disney plus arg,5607,streaming,2026-01-18,cartola
22,AR,ARS,273346,34,Media,compra en diarco,59563,alimentacion,2026-01-24,natural
22,AR,ARS,273346,34,Media,prevencion salud compra,90076,salud,2026-01-09,cartola
22,AR,ARS,273346,34,Media,peaje parque avellaneda,7401,transporte,2026-01-24,cartola
22,AR,ARS,273346,34,Media,pago banco hsbc,26700,otros,2026-01-15,natural
22,AR,ARS,273346,34,Media,compra en farmacias selma,80938,salud,2026-01-25,natural
22,AR,ARS,273346,34,Media,giro rapipago recauda,85821,servicios,2026-01-08,cartola
22,AR,ARS,273346,34,Media,pago mercado libre,23737,otros,2026-01-07,natural
22,AR,ARS,273346,34,Media,farmacity s.a. suc,79984,salud,2026-01-29,cartola
22,AR,ARS,273346,34,Media,peaje pacheco ausol,6728,transporte,2026-01-08,cartola
22,AR,ARS,273346,34,Media,rex pinturerias compra,86549,vivienda,2026-01-25,cartola
22,AR,ARS,273346,34,Media,viaje en peaje dellepiane,5714,transporte,2026-01-07,natural
22,AR,ARS,273346,34,Media,viaje en peaje illia,2996,transporte,2026-01-23,natural
22,AR,ARS,273346,34,Media,pago en antares,29937,alimentacion,2026-01-04,natural
22,AR,ARS,273346,34,Media,giro pago facil recauda,87186,servicios,2026-01-19,cartola
22,AR,ARS,273346,34,Media,compra en mostaza,20489,alimentacion,2026-01-19,natural
22,AR,ARS,273346,34,Media,mp*netflix argentina,10695,streaming,2026-01-15,cartola
22,AR,ARS,273346,34,Media,deb aut univ catolica,26668,educacion,2026-01-18,cartola
22,AR,ARS,273346,34,Media,club de la birra suc,52602,alimentacion,2026-01-02,cartola
22,AR,ARS,273346,34,Media,compra en pani,33195,alimentacion,2026-01-20,natural
22,AR,ARS,273346,34,Media,pago litoral gas,14159,servicios,2026-01-19,natural
22,AR,ARS,273346,34,Media,plusmar compra pos,31856,transporte,2026-01-05,cartola
22,AR,ARS,273346,34,Media,suscripcion a disney plus argentina,9196,streaming,2026-01-28,natural
22,AR,ARS,273346,34,Media,pago edersa rio negro,33929,servicios,2026-01-29,natural
22,AR,ARS,273346,34,Media,op.shell compra,67543,transporte,2026-01-18,cartola
22,AR,ARS,273346,34,Media,comafi cargo mant cta,16535,otros,2026-01-25,cartola
22,AR,ARS,273346,34,Media,deb aut edenor s.a.,21813,servicios,2026-01-19,cartola
22,AR,ARS,273346,34,Media,suscripcion a playstation network ar,85362,ocio,2026-01-03,natural
22,AR,ARS,273346,34,Media,pagomiscuentas aysa deb,14423,servicios,2026-01-07,cartola
22,AR,ARS,273346,34,Media,pago telecentro,40640,servicios,2026-01-14,natural
22,AR,ARS,273346,34,Media,deb aut univ di tella,48661,educacion,2026-01-10,cartola
22,AR,ARS,273346,34,Media,compra en persicco,13591,alimentacion,2026-01-08,natural
22,AR,ARS,273346,34,Media,compra en clinica mater dei,63053,salud,2026-01-22,natural
22,AR,ARS,273346,34,Media,pago en starbucks,6862,alimentacion,2026-01-09,natural
22,AR,ARS,273346,34,Media,entrada a teatro gran rex,31366,ocio,2026-01-06,natural
22,AR,ARS,273346,34,Media,pago en dean & dennys,35835,alimentacion,2026-01-03,natural
22,AR,ARS,273346,34,Media,prevencion salud compra,84185,salud,2026-01-16,cartola
22,AR,ARS,273346,34,Media,compra en farmacias vantage,68871,salud,2026-01-18,natural
22,AR,ARS,273346,34,Media,pago en banchero,47038,alimentacion,2026-01-09,natural
22,AR,ARS,273346,34,Media,pago edesal san luis,76819,servicios,2026-01-15,natural
22,AR,ARS,273346,34,Media,dia% express suc,54459,alimentacion,2026-01-25,cartola
22,AR,ARS,273346,34,Media,suscripcion a spotify argentina,7745,streaming,2026-01-23,natural
22,AR,ARS,273346,34,Media,provincia net recauda,13891,servicios,2026-01-24,cartola
22,AR,ARS,273346,34,Media,telecentro debito directo,53389,servicios,2026-01-20,cartola
22,AR,ARS,273346,34,Media,pago en galeno,16359,salud,2026-01-19,natural
22,AR,ARS,273346,34,Media,entrada a parque de la costa,36629,ocio,2026-01-03,natural
22,AR,ARS,273346,34,Media,suscripcion a parque de la costa,64009,ocio,2026-01-20,natural
22,AR,ARS,273346,34,Media,dean & dennys suc,13818,alimentacion,2026-01-23,cartola
22,AR,ARS,273346,34,Media,suscripcion a disney plus argentina,7455,streaming,2026-01-13,natural
22,AR,ARS,273346,34,Media,suscripcion a megatlon,88390,ocio,2026-01-14,natural
22,AR,ARS,273346,34,Media,pago edet tucuman,71596,servicios,2026-01-08,natural
22,AR,ARS,273346,34,Media,uba tasas inscripcion,58117,educacion,2026-01-15,cartola
22,AR,ARS,273346,34,Media,pago epen neuquen,71850,servicios,2026-01-13,natural
22,AR,ARS,273346,34,Media,pago provincia net,49186,servicios,2026-01-10,natural
22,AR,ARS,273346,34,Media,dr ahorro argentina,24267,salud,2026-01-22,cartola
22,AR,ARS,273346,34,Media,peaje illia ausa,1657,transporte,2026-01-26,cartola
22,AR,ARS,273346,34,Media,pago edet tucuman,57189,servicios,2026-01-26,natural
22,AR,ARS,273346,34,Media,deb aut aguas cordobesas,62141,servicios,2026-01-13,cartola
22,AR,ARS,273346,34,Media,kika bar entradas,22914,ocio,2026-01-11,cartola
22,AR,ARS,273346,34,Media,pago en banchero,13426,alimentacion,2026-01-21,natural
22,AR,ARS,273346,34,Media,consorcioabierto expensas,80160,vivienda,2026-01-29,cartola
22,AR,ARS,273346,34,Media,suscripcion a spotify argentina,5260,streaming,2026-01-26,natural
22,AR,ARS,273346,34,Media,mayorista yaguar suc,61152,alimentacion,2026-01-08,cartola
22,AR,ARS,273346,34,Media,kel libreria suc compra,81463,educacion,2026-01-19,cartola
22,AR,ARS,273346,34,Media,pago alquileres argentina,80532,vivienda,2026-01-04,natural
22,AR,ARS,273346,34,Media,compra en dandy,65036,alimentacion,2026-01-24,natural
22,AR,ARS,273346,34,Media,peaje hudson aubasa,8000,transporte,2026-01-14,cartola
22,AR,ARS,273346,34,Media,pago en pani,63383,alimentacion,2026-01-21,natural
22,AR,ARS,273346,34,Media,inscripcion en pontificia universidad catolica uca,45178,educacion,2026-01-28,natural
22,AR,ARS,273346,34,Media,pago en fiambreria el galpon,9079,alimentacion,2026-01-02,natural
22,AR,ARS,273346,34,Media,pago ferreteria el progreso,19079,vivienda,2026-01-22,natural
22,AR,ARS,273346,34,Media,pagomiscuentas aysa deb,5813,servicios,2026-01-02,cartola
22,AR,ARS,273346,34,Media,deb aut aguas cordobesas,60914,servicios,2026-01-19,cartola
22,AR,ARS,273346,34,Media,colegio champagnat deb,27930,educacion,2026-01-29,cartola
22,AR,ARS,273346,34,Media,pago alquileres argentina,81107,vivienda,2026-01-25,natural
22,AR,ARS,273346,34,Media,viaje en peaje illia,2490,transporte,2026-01-15,natural
22,AR,ARS,273346,34,Media,pago en prevencion salud,95163,salud,2026-01-19,natural
22,AR,ARS,273346,34,Media,accord salud debito directo,91101,salud,2026-01-28,cartola
22,AR,ARS,273346,34,Media,banco patagonia cargos,5419,otros,2026-01-27,cartola
22,AR,ARS,273346,34,Media,comafi cargo mant cta,11472,otros,2026-01-28,cartola
22,AR,ARS,273346,34,Media,suscripcion a discoteca kika,30828,ocio,2026-01-16,natural
22,AR,ARS,273346,34,Media,peaje alberti ausa,1217,transporte,2026-01-16,cartola
22,AR,ARS,273346,34,Media,pago administracion consorcio palermo,39237,vivienda,2026-01-02,natural
22,AR,ARS,273346,34,Media,inscripcion en libreria sbs,14542,educacion,2026-01-29,natural
22,AR,ARS,273346,34,Media,mp*netflix argentina,10806,streaming,2026-01-25,cartola
22,AR,ARS,273346,34,Media,carga bencina en telepase autopistas,33542,transporte,2026-01-24,natural
22,AR,ARS,273346,34,Media,pago colegio cardinal newman,20212,educacion,2026-01-23,natural
22,AR,ARS,273346,34,Media,pago ferreteria el puente,25346,vivienda,2026-01-09,natural
22,AR,ARS,273346,34,Media,kel libreria suc compra,61364,educacion,2026-01-19,cartola
22,AR,ARS,273346,34,Media,pago impuestos afip,15888,otros,2026-01-24,natural
22,AR,ARS,273346,34,Media,pago gas nea,23687,servicios,2026-01-21,natural
22,AR,ARS,273346,34,Media,compra en kentucky pizzeria,18564,alimentacion,2026-01-21,natural
22,AR,ARS,273346,34,Media,flow telecom compra,41755,servicios,2026-01-17,cartola
22,AR,ARS,273346,34,Media,mp*spotify argentina,3229,streaming,2026-01-14,cartola
22,AR,ARS,273346,34,Media,inscripcion en colegio northlands,53516,educacion,2026-01-24,natural
22,AR,ARS,273346,34,Media,mercadopago*ferrind,33984,vivienda,2026-01-13,cartola
22,AR,ARS,273346,34,Media,el noble compra,13257,alimentacion,2026-01-07,cartola
22,AR,ARS,273346,34,Media,uber* trip argentina,10426,transporte,2026-01-22,cartola
22,AR,ARS,273346,34,Media,entrada a teatro colon,69208,ocio,2026-01-02,natural
22,AR,ARS,273346,34,Media,edesur pago directo,83023,servicios,2026-01-13,cartola
22,AR,ARS,273346,34,Media,compra carrefour suc,79352,alimentacion,2026-01-12,cartola
22,AR,ARS,273346,34,Media,compra en farmacity,79459,salud,2026-01-07,natural
22,AR,ARS,273346,34,Media,tea connection pos,38650,alimentacion,2026-01-08,cartola
22,AR,ARS,273346,34,Media,pago musimundo,35273,otros,2026-01-16,natural
22,AR,ARS,273346,34,Media,mp*netflix argentina,13312,streaming,2026-01-28,cartola
22,AR,ARS,273346,34,Media,compra en clinica suizo argentina,47541,salud,2026-01-27,natural
22,AR,ARS,273346,34,Media,deb aut claro hogar,17063,servicios,2026-01-07,cartola
22,AR,ARS,273346,34,Media,ar.deb.aut. itba suc,15803,educacion,2026-01-21,cartola
22,AR,ARS,273346,34,Media,pago en tea connection,28111,alimentacion,2026-01-27,natural
22,AR,ARS,273346,34,Media,farmacias azul suc,12580,salud,2026-01-13,cartola
22,AR,ARS,273346,34,Media,la birra bar pos,38662,alimentacion,2026-01-14,cartola
22,AR,ARS,273346,34,Media,compra en disco,72970,alimentacion,2026-01-29,natural
23,AR,ARS,120916,34,Baja,pago administracion san martin,35503,vivienda,2026-01-26,natural
23,AR,ARS,120916,34,Baja,octavo piso expensas,34258,vivienda,2026-01-16,cartola
23,AR,ARS,120916,34,Baja,pago claro hogar argentina,40941,servicios,2026-01-15,natural
23,AR,ARS,120916,34,Baja,hospital britanico compra,35195,salud,2026-01-12,cartola
23,AR,ARS,120916,34,Baja,colegio marin deb aut,13949,educacion,2026-01-27,cartola
23,AR,ARS,120916,34,Baja,deb aut edesal s.a.,34901,servicios,2026-01-28,cartola
23,AR,ARS,120916,34,Baja,compra en changomas,28127,alimentacion,2026-01-22,natural
23,AR,ARS,120916,34,Baja,op.shell compra,32507,transporte,2026-01-11,cartola
23,AR,ARS,120916,34,Baja,sancor salud deb aut,18830,salud,2026-01-28,cartola
23,AR,ARS,120916,34,Baja,suscripcion a spotify argentina,8550,streaming,2026-01-18,natural
23,AR,ARS,120916,34,Baja,compra en diagnostico maipu,16465,salud,2026-01-16,natural
23,AR,ARS,120916,34,Baja,telecentro debito directo,38344,servicios,2026-01-24,cartola
23,AR,ARS,120916,34,Baja,carga bencina en uber argentina,21715,transporte,2026-01-03,natural
23,AR,ARS,120916,34,Baja,deb aut personal flow,37589,servicios,2026-01-11,cartola
23,AR,ARS,120916,34,Baja,pago en kfc,26613,alimentacion,2026-01-07,natural
23,AR,ARS,120916,34,Baja,pago banco bbva,13682,otros,2026-01-03,natural
23,AR,ARS,120916,34,Baja,pago en dandy,20066,alimentacion,2026-01-15,natural
23,AR,ARS,120916,34,Baja,suscripcion a disney plus argentina,11075,streaming,2026-01-08,natural
23,AR,ARS,120916,34,Baja,pago edet tucuman,39138,servicios,2026-01-24,natural
23,AR,ARS,120916,34,Baja,la birra bar pos,33608,alimentacion,2026-01-28,cartola
23,AR,ARS,120916,34,Baja,pago aguas cordobesas,22608,servicios,2026-01-03,natural
23,AR,ARS,120916,34,Baja,suscripcion a spotify argentina,3555,streaming,2026-01-04,natural
23,AR,ARS,120916,34,Baja,entrada a max hbo argentina,6603,ocio,2026-01-04,natural
23,AR,ARS,120916,34,Baja,pago en cafe martinez,5742,alimentacion,2026-01-23,natural
23,AR,ARS,120916,34,Baja,mp*disney plus arg,7262,streaming,2026-01-11,cartola
23,AR,ARS,120916,34,Baja,peaje samborombon aubasa,3642,transporte,2026-01-05,cartola
23,AR,ARS,120916,34,Baja,prevencion salud compra,30176,salud,2026-01-04,cartola
23,AR,ARS,120916,34,Baja,editorial santillana deb,16579,educacion,2026-01-03,cartola
23,AR,ARS,120916,34,Baja,argenprop deb aut,13650,vivienda,2026-01-28,cartola
23,AR,ARS,120916,34,Baja,central oeste compra,10417,salud,2026-01-21,cartola
23,AR,ARS,120916,34,Baja,centro rossi compra pos,16677,salud,2026-01-26,cartola
23,AR,ARS,120916,34,Baja,compra en almacen de barrio,27126,alimentacion,2026-01-25,natural
23,AR,ARS,120916,34,Baja,viaje en peaje samborombon,1616,transporte,2026-01-29,natural
23,AR,ARS,120916,34,Baja,banco nacion cargo mant,6736,otros,2026-01-22,cartola
23,AR,ARS,120916,34,Baja,compra en freddo,16033,alimentacion,2026-01-09,natural
23,AR,ARS,120916,34,Baja,pago en mcdonald's,28012,alimentacion,2026-01-02,natural
23,AR,ARS,120916,34,Baja,pago metrogas,24107,servicios,2026-01-19,natural
23,AR,ARS,120916,34,Baja,mercadopago*elgalpon,14405,alimentacion,2026-01-23,cartola
23,AR,ARS,120916,34,Baja,panaderia san jose pos,10253,alimentacion,2026-01-25,cartola
23,AR,ARS,120916,34,Baja,cafe martinez suc,9068,alimentacion,2026-01-05,cartola
23,AR,ARS,120916,34,Baja,mp*netflix argentina,11245,streaming,2026-01-03,cartola
23,AR,ARS,120916,34,Baja,pago gas nea,15840,servicios,2026-01-20,natural
23,AR,ARS,120916,34,Baja,pago easy,31261,vivienda,2026-01-20,natural
23,AR,ARS,120916,34,Baja,entrada a teatro gran rex,37466,ocio,2026-01-25,natural
23,AR,ARS,120916,34,Baja,nueva chevallier s.a.,32073,transporte,2026-01-22,cartola
23,AR,ARS,120916,34,Baja,pago zonaprop,26883,vivienda,2026-01-09,natural
23,AR,ARS,120916,34,Baja,pago en le pain quotidien,19426,alimentacion,2026-01-10,natural
23,AR,ARS,120916,34,Baja,provincia net recauda,4372,servicios,2026-01-11,cartola
23,AR,ARS,120916,34,Baja,compra en el club de la milanesa,25447,alimentacion,2026-01-14,natural
23,AR,ARS,120916,34,Baja,le pain quotidien suc,31130,alimentacion,2026-01-14,cartola
23,AR,ARS,120916,34,Baja,pago en medife,16301,salud,2026-01-14,natural
23,AR,ARS,120916,34,Baja,pago ferreteria industrial,20682,vivienda,2026-01-25,natural
23,AR,ARS,120916,34,Baja,pago ferreteria el progreso,17218,vivienda,2026-01-29,natural
23,AR,ARS,120916,34,Baja,suscripcion a disney plus argentina,6977,streaming,2026-01-13,natural
23,AR,ARS,120916,34,Baja,playstation psn ar comp,30744,ocio,2026-01-05,cartola
23,AR,ARS,120916,34,Baja,pago consorcio edificio belgrano,34920,vivienda,2026-01-03,natural
23,AR,ARS,120916,34,Baja,pago en havanna,22577,alimentacion,2026-01-18,natural
23,AR,ARS,120916,34,Baja,accord salud debito directo,15724,salud,2026-01-08,cartola
23,AR,ARS,120916,34,Baja,clinica mater dei compra,6856,salud,2026-01-25,cartola
23,AR,ARS,120916,34,Baja,suscripcion a netflix argentina,11584,streaming,2026-01-06,natural
23,AR,ARS,120916,34,Baja,compra en hospital italiano,41006,salud,2026-01-26,natural
23,AR,ARS,120916,34,Baja,pago pagomiscuentas,42000,servicios,2026-01-23,natural
23,AR,ARS,120916,34,Baja,supermercados vea,13619,alimentacion,2026-01-29,cartola
23,AR,ARS,120916,34,Baja,pagomiscuentas debito,7894,servicios,2026-01-13,cartola
23,AR,ARS,120916,34,Baja,recarga sube acc,8847,transporte,2026-01-28,cartola
23,AR,ARS,120916,34,Baja,pago en tea connection,26676,alimentacion,2026-01-17,natural
23,AR,ARS,120916,34,Baja,cabify compra,12494,transporte,2026-01-27,cartola
23,AR,ARS,120916,34,Baja,deb aut univ belgrano,6558,educacion,2026-01-19,cartola
23,AR,ARS,120916,34,Baja,pago pago facil,13373,servicios,2026-01-24,natural
23,AR,ARS,120916,34,Baja,pago banco patagonia,4914,otros,2026-01-16,natural
23,AR,ARS,120916,34,Baja,pago en jumbo,19443,alimentacion,2026-01-14,natural
23,AR,ARS,120916,34,Baja,pago easy,29207,vivienda,2026-01-16,natural
23,AR,ARS,120916,34,Baja,inscripcion en itba,15867,educacion,2026-01-23,natural
23,AR,ARS,120916,34,Baja,pago librerias cuspide,12571,educacion,2026-01-07,natural
23,AR,ARS,120916,34,Baja,compra en starbucks,16398,alimentacion,2026-01-27,natural
23,AR,ARS,120916,34,Baja,bapro mantenimiento cta,11391,otros,2026-01-24,cartola
23,AR,ARS,120916,34,Baja,pago metrogas,31246,servicios,2026-01-02,natural
23,AR,ARS,120916,34,Baja,entrada a parque de la costa,25688,ocio,2026-01-29,natural
23,AR,ARS,120916,34,Baja,carga bencina en plusmar,19183,transporte,2026-01-17,natural
23,AR,ARS,120916,34,Baja,viaje en cabify,4704,transporte,2026-01-10,natural
23,AR,ARS,120916,34,Baja,medife asociados deb,12268,salud,2026-01-25,cartola
23,AR,ARS,120916,34,Baja,tarjeta naranja deb pago,36607,otros,2026-01-19,cartola
23,AR,ARS,120916,34,Baja,compra en tea connection,6699,alimentacion,2026-01-11,natural
23,AR,ARS,120916,34,Baja,prevencion salud compra,16613,salud,2026-01-03,cartola
23,AR,ARS,120916,34,Baja,mp*spotify argentina,8208,streaming,2026-01-13,cartola
23,AR,ARS,120916,34,Baja,pago pago facil,29685,servicios,2026-01-13,natural
23,AR,ARS,120916,34,Baja,mp*disney plus arg,5580,streaming,2026-01-10,cartola
23,AR,ARS,120916,34,Baja,pago en almacen de pizzas,13057,alimentacion,2026-01-29,natural
23,AR,ARS,120916,34,Baja,pago argenprop,10753,vivienda,2026-01-09,natural
23,AR,ARS,120916,34,Baja,grido helados compra,6128,alimentacion,2026-01-27,cartola
23,AR,ARS,120916,34,Baja,axion energy suc,40301,transporte,2026-01-25,cartola
23,AR,ARS,120916,34,Baja,compra en williamsburg,29356,alimentacion,2026-01-06,natural
23,AR,ARS,120916,34,Baja,pago libreria cp67,27685,educacion,2026-01-21,natural
23,AR,ARS,120916,34,Baja,la mezzetta compra,16090,alimentacion,2026-01-25,cartola
23,AR,ARS,120916,34,Baja,pago telecom fibertel,21004,servicios,2026-01-02,natural
23,AR,ARS,120916,34,Baja,clinica mater dei compra,8846,salud,2026-01-24,cartola
23,AR,ARS,120916,34,Baja,pago en cafe martinez,13247,alimentacion,2026-01-28,natural
23,AR,ARS,120916,34,Baja,rappi*compra,17193,alimentacion,2026-01-25,cartola
23,AR,ARS,120916,34,Baja,showcase ar compra pos,20000,ocio,2026-01-02,cartola
23,AR,ARS,120916,34,Baja,mcdonalds ar pos,23253,alimentacion,2026-01-19,cartola
23,AR,ARS,120916,34,Baja,deb aut univ s.andres,24145,educacion,2026-01-26,cartola
23,AR,ARS,120916,34,Baja,makro pos suc,29016,alimentacion,2026-01-09,cartola
23,AR,ARS,120916,34,Baja,pago en le pain quotidien,27445,alimentacion,2026-01-08,natural
23,AR,ARS,120916,34,Baja,compra en opticas lof,23297,salud,2026-01-22,natural
23,AR,ARS,120916,34,Baja,deb aut edesal s.a.,20246,servicios,2026-01-07,cartola
23,AR,ARS,120916,34,Baja,supermercados vea,40369,alimentacion,2026-01-25,cartola
23,AR,ARS,120916,34,Baja,dean & dennys suc,32794,alimentacion,2026-01-23,cartola
23,AR,ARS,120916,34,Baja,deb aut edersa pos,28612,servicios,2026-01-25,cartola
23,AR,ARS,120916,34,Baja,entrada a teatro colon,29272,ocio,2026-01-24,natural
23,AR,ARS,120916,34,Baja,mp*disney plus arg,11858,streaming,2026-01-10,cartola
23,AR,ARS,120916,34,Baja,mp*spotify argentina,6192,streaming,2026-01-27,cartola
23,AR,ARS,120916,34,Baja,pago pinturas alba,21838,vivienda,2026-01-19,natural
23,AR,ARS,120916,34,Baja,pago banco provincia,4737,otros,2026-01-24,natural
23,AR,ARS,120916,34,Baja,hospital italiano socio,41890,salud,2026-01-27,cartola
23,AR,ARS,120916,34,Baja,pago rapipago,33384,servicios,2026-01-16,natural
23,AR,ARS,120916,34,Baja,pani deli compra,34594,alimentacion,2026-01-02,cartola
23,AR,ARS,120916,34,Baja,pago pagomiscuentas,26999,servicios,2026-01-14,natural
23,AR,ARS,120916,34,Baja,compra en medife,27140,salud,2026-01-06,natural
23,AR,ARS,120916,34,Baja,ar.deb.aut. itba suc,8319,educacion,2026-01-14,cartola
23,AR,ARS,120916,34,Baja,rex pinturerias compra,26053,vivienda,2026-01-17,cartola
23,AR,ARS,120916,34,Baja,pago en medicus,28399,salud,2026-01-09,natural
23,AR,ARS,120916,34,Baja,dandy restaurant compra,35715,alimentacion,2026-01-15,cartola
23,AR,ARS,120916,34,Baja,pago telecom fibertel,33969,servicios,2026-01-13,natural
23,AR,ARS,120916,34,Baja,pago stock center,28593,otros,2026-01-06,natural
23,AR,ARS,120916,34,Baja,nueva chevallier s.a.,38333,transporte,2026-01-17,cartola
24,AR,ARS,199647,40,Media,starbucks s.a. pos,8697,alimentacion,2026-01-11,cartola
24,AR,ARS,199647,40,Media,mp*spotify argentina,7510,streaming,2026-01-06,cartola
24,AR,ARS,199647,40,Media,mercadopago*ferrind,57497,vivienda,2026-01-24,cartola
24,AR,ARS,199647,40,Media,provincia net recauda,65065,servicios,2026-01-16,cartola
24,AR,ARS,199647,40,Media,compra en osde,15722,salud,2026-01-29,natural
24,AR,ARS,199647,40,Media,pago edet tucuman,46207,servicios,2026-01-20,natural
24,AR,ARS,199647,40,Media,pago edersa rio negro,26738,servicios,2026-01-27,natural
24,AR,ARS,199647,40,Media,suscripcion a passline argentina,58406,ocio,2026-01-28,natural
24,AR,ARS,199647,40,Media,deb aut aguas cordobesas,42916,servicios,2026-01-02,cartola
24,AR,ARS,199647,40,Media,trenes argentinos pos,1283,transporte,2026-01-06,cartola
24,AR,ARS,199647,40,Media,multiplex cines compra,22341,ocio,2026-01-21,cartola
24,AR,ARS,199647,40,Media,deb aut epen neuquen,29433,servicios,2026-01-14,cartola
24,AR,ARS,199647,40,Media,deb aut movistar hogar,58655,servicios,2026-01-29,cartola
24,AR,ARS,199647,40,Media,deb aut aguas cordobesas,22160,servicios,2026-01-02,cartola
24,AR,ARS,199647,40,Media,peaje alberti ausa,3542,transporte,2026-01-06,cartola
24,AR,ARS,199647,40,Media,pago pagomiscuentas,65530,servicios,2026-01-28,natural
24,AR,ARS,199647,40,Media,pago personal flow,54163,servicios,2026-01-25,natural
24,AR,ARS,199647,40,Media,mcdonalds ar pos,39038,alimentacion,2026-01-27,cartola
24,AR,ARS,199647,40,Media,pago en diagnostico maipu,68646,salud,2026-01-10,natural
24,AR,ARS,199647,40,Media,ausol aut. del sol,2828,transporte,2026-01-22,cartola
24,AR,ARS,199647,40,Media,metrogas debito aut,32158,servicios,2026-01-06,cartola
24,AR,ARS,199647,40,Media,avalian medicina prepaga,38385,salud,2026-01-16,cartola
24,AR,ARS,199647,40,Media,naturgy pago compra,69400,servicios,2026-01-10,cartola
24,AR,ARS,199647,40,Media,dandy restaurant compra,41709,alimentacion,2026-01-20,cartola
24,AR,ARS,199647,40,Media,coto suc,20120,alimentacion,2026-01-12,cartola
24,AR,ARS,199647,40,Media,scholastica compra pos,14289,educacion,2026-01-25,cartola
24,AR,ARS,199647,40,Media,farmacity s.a. suc,46214,salud,2026-01-12,cartola
24,AR,ARS,199647,40,Media,compra en omint,42174,salud,2026-01-22,natural
24,AR,ARS,199647,40,Media,carga bencina en peaje samborombon,7697,transporte,2026-01-25,natural
24,AR,ARS,199647,40,Media,mp*netflix argentina,13137,streaming,2026-01-04,cartola
24,AR,ARS,199647,40,Media,dia% express suc,38260,alimentacion,2026-01-24,cartola
24,AR,ARS,199647,40,Media,viaje en peaje dellepiane,4451,transporte,2026-01-04,natural
24,AR,ARS,199647,40,Media,stamboulian labs,14559,salud,2026-01-19,cartola
24,AR,ARS,199647,40,Media,compra en kentucky pizzeria,33951,alimentacion,2026-01-28,natural
24,AR,ARS,199647,40,Media,viaje en cabify,6776,transporte,2026-01-09,natural
24,AR,ARS,199647,40,Media,carga bencina en peaje pacheco,7599,transporte,2026-01-22,natural
24,AR,ARS,199647,40,Media,telecentro debito directo,46371,servicios,2026-01-09,cartola
24,AR,ARS,199647,40,Media,pago aysa,14022,servicios,2026-01-14,natural
24,AR,ARS,199647,40,Media,deb aut edesal s.a.,37939,servicios,2026-01-26,cartola
24,AR,ARS,199647,40,Media,viaje en ypf,58885,transporte,2026-01-19,natural
24,AR,ARS,199647,40,Media,mcdonalds ar pos,8359,alimentacion,2026-01-20,cartola
24,AR,ARS,199647,40,Media,pago maderas ramos,30283,vivienda,2026-01-18,natural
24,AR,ARS,199647,40,Media,flow telecom compra,44029,servicios,2026-01-19,cartola
24,AR,ARS,199647,40,Media,le pain quotidien suc,48815,alimentacion,2026-01-19,cartola
24,AR,ARS,199647,40,Media,pago en avalian,12472,salud,2026-01-12,natural
24,AR,ARS,199647,40,Media,subway compra pos,17365,alimentacion,2026-01-11,cartola
24,AR,ARS,199647,40,Media,pago consorcio edificio belgrano,69542,vivienda,2026-01-08,natural
24,AR,ARS,199647,40,Media,compra en jumbo,40392,alimentacion,2026-01-08,natural
24,AR,ARS,199647,40,Media,deb aut epen neuquen,60973,servicios,2026-01-24,cartola
24,AR,ARS,199647,40,Media,parque de la costa comp,31881,ocio,2026-01-03,cartola
24,AR,ARS,199647,40,Media,entrada a passline argentina,49148,ocio,2026-01-08,natural
24,AR,ARS,199647,40,Media,prestigio s.a. compra,18810,vivienda,2026-01-07,cartola
24,AR,ARS,199647,40,Media,pago personal flow,47741,servicios,2026-01-25,natural
24,AR,ARS,199647,40,Media,viaje en emova subte,3707,transporte,2026-01-19,natural
24,AR,ARS,199647,40,Media,colegio northlands deb,18282,educacion,2026-01-05,cartola
24,AR,ARS,199647,40,Media,deb aut edenor s.a.,52584,servicios,2026-01-02,cartola
24,AR,ARS,199647,40,Media,deb aut edenor s.a.,31886,servicios,2026-01-25,cartola
24,AR,ARS,199647,40,Media,ar.deb.aut. itba suc,8368,educacion,2026-01-08,cartola
24,AR,ARS,199647,40,Media,deb aut sportclub pos,49433,ocio,2026-01-15,cartola
24,AR,ARS,199647,40,Media,teatro gran rex entradas,65491,ocio,2026-01-05,cartola
24,AR,ARS,199647,40,Media,carga bencina en telepase autopistas,17472,transporte,2026-01-05,natural
24,AR,ARS,199647,40,Media,pago epen neuquen,56684,servicios,2026-01-07,natural
24,AR,ARS,199647,40,Media,changomas compra,55501,alimentacion,2026-01-29,cartola
24,AR,ARS,199647,40,Media,deb aut edersa pos,50532,servicios,2026-01-02,cartola
24,AR,ARS,199647,40,Media,suscripcion a spotify argentina,3018,streaming,2026-01-08,natural
24,AR,ARS,199647,40,Media,las cuartetas compra,33234,alimentacion,2026-01-17,cartola
24,AR,ARS,199647,40,Media,hospital italiano socio,53514,salud,2026-01-02,cartola
24,AR,ARS,199647,40,Media,utn cuotas academicas,63031,educacion,2026-01-26,cartola
24,AR,ARS,199647,40,Media,pago edersa rio negro,32452,servicios,2026-01-27,natural
24,AR,ARS,199647,40,Media,carga bencina en peaje larena,4227,transporte,2026-01-09,natural
24,AR,ARS,199647,40,Media,suscripcion a netflix argentina,5722,streaming,2026-01-19,natural
24,AR,ARS,199647,40,Media,pago giro cajero banelco,32345,otros,2026-01-11,natural
24,AR,ARS,199647,40,Media,clinica suizo argentina,57035,salud,2026-01-17,cartola
24,AR,ARS,199647,40,Media,pago maderas ramos,68162,vivienda,2026-01-12,natural
24,AR,ARS,199647,40,Media,mp*spotify argentina,5834,streaming,2026-01-14,cartola
24,AR,ARS,199647,40,Media,sancor salud deb aut,21161,salud,2026-01-23,cartola
24,AR,ARS,199647,40,Media,pago aguas cordobesas,50283,servicios,2026-01-15,natural
24,AR,ARS,199647,40,Media,subway compra pos,9010,alimentacion,2026-01-13,cartola
24,AR,ARS,199647,40,Media,suscripcion a megatlon,63337,ocio,2026-01-03,natural
24,AR,ARS,199647,40,Media,corredores viales compra,22482,transporte,2026-01-12,cartola
24,AR,ARS,199647,40,Media,consorcioabierto expensas,67597,vivienda,2026-01-28,cartola
24,AR,ARS,199647,40,Media,deb aut edersa pos,39975,servicios,2026-01-15,cartola
24,AR,ARS,199647,40,Media,litoral gas debito pos,43651,servicios,2026-01-05,cartola
24,AR,ARS,199647,40,Media,pago libreria el ateneo,69243,educacion,2026-01-25,natural
24,AR,ARS,199647,40,Media,peaje debenedetti pos,4243,transporte,2026-01-12,cartola
24,AR,ARS,199647,40,Media,suscripcion a spotify argentina,6992,streaming,2026-01-09,natural
24,AR,ARS,199647,40,Media,pago colegio san andres,28734,educacion,2026-01-09,natural
24,AR,ARS,199647,40,Media,suscripcion a megatlon,38204,ocio,2026-01-24,natural
24,AR,ARS,199647,40,Media,compra en heisenburger,37761,alimentacion,2026-01-17,natural
24,AR,ARS,199647,40,Media,compra en vea,53543,alimentacion,2026-01-26,natural
24,AR,ARS,199647,40,Media,compra en opticas lof,25713,salud,2026-01-28,natural
24,AR,ARS,199647,40,Media,coto suc,14038,alimentacion,2026-01-08,cartola
24,AR,ARS,199647,40,Media,mi barrio compra,27798,alimentacion,2026-01-10,cartola
24,AR,ARS,199647,40,Media,pago argenprop,37650,vivienda,2026-01-02,natural
24,AR,ARS,199647,40,Media,mp*spotify argentina,5311,streaming,2026-01-08,cartola
24,AR,ARS,199647,40,Media,carga bencina en peaje dock sud,5419,transporte,2026-01-23,natural
24,AR,ARS,199647,40,Media,sodimac s.a. compra,44767,vivienda,2026-01-02,cartola
24,AR,ARS,199647,40,Media,carga bencina en chevallier,68437,transporte,2026-01-15,natural
24,AR,ARS,199647,40,Media,mp*disney plus arg,11214,streaming,2026-01-23,cartola
24,AR,ARS,199647,40,Media,easy compra internet,34901,vivienda,2026-01-17,cartola
24,AR,ARS,199647,40,Media,metrogas debito aut,39121,servicios,2026-01-04,cartola
24,AR,ARS,199647,40,Media,banchero pizzeria suc,13660,alimentacion,2026-01-25,cartola
24,AR,ARS,199647,40,Media,peaje dock sud acc,5344,transporte,2026-01-11,cartola
24,AR,ARS,199647,40,Media,colegio st georges deb,31565,educacion,2026-01-15,cartola
24,AR,ARS,199647,40,Media,compra en las cuartetas,16913,alimentacion,2026-01-18,natural
24,AR,ARS,199647,40,Media,hospital aleman plan deb,50938,salud,2026-01-24,cartola
24,AR,ARS,199647,40,Media,inscripcion en libreria sbs,49841,educacion,2026-01-20,natural
24,AR,ARS,199647,40,Media,panaderia san jose pos,9546,alimentacion,2026-01-16,cartola
24,AR,ARS,199647,40,Media,cabify compra,4304,transporte,2026-01-12,cartola
24,AR,ARS,199647,40,Media,compra en clinica mater dei,50072,salud,2026-01-08,natural
24,AR,ARS,199647,40,Media,mercadopago*elprogreso,3373,vivienda,2026-01-25,cartola
24,AR,ARS,199647,40,Media,flow telecom compra,68624,servicios,2026-01-11,cartola
24,AR,ARS,199647,40,Media,pago en havanna,32862,alimentacion,2026-01-09,natural
24,AR,ARS,199647,40,Media,suscripcion a disney plus argentina,11766,streaming,2026-01-07,natural
24,AR,ARS,199647,40,Media,pago en pani,49662,alimentacion,2026-01-17,natural
24,AR,ARS,199647,40,Media,diagnostico maipu compra,43178,salud,2026-01-18,cartola
24,AR,ARS,199647,40,Media,provincia net recauda,16936,servicios,2026-01-03,cartola
24,AR,ARS,199647,40,Media,peaje hudson recaudacion,7251,transporte,2026-01-04,cartola
24,AR,ARS,199647,40,Media,pizzeria guerrin compra,32438,alimentacion,2026-01-18,cartola
24,AR,ARS,199647,40,Media,pagomiscuentas aysa deb,12930,servicios,2026-01-04,cartola
24,AR,ARS,199647,40,Media,colegio northlands deb,14874,educacion,2026-01-19,cartola
24,AR,ARS,199647,40,Media,galeno cobertura deb,33314,salud,2026-01-27,cartola
24,AR,ARS,199647,40,Media,parque de la costa comp,39083,ocio,2026-01-03,cartola
24,AR,ARS,199647,40,Media,recarga sube acc,3460,transporte,2026-01-24,cartola
24,AR,ARS,199647,40,Media,compra en sancor salud,5927,salud,2026-01-05,natural
25,AR,ARS,266640,51,Baja,pago pinturerias rex,91752,vivienda,2026-01-27,natural
25,AR,ARS,266640,51,Baja,compra en kfc,20741,alimentacion,2026-01-23,natural
25,AR,ARS,266640,51,Baja,pinturas alba compra suc,40065,vivienda,2026-01-14,cartola
25,AR,ARS,266640,51,Baja,pago colegio ward,92217,educacion,2026-01-06,natural
25,AR,ARS,266640,51,Baja,suscripcion a on fit,20764,ocio,2026-01-17,natural
25,AR,ARS,266640,51,Baja,blaisten s.a. suc,89207,vivienda,2026-01-22,cartola
25,AR,ARS,266640,51,Baja,pago edet tucuman,62411,servicios,2026-01-15,natural
25,AR,ARS,266640,51,Baja,pago en el noble,6406,alimentacion,2026-01-02,natural
25,AR,ARS,266640,51,Baja,banchero pizzeria suc,31989,alimentacion,2026-01-21,cartola
25,AR,ARS,266640,51,Baja,pago telecentro,64060,servicios,2026-01-21,natural
25,AR,ARS,266640,51,Baja,pago litoral gas,61284,servicios,2026-01-09,natural
25,AR,ARS,266640,51,Baja,inscripcion en libreria yenny,73160,educacion,2026-01-21,natural
25,AR,ARS,266640,51,Baja,supermercados vea,81621,alimentacion,2026-01-26,cartola
25,AR,ARS,266640,51,Baja,la continental pizza,9618,alimentacion,2026-01-14,cartola
25,AR,ARS,266640,51,Baja,peaje pacheco ausol,4797,transporte,2026-01-19,cartola
25,AR,ARS,266640,51,Baja,entrada a teatro gran rex,76592,ocio,2026-01-26,natural
25,AR,ARS,266640,51,Baja,pago edersa rio negro,91274,servicios,2026-01-17,natural
25,AR,ARS,266640,51,Baja,carga bencina en peaje debenedetti,5511,transporte,2026-01-10,natural
25,AR,ARS,266640,51,Baja,suscripcion a puntoticket argentina,52872,ocio,2026-01-12,natural
25,AR,ARS,266640,51,Baja,pago pagomiscuentas,33380,servicios,2026-01-11,natural
25,AR,ARS,266640,51,Baja,pago en havanna,21463,alimentacion,2026-01-10,natural
25,AR,ARS,266640,51,Baja,colegio northlands deb,45861,educacion,2026-01-21,cartola
25,AR,ARS,266640,51,Baja,pago aysa,57575,servicios,2026-01-08,natural
25,AR,ARS,266640,51,Baja,suscripcion a spotify argentina,8337,streaming,2026-01-08,natural
25,AR,ARS,266640,51,Baja,deb aut gas nea pos,76172,servicios,2026-01-25,cartola
25,AR,ARS,266640,51,Baja,mp*spotify argentina,7731,streaming,2026-01-21,cartola
25,AR,ARS,266640,51,Baja,pago pagomiscuentas,25996,servicios,2026-01-13,natural
25,AR,ARS,266640,51,Baja,viaje en chevallier,47486,transporte,2026-01-19,natural
25,AR,ARS,266640,51,Baja,telepase ausa,22356,transporte,2026-01-05,cartola
25,AR,ARS,266640,51,Baja,federacion patronal deb,16428,otros,2026-01-27,cartola
25,AR,ARS,266640,51,Baja,pago aguas cordobesas,35803,servicios,2026-01-18,natural
25,AR,ARS,266640,51,Baja,deb aut univ s.andres,20078,educacion,2026-01-15,cartola
25,AR,ARS,266640,51,Baja,deb aut smart fit pos,37505,ocio,2026-01-15,cartola
25,AR,ARS,266640,51,Baja,farmacias azul suc,22314,salud,2026-01-13,cartola
25,AR,ARS,266640,51,Baja,pago edesur,15378,servicios,2026-01-05,natural
25,AR,ARS,266640,51,Baja,pago pinturerias rex,31701,vivienda,2026-01-08,natural
25,AR,ARS,266640,51,Baja,pizzeria guerrin compra,46130,alimentacion,2026-01-05,cartola
25,AR,ARS,266640,51,Baja,peaje dock sud acc,3770,transporte,2026-01-09,cartola
25,AR,ARS,266640,51,Baja,viaje en peaje dock sud,3685,transporte,2026-01-28,natural
25,AR,ARS,266640,51,Baja,carga bencina en ypf,87575,transporte,2026-01-07,natural
25,AR,ARS,266640,51,Baja,pago rapipago,29626,servicios,2026-01-07,natural
25,AR,ARS,266640,51,Baja,pago en pani,50247,alimentacion,2026-01-27,natural
25,AR,ARS,266640,51,Baja,pago argenprop,42269,vivienda,2026-01-09,natural
25,AR,ARS,266640,51,Baja,consorcioabierto expensas,88450,vivienda,2026-01-09,cartola
25,AR,ARS,266640,51,Baja,viaje en ypf,46296,transporte,2026-01-20,natural
25,AR,ARS,266640,51,Baja,giro rapipago recauda,61479,servicios,2026-01-05,cartola
25,AR,ARS,266640,51,Baja,giro pago facil recauda,61213,servicios,2026-01-25,cartola
25,AR,ARS,266640,51,Baja,deb aut aguas bonaerenses,54197,servicios,2026-01-19,cartola
25,AR,ARS,266640,51,Baja,deb aut personal flow,79424,servicios,2026-01-18,cartola
25,AR,ARS,266640,51,Baja,viaje en ypf,80409,transporte,2026-01-28,natural
25,AR,ARS,266640,51,Baja,smg medicina prepaga deb,27108,salud,2026-01-04,cartola
25,AR,ARS,266640,51,Baja,input entradas bar,54779,ocio,2026-01-27,cartola
25,AR,ARS,266640,51,Baja,smg medicina prepaga deb,23258,salud,2026-01-10,cartola
25,AR,ARS,266640,51,Baja,ausol aut. del sol,9565,transporte,2026-01-17,cartola
25,AR,ARS,266640,51,Baja,banco patagonia cargos,3319,otros,2026-01-27,cartola
25,AR,ARS,266640,51,Baja,mercadopago*laquerencia,27621,alimentacion,2026-01-02,cartola
25,AR,ARS,266640,51,Baja,edificio belgrano expensas,89584,vivienda,2026-01-15,cartola
25,AR,ARS,266640,51,Baja,didi* trip argentina,11318,transporte,2026-01-10,cartola
25,AR,ARS,266640,51,Baja,pago consorcioabierto,44361,vivienda,2026-01-29,natural
25,AR,ARS,266640,51,Baja,freddo helados compra,29892,alimentacion,2026-01-09,cartola
25,AR,ARS,266640,51,Baja,compra en yaguar,46054,alimentacion,2026-01-10,natural
25,AR,ARS,266640,51,Baja,subway compra pos,19347,alimentacion,2026-01-06,cartola
25,AR,ARS,266640,51,Baja,deb aut movistar hogar,24191,servicios,2026-01-11,cartola
25,AR,ARS,266640,51,Baja,compra en vea,38384,alimentacion,2026-01-20,natural
25,AR,ARS,266640,51,Baja,ticketek entradas suc,38061,ocio,2026-01-17,cartola
25,AR,ARS,266640,51,Baja,flow telecom compra,48965,servicios,2026-01-08,cartola
25,AR,ARS,266640,51,Baja,entrada a multiplex cines,7207,ocio,2026-01-28,natural
25,AR,ARS,266640,51,Baja,pago camuzzi gas pampeana,26270,servicios,2026-01-25,natural
25,AR,ARS,266640,51,Baja,mercadopago*doncarlos,8621,alimentacion,2026-01-02,cartola
25,AR,ARS,266640,51,Baja,carga bencina en cabify,11923,transporte,2026-01-18,natural
25,AR,ARS,266640,51,Baja,sodimac s.a. compra,63616,vivienda,2026-01-03,cartola
25,AR,ARS,266640,51,Baja,pago zonaprop,43709,vivienda,2026-01-20,natural
25,AR,ARS,266640,51,Baja,deb aut epec cordoba,47216,servicios,2026-01-24,cartola
25,AR,ARS,266640,51,Baja,compra en kfc,10311,alimentacion,2026-01-04,natural
25,AR,ARS,266640,51,Baja,solo deportes compra pos,15075,otros,2026-01-18,cartola
25,AR,ARS,266640,51,Baja,pago edesal san luis,63775,servicios,2026-01-18,natural
25,AR,ARS,266640,51,Baja,administracion san martin,93112,vivienda,2026-01-21,cartola
25,AR,ARS,266640,51,Baja,inscripcion en colegio san andres,29221,educacion,2026-01-07,natural
25,AR,ARS,266640,51,Baja,pago pinturas alba,28546,vivienda,2026-01-04,natural
25,AR,ARS,266640,51,Baja,scholastica compra pos,24558,educacion,2026-01-15,cartola
25,AR,ARS,266640,51,Baja,medicus compra pos deb,27151,salud,2026-01-17,cartola
25,AR,ARS,266640,51,Baja,coto suc,40255,alimentacion,2026-01-22,cartola
25,AR,ARS,266640,51,Baja,pago epec,92388,servicios,2026-01-22,natural
25,AR,ARS,266640,51,Baja,giro rapipago recauda,35046,servicios,2026-01-09,cartola
25,AR,ARS,266640,51,Baja,deb aut movistar hogar,43901,servicios,2026-01-24,cartola
25,AR,ARS,266640,51,Baja,octavo piso expensas,85725,vivienda,2026-01-03,cartola
25,AR,ARS,266640,51,Baja,carga bencina en sube,8348,transporte,2026-01-11,natural
25,AR,ARS,266640,51,Baja,pago en sancor salud,91905,salud,2026-01-04,natural
25,AR,ARS,266640,51,Baja,pago libreria scholastica,38591,educacion,2026-01-29,natural
25,AR,ARS,266640,51,Baja,metrogas debito aut,54200,servicios,2026-01-11,cartola
25,AR,ARS,266640,51,Baja,pago telecom fibertel,19449,servicios,2026-01-25,natural
25,AR,ARS,266640,51,Baja,mp*spotify argentina,2990,streaming,2026-01-08,cartola
25,AR,ARS,266640,51,Baja,movistar arena tickets,23164,ocio,2026-01-12,cartola
25,AR,ARS,266640,51,Baja,pago epec,60472,servicios,2026-01-13,natural
25,AR,ARS,266640,51,Baja,panaderia san jose pos,11094,alimentacion,2026-01-16,cartola
25,AR,ARS,266640,51,Baja,giro pago facil recauda,70367,servicios,2026-01-26,cartola
25,AR,ARS,266640,51,Baja,consorcio caballito exp,61157,vivienda,2026-01-06,cartola
25,AR,ARS,266640,51,Baja,pago rapipago,46273,servicios,2026-01-25,natural
25,AR,ARS,266640,51,Baja,mp*spotify argentina,3679,streaming,2026-01-08,cartola
25,AR,ARS,266640,51,Baja,freddo helados compra,24072,alimentacion,2026-01-03,cartola
25,AR,ARS,266640,51,Baja,compra carrefour suc,27424,alimentacion,2026-01-20,cartola
25,AR,ARS,266640,51,Baja,williamsburg burger suc,16938,alimentacion,2026-01-20,cartola
25,AR,ARS,266640,51,Baja,corredores viales compra,8901,transporte,2026-01-04,cartola
25,AR,ARS,266640,51,Baja,compra en jumbo,49800,alimentacion,2026-01-09,natural
25,AR,ARS,266640,51,Baja,pago consorcioabierto,90609,vivienda,2026-01-04,natural
25,AR,ARS,266640,51,Baja,entrada a ticketek,59923,ocio,2026-01-29,natural
25,AR,ARS,266640,51,Baja,pago pinturerias rex,90634,vivienda,2026-01-22,natural
25,AR,ARS,266640,51,Baja,entrada a on fit,21098,ocio,2026-01-27,natural
25,AR,ARS,266640,51,Baja,inscripcion en universidad torcuato di tella utdt,17490,educacion,2026-01-17,natural
25,AR,ARS,266640,51,Baja,plusmar compra pos,49396,transporte,2026-01-25,cartola
25,AR,ARS,266640,51,Baja,pago dexter,59366,otros,2026-01-05,natural
25,AR,ARS,266640,51,Baja,pago camuzzi gas pampeana,39311,servicios,2026-01-09,natural
25,AR,ARS,266640,51,Baja,pago zonaprop,24923,vivienda,2026-01-15,natural
25,AR,ARS,266640,51,Baja,mp*spotify argentina,7141,streaming,2026-01-04,cartola
25,AR,ARS,266640,51,Baja,carga bencina en peaje dock sud,5441,transporte,2026-01-26,natural
25,AR,ARS,266640,51,Baja,trenes argentinos pos,966,transporte,2026-01-28,cartola
25,AR,ARS,266640,51,Baja,pago en medife,87752,salud,2026-01-13,natural
25,AR,ARS,266640,51,Baja,pago en kfc,20942,alimentacion,2026-01-14,natural
25,AR,ARS,266640,51,Baja,inscripcion en colegio san martin,87046,educacion,2026-01-09,natural
25,AR,ARS,266640,51,Baja,steam games compra int,48054,ocio,2026-01-12,cartola
25,AR,ARS,266640,51,Baja,deb aut univ catolica,9262,educacion,2026-01-27,cartola
25,AR,ARS,266640,51,Baja,mp*netflix argentina,13853,streaming,2026-01-04,cartola
25,AR,ARS,266640,51,Baja,pago edersa rio negro,33908,servicios,2026-01-17,natural
25,AR,ARS,266640,51,Baja,pago en maxiconsumo,54098,alimentacion,2026-01-23,natural
25,AR,ARS,266640,51,Baja,suscripcion a disney plus argentina,6926,streaming,2026-01-03,natural
26,AR,ARS,197040,50,Baja,starbucks s.a. pos,14318,alimentacion,2026-01-20,cartola
26,AR,ARS,197040,50,Baja,jumbo compra,55262,alimentacion,2026-01-08,cartola
26,AR,ARS,197040,50,Baja,giro rapipago recauda,67272,servicios,2026-01-20,cartola
26,AR,ARS,197040,50,Baja,peaje alberti ausa,3154,transporte,2026-01-21,cartola
26,AR,ARS,197040,50,Baja,viaje en axion energy,42299,transporte,2026-01-07,natural
26,AR,ARS,197040,50,Baja,input entradas bar,43743,ocio,2026-01-21,cartola
26,AR,ARS,197040,50,Baja,ausol aut. del sol,3049,transporte,2026-01-12,cartola
26,AR,ARS,197040,50,Baja,entrada a boliche input,40976,ocio,2026-01-18,natural
26,AR,ARS,197040,50,Baja,viaje en peaje pacheco,7780,transporte,2026-01-27,natural
26,AR,ARS,197040,50,Baja,deb aut claro hogar,53663,servicios,2026-01-09,cartola
26,AR,ARS,197040,50,Baja,zonaprop compra factura,14411,vivienda,2026-01-20,cartola
26,AR,ARS,197040,50,Baja,pago aysa,12056,servicios,2026-01-06,natural
26,AR,ARS,197040,50,Baja,mp*spotify argentina,8810,streaming,2026-01-12,cartola
26,AR,ARS,197040,50,Baja,colegio st georges deb,33531,educacion,2026-01-05,cartola
26,AR,ARS,197040,50,Baja,pago edesal san luis,56016,servicios,2026-01-24,natural
26,AR,ARS,197040,50,Baja,nueva chevallier s.a.,55003,transporte,2026-01-07,cartola
26,AR,ARS,197040,50,Baja,sancor salud deb aut,6299,salud,2026-01-28,cartola
26,AR,ARS,197040,50,Baja,deb aut movistar hogar,37530,servicios,2026-01-17,cartola
26,AR,ARS,197040,50,Baja,pago alquileres argentina,65681,vivienda,2026-01-16,natural
26,AR,ARS,197040,50,Baja,pago en cafe martinez,15210,alimentacion,2026-01-23,natural
26,AR,ARS,197040,50,Baja,carga bencina en corredores viales,26625,transporte,2026-01-02,natural
26,AR,ARS,197040,50,Baja,flow telecom compra,34423,servicios,2026-01-17,cartola
26,AR,ARS,197040,50,Baja,pagomiscuentas debito,21420,servicios,2026-01-06,cartola
26,AR,ARS,197040,50,Baja,carga bencina en peaje dock sud,5557,transporte,2026-01-25,natural
26,AR,ARS,197040,50,Baja,jumbo compra,65519,alimentacion,2026-01-13,cartola
26,AR,ARS,197040,50,Baja,mp*disney plus arg,7055,streaming,2026-01-05,cartola
26,AR,ARS,197040,50,Baja,ligier compra pos,28219,vivienda,2026-01-12,cartola
26,AR,ARS,197040,50,Baja,suscripcion a disney plus argentina,10095,streaming,2026-01-18,natural
26,AR,ARS,197040,50,Baja,pago banco provincia,8126,otros,2026-01-16,natural
26,AR,ARS,197040,50,Baja,mercadopago*transferencia,60826,otros,2026-01-12,cartola
26,AR,ARS,197040,50,Baja,compra en carniceria el ombu,51093,alimentacion,2026-01-17,natural
26,AR,ARS,197040,50,Baja,pago pago facil,63757,servicios,2026-01-12,natural
26,AR,ARS,197040,50,Baja,telecentro debito directo,44443,servicios,2026-01-22,cartola
26,AR,ARS,197040,50,Baja,pago telecentro,58806,servicios,2026-01-14,natural
26,AR,ARS,197040,50,Baja,plusmar compra pos,25022,transporte,2026-01-28,cartola
26,AR,ARS,197040,50,Baja,avalian medicina prepaga,2117,salud,2026-01-04,cartola
26,AR,ARS,197040,50,Baja,pago movistar hogar argentina,47078,servicios,2026-01-02,natural
26,AR,ARS,197040,50,Baja,pago administracion san martin,45067,vivienda,2026-01-17,natural
26,AR,ARS,197040,50,Baja,pago banco macro,18701,otros,2026-01-26,natural
26,AR,ARS,197040,50,Baja,pago en kfc,17747,alimentacion,2026-01-07,natural
26,AR,ARS,197040,50,Baja,pago octavo piso saas,25931,vivienda,2026-01-12,natural
26,AR,ARS,197040,50,Baja,deb aut smart fit pos,18677,ocio,2026-01-25,cartola
26,AR,ARS,197040,50,Baja,suscripcion a netflix argentina,9789,streaming,2026-01-07,natural
26,AR,ARS,197040,50,Baja,deb aut personal flow,62786,servicios,2026-01-05,cartola
26,AR,ARS,197040,50,Baja,pago claro hogar argentina,30282,servicios,2026-01-04,natural
26,AR,ARS,197040,50,Baja,pago megatone,15218,otros,2026-01-26,natural
26,AR,ARS,197040,50,Baja,deb aut movistar hogar,23729,servicios,2026-01-16,cartola
26,AR,ARS,197040,50,Baja,viaje en plusmar,60200,transporte,2026-01-18,natural
26,AR,ARS,197040,50,Baja,pizzeria guerrin compra,49263,alimentacion,2026-01-04,cartola
26,AR,ARS,197040,50,Baja,central oeste compra,29149,salud,2026-01-27,cartola
26,AR,ARS,197040,50,Baja,compra en subway,5097,alimentacion,2026-01-04,natural
26,AR,ARS,197040,50,Baja,compra en havanna,9754,alimentacion,2026-01-17,natural
26,AR,ARS,197040,50,Baja,deb aut arba bs as,6952,otros,2026-01-14,cartola
26,AR,ARS,197040,50,Baja,pago pago facil,16575,servicios,2026-01-08,natural
26,AR,ARS,197040,50,Baja,compra en tea connection,37681,alimentacion,2026-01-25,natural
26,AR,ARS,197040,50,Baja,viaje en peaje larena,6049,transporte,2026-01-14,natural
26,AR,ARS,197040,50,Baja,carga bencina en aubasa,4762,transporte,2026-01-16,natural
26,AR,ARS,197040,50,Baja,mercadopago*laquerencia,28292,alimentacion,2026-01-23,cartola
26,AR,ARS,197040,50,Baja,deb aut edet tucuman,37198,servicios,2026-01-28,cartola
26,AR,ARS,197040,50,Baja,cafe martinez suc,17123,alimentacion,2026-01-06,cartola
26,AR,ARS,197040,50,Baja,pago aguas bonaerenses,39112,servicios,2026-01-20,natural
26,AR,ARS,197040,50,Baja,pago en rappi,41279,alimentacion,2026-01-05,natural
26,AR,ARS,197040,50,Baja,showcase ar compra pos,26408,ocio,2026-01-11,cartola
26,AR,ARS,197040,50,Baja,consorcio palermo exp,54231,vivienda,2026-01-05,cartola
26,AR,ARS,197040,50,Baja,pago en starbucks,7986,alimentacion,2026-01-06,natural
26,AR,ARS,197040,50,Baja,viaje en peaje sarandi,4875,transporte,2026-01-04,natural
26,AR,ARS,197040,50,Baja,prestigio s.a. compra,44664,vivienda,2026-01-11,cartola
26,AR,ARS,197040,50,Baja,carga bencina en peaje debenedetti,2262,transporte,2026-01-13,natural
26,AR,ARS,197040,50,Baja,subway compra pos,15437,alimentacion,2026-01-05,cartola
26,AR,ARS,197040,50,Baja,compra en burger king,25078,alimentacion,2026-01-03,natural
26,AR,ARS,197040,50,Baja,carga bencina en peaje alberti,4115,transporte,2026-01-27,natural
26,AR,ARS,197040,50,Baja,suscripcion a disney plus argentina,11129,streaming,2026-01-19,natural
26,AR,ARS,197040,50,Baja,suscripcion a max hbo argentina,10613,ocio,2026-01-11,natural
26,AR,ARS,197040,50,Baja,pago pago facil,15185,servicios,2026-01-25,natural
26,AR,ARS,197040,50,Baja,compra en vea,14181,alimentacion,2026-01-05,natural
26,AR,ARS,197040,50,Baja,pago edesur,40751,servicios,2026-01-19,natural
26,AR,ARS,197040,50,Baja,compra en yaguar,59361,alimentacion,2026-01-04,natural
26,AR,ARS,197040,50,Baja,carga bencina en cabify,24249,transporte,2026-01-22,natural
26,AR,ARS,197040,50,Baja,pago aguas cordobesas,20314,servicios,2026-01-07,natural
26,AR,ARS,197040,50,Baja,mp*disney plus arg,8175,streaming,2026-01-15,cartola
26,AR,ARS,197040,50,Baja,compra en panaderia san jose,5977,alimentacion,2026-01-17,natural
26,AR,ARS,197040,50,Baja,sodimac s.a. compra,40162,vivienda,2026-01-23,cartola
26,AR,ARS,197040,50,Baja,opticas lof compra,46588,salud,2026-01-06,cartola
26,AR,ARS,197040,50,Baja,pago en sanatorio otamendi,63485,salud,2026-01-10,natural
26,AR,ARS,197040,50,Baja,viaje en peaje sarandi,2521,transporte,2026-01-22,natural
26,AR,ARS,197040,50,Baja,cinemark hoyts compra,9755,ocio,2026-01-08,cartola
26,AR,ARS,197040,50,Baja,suscripcion a disney plus argentina,5050,streaming,2026-01-23,natural
26,AR,ARS,197040,50,Baja,peaje debenedetti pos,1829,transporte,2026-01-09,cartola
26,AR,ARS,197040,50,Baja,suscripcion a disney plus argentina,4591,streaming,2026-01-08,natural
26,AR,ARS,197040,50,Baja,puma energy suc,49655,transporte,2026-01-08,cartola
26,AR,ARS,197040,50,Baja,mp*disney plus arg,4112,streaming,2026-01-12,cartola
26,AR,ARS,197040,50,Baja,carga bencina en sube,2204,transporte,2026-01-29,natural
26,AR,ARS,197040,50,Baja,pago en medife,26790,salud,2026-01-16,natural
26,AR,ARS,197040,50,Baja,la trastienda compra pos,19562,ocio,2026-01-13,cartola
26,AR,ARS,197040,50,Baja,pizzeria guerrin compra,52404,alimentacion,2026-01-17,cartola
26,AR,ARS,197040,50,Baja,giro pago facil recauda,9413,servicios,2026-01-15,cartola
26,AR,ARS,197040,50,Baja,pago sodimac,63209,vivienda,2026-01-25,natural
26,AR,ARS,197040,50,Baja,prestigio s.a. compra,31358,vivienda,2026-01-11,cartola
26,AR,ARS,197040,50,Baja,wendys suc,11301,alimentacion,2026-01-02,cartola
26,AR,ARS,197040,50,Baja,pago ligier pinturerias,19279,vivienda,2026-01-11,natural
26,AR,ARS,197040,50,Baja,entrada a megatlon,41167,ocio,2026-01-28,natural
26,AR,ARS,197040,50,Baja,alquileres argentina deb,48835,vivienda,2026-01-09,cartola
26,AR,ARS,197040,50,Baja,pago en farmacias selma,6123,salud,2026-01-14,natural
26,AR,ARS,197040,50,Baja,carga bencina en peaje hudson,5675,transporte,2026-01-05,natural
26,AR,ARS,197040,50,Baja,peaje hudson aubasa,10052,transporte,2026-01-05,cartola
26,AR,ARS,197040,50,Baja,viaje en peaje larena,6231,transporte,2026-01-02,natural
26,AR,ARS,197040,50,Baja,pago en supermercados dia,19808,alimentacion,2026-01-27,natural
26,AR,ARS,197040,50,Baja,carga bencina en peaje larena,6554,transporte,2026-01-22,natural
26,AR,ARS,197040,50,Baja,ligier compra pos,15220,vivienda,2026-01-02,cartola
26,AR,ARS,197040,50,Baja,carga bencina en peaje debenedetti,4938,transporte,2026-01-17,natural
26,AR,ARS,197040,50,Baja,dia% express suc,52012,alimentacion,2026-01-26,cartola
26,AR,ARS,197040,50,Baja,diagnostico maipu compra,67729,salud,2026-01-08,cartola
26,AR,ARS,197040,50,Baja,entrada a niceto club,47424,ocio,2026-01-05,natural
26,AR,ARS,197040,50,Baja,pago en clinica suizo argentina,51431,salud,2026-01-03,natural
26,AR,ARS,197040,50,Baja,pago provincia net,64785,servicios,2026-01-17,natural
26,AR,ARS,197040,50,Baja,carga bencina en peaje hudson,1634,transporte,2026-01-20,natural
26,AR,ARS,197040,50,Baja,pago telecentro,41917,servicios,2026-01-16,natural
26,AR,ARS,197040,50,Baja,centro rossi compra pos,16758,salud,2026-01-19,cartola
26,AR,ARS,197040,50,Baja,compra en farmacias selma,19465,salud,2026-01-13,natural
26,AR,ARS,197040,50,Baja,pago en subway,4883,alimentacion,2026-01-05,natural
26,AR,ARS,197040,50,Baja,bbva comision paquete deb,8351,otros,2026-01-09,cartola
26,AR,ARS,197040,50,Baja,suscripcion a multiplex cines,13202,ocio,2026-01-03,natural
26,AR,ARS,197040,50,Baja,rex pinturerias compra,50459,vivienda,2026-01-26,cartola
26,AR,ARS,197040,50,Baja,suscripcion a netflix argentina,13020,streaming,2026-01-27,natural
26,AR,ARS,197040,50,Baja,omint debito directo,8529,salud,2026-01-20,cartola
27,AR,ARS,275682,39,Alta,peaje samborombon aubasa,3774,transporte,2026-01-24,cartola
27,AR,ARS,275682,39,Alta,peaje hudson aubasa,13842,transporte,2026-01-24,cartola
27,AR,ARS,275682,39,Alta,compra en pani,16390,alimentacion,2026-01-23,natural
27,AR,ARS,275682,39,Alta,cabify compra,8143,transporte,2026-01-03,cartola
27,AR,ARS,275682,39,Alta,mp*netflix argentina,8425,streaming,2026-01-11,cartola
27,AR,ARS,275682,39,Alta,pago consorcio edificio belgrano,59573,vivienda,2026-01-05,natural
27,AR,ARS,275682,39,Alta,mp*disney plus arg,5672,streaming,2026-01-26,cartola
27,AR,ARS,275682,39,Alta,deb aut claro hogar,38299,servicios,2026-01-04,cartola
27,AR,ARS,275682,39,Alta,flow telecom compra,80092,servicios,2026-01-07,cartola
27,AR,ARS,275682,39,Alta,pago en sanatorio guemes,42950,salud,2026-01-05,natural
27,AR,ARS,275682,39,Alta,mayorista yaguar suc,53879,alimentacion,2026-01-15,cartola
27,AR,ARS,275682,39,Alta,pago en mostaza,28427,alimentacion,2026-01-24,natural
27,AR,ARS,275682,39,Alta,pago ferreteria el puente,24688,vivienda,2026-01-16,natural
27,AR,ARS,275682,39,Alta,pago en dandy,40257,alimentacion,2026-01-07,natural
27,AR,ARS,275682,39,Alta,ticketek entradas suc,73336,ocio,2026-01-10,cartola
27,AR,ARS,275682,39,Alta,kika bar entradas,9312,ocio,2026-01-11,cartola
27,AR,ARS,275682,39,Alta,compra en sanatorio guemes,80931,salud,2026-01-27,natural
27,AR,ARS,275682,39,Alta,suscripcion a netflix argentina,8764,streaming,2026-01-19,natural
27,AR,ARS,275682,39,Alta,administracion san martin,42723,vivienda,2026-01-07,cartola
27,AR,ARS,275682,39,Alta,mercadopago*elprogreso,11285,vivienda,2026-01-03,cartola
27,AR,ARS,275682,39,Alta,pago expensas online,91259,vivienda,2026-01-19,natural
27,AR,ARS,275682,39,Alta,inscripcion en librerias cuspide,41411,educacion,2026-01-10,natural
27,AR,ARS,275682,39,Alta,recarga sube acc,7783,transporte,2026-01-15,cartola
27,AR,ARS,275682,39,Alta,pago octavo piso saas,43312,vivienda,2026-01-24,natural
27,AR,ARS,275682,39,Alta,suscripcion a on fit,20843,ocio,2026-01-15,natural
27,AR,ARS,275682,39,Alta,suscripcion a disney plus argentina,4656,streaming,2026-01-16,natural
27,AR,ARS,275682,39,Alta,wendys suc,33261,alimentacion,2026-01-03,cartola
27,AR,ARS,275682,39,Alta,pago edenor,15172,servicios,2026-01-04,natural
27,AR,ARS,275682,39,Alta,peaje dellepiane ausa,2164,transporte,2026-01-08,cartola
27,AR,ARS,275682,39,Alta,pago argenprop,67537,vivienda,2026-01-03,natural
27,AR,ARS,275682,39,Alta,deb aut epen neuquen,91281,servicios,2026-01-06,cartola
27,AR,ARS,275682,39,Alta,pago impuestos afip,64682,otros,2026-01-26,natural
27,AR,ARS,275682,39,Alta,carga bencina en cabify,5786,transporte,2026-01-21,natural
27,AR,ARS,275682,39,Alta,deb aut fiter pos,33623,ocio,2026-01-18,cartola
27,AR,ARS,275682,39,Alta,metrogas debito aut,27736,servicios,2026-01-26,cartola
27,AR,ARS,275682,39,Alta,peaje dock sud acc,1847,transporte,2026-01-17,cartola
27,AR,ARS,275682,39,Alta,el noble compra,20312,alimentacion,2026-01-21,cartola
27,AR,ARS,275682,39,Alta,pago en pizzeria guerrin,26123,alimentacion,2026-01-13,natural
27,AR,ARS,275682,39,Alta,entrada a multiplex cines,16844,ocio,2026-01-18,natural
27,AR,ARS,275682,39,Alta,freddo helados compra,42896,alimentacion,2026-01-15,cartola
27,AR,ARS,275682,39,Alta,wendys suc,22266,alimentacion,2026-01-12,cartola
27,AR,ARS,275682,39,Alta,dr ahorro argentina,26999,salud,2026-01-07,cartola
27,AR,ARS,275682,39,Alta,pago rapipago,8488,servicios,2026-01-22,natural
27,AR,ARS,275682,39,Alta,consorcio palermo exp,48626,vivienda,2026-01-21,cartola
27,AR,ARS,275682,39,Alta,pago camuzzi gas pampeana,70296,servicios,2026-01-26,natural
27,AR,ARS,275682,39,Alta,la trastienda compra pos,78920,ocio,2026-01-04,cartola
27,AR,ARS,275682,39,Alta,pago en williamsburg,10079,alimentacion,2026-01-10,natural
27,AR,ARS,275682,39,Alta,pago naturgy,80848,servicios,2026-01-10,natural
27,AR,ARS,275682,39,Alta,entrada a puntoticket argentina,38258,ocio,2026-01-17,natural
27,AR,ARS,275682,39,Alta,telecentro debito directo,48794,servicios,2026-01-24,cartola
27,AR,ARS,275682,39,Alta,litoral gas debito pos,92900,servicios,2026-01-10,cartola
27,AR,ARS,275682,39,Alta,peaje larena ausol,2536,transporte,2026-01-14,cartola
27,AR,ARS,275682,39,Alta,entrada a teatro gran rex,37396,ocio,2026-01-15,natural
27,AR,ARS,275682,39,Alta,carga bencina en ypf,46813,transporte,2026-01-13,natural
27,AR,ARS,275682,39,Alta,mp*disney plus arg,7529,streaming,2026-01-11,cartola
27,AR,ARS,275682,39,Alta,icbc mantenimiento servicio,4192,otros,2026-01-03,cartola
27,AR,ARS,275682,39,Alta,deb aut claro hogar,51394,servicios,2026-01-13,cartola
27,AR,ARS,275682,39,Alta,pago provincia net,41091,servicios,2026-01-07,natural
27,AR,ARS,275682,39,Alta,deb.aut. osde b.s.,51127,salud,2026-01-23,cartola
27,AR,ARS,275682,39,Alta,pago en mcdonald's,7524,alimentacion,2026-01-14,natural
27,AR,ARS,275682,39,Alta,carga bencina en peaje illia,2146,transporte,2026-01-26,natural
27,AR,ARS,275682,39,Alta,puma energy suc,60283,transporte,2026-01-24,cartola
27,AR,ARS,275682,39,Alta,consorcioabierto expensas,66101,vivienda,2026-01-06,cartola
27,AR,ARS,275682,39,Alta,sodimac s.a. compra,56555,vivienda,2026-01-23,cartola
27,AR,ARS,275682,39,Alta,teatro gran rex entradas,46302,ocio,2026-01-08,cartola
27,AR,ARS,275682,39,Alta,peaje dellepiane ausa,4408,transporte,2026-01-18,cartola
27,AR,ARS,275682,39,Alta,autop. del oeste compra,25228,transporte,2026-01-25,cartola
27,AR,ARS,275682,39,Alta,recarga sube acc,7602,transporte,2026-01-05,cartola
27,AR,ARS,275682,39,Alta,mp*spotify argentina,6810,streaming,2026-01-27,cartola
27,AR,ARS,275682,39,Alta,compra en disco,89489,alimentacion,2026-01-20,natural
27,AR,ARS,275682,39,Alta,las cuartetas compra,21475,alimentacion,2026-01-06,cartola
27,AR,ARS,275682,39,Alta,omint debito directo,32341,salud,2026-01-15,cartola
27,AR,ARS,275682,39,Alta,pago epen neuquen,22071,servicios,2026-01-26,natural
27,AR,ARS,275682,39,Alta,sancor seguros compra deb,30492,otros,2026-01-18,cartola
27,AR,ARS,275682,39,Alta,pago camuzzi gas pampeana,78743,servicios,2026-01-07,natural
27,AR,ARS,275682,39,Alta,viaje en ypf,18853,transporte,2026-01-26,natural
27,AR,ARS,275682,39,Alta,compra en sanatorio guemes,36765,salud,2026-01-09,natural
27,AR,ARS,275682,39,Alta,suscripcion a spotify argentina,6368,streaming,2026-01-10,natural
27,AR,ARS,275682,39,Alta,suscripcion a disney plus argentina,4980,streaming,2026-01-02,natural
27,AR,ARS,275682,39,Alta,deb aut edesal s.a.,40010,servicios,2026-01-21,cartola
27,AR,ARS,275682,39,Alta,pagomiscuentas aysa deb,8797,servicios,2026-01-21,cartola
27,AR,ARS,275682,39,Alta,pago en vital mayorista,74469,alimentacion,2026-01-05,natural
27,AR,ARS,275682,39,Alta,mercadopago*elprogreso,18161,vivienda,2026-01-17,cartola
27,AR,ARS,275682,39,Alta,viaje en ypf,33257,transporte,2026-01-08,natural
27,AR,ARS,275682,39,Alta,compra en banchero,17833,alimentacion,2026-01-04,natural
27,AR,ARS,275682,39,Alta,telepase ausa,13483,transporte,2026-01-04,cartola
27,AR,ARS,275682,39,Alta,jumbo compra,53528,alimentacion,2026-01-19,cartola
27,AR,ARS,275682,39,Alta,compra en centro rossi,17616,salud,2026-01-26,natural
27,AR,ARS,275682,39,Alta,pago telecentro,47268,servicios,2026-01-15,natural
27,AR,ARS,275682,39,Alta,pago coppel,83070,otros,2026-01-25,natural
27,AR,ARS,275682,39,Alta,mi barrio compra,33239,alimentacion,2026-01-03,cartola
27,AR,ARS,275682,39,Alta,pago edesur,78191,servicios,2026-01-14,natural
27,AR,ARS,275682,39,Alta,compra en clinica suizo argentina,50792,salud,2026-01-14,natural
27,AR,ARS,275682,39,Alta,el club de la milanesa,16763,alimentacion,2026-01-25,cartola
27,AR,ARS,275682,39,Alta,cabify compra,10163,transporte,2026-01-12,cartola
27,AR,ARS,275682,39,Alta,compra en opticas lof,68333,salud,2026-01-15,natural
27,AR,ARS,275682,39,Alta,editorial santillana deb,73605,educacion,2026-01-19,cartola
27,AR,ARS,275682,39,Alta,mp*amazon prime arg,8088,ocio,2026-01-18,cartola
27,AR,ARS,275682,39,Alta,deb aut claro hogar,12643,servicios,2026-01-11,cartola
27,AR,ARS,275682,39,Alta,pago edenor,81181,servicios,2026-01-12,natural
27,AR,ARS,275682,39,Alta,carga bencina en chevallier,84127,transporte,2026-01-15,natural
27,AR,ARS,275682,39,Alta,mostaza suc compra,26639,alimentacion,2026-01-25,cartola
27,AR,ARS,275682,39,Alta,dia% express suc,47714,alimentacion,2026-01-24,cartola
27,AR,ARS,275682,39,Alta,mp*disney plus arg,10735,streaming,2026-01-13,cartola
27,AR,ARS,275682,39,Alta,stock center compra pos,55925,otros,2026-01-07,cartola
27,AR,ARS,275682,39,Alta,pago edersa rio negro,73389,servicios,2026-01-14,natural
27,AR,ARS,275682,39,Alta,pago edersa rio negro,89076,servicios,2026-01-26,natural
27,AR,ARS,275682,39,Alta,entrada a ticketek,64265,ocio,2026-01-28,natural
27,AR,ARS,275682,39,Alta,colegio marin deb aut,62551,educacion,2026-01-18,cartola
27,AR,ARS,275682,39,Alta,peaje hudson recaudacion,7918,transporte,2026-01-14,cartola
27,AR,ARS,275682,39,Alta,parque de la costa comp,28266,ocio,2026-01-20,cartola
27,AR,ARS,275682,39,Alta,compra en coto,77593,alimentacion,2026-01-07,natural
27,AR,ARS,275682,39,Alta,pago naturgy,32242,servicios,2026-01-11,natural
27,AR,ARS,275682,39,Alta,pago pago facil,55980,servicios,2026-01-15,natural
27,AR,ARS,275682,39,Alta,cinemark hoyts compra,24281,ocio,2026-01-14,cartola
27,AR,ARS,275682,39,Alta,suscripcion a megatlon,82749,ocio,2026-01-22,natural
27,AR,ARS,275682,39,Alta,centro rossi compra pos,40299,salud,2026-01-25,cartola
27,AR,ARS,275682,39,Alta,peaje dock sud acc,3305,transporte,2026-01-23,cartola
27,AR,ARS,275682,39,Alta,suscripcion a movistar arena argentina,51976,ocio,2026-01-23,natural
27,AR,ARS,275682,39,Alta,pago edenor,49316,servicios,2026-01-15,natural
27,AR,ARS,275682,39,Alta,pago naturgy,26672,servicios,2026-01-12,natural
27,AR,ARS,275682,39,Alta,williamsburg burger suc,16649,alimentacion,2026-01-26,cartola
27,AR,ARS,275682,39,Alta,clinica mater dei compra,54608,salud,2026-01-10,cartola
27,AR,ARS,275682,39,Alta,pago en fiambreria el galpon,16531,alimentacion,2026-01-15,natural
27,AR,ARS,275682,39,Alta,entrada a playstation network ar,6957,ocio,2026-01-05,natural
28,AR,ARS,279187,14,Alta,entrada a niceto club,17549,ocio,2026-01-20,natural
28,AR,ARS,279187,14,Alta,corredores viales compra,26589,transporte,2026-01-28,cartola
28,AR,ARS,279187,14,Alta,compra en wendy's,18563,alimentacion,2026-01-20,natural
28,AR,ARS,279187,14,Alta,deb aut claro hogar,43359,servicios,2026-01-03,cartola
28,AR,ARS,279187,14,Alta,pago telecom fibertel,80707,servicios,2026-01-02,natural
28,AR,ARS,279187,14,Alta,entrada a on fit,30229,ocio,2026-01-04,natural
28,AR,ARS,279187,14,Alta,pago megatone,65749,otros,2026-01-04,natural
28,AR,ARS,279187,14,Alta,suscripcion a teatro opera,55888,ocio,2026-01-03,natural
28,AR,ARS,279187,14,Alta,giro rapipago recauda,72181,servicios,2026-01-22,cartola
28,AR,ARS,279187,14,Alta,viaje en autopistas del sol ausol,22639,transporte,2026-01-03,natural
28,AR,ARS,279187,14,Alta,pago consorcioabierto,55676,vivienda,2026-01-22,natural
28,AR,ARS,279187,14,Alta,compra en farmacias selma,11592,salud,2026-01-22,natural
28,AR,ARS,279187,14,Alta,op.ypf suc compra,79915,transporte,2026-01-21,cartola
28,AR,ARS,279187,14,Alta,viaje en cabify,4906,transporte,2026-01-06,natural
28,AR,ARS,279187,14,Alta,mp*spotify argentina,8000,streaming,2026-01-06,cartola
28,AR,ARS,279187,14,Alta,viaje en peaje hudson,2254,transporte,2026-01-25,natural
28,AR,ARS,279187,14,Alta,suscripcion a smart fit argentina,30598,ocio,2026-01-20,natural
28,AR,ARS,279187,14,Alta,suscripcion a disney plus argentina,4547,streaming,2026-01-02,natural
28,AR,ARS,279187,14,Alta,compra en hospital aleman,89212,salud,2026-01-08,natural
28,AR,ARS,279187,14,Alta,el club de la milanesa,27211,alimentacion,2026-01-06,cartola
28,AR,ARS,279187,14,Alta,pago impuestos afip,61907,otros,2026-01-08,natural
28,AR,ARS,279187,14,Alta,emova subte caba,2781,transporte,2026-01-04,cartola
28,AR,ARS,279187,14,Alta,pago octavo piso saas,46531,vivienda,2026-01-21,natural
28,AR,ARS,279187,14,Alta,freddo helados compra,13380,alimentacion,2026-01-15,cartola
28,AR,ARS,279187,14,Alta,plusmar compra pos,51648,transporte,2026-01-17,cartola
28,AR,ARS,279187,14,Alta,maderas ramos s.a.,74280,vivienda,2026-01-08,cartola
28,AR,ARS,279187,14,Alta,prevencion salud compra,89723,salud,2026-01-20,cartola
28,AR,ARS,279187,14,Alta,compra en yaguar,96659,alimentacion,2026-01-06,natural
28,AR,ARS,279187,14,Alta,deb aut claro hogar,43440,servicios,2026-01-28,cartola
28,AR,ARS,279187,14,Alta,compra en wendy's,14831,alimentacion,2026-01-16,natural
28,AR,ARS,279187,14,Alta,telepase ausa,29762,transporte,2026-01-17,cartola
28,AR,ARS,279187,14,Alta,pago zonaprop,72713,vivienda,2026-01-23,natural
28,AR,ARS,279187,14,Alta,consorcioabierto expensas,39853,vivienda,2026-01-07,cartola
28,AR,ARS,279187,14,Alta,suscripcion a smart fit argentina,47303,ocio,2026-01-05,natural
28,AR,ARS,279187,14,Alta,entrada a puntoticket argentina,83082,ocio,2026-01-07,natural
28,AR,ARS,279187,14,Alta,inscripcion en librerias cuspide,55139,educacion,2026-01-09,natural
28,AR,ARS,279187,14,Alta,pago telecentro,72326,servicios,2026-01-05,natural
28,AR,ARS,279187,14,Alta,pago telecom fibertel,89239,servicios,2026-01-15,natural
28,AR,ARS,279187,14,Alta,compra en mostaza,24257,alimentacion,2026-01-17,natural
28,AR,ARS,279187,14,Alta,pago gas nea,79381,servicios,2026-01-14,natural
28,AR,ARS,279187,14,Alta,mp*netflix argentina,12431,streaming,2026-01-03,cartola
28,AR,ARS,279187,14,Alta,accord salud debito directo,94067,salud,2026-01-14,cartola
28,AR,ARS,279187,14,Alta,zonaprop compra factura,14026,vivienda,2026-01-02,cartola
28,AR,ARS,279187,14,Alta,compra en farmacias selma,16056,salud,2026-01-07,natural
28,AR,ARS,279187,14,Alta,carga bencina en aubasa,6872,transporte,2026-01-14,natural
28,AR,ARS,279187,14,Alta,niceto club entradas,31988,ocio,2026-01-12,cartola
28,AR,ARS,279187,14,Alta,pago consorcio edificio belgrano,43749,vivienda,2026-01-20,natural
28,AR,ARS,279187,14,Alta,compra en vea,76529,alimentacion,2026-01-04,natural
28,AR,ARS,279187,14,Alta,pago solo deportes,57911,otros,2026-01-26,natural
28,AR,ARS,279187,14,Alta,inscripcion en universidad tecnologica nacional utn,93076,educacion,2026-01-09,natural
28,AR,ARS,279187,14,Alta,clinica suizo argentina,80511,salud,2026-01-19,cartola
28,AR,ARS,279187,14,Alta,pago telecom fibertel,34629,servicios,2026-01-29,natural
28,AR,ARS,279187,14,Alta,carga bencina en shell,94320,transporte,2026-01-23,natural
28,AR,ARS,279187,14,Alta,pago pago facil,97265,servicios,2026-01-18,natural
28,AR,ARS,279187,14,Alta,pago solo deportes,54077,otros,2026-01-29,natural
28,AR,ARS,279187,14,Alta,suscripcion a disney plus argentina,8534,streaming,2026-01-11,natural
28,AR,ARS,279187,14,Alta,carga bencina en peaje pacheco,6470,transporte,2026-01-24,natural
28,AR,ARS,279187,14,Alta,suscripcion a multiplex cines,16696,ocio,2026-01-19,natural
28,AR,ARS,279187,14,Alta,avalian medicina prepaga,92825,salud,2026-01-26,cartola
28,AR,ARS,279187,14,Alta,pago banco nacion,1429,otros,2026-01-10,natural
28,AR,ARS,279187,14,Alta,central oeste compra,86481,salud,2026-01-22,cartola
28,AR,ARS,279187,14,Alta,entrada a megatlon,92867,ocio,2026-01-14,natural
28,AR,ARS,279187,14,Alta,pago expensas online,95313,vivienda,2026-01-24,natural
28,AR,ARS,279187,14,Alta,pago aysa,25979,servicios,2026-01-17,natural
28,AR,ARS,279187,14,Alta,coppel tiendas compra,84748,otros,2026-01-18,cartola
28,AR,ARS,279187,14,Alta,compra en la continental,19205,alimentacion,2026-01-13,natural
28,AR,ARS,279187,14,Alta,pago en wendy's,6479,alimentacion,2026-01-26,natural
28,AR,ARS,279187,14,Alta,pago sancor seguros,61499,otros,2026-01-02,natural
28,AR,ARS,279187,14,Alta,suscripcion a steam games argentina,40647,ocio,2026-01-26,natural
28,AR,ARS,279187,14,Alta,mp*spotify argentina,4698,streaming,2026-01-18,cartola
28,AR,ARS,279187,14,Alta,sanatorio otamendi suc,75825,salud,2026-01-13,cartola
28,AR,ARS,279187,14,Alta,deb aut aguas bonaerenses,24278,servicios,2026-01-09,cartola
28,AR,ARS,279187,14,Alta,entrada a amazon prime argentina,8599,ocio,2026-01-27,natural
28,AR,ARS,279187,14,Alta,compra en optica pförtner,47123,salud,2026-01-19,natural
28,AR,ARS,279187,14,Alta,musimundo compra pos,59588,otros,2026-01-10,cartola
28,AR,ARS,279187,14,Alta,las cuartetas compra,29987,alimentacion,2026-01-26,cartola
28,AR,ARS,279187,14,Alta,corredores viales compra,17836,transporte,2026-01-12,cartola
28,AR,ARS,279187,14,Alta,accord salud debito directo,94714,salud,2026-01-20,cartola
28,AR,ARS,279187,14,Alta,peaje debenedetti pos,3320,transporte,2026-01-21,cartola
28,AR,ARS,279187,14,Alta,provincia net recauda,16398,servicios,2026-01-18,cartola
28,AR,ARS,279187,14,Alta,la mezzetta compra,32638,alimentacion,2026-01-02,cartola
28,AR,ARS,279187,14,Alta,giro cajero banelco,70017,otros,2026-01-14,cartola
28,AR,ARS,279187,14,Alta,deb aut camuzzi pampeana,52516,servicios,2026-01-12,cartola
28,AR,ARS,279187,14,Alta,pago edesal san luis,49657,servicios,2026-01-02,natural
28,AR,ARS,279187,14,Alta,le pain quotidien suc,48840,alimentacion,2026-01-23,cartola
28,AR,ARS,279187,14,Alta,pago gas nea,17766,servicios,2026-01-17,natural
28,AR,ARS,279187,14,Alta,ar.deb.aut. itba suc,8936,educacion,2026-01-28,cartola
28,AR,ARS,279187,14,Alta,mp*disney plus arg,5933,streaming,2026-01-03,cartola
28,AR,ARS,279187,14,Alta,grido helados compra,10887,alimentacion,2026-01-04,cartola
28,AR,ARS,279187,14,Alta,flecha bus compra pos,29093,transporte,2026-01-12,cartola
28,AR,ARS,279187,14,Alta,uber* trip argentina,26885,transporte,2026-01-21,cartola
28,AR,ARS,279187,14,Alta,pago pago facil,65371,servicios,2026-01-09,natural
28,AR,ARS,279187,14,Alta,deb aut epec cordoba,56591,servicios,2026-01-21,cartola
28,AR,ARS,279187,14,Alta,carga bencina en peaje sarandi,2726,transporte,2026-01-11,natural
28,AR,ARS,279187,14,Alta,pago fravega,24612,otros,2026-01-16,natural
28,AR,ARS,279187,14,Alta,pago en hospital aleman,52996,salud,2026-01-19,natural
28,AR,ARS,279187,14,Alta,compra en banchero,16126,alimentacion,2026-01-10,natural
28,AR,ARS,279187,14,Alta,deb.aut. osde b.s.,48445,salud,2026-01-06,cartola
28,AR,ARS,279187,14,Alta,deb aut camuzzi pampeana,66118,servicios,2026-01-12,cartola
28,AR,ARS,279187,14,Alta,deb aut gas nea pos,74380,servicios,2026-01-26,cartola
28,AR,ARS,279187,14,Alta,hospital italiano socio,58319,salud,2026-01-07,cartola
28,AR,ARS,279187,14,Alta,pago en la mezzetta,29143,alimentacion,2026-01-19,natural
28,AR,ARS,279187,14,Alta,kika bar entradas,46556,ocio,2026-01-13,cartola
28,AR,ARS,279187,14,Alta,pago pagomiscuentas,95411,servicios,2026-01-07,natural
28,AR,ARS,279187,14,Alta,pago pinturerias prestigio,33552,vivienda,2026-01-12,natural
28,AR,ARS,279187,14,Alta,compra en antares,7910,alimentacion,2026-01-06,natural
28,AR,ARS,279187,14,Alta,provincia net recauda,86776,servicios,2026-01-22,cartola
28,AR,ARS,279187,14,Alta,metrogas debito aut,38988,servicios,2026-01-28,cartola
28,AR,ARS,279187,14,Alta,pago naturgy,50726,servicios,2026-01-08,natural
28,AR,ARS,279187,14,Alta,havanna s.a. compra,20245,alimentacion,2026-01-08,cartola
28,AR,ARS,279187,14,Alta,suscripcion a sportclub,61408,ocio,2026-01-11,natural
28,AR,ARS,279187,14,Alta,viaje en peaje sarandi,5758,transporte,2026-01-14,natural
28,AR,ARS,279187,14,Alta,colegio st georges deb,67098,educacion,2026-01-29,cartola
28,AR,ARS,279187,14,Alta,mp*netflix argentina,11931,streaming,2026-01-22,cartola
28,AR,ARS,279187,14,Alta,pago epen neuquen,50360,servicios,2026-01-25,natural
28,AR,ARS,279187,14,Alta,compra en grido helados,20885,alimentacion,2026-01-13,natural
28,AR,ARS,279187,14,Alta,axion energy suc,80921,transporte,2026-01-28,cartola
28,AR,ARS,279187,14,Alta,compra en verduleria don carlos,5968,alimentacion,2026-01-28,natural
28,AR,ARS,279187,14,Alta,compra en mcdonald's,15385,alimentacion,2026-01-22,natural
28,AR,ARS,279187,14,Alta,axion energy suc,19731,transporte,2026-01-02,cartola
28,AR,ARS,279187,14,Alta,litoral gas debito pos,40079,servicios,2026-01-17,cartola
28,AR,ARS,279187,14,Alta,la mezzetta compra,37355,alimentacion,2026-01-19,cartola
28,AR,ARS,279187,14,Alta,compra en pedidosya,31478,alimentacion,2026-01-23,natural
28,AR,ARS,279187,14,Alta,consorcioabierto expensas,75886,vivienda,2026-01-12,cartola
28,AR,ARS,279187,14,Alta,viaje en aubasa,10708,transporte,2026-01-06,natural
29,AR,ARS,266455,26,Alta,pago en optica pförtner,92870,salud,2026-01-06,natural
29,AR,ARS,266455,26,Alta,entrada a on fit,42760,ocio,2026-01-14,natural
29,AR,ARS,266455,26,Alta,pago camuzzi gas pampeana,41600,servicios,2026-01-03,natural
29,AR,ARS,266455,26,Alta,consorcioabierto expensas,77073,vivienda,2026-01-05,cartola
29,AR,ARS,266455,26,Alta,steam games compra int,12299,ocio,2026-01-08,cartola
29,AR,ARS,266455,26,Alta,compra en heisenburger,29501,alimentacion,2026-01-28,natural
29,AR,ARS,266455,26,Alta,pagomiscuentas debito,25827,servicios,2026-01-20,cartola
29,AR,ARS,266455,26,Alta,pago banco macro,14698,otros,2026-01-25,natural
29,AR,ARS,266455,26,Alta,compra en omint,45737,salud,2026-01-22,natural
29,AR,ARS,266455,26,Alta,peaje hudson recaudacion,6010,transporte,2026-01-07,cartola
29,AR,ARS,266455,26,Alta,carga bencina en aubasa,13009,transporte,2026-01-12,natural
29,AR,ARS,266455,26,Alta,yenny compra internet,42967,educacion,2026-01-17,cartola
29,AR,ARS,266455,26,Alta,suscripcion a spotify argentina,8538,streaming,2026-01-09,natural
29,AR,ARS,266455,26,Alta,persicco suc,24495,alimentacion,2026-01-02,cartola
29,AR,ARS,266455,26,Alta,inscripcion en libreria el ateneo,41278,educacion,2026-01-21,natural
29,AR,ARS,266455,26,Alta,suscripcion a netflix argentina,7956,streaming,2026-01-02,natural
29,AR,ARS,266455,26,Alta,makro pos suc,73845,alimentacion,2026-01-03,cartola
29,AR,ARS,266455,26,Alta,peaje larena ausol,6881,transporte,2026-01-18,cartola
29,AR,ARS,266455,26,Alta,deb aut epen neuquen,26747,servicios,2026-01-24,cartola
29,AR,ARS,266455,26,Alta,pago pagomiscuentas,20124,servicios,2026-01-06,natural
29,AR,ARS,266455,26,Alta,williamsburg burger suc,13458,alimentacion,2026-01-13,cartola
29,AR,ARS,266455,26,Alta,compra en optica lutz ferrando,22115,salud,2026-01-03,natural
29,AR,ARS,266455,26,Alta,pago movistar hogar argentina,61872,servicios,2026-01-18,natural
29,AR,ARS,266455,26,Alta,consorcio caballito exp,56729,vivienda,2026-01-08,cartola
29,AR,ARS,266455,26,Alta,suscripcion a disney plus argentina,9774,streaming,2026-01-07,natural
29,AR,ARS,266455,26,Alta,carga bencina en peaje hudson,4730,transporte,2026-01-08,natural
29,AR,ARS,266455,26,Alta,compra en starbucks,11242,alimentacion,2026-01-28,natural
29,AR,ARS,266455,26,Alta,colegio champagnat deb,23683,educacion,2026-01-04,cartola
29,AR,ARS,266455,26,Alta,carga bencina en peaje sarandi,2835,transporte,2026-01-02,natural
29,AR,ARS,266455,26,Alta,deb aut edet tucuman,90653,servicios,2026-01-25,cartola
29,AR,ARS,266455,26,Alta,pago epen neuquen,57645,servicios,2026-01-11,natural
29,AR,ARS,266455,26,Alta,compra en wendy's,26922,alimentacion,2026-01-03,natural
29,AR,ARS,266455,26,Alta,entrada a playstation network ar,5643,ocio,2026-01-04,natural
29,AR,ARS,266455,26,Alta,peaje samborombon aubasa,5594,transporte,2026-01-05,cartola
29,AR,ARS,266455,26,Alta,disco suc,93006,alimentacion,2026-01-06,cartola
29,AR,ARS,266455,26,Alta,pago en yaguar,47738,alimentacion,2026-01-15,natural
29,AR,ARS,266455,26,Alta,zonaprop compra factura,19012,vivienda,2026-01-26,cartola
29,AR,ARS,266455,26,Alta,mp*netflix argentina,6899,streaming,2026-01-14,cartola
29,AR,ARS,266455,26,Alta,makro pos suc,47742,alimentacion,2026-01-25,cartola
29,AR,ARS,266455,26,Alta,maxiconsumo s.a.,82382,alimentacion,2026-01-25,cartola
29,AR,ARS,266455,26,Alta,deb aut epec cordoba,47594,servicios,2026-01-21,cartola
29,AR,ARS,266455,26,Alta,mp*netflix argentina,5606,streaming,2026-01-08,cartola
29,AR,ARS,266455,26,Alta,compra en omint,16321,salud,2026-01-16,natural
29,AR,ARS,266455,26,Alta,suscripcion a niceto club,27756,ocio,2026-01-06,natural
29,AR,ARS,266455,26,Alta,deb aut claro hogar,21543,servicios,2026-01-11,cartola
29,AR,ARS,266455,26,Alta,mercadopago*elgalpon,26381,alimentacion,2026-01-18,cartola
29,AR,ARS,266455,26,Alta,havanna s.a. compra,32675,alimentacion,2026-01-23,cartola
29,AR,ARS,266455,26,Alta,viaje en sube,2229,transporte,2026-01-06,natural
29,AR,ARS,266455,26,Alta,pago en la birra bar,19191,alimentacion,2026-01-13,natural
29,AR,ARS,266455,26,Alta,suscripcion a netflix argentina,5020,streaming,2026-01-24,natural
29,AR,ARS,266455,26,Alta,teatro opera entradas,57251,ocio,2026-01-24,cartola
29,AR,ARS,266455,26,Alta,uba tasas inscripcion,27736,educacion,2026-01-16,cartola
29,AR,ARS,266455,26,Alta,wendys suc,11750,alimentacion,2026-01-13,cartola
29,AR,ARS,266455,26,Alta,mercadopago*elpuente,14515,vivienda,2026-01-26,cartola
29,AR,ARS,266455,26,Alta,deb aut personal flow,18544,servicios,2026-01-04,cartola
29,AR,ARS,266455,26,Alta,pagomiscuentas aysa deb,6680,servicios,2026-01-17,cartola
29,AR,ARS,266455,26,Alta,giro pago facil recauda,19136,servicios,2026-01-07,cartola
29,AR,ARS,266455,26,Alta,mercadopago*elpuente,18715,vivienda,2026-01-07,cartola
29,AR,ARS,266455,26,Alta,pago universidad tecnologica nacional utn,78079,educacion,2026-01-15,natural
29,AR,ARS,266455,26,Alta,sanatorio otamendi suc,51466,salud,2026-01-06,cartola
29,AR,ARS,266455,26,Alta,compra en papa john's,23401,alimentacion,2026-01-12,natural
29,AR,ARS,266455,26,Alta,carga bencina en peaje sarandi,2799,transporte,2026-01-09,natural
29,AR,ARS,266455,26,Alta,mp*spotify argentina,2765,streaming,2026-01-05,cartola
29,AR,ARS,266455,26,Alta,pago en grido helados,17288,alimentacion,2026-01-13,natural
29,AR,ARS,266455,26,Alta,pago en optica lutz ferrando,55404,salud,2026-01-16,natural
29,AR,ARS,266455,26,Alta,scholastica compra pos,29377,educacion,2026-01-28,cartola
29,AR,ARS,266455,26,Alta,kfc suc,13233,alimentacion,2026-01-05,cartola
29,AR,ARS,266455,26,Alta,williamsburg burger suc,23456,alimentacion,2026-01-02,cartola
29,AR,ARS,266455,26,Alta,compra en fiambreria el galpon,5946,alimentacion,2026-01-03,natural
29,AR,ARS,266455,26,Alta,carga bencina en peaje illia,4017,transporte,2026-01-05,natural
29,AR,ARS,266455,26,Alta,pago en galeno,52697,salud,2026-01-07,natural
29,AR,ARS,266455,26,Alta,dr ahorro argentina,38676,salud,2026-01-05,cartola
29,AR,ARS,266455,26,Alta,deb aut edesal s.a.,60004,servicios,2026-01-06,cartola
29,AR,ARS,266455,26,Alta,pago colegio san andres,9753,educacion,2026-01-16,natural
29,AR,ARS,266455,26,Alta,mercadopago*almacen,3391,alimentacion,2026-01-05,cartola
29,AR,ARS,266455,26,Alta,flecha bus compra pos,45040,transporte,2026-01-03,cartola
29,AR,ARS,266455,26,Alta,pago claro hogar argentina,33666,servicios,2026-01-17,natural
29,AR,ARS,266455,26,Alta,peaje illia ausa,2640,transporte,2026-01-24,cartola
29,AR,ARS,266455,26,Alta,coto suc,86072,alimentacion,2026-01-13,cartola
29,AR,ARS,266455,26,Alta,ligier compra pos,61574,vivienda,2026-01-24,cartola
29,AR,ARS,266455,26,Alta,galeno cobertura deb,35181,salud,2026-01-05,cartola
29,AR,ARS,266455,26,Alta,pago librerias cuspide,20039,educacion,2026-01-21,natural
29,AR,ARS,266455,26,Alta,pago en opticas lof,69603,salud,2026-01-14,natural
29,AR,ARS,266455,26,Alta,farmacias selma pos,15345,salud,2026-01-04,cartola
29,AR,ARS,266455,26,Alta,zonaprop compra factura,74259,vivienda,2026-01-03,cartola
29,AR,ARS,266455,26,Alta,federacion patronal deb,70369,otros,2026-01-11,cartola
29,AR,ARS,266455,26,Alta,zara compra internet,89485,otros,2026-01-05,cartola
29,AR,ARS,266455,26,Alta,compra en carniceria el ombu,73655,alimentacion,2026-01-10,natural
29,AR,ARS,266455,26,Alta,pani deli compra,52932,alimentacion,2026-01-09,cartola
29,AR,ARS,266455,26,Alta,pago ferreteria el puente,4726,vivienda,2026-01-20,natural
29,AR,ARS,266455,26,Alta,compra en kfc,26879,alimentacion,2026-01-12,natural
29,AR,ARS,266455,26,Alta,pago edesur,43491,servicios,2026-01-27,natural
29,AR,ARS,266455,26,Alta,inscripcion en colegio ward,92449,educacion,2026-01-27,natural
29,AR,ARS,266455,26,Alta,deb aut smart fit pos,38934,ocio,2026-01-04,cartola
29,AR,ARS,266455,26,Alta,pago en carniceria el ombu,67542,alimentacion,2026-01-14,natural
29,AR,ARS,266455,26,Alta,kika bar entradas,27176,ocio,2026-01-14,cartola
29,AR,ARS,266455,26,Alta,comision galicia deb,8587,otros,2026-01-03,cartola
29,AR,ARS,266455,26,Alta,consorcio caballito exp,45443,vivienda,2026-01-28,cartola
29,AR,ARS,266455,26,Alta,cafe martinez suc,10158,alimentacion,2026-01-25,cartola
29,AR,ARS,266455,26,Alta,suscripcion a disney plus argentina,9486,streaming,2026-01-20,natural
29,AR,ARS,266455,26,Alta,deb aut univ palermo,42676,educacion,2026-01-02,cartola
29,AR,ARS,266455,26,Alta,la birra bar pos,23808,alimentacion,2026-01-15,cartola
29,AR,ARS,266455,26,Alta,deb aut edesal s.a.,30293,servicios,2026-01-16,cartola
29,AR,ARS,266455,26,Alta,compra en el club de la milanesa,65727,alimentacion,2026-01-05,natural
29,AR,ARS,266455,26,Alta,compra en disco,30756,alimentacion,2026-01-22,natural
29,AR,ARS,266455,26,Alta,deb aut edet tucuman,49012,servicios,2026-01-19,cartola
29,AR,ARS,266455,26,Alta,metrogas debito aut,38829,servicios,2026-01-24,cartola
29,AR,ARS,266455,26,Alta,pago gas nea,75234,servicios,2026-01-06,natural
29,AR,ARS,266455,26,Alta,pago metrogas,66255,servicios,2026-01-23,natural
29,AR,ARS,266455,26,Alta,pago blaisten,86646,vivienda,2026-01-11,natural
29,AR,ARS,266455,26,Alta,consorcioabierto expensas,79665,vivienda,2026-01-13,cartola
29,AR,ARS,266455,26,Alta,pago ferreteria el progreso,40426,vivienda,2026-01-16,natural
29,AR,ARS,266455,26,Alta,deb aut camuzzi pampeana,32619,servicios,2026-01-02,cartola
29,AR,ARS,266455,26,Alta,op.shell compra,69891,transporte,2026-01-17,cartola
29,AR,ARS,266455,26,Alta,steam games compra int,28761,ocio,2026-01-04,cartola
29,AR,ARS,266455,26,Alta,carga bencina en emova subte,2499,transporte,2026-01-07,natural
29,AR,ARS,266455,26,Alta,pinturas alba compra suc,89388,vivienda,2026-01-07,cartola
29,AR,ARS,266455,26,Alta,pago colegio cardinal newman,39343,educacion,2026-01-16,natural
29,AR,ARS,266455,26,Alta,suscripcion a spotify argentina,7239,streaming,2026-01-23,natural
29,AR,ARS,266455,26,Alta,suscripcion a puntoticket argentina,20653,ocio,2026-01-24,natural
29,AR,ARS,266455,26,Alta,pago en heisenburger,8897,alimentacion,2026-01-05,natural
29,AR,ARS,266455,26,Alta,compra en farmacias dr ahorro,35398,salud,2026-01-07,natural
29,AR,ARS,266455,26,Alta,mercadopago*elpuente,20790,vivienda,2026-01-25,cartola
29,AR,ARS,266455,26,Alta,pago en farmacia azul,64324,salud,2026-01-07,natural
29,AR,ARS,266455,26,Alta,viaje en shell,70264,transporte,2026-01-28,natural
30,AR,ARS,291136,36,Baja,luna park entradas,86669,ocio,2026-01-10,cartola
30,AR,ARS,291136,36,Baja,giro pago facil recauda,6358,servicios,2026-01-18,cartola
30,AR,ARS,291136,36,Baja,axion energy suc,70188,transporte,2026-01-19,cartola
30,AR,ARS,291136,36,Baja,emova subte caba,3332,transporte,2026-01-13,cartola
30,AR,ARS,291136,36,Baja,deb aut univ di tella,56208,educacion,2026-01-19,cartola
30,AR,ARS,291136,36,Baja,compra en almacen de barrio,20804,alimentacion,2026-01-10,natural
30,AR,ARS,291136,36,Baja,pago ferreteria el puente,25329,vivienda,2026-01-15,natural
30,AR,ARS,291136,36,Baja,subway compra pos,17449,alimentacion,2026-01-26,cartola
30,AR,ARS,291136,36,Baja,expensas online transfer,95464,vivienda,2026-01-02,cartola
30,AR,ARS,291136,36,Baja,multiplex cines compra,7922,ocio,2026-01-08,cartola
30,AR,ARS,291136,36,Baja,pago megatone,91873,otros,2026-01-13,natural
30,AR,ARS,291136,36,Baja,suscripcion a teatro opera,95898,ocio,2026-01-24,natural
30,AR,ARS,291136,36,Baja,deb.aut. osde b.s.,30874,salud,2026-01-15,cartola
30,AR,ARS,291136,36,Baja,pago pagomiscuentas,26455,servicios,2026-01-10,natural
30,AR,ARS,291136,36,Baja,plusmar compra pos,22372,transporte,2026-01-26,cartola
30,AR,ARS,291136,36,Baja,deb aut edenor s.a.,33702,servicios,2026-01-10,cartola
30,AR,ARS,291136,36,Baja,deb aut aguas cordobesas,15479,servicios,2026-01-21,cartola
30,AR,ARS,291136,36,Baja,cafe martinez suc,13654,alimentacion,2026-01-08,cartola
30,AR,ARS,291136,36,Baja,suscripcion a spotify argentina,2731,streaming,2026-01-14,natural
30,AR,ARS,291136,36,Baja,pago aguas cordobesas,55519,servicios,2026-01-26,natural
30,AR,ARS,291136,36,Baja,pago pinturerias rex,92928,vivienda,2026-01-19,natural
30,AR,ARS,291136,36,Baja,easy compra internet,62521,vivienda,2026-01-19,cartola
30,AR,ARS,291136,36,Baja,wendys suc,8108,alimentacion,2026-01-15,cartola
30,AR,ARS,291136,36,Baja,pago argenprop,39684,vivienda,2026-01-14,natural
30,AR,ARS,291136,36,Baja,puntoticket compra,86554,ocio,2026-01-23,cartola
30,AR,ARS,291136,36,Baja,mercadopago*elprogreso,41126,vivienda,2026-01-21,cartola
30,AR,ARS,291136,36,Baja,prestigio s.a. compra,84417,vivienda,2026-01-11,cartola
30,AR,ARS,291136,36,Baja,mp*netflix argentina,10362,streaming,2026-01-10,cartola
30,AR,ARS,291136,36,Baja,dexter sport pos,34502,otros,2026-01-06,cartola
30,AR,ARS,291136,36,Baja,mp*disney plus arg,5479,streaming,2026-01-23,cartola
30,AR,ARS,291136,36,Baja,pago provincia net,35295,servicios,2026-01-24,natural
30,AR,ARS,291136,36,Baja,vital s.a. pos,44612,alimentacion,2026-01-15,cartola
30,AR,ARS,291136,36,Baja,suscripcion a netflix argentina,8720,streaming,2026-01-08,natural
30,AR,ARS,291136,36,Baja,compra en osde,56754,salud,2026-01-05,natural
30,AR,ARS,291136,36,Baja,rex pinturerias compra,57946,vivienda,2026-01-03,cartola
30,AR,ARS,291136,36,Baja,farmacity s.a. suc,11442,salud,2026-01-22,cartola
30,AR,ARS,291136,36,Baja,teatro gran rex entradas,32810,ocio,2026-01-20,cartola
30,AR,ARS,291136,36,Baja,viaje en shell,53445,transporte,2026-01-23,natural
30,AR,ARS,291136,36,Baja,pago epen neuquen,84974,servicios,2026-01-17,natural
30,AR,ARS,291136,36,Baja,omint debito directo,60032,salud,2026-01-02,cartola
30,AR,ARS,291136,36,Baja,deb aut claro hogar,30627,servicios,2026-01-13,cartola
30,AR,ARS,291136,36,Baja,pago consorcio edificio belgrano,74553,vivienda,2026-01-20,natural
30,AR,ARS,291136,36,Baja,pago pinturerias prestigio,59803,vivienda,2026-01-27,natural
30,AR,ARS,291136,36,Baja,expensas online transfer,23786,vivienda,2026-01-09,cartola
30,AR,ARS,291136,36,Baja,pago provincia net,36828,servicios,2026-01-27,natural
30,AR,ARS,291136,36,Baja,pago en le pain quotidien,20079,alimentacion,2026-01-24,natural
30,AR,ARS,291136,36,Baja,viaje en puma energy,63968,transporte,2026-01-09,natural
30,AR,ARS,291136,36,Baja,deb aut edenor s.a.,100508,servicios,2026-01-29,cartola
30,AR,ARS,291136,36,Baja,makro pos suc,54971,alimentacion,2026-01-26,cartola
30,AR,ARS,291136,36,Baja,pago pago facil,65700,servicios,2026-01-11,natural
30,AR,ARS,291136,36,Baja,pago en laboratorio stamboulian,51419,salud,2026-01-02,natural
30,AR,ARS,291136,36,Baja,compra en makro,63411,alimentacion,2026-01-04,natural
30,AR,ARS,291136,36,Baja,pago en optica pförtner,83976,salud,2026-01-19,natural
30,AR,ARS,291136,36,Baja,pago edet tucuman,65888,servicios,2026-01-26,natural
30,AR,ARS,291136,36,Baja,deb aut camuzzi pampeana,11967,servicios,2026-01-20,cartola
30,AR,ARS,291136,36,Baja,pago alquileres argentina,71535,vivienda,2026-01-08,natural
30,AR,ARS,291136,36,Baja,pago telecom fibertel,93738,servicios,2026-01-16,natural
30,AR,ARS,291136,36,Baja,deb aut edenor s.a.,47808,servicios,2026-01-24,cartola
30,AR,ARS,291136,36,Baja,pago en galeno,24421,salud,2026-01-04,natural
30,AR,ARS,291136,36,Baja,vital s.a. pos,100261,alimentacion,2026-01-08,cartola
30,AR,ARS,291136,36,Baja,mercadopago*elprogreso,34373,vivienda,2026-01-15,cartola
30,AR,ARS,291136,36,Baja,peaje samborombon aubasa,7476,transporte,2026-01-26,cartola
30,AR,ARS,291136,36,Baja,pago consorcio edificio belgrano,75921,vivienda,2026-01-13,natural
30,AR,ARS,291136,36,Baja,giro cajero red link,24915,otros,2026-01-05,cartola
30,AR,ARS,291136,36,Baja,input entradas bar,59229,ocio,2026-01-12,cartola
30,AR,ARS,291136,36,Baja,pago provincia net,101621,servicios,2026-01-03,natural
30,AR,ARS,291136,36,Baja,el noble compra,13338,alimentacion,2026-01-13,cartola
30,AR,ARS,291136,36,Baja,carga bencina en flecha bus,59373,transporte,2026-01-29,natural
30,AR,ARS,291136,36,Baja,pago naturgy,26342,servicios,2026-01-24,natural
30,AR,ARS,291136,36,Baja,pago mercado pago,101892,otros,2026-01-23,natural
30,AR,ARS,291136,36,Baja,deb aut epen neuquen,23123,servicios,2026-01-26,cartola
30,AR,ARS,291136,36,Baja,compra en swiss medical,34747,salud,2026-01-17,natural
30,AR,ARS,291136,36,Baja,compra en mcdonald's,30871,alimentacion,2026-01-17,natural
30,AR,ARS,291136,36,Baja,farmacity s.a. suc,76159,salud,2026-01-29,cartola
30,AR,ARS,291136,36,Baja,compra en heisenburger,18682,alimentacion,2026-01-10,natural
30,AR,ARS,291136,36,Baja,peaje pacheco ausol,3592,transporte,2026-01-21,cartola
30,AR,ARS,291136,36,Baja,pago banco bbva,12149,otros,2026-01-10,natural
30,AR,ARS,291136,36,Baja,entrada a passline argentina,55387,ocio,2026-01-02,natural
30,AR,ARS,291136,36,Baja,compra en el cuartito,49574,alimentacion,2026-01-24,natural
30,AR,ARS,291136,36,Baja,pago epec,77150,servicios,2026-01-28,natural
30,AR,ARS,291136,36,Baja,farmacias vantage suc,41549,salud,2026-01-23,cartola
30,AR,ARS,291136,36,Baja,icbc mantenimiento servicio,10081,otros,2026-01-28,cartola
30,AR,ARS,291136,36,Baja,pago ferreteria el puente,14349,vivienda,2026-01-21,natural
30,AR,ARS,291136,36,Baja,deb aut megatlon suc,42044,ocio,2026-01-23,cartola
30,AR,ARS,291136,36,Baja,ticketek entradas suc,57008,ocio,2026-01-21,cartola
30,AR,ARS,291136,36,Baja,pago en verduleria don carlos,17458,alimentacion,2026-01-29,natural
30,AR,ARS,291136,36,Baja,pago alquileres argentina,92684,vivienda,2026-01-20,natural
30,AR,ARS,291136,36,Baja,zonaprop compra factura,90492,vivienda,2026-01-12,cartola
30,AR,ARS,291136,36,Baja,zonaprop compra factura,74828,vivienda,2026-01-28,cartola
30,AR,ARS,291136,36,Baja,farmacias selma pos,38265,salud,2026-01-03,cartola
30,AR,ARS,291136,36,Baja,pago epen neuquen,90409,servicios,2026-01-24,natural
30,AR,ARS,291136,36,Baja,carga bencina en telepase autopistas,6831,transporte,2026-01-20,natural
30,AR,ARS,291136,36,Baja,hospital aleman plan deb,60431,salud,2026-01-27,cartola
30,AR,ARS,291136,36,Baja,pago en vital mayorista,82340,alimentacion,2026-01-02,natural
30,AR,ARS,291136,36,Baja,compra en opticas lof,32593,salud,2026-01-07,natural
30,AR,ARS,291136,36,Baja,pago ligier pinturerias,21471,vivienda,2026-01-07,natural
30,AR,ARS,291136,36,Baja,jumbo compra,30331,alimentacion,2026-01-09,cartola
30,AR,ARS,291136,36,Baja,compra carrefour suc,12133,alimentacion,2026-01-18,cartola
30,AR,ARS,291136,36,Baja,medife asociados deb,92432,salud,2026-01-02,cartola
30,AR,ARS,291136,36,Baja,pago administracion san martin,98152,vivienda,2026-01-24,natural
30,AR,ARS,291136,36,Baja,farmacity s.a. suc,76793,salud,2026-01-11,cartola
30,AR,ARS,291136,36,Baja,freddo helados compra,12090,alimentacion,2026-01-25,cartola
30,AR,ARS,291136,36,Baja,carga bencina en peaje hudson,3870,transporte,2026-01-22,natural
30,AR,ARS,291136,36,Baja,pago gas nea,74890,servicios,2026-01-10,natural
30,AR,ARS,291136,36,Baja,compra en laboratorio stamboulian,82133,salud,2026-01-12,natural
30,AR,ARS,291136,36,Baja,carga bencina en peaje sarandi,4091,transporte,2026-01-03,natural
30,AR,ARS,291136,36,Baja,banchero pizzeria suc,8607,alimentacion,2026-01-26,cartola
30,AR,ARS,291136,36,Baja,farmacias vantage suc,5459,salud,2026-01-28,cartola
30,AR,ARS,291136,36,Baja,viaje en autopistas del oeste,26320,transporte,2026-01-28,natural
30,AR,ARS,291136,36,Baja,coto suc,18039,alimentacion,2026-01-23,cartola
30,AR,ARS,291136,36,Baja,galeno cobertura deb,14973,salud,2026-01-22,cartola
30,AR,ARS,291136,36,Baja,compra en sancor salud,94900,salud,2026-01-24,natural
30,AR,ARS,291136,36,Baja,telecentro debito directo,33493,servicios,2026-01-16,cartola
30,AR,ARS,291136,36,Baja,pago argenprop,62274,vivienda,2026-01-26,natural
30,AR,ARS,291136,36,Baja,entrada a showcase cinemas,22630,ocio,2026-01-26,natural
30,AR,ARS,291136,36,Baja,deb aut univ s.andres,59258,educacion,2026-01-08,cartola
30,AR,ARS,291136,36,Baja,viaje en sube,4095,transporte,2026-01-07,natural
30,AR,ARS,291136,36,Baja,hospital italiano socio,91439,salud,2026-01-09,cartola
30,AR,ARS,291136,36,Baja,pago ferreteria el puente,20700,vivienda,2026-01-17,natural
30,AR,ARS,291136,36,Baja,pago administracion san martin,88608,vivienda,2026-01-13,natural
30,AR,ARS,291136,36,Baja,williamsburg burger suc,35098,alimentacion,2026-01-16,cartola
30,AR,ARS,291136,36,Baja,pago gas nea,67568,servicios,2026-01-24,natural
30,AR,ARS,291136,36,Baja,pago universidad de belgrano ub,5830,educacion,2026-01-15,natural
30,AR,ARS,291136,36,Baja,pago provincia net,62579,servicios,2026-01-14,natural
30,AR,ARS,291136,36,Baja,pago en changomas,80521,alimentacion,2026-01-06,natural
31,AR,ARS,221178,53,Media,deb aut epec cordoba,38672,servicios,2026-01-12,cartola
31,AR,ARS,221178,53,Media,megatone compra internet,45183,otros,2026-01-11,cartola
31,AR,ARS,221178,53,Media,mp*disney plus arg,10127,streaming,2026-01-11,cartola
31,AR,ARS,221178,53,Media,farmacias vantage suc,14781,salud,2026-01-23,cartola
31,AR,ARS,221178,53,Media,deb aut edet tucuman,51138,servicios,2026-01-04,cartola
31,AR,ARS,221178,53,Media,entrada a parque de la costa,38398,ocio,2026-01-10,natural
31,AR,ARS,221178,53,Media,pago en diarco,69528,alimentacion,2026-01-18,natural
31,AR,ARS,221178,53,Media,inscripcion en libreria cp67,9499,educacion,2026-01-25,natural
31,AR,ARS,221178,53,Media,mp*spotify argentina,3580,streaming,2026-01-19,cartola
31,AR,ARS,221178,53,Media,ausol aut. del sol,14217,transporte,2026-01-28,cartola
31,AR,ARS,221178,53,Media,el noble compra,21573,alimentacion,2026-01-29,cartola
31,AR,ARS,221178,53,Media,deb aut univ belgrano,26273,educacion,2026-01-02,cartola
31,AR,ARS,221178,53,Media,mp*netflix argentina,5815,streaming,2026-01-14,cartola
31,AR,ARS,221178,53,Media,peaje debenedetti pos,4303,transporte,2026-01-03,cartola
31,AR,ARS,221178,53,Media,octavo piso expensas,33913,vivienda,2026-01-29,cartola
31,AR,ARS,221178,53,Media,consorcioabierto expensas,62971,vivienda,2026-01-19,cartola
31,AR,ARS,221178,53,Media,kika bar entradas,26349,ocio,2026-01-04,cartola
31,AR,ARS,221178,53,Media,administracion san martin,58863,vivienda,2026-01-24,cartola
31,AR,ARS,221178,53,Media,flecha bus compra pos,30752,transporte,2026-01-15,cartola
31,AR,ARS,221178,53,Media,mercadopago*doncarlos,14727,alimentacion,2026-01-04,cartola
31,AR,ARS,221178,53,Media,compra en bonafide,11715,alimentacion,2026-01-04,natural
31,AR,ARS,221178,53,Media,pago en grido helados,4033,alimentacion,2026-01-27,natural
31,AR,ARS,221178,53,Media,la birra bar pos,12147,alimentacion,2026-01-15,cartola
31,AR,ARS,221178,53,Media,jumbo compra,63750,alimentacion,2026-01-28,cartola
31,AR,ARS,221178,53,Media,pago epec,18489,servicios,2026-01-08,natural
31,AR,ARS,221178,53,Media,pago en el club de la milanesa,16645,alimentacion,2026-01-23,natural
31,AR,ARS,221178,53,Media,compra en pedidosya,21805,alimentacion,2026-01-18,natural
31,AR,ARS,221178,53,Media,pago libreria yenny,50890,educacion,2026-01-27,natural
31,AR,ARS,221178,53,Media,entrada a ticketek,52190,ocio,2026-01-20,natural
31,AR,ARS,221178,53,Media,deb aut univ s.andres,29220,educacion,2026-01-21,cartola
31,AR,ARS,221178,53,Media,nueva chevallier s.a.,62199,transporte,2026-01-28,cartola
31,AR,ARS,221178,53,Media,suscripcion a disney plus argentina,10496,streaming,2026-01-17,natural
31,AR,ARS,221178,53,Media,carga bencina en autopistas del sol ausol,28572,transporte,2026-01-26,natural
31,AR,ARS,221178,53,Media,mp*netflix argentina,5581,streaming,2026-01-03,cartola
31,AR,ARS,221178,53,Media,pago en mi barrio hamburgueseria,23898,alimentacion,2026-01-09,natural
31,AR,ARS,221178,53,Media,suscripcion a netflix argentina,12672,streaming,2026-01-27,natural
31,AR,ARS,221178,53,Media,provincia net recauda,60389,servicios,2026-01-26,cartola
31,AR,ARS,221178,53,Media,pago telecentro,37111,servicios,2026-01-15,natural
31,AR,ARS,221178,53,Media,pago alquileres argentina,57891,vivienda,2026-01-03,natural
31,AR,ARS,221178,53,Media,suscripcion a spotify argentina,4087,streaming,2026-01-24,natural
31,AR,ARS,221178,53,Media,pago uala,72033,otros,2026-01-07,natural
31,AR,ARS,221178,53,Media,viaje en didi argentina,15037,transporte,2026-01-14,natural
31,AR,ARS,221178,53,Media,deb aut camuzzi pampeana,16217,servicios,2026-01-03,cartola
31,AR,ARS,221178,53,Media,pago en hospital italiano,58133,salud,2026-01-13,natural
31,AR,ARS,221178,53,Media,omint debito directo,25308,salud,2026-01-14,cartola
31,AR,ARS,221178,53,Media,compra en rotiseria la querencia,16978,alimentacion,2026-01-21,natural
31,AR,ARS,221178,53,Media,compra en havanna,34067,alimentacion,2026-01-03,natural
31,AR,ARS,221178,53,Media,prestigio s.a. compra,65881,vivienda,2026-01-21,cartola
31,AR,ARS,221178,53,Media,compra en mostaza,8767,alimentacion,2026-01-16,natural
31,AR,ARS,221178,53,Media,pago rapipago,15419,servicios,2026-01-06,natural
31,AR,ARS,221178,53,Media,viaje en autopistas del sol ausol,25073,transporte,2026-01-03,natural
31,AR,ARS,221178,53,Media,suscripcion a netflix argentina,7755,streaming,2026-01-24,natural
31,AR,ARS,221178,53,Media,entrada a passline argentina,32652,ocio,2026-01-24,natural
31,AR,ARS,221178,53,Media,pago edesal san luis,23608,servicios,2026-01-23,natural
31,AR,ARS,221178,53,Media,pago en almacen de pizzas,28061,alimentacion,2026-01-29,natural
31,AR,ARS,221178,53,Media,pago mercado libre,25697,otros,2026-01-04,natural
31,AR,ARS,221178,53,Media,carga bencina en autopistas del oeste,9031,transporte,2026-01-13,natural
31,AR,ARS,221178,53,Media,pago banco icbc,15922,otros,2026-01-03,natural
31,AR,ARS,221178,53,Media,dr ahorro argentina,35264,salud,2026-01-16,cartola
31,AR,ARS,221178,53,Media,suscripcion a netflix argentina,12597,streaming,2026-01-13,natural
31,AR,ARS,221178,53,Media,mp*disney plus arg,9521,streaming,2026-01-02,cartola
31,AR,ARS,221178,53,Media,pago edesal san luis,61217,servicios,2026-01-02,natural
31,AR,ARS,221178,53,Media,pago mercado pago,29341,otros,2026-01-08,natural
31,AR,ARS,221178,53,Media,mp*disney plus arg,4970,streaming,2026-01-13,cartola
31,AR,ARS,221178,53,Media,jumbo compra,72559,alimentacion,2026-01-03,cartola
31,AR,ARS,221178,53,Media,prestigio s.a. compra,22221,vivienda,2026-01-11,cartola
31,AR,ARS,221178,53,Media,entrada a max hbo argentina,7627,ocio,2026-01-21,natural
31,AR,ARS,221178,53,Media,steam games compra int,51077,ocio,2026-01-26,cartola
31,AR,ARS,221178,53,Media,carga bencina en aubasa,12739,transporte,2026-01-03,natural
31,AR,ARS,221178,53,Media,central oeste compra,10359,salud,2026-01-17,cartola
31,AR,ARS,221178,53,Media,inscripcion en colegio champagnat,3066,educacion,2026-01-20,natural
31,AR,ARS,221178,53,Media,osecac cuota directa,50880,salud,2026-01-19,cartola
31,AR,ARS,221178,53,Media,hospital italiano socio,71293,salud,2026-01-26,cartola
31,AR,ARS,221178,53,Media,suscripcion a netflix argentina,12847,streaming,2026-01-24,natural
31,AR,ARS,221178,53,Media,deb aut personal flow,58398,servicios,2026-01-29,cartola
31,AR,ARS,221178,53,Media,viaje en peaje samborombon,7225,transporte,2026-01-29,natural
31,AR,ARS,221178,53,Media,op.ypf suc compra,40731,transporte,2026-01-14,cartola
31,AR,ARS,221178,53,Media,flow telecom compra,39900,servicios,2026-01-08,cartola
31,AR,ARS,221178,53,Media,bonafide compra,2681,alimentacion,2026-01-08,cartola
31,AR,ARS,221178,53,Media,vep afip acc compra,31718,otros,2026-01-14,cartola
31,AR,ARS,221178,53,Media,compra en supermercados dia,34105,alimentacion,2026-01-20,natural
31,AR,ARS,221178,53,Media,compra en makro,66675,alimentacion,2026-01-09,natural
31,AR,ARS,221178,53,Media,pago claro hogar argentina,31694,servicios,2026-01-02,natural
31,AR,ARS,221178,53,Media,mp*netflix argentina,14360,streaming,2026-01-15,cartola
31,AR,ARS,221178,53,Media,edesur pago directo,56683,servicios,2026-01-22,cartola
31,AR,ARS,221178,53,Media,pago camuzzi gas pampeana,64264,servicios,2026-01-02,natural
31,AR,ARS,221178,53,Media,vital s.a. pos,45792,alimentacion,2026-01-16,cartola
31,AR,ARS,221178,53,Media,viaje en sube,6048,transporte,2026-01-23,natural
31,AR,ARS,221178,53,Media,corredores viales compra,16959,transporte,2026-01-20,cartola
31,AR,ARS,221178,53,Media,sbs libreria compra,66132,educacion,2026-01-20,cartola
31,AR,ARS,221178,53,Media,pago metrogas,30412,servicios,2026-01-11,natural
31,AR,ARS,221178,53,Media,compra en jumbo,30135,alimentacion,2026-01-15,natural
31,AR,ARS,221178,53,Media,suscripcion a steam games argentina,5110,ocio,2026-01-16,natural
31,AR,ARS,221178,53,Media,hospital aleman plan deb,51112,salud,2026-01-16,cartola
31,AR,ARS,221178,53,Media,zara compra internet,48262,otros,2026-01-16,cartola
31,AR,ARS,221178,53,Media,compra en williamsburg,29560,alimentacion,2026-01-24,natural
31,AR,ARS,221178,53,Media,deb aut edenor s.a.,23857,servicios,2026-01-24,cartola
31,AR,ARS,221178,53,Media,pago musimundo,57404,otros,2026-01-04,natural
31,AR,ARS,221178,53,Media,pago en osecac,49369,salud,2026-01-25,natural
31,AR,ARS,221178,53,Media,grido helados compra,22531,alimentacion,2026-01-05,cartola
31,AR,ARS,221178,53,Media,litoral gas debito pos,65216,servicios,2026-01-13,cartola
31,AR,ARS,221178,53,Media,viaje en peaje hudson,2168,transporte,2026-01-20,natural
31,AR,ARS,221178,53,Media,mp*disney plus arg,11969,streaming,2026-01-24,cartola
31,AR,ARS,221178,53,Media,suscripcion a spotify argentina,7054,streaming,2026-01-26,natural
31,AR,ARS,221178,53,Media,agip rentas deb automatico,35976,otros,2026-01-26,cartola
31,AR,ARS,221178,53,Media,deb aut aguas bonaerenses,19152,servicios,2026-01-14,cartola
31,AR,ARS,221178,53,Media,entrada a amazon prime argentina,7165,ocio,2026-01-07,natural
31,AR,ARS,221178,53,Media,pago movistar hogar argentina,33738,servicios,2026-01-29,natural
31,AR,ARS,221178,53,Media,dia% express suc,37679,alimentacion,2026-01-25,cartola
31,AR,ARS,221178,53,Media,flow telecom compra,18079,servicios,2026-01-19,cartola
31,AR,ARS,221178,53,Media,ausol aut. del sol,19585,transporte,2026-01-28,cartola
31,AR,ARS,221178,53,Media,pago solo deportes,58416,otros,2026-01-10,natural
31,AR,ARS,221178,53,Media,compra en wendy's,21467,alimentacion,2026-01-25,natural
31,AR,ARS,221178,53,Media,compra en pani,44399,alimentacion,2026-01-15,natural
31,AR,ARS,221178,53,Media,pago seguros la caja,57832,otros,2026-01-24,natural
31,AR,ARS,221178,53,Media,compra en maxiconsumo,76110,alimentacion,2026-01-03,natural
31,AR,ARS,221178,53,Media,suscripcion a showcase cinemas,14576,ocio,2026-01-09,natural
31,AR,ARS,221178,53,Media,pagomiscuentas aysa deb,51985,servicios,2026-01-13,cartola
31,AR,ARS,221178,53,Media,pago aysa,50577,servicios,2026-01-13,natural
31,AR,ARS,221178,53,Media,suscripcion a netflix argentina,7140,streaming,2026-01-12,natural
31,AR,ARS,221178,53,Media,giro pago facil recauda,36222,servicios,2026-01-02,cartola
31,AR,ARS,221178,53,Media,suscripcion a netflix argentina,10643,streaming,2026-01-28,natural
31,AR,ARS,221178,53,Media,hospital italiano socio,63321,salud,2026-01-20,cartola
31,AR,ARS,221178,53,Media,mercadopago*doncarlos,9848,alimentacion,2026-01-04,cartola
31,AR,ARS,221178,53,Media,suscripcion a disney plus argentina,5326,streaming,2026-01-15,natural
32,AR,ARS,267772,76,Baja,mp*disney plus arg,10080,streaming,2026-01-11,cartola
32,AR,ARS,267772,76,Baja,compra en clinica suizo argentina,47678,salud,2026-01-20,natural
32,AR,ARS,267772,76,Baja,mp*disney plus arg,5787,streaming,2026-01-27,cartola
32,AR,ARS,267772,76,Baja,pago en kfc,29309,alimentacion,2026-01-04,natural
32,AR,ARS,267772,76,Baja,luna park entradas,36260,ocio,2026-01-04,cartola
32,AR,ARS,267772,76,Baja,deb aut personal flow,30534,servicios,2026-01-02,cartola
32,AR,ARS,267772,76,Baja,pago maderas ramos,78197,vivienda,2026-01-28,natural
32,AR,ARS,267772,76,Baja,osecac cuota directa,40772,salud,2026-01-26,cartola
32,AR,ARS,267772,76,Baja,edesur pago directo,60222,servicios,2026-01-14,cartola
32,AR,ARS,267772,76,Baja,pago metrogas,82754,servicios,2026-01-13,natural
32,AR,ARS,267772,76,Baja,medicus compra pos deb,40767,salud,2026-01-26,cartola
32,AR,ARS,267772,76,Baja,deb aut claro hogar,52993,servicios,2026-01-15,cartola
32,AR,ARS,267772,76,Baja,smg medicina prepaga deb,47559,salud,2026-01-26,cartola
32,AR,ARS,267772,76,Baja,mostaza suc compra,24097,alimentacion,2026-01-02,cartola
32,AR,ARS,267772,76,Baja,peaje dock sud acc,4587,transporte,2026-01-08,cartola
32,AR,ARS,267772,76,Baja,mayorista yaguar suc,65253,alimentacion,2026-01-28,cartola
32,AR,ARS,267772,76,Baja,papa johns pizza,10812,alimentacion,2026-01-27,cartola
32,AR,ARS,267772,76,Baja,pago en farmacias selma,50026,salud,2026-01-10,natural
32,AR,ARS,267772,76,Baja,suscripcion a max hbo argentina,12432,ocio,2026-01-19,natural
32,AR,ARS,267772,76,Baja,suscripcion a disney plus argentina,11785,streaming,2026-01-25,natural
32,AR,ARS,267772,76,Baja,entrada a sportclub,34667,ocio,2026-01-28,natural
32,AR,ARS,267772,76,Baja,suscripcion a disney plus argentina,8921,streaming,2026-01-10,natural
32,AR,ARS,267772,76,Baja,carga bencina en peaje hudson,4275,transporte,2026-01-25,natural
32,AR,ARS,267772,76,Baja,pago mercado pago,61415,otros,2026-01-13,natural
32,AR,ARS,267772,76,Baja,movistar arena tickets,89681,ocio,2026-01-09,cartola
32,AR,ARS,267772,76,Baja,carga bencina en uber argentina,4138,transporte,2026-01-04,natural
32,AR,ARS,267772,76,Baja,pago en club de la birra,31975,alimentacion,2026-01-14,natural
32,AR,ARS,267772,76,Baja,banchero pizzeria suc,25003,alimentacion,2026-01-16,cartola
32,AR,ARS,267772,76,Baja,pago rapipago,93417,servicios,2026-01-17,natural
32,AR,ARS,267772,76,Baja,viaje en flecha bus,67609,transporte,2026-01-25,natural
32,AR,ARS,267772,76,Baja,pago edet tucuman,58975,servicios,2026-01-09,natural
32,AR,ARS,267772,76,Baja,pago en sanatorio otamendi,80945,salud,2026-01-14,natural
32,AR,ARS,267772,76,Baja,pago en centro rossi,89941,salud,2026-01-27,natural
32,AR,ARS,267772,76,Baja,burger king pos,35685,alimentacion,2026-01-04,cartola
32,AR,ARS,267772,76,Baja,papa johns pizza,18122,alimentacion,2026-01-24,cartola
32,AR,ARS,267772,76,Baja,pago gas nea,51521,servicios,2026-01-18,natural
32,AR,ARS,267772,76,Baja,compra en havanna,10574,alimentacion,2026-01-12,natural
32,AR,ARS,267772,76,Baja,provincia net recauda,78460,servicios,2026-01-11,cartola
32,AR,ARS,267772,76,Baja,pago telecom fibertel,32790,servicios,2026-01-02,natural
32,AR,ARS,267772,76,Baja,rex pinturerias compra,32918,vivienda,2026-01-26,cartola
32,AR,ARS,267772,76,Baja,mp*netflix argentina,9353,streaming,2026-01-05,cartola
32,AR,ARS,267772,76,Baja,pago claro hogar argentina,13449,servicios,2026-01-22,natural
32,AR,ARS,267772,76,Baja,pago octavo piso saas,57481,vivienda,2026-01-15,natural
32,AR,ARS,267772,76,Baja,pago claro hogar argentina,30757,servicios,2026-01-24,natural
32,AR,ARS,267772,76,Baja,deb aut epec cordoba,89261,servicios,2026-01-23,cartola
32,AR,ARS,267772,76,Baja,pago telecentro,21832,servicios,2026-01-02,natural
32,AR,ARS,267772,76,Baja,pago argenprop,74970,vivienda,2026-01-07,natural
32,AR,ARS,267772,76,Baja,vital s.a. pos,45203,alimentacion,2026-01-19,cartola
32,AR,ARS,267772,76,Baja,osecac cuota directa,51502,salud,2026-01-07,cartola
32,AR,ARS,267772,76,Baja,peaje alberti ausa,3694,transporte,2026-01-07,cartola
32,AR,ARS,267772,76,Baja,pago en prevencion salud,88281,salud,2026-01-10,natural
32,AR,ARS,267772,76,Baja,deb aut edet tucuman,80281,servicios,2026-01-17,cartola
32,AR,ARS,267772,76,Baja,compra en yaguar,82474,alimentacion,2026-01-24,natural
32,AR,ARS,267772,76,Baja,mercadopago*ferrind,29344,vivienda,2026-01-16,cartola
32,AR,ARS,267772,76,Baja,zonaprop compra factura,87668,vivienda,2026-01-23,cartola
32,AR,ARS,267772,76,Baja,uber* trip argentina,9389,transporte,2026-01-05,cartola
32,AR,ARS,267772,76,Baja,viaje en shell,21113,transporte,2026-01-28,natural
32,AR,ARS,267772,76,Baja,almacen de pizzas suc,42693,alimentacion,2026-01-13,cartola
32,AR,ARS,267772,76,Baja,plusmar compra pos,15980,transporte,2026-01-06,cartola
32,AR,ARS,267772,76,Baja,consorcioabierto expensas,77807,vivienda,2026-01-11,cartola
32,AR,ARS,267772,76,Baja,compra en el club de la milanesa,55422,alimentacion,2026-01-05,natural
32,AR,ARS,267772,76,Baja,clinica suizo argentina,64734,salud,2026-01-20,cartola
32,AR,ARS,267772,76,Baja,suscripcion a netflix argentina,8565,streaming,2026-01-17,natural
32,AR,ARS,267772,76,Baja,coppel tiendas compra,41012,otros,2026-01-14,cartola
32,AR,ARS,267772,76,Baja,entrada a movistar arena argentina,40207,ocio,2026-01-07,natural
32,AR,ARS,267772,76,Baja,pago edenor,90765,servicios,2026-01-27,natural
32,AR,ARS,267772,76,Baja,recarga sube acc,6891,transporte,2026-01-21,cartola
32,AR,ARS,267772,76,Baja,compra en prevencion salud,90801,salud,2026-01-06,natural
32,AR,ARS,267772,76,Baja,pago en le pain quotidien,53431,alimentacion,2026-01-09,natural
32,AR,ARS,267772,76,Baja,suscripcion a netflix argentina,13555,streaming,2026-01-02,natural
32,AR,ARS,267772,76,Baja,carga bencina en peaje sarandi,5380,transporte,2026-01-27,natural
32,AR,ARS,267772,76,Baja,farmacias selma pos,34705,salud,2026-01-04,cartola
32,AR,ARS,267772,76,Baja,sodimac s.a. compra,73543,vivienda,2026-01-03,cartola
32,AR,ARS,267772,76,Baja,inscripcion en libreria cp67,8985,educacion,2026-01-21,natural
32,AR,ARS,267772,76,Baja,pago argenprop,76278,vivienda,2026-01-14,natural
32,AR,ARS,267772,76,Baja,compra carrefour suc,74407,alimentacion,2026-01-14,cartola
32,AR,ARS,267772,76,Baja,la continental pizza,43282,alimentacion,2026-01-19,cartola
32,AR,ARS,267772,76,Baja,entrada a la trastienda,33971,ocio,2026-01-23,natural
32,AR,ARS,267772,76,Baja,pago edet tucuman,71982,servicios,2026-01-19,natural
32,AR,ARS,267772,76,Baja,giro rapipago recauda,65714,servicios,2026-01-16,cartola
32,AR,ARS,267772,76,Baja,pagomiscuentas aysa deb,14512,servicios,2026-01-08,cartola
32,AR,ARS,267772,76,Baja,pago comisiones banco galicia,6141,otros,2026-01-22,natural
32,AR,ARS,267772,76,Baja,dandy restaurant compra,50277,alimentacion,2026-01-06,cartola
32,AR,ARS,267772,76,Baja,peaje larena ausol,6637,transporte,2026-01-28,cartola
32,AR,ARS,267772,76,Baja,suscripcion a niceto club,49375,ocio,2026-01-25,natural
32,AR,ARS,267772,76,Baja,federacion patronal deb,23492,otros,2026-01-28,cartola
32,AR,ARS,267772,76,Baja,pagomiscuentas debito,29664,servicios,2026-01-03,cartola
32,AR,ARS,267772,76,Baja,pago telecentro,69599,servicios,2026-01-29,natural
32,AR,ARS,267772,76,Baja,metrogas debito aut,92902,servicios,2026-01-03,cartola
32,AR,ARS,267772,76,Baja,peaje larena ausol,6028,transporte,2026-01-28,cartola
32,AR,ARS,267772,76,Baja,nueva chevallier s.a.,53321,transporte,2026-01-19,cartola
32,AR,ARS,267772,76,Baja,pago naturgy,93616,servicios,2026-01-02,natural
32,AR,ARS,267772,76,Baja,pago metrogas,36803,servicios,2026-01-14,natural
32,AR,ARS,267772,76,Baja,deb aut on fit gimnasios,41707,ocio,2026-01-14,cartola
32,AR,ARS,267772,76,Baja,peaje alberti ausa,3949,transporte,2026-01-13,cartola
32,AR,ARS,267772,76,Baja,omint debito directo,50550,salud,2026-01-17,cartola
32,AR,ARS,267772,76,Baja,compra en cafe martinez,7119,alimentacion,2026-01-22,natural
32,AR,ARS,267772,76,Baja,movistar arena tickets,31334,ocio,2026-01-25,cartola
32,AR,ARS,267772,76,Baja,axion energy suc,56855,transporte,2026-01-10,cartola
32,AR,ARS,267772,76,Baja,pago en pizzeria guerrin,14985,alimentacion,2026-01-20,natural
32,AR,ARS,267772,76,Baja,pago impuestos afip,74095,otros,2026-01-27,natural
32,AR,ARS,267772,76,Baja,compra en pedidosya,5034,alimentacion,2026-01-10,natural
32,AR,ARS,267772,76,Baja,mayorista yaguar suc,83690,alimentacion,2026-01-21,cartola
32,AR,ARS,267772,76,Baja,deb aut aguas cordobesas,12297,servicios,2026-01-23,cartola
32,AR,ARS,267772,76,Baja,compra en starbucks,5901,alimentacion,2026-01-26,natural
32,AR,ARS,267772,76,Baja,mp*disney plus arg,7305,streaming,2026-01-20,cartola
32,AR,ARS,267772,76,Baja,entrada a luna park,19762,ocio,2026-01-08,natural
32,AR,ARS,267772,76,Baja,compra en el noble,21074,alimentacion,2026-01-04,natural
32,AR,ARS,267772,76,Baja,flow telecom compra,35282,servicios,2026-01-14,cartola
32,AR,ARS,267772,76,Baja,entrada a cinemark hoyts,21085,ocio,2026-01-22,natural
32,AR,ARS,267772,76,Baja,pago maderas ramos,56094,vivienda,2026-01-22,natural
32,AR,ARS,267772,76,Baja,mp*disney plus arg,9676,streaming,2026-01-05,cartola
32,AR,ARS,267772,76,Baja,la trastienda compra pos,60099,ocio,2026-01-08,cartola
32,AR,ARS,267772,76,Baja,pago en almacen de barrio,24023,alimentacion,2026-01-07,natural
32,AR,ARS,267772,76,Baja,recarga sube acc,1374,transporte,2026-01-20,cartola
32,AR,ARS,267772,76,Baja,pago en club de la birra,9541,alimentacion,2026-01-27,natural
32,AR,ARS,267772,76,Baja,pago en medicus,39576,salud,2026-01-17,natural
32,AR,ARS,267772,76,Baja,disco suc,10156,alimentacion,2026-01-19,cartola
32,AR,ARS,267772,76,Baja,pago pinturerias prestigio,58525,vivienda,2026-01-17,natural
32,AR,ARS,267772,76,Baja,pago en sanatorio otamendi,79348,salud,2026-01-04,natural
32,AR,ARS,267772,76,Baja,pago en swiss medical,27951,salud,2026-01-24,natural
32,AR,ARS,267772,76,Baja,icbc mantenimiento servicio,12333,otros,2026-01-15,cartola
32,AR,ARS,267772,76,Baja,autop. del oeste compra,24905,transporte,2026-01-08,cartola
32,AR,ARS,267772,76,Baja,pago en pani,35304,alimentacion,2026-01-21,natural
32,AR,ARS,267772,76,Baja,el club de la milanesa,40926,alimentacion,2026-01-22,cartola
33,AR,ARS,279467,46,Baja,inscripcion en libreria scholastica,14001,educacion,2026-01-09,natural
33,AR,ARS,279467,46,Baja,carga bencina en shell,63622,transporte,2026-01-07,natural
33,AR,ARS,279467,46,Baja,pago en farmacia azul,25169,salud,2026-01-15,natural
33,AR,ARS,279467,46,Baja,deb aut sportclub pos,44641,ocio,2026-01-04,cartola
33,AR,ARS,279467,46,Baja,pago aguas bonaerenses,24004,servicios,2026-01-21,natural
33,AR,ARS,279467,46,Baja,osecac cuota directa,33461,salud,2026-01-15,cartola
33,AR,ARS,279467,46,Baja,autop. del oeste compra,26697,transporte,2026-01-11,cartola
33,AR,ARS,279467,46,Baja,mp*spotify argentina,8308,streaming,2026-01-04,cartola
33,AR,ARS,279467,46,Baja,deb aut claro hogar,50107,servicios,2026-01-20,cartola
33,AR,ARS,279467,46,Baja,pago gas nea,40058,servicios,2026-01-28,natural
33,AR,ARS,279467,46,Baja,suscripcion a spotify argentina,4759,streaming,2026-01-09,natural
33,AR,ARS,279467,46,Baja,yenny/ateneo suc compra,61728,educacion,2026-01-18,cartola
33,AR,ARS,279467,46,Baja,deb aut edesal s.a.,85578,servicios,2026-01-09,cartola
33,AR,ARS,279467,46,Baja,havanna s.a. compra,20900,alimentacion,2026-01-21,cartola
33,AR,ARS,279467,46,Baja,mp*disney plus arg,11660,streaming,2026-01-20,cartola
33,AR,ARS,279467,46,Baja,entrada a fiter gimnasios,39054,ocio,2026-01-05,natural
33,AR,ARS,279467,46,Baja,viaje en puma energy,13045,transporte,2026-01-06,natural
33,AR,ARS,279467,46,Baja,compra en makro,52546,alimentacion,2026-01-17,natural
33,AR,ARS,279467,46,Baja,trenes argentinos pos,4748,transporte,2026-01-11,cartola
33,AR,ARS,279467,46,Baja,ticketek entradas suc,69106,ocio,2026-01-17,cartola
33,AR,ARS,279467,46,Baja,pagomiscuentas aysa deb,55970,servicios,2026-01-09,cartola
33,AR,ARS,279467,46,Baja,pago en starbucks,12614,alimentacion,2026-01-14,natural
33,AR,ARS,279467,46,Baja,pago aysa,52417,servicios,2026-01-28,natural
33,AR,ARS,279467,46,Baja,pani deli compra,33315,alimentacion,2026-01-26,cartola
33,AR,ARS,279467,46,Baja,banchero pizzeria suc,37742,alimentacion,2026-01-14,cartola
33,AR,ARS,279467,46,Baja,litoral gas debito pos,85975,servicios,2026-01-12,cartola
33,AR,ARS,279467,46,Baja,pago colegio ward,95550,educacion,2026-01-19,natural
33,AR,ARS,279467,46,Baja,pago metrogas,83191,servicios,2026-01-10,natural
33,AR,ARS,279467,46,Baja,mp*disney plus arg,6444,streaming,2026-01-24,cartola
33,AR,ARS,279467,46,Baja,emova subte caba,4625,transporte,2026-01-09,cartola
33,AR,ARS,279467,46,Baja,deb aut camuzzi pampeana,58625,servicios,2026-01-08,cartola
33,AR,ARS,279467,46,Baja,carga bencina en cabify,9242,transporte,2026-01-23,natural
33,AR,ARS,279467,46,Baja,mp*netflix argentina,9074,streaming,2026-01-16,cartola
33,AR,ARS,279467,46,Baja,telepase ausa,15822,transporte,2026-01-05,cartola
33,AR,ARS,279467,46,Baja,mostaza suc compra,27234,alimentacion,2026-01-20,cartola
33,AR,ARS,279467,46,Baja,compra en centro rossi,63936,salud,2026-01-03,natural
33,AR,ARS,279467,46,Baja,pago colegio ward,92570,educacion,2026-01-20,natural
33,AR,ARS,279467,46,Baja,pago rapipago,79358,servicios,2026-01-27,natural
33,AR,ARS,279467,46,Baja,la trastienda compra pos,73870,ocio,2026-01-11,cartola
33,AR,ARS,279467,46,Baja,pago en subway,10670,alimentacion,2026-01-08,natural
33,AR,ARS,279467,46,Baja,edesur pago directo,30337,servicios,2026-01-27,cartola
33,AR,ARS,279467,46,Baja,provincia net recauda,9151,servicios,2026-01-28,cartola
33,AR,ARS,279467,46,Baja,yenny/ateneo suc compra,63328,educacion,2026-01-07,cartola
33,AR,ARS,279467,46,Baja,omint debito directo,23697,salud,2026-01-06,cartola
33,AR,ARS,279467,46,Baja,pago zonaprop,93737,vivienda,2026-01-06,natural
33,AR,ARS,279467,46,Baja,compra en havanna,17648,alimentacion,2026-01-08,natural
33,AR,ARS,279467,46,Baja,op.ypf suc compra,45110,transporte,2026-01-08,cartola
33,AR,ARS,279467,46,Baja,flecha bus compra pos,72799,transporte,2026-01-24,cartola
33,AR,ARS,279467,46,Baja,el noble compra,19951,alimentacion,2026-01-28,cartola
33,AR,ARS,279467,46,Baja,antares compra pos,35475,alimentacion,2026-01-17,cartola
33,AR,ARS,279467,46,Baja,movistar arena tickets,61312,ocio,2026-01-25,cartola
33,AR,ARS,279467,46,Baja,wendys suc,26529,alimentacion,2026-01-03,cartola
33,AR,ARS,279467,46,Baja,pago en makro,60127,alimentacion,2026-01-28,natural
33,AR,ARS,279467,46,Baja,mercadopago*elprogreso,4903,vivienda,2026-01-24,cartola
33,AR,ARS,279467,46,Baja,pagomiscuentas aysa deb,8058,servicios,2026-01-11,cartola
33,AR,ARS,279467,46,Baja,consorcio caballito exp,30147,vivienda,2026-01-24,cartola
33,AR,ARS,279467,46,Baja,pago en yaguar,83379,alimentacion,2026-01-03,natural
33,AR,ARS,279467,46,Baja,pago edesur,67586,servicios,2026-01-28,natural
33,AR,ARS,279467,46,Baja,trenes argentinos pos,4976,transporte,2026-01-26,cartola
33,AR,ARS,279467,46,Baja,comafi cargo mant cta,17426,otros,2026-01-10,cartola
33,AR,ARS,279467,46,Baja,compra en clinica suizo argentina,96554,salud,2026-01-10,natural
33,AR,ARS,279467,46,Baja,pago en grido helados,24965,alimentacion,2026-01-06,natural
33,AR,ARS,279467,46,Baja,deb aut aguas cordobesas,47217,servicios,2026-01-18,cartola
33,AR,ARS,279467,46,Baja,metrogas debito aut,31577,servicios,2026-01-21,cartola
33,AR,ARS,279467,46,Baja,mercadopago*elombu,54989,alimentacion,2026-01-26,cartola
33,AR,ARS,279467,46,Baja,pago pinturerias rex,81470,vivienda,2026-01-09,natural
33,AR,ARS,279467,46,Baja,administracion san martin,49592,vivienda,2026-01-26,cartola
33,AR,ARS,279467,46,Baja,flow telecom compra,31071,servicios,2026-01-04,cartola
33,AR,ARS,279467,46,Baja,megatone compra internet,84588,otros,2026-01-18,cartola
33,AR,ARS,279467,46,Baja,pago en el cuartito,30718,alimentacion,2026-01-27,natural
33,AR,ARS,279467,46,Baja,pago aguas bonaerenses,8276,servicios,2026-01-16,natural
33,AR,ARS,279467,46,Baja,pago aguas cordobesas,25093,servicios,2026-01-21,natural
33,AR,ARS,279467,46,Baja,pago en supermercados dia,42519,alimentacion,2026-01-24,natural
33,AR,ARS,279467,46,Baja,compra en clinica suizo argentina,65862,salud,2026-01-17,natural
33,AR,ARS,279467,46,Baja,pago en makro,54312,alimentacion,2026-01-25,natural
33,AR,ARS,279467,46,Baja,didi* trip argentina,20770,transporte,2026-01-07,cartola
33,AR,ARS,279467,46,Baja,antares compra pos,26457,alimentacion,2026-01-05,cartola
33,AR,ARS,279467,46,Baja,avalian medicina prepaga,96126,salud,2026-01-27,cartola
33,AR,ARS,279467,46,Baja,carga bencina en trenes argentinos,3633,transporte,2026-01-08,natural
33,AR,ARS,279467,46,Baja,suscripcion a netflix argentina,13840,streaming,2026-01-11,natural
33,AR,ARS,279467,46,Baja,flecha bus compra pos,17427,transporte,2026-01-28,cartola
33,AR,ARS,279467,46,Baja,pago ligier pinturerias,93541,vivienda,2026-01-02,natural
33,AR,ARS,279467,46,Baja,op.ypf suc compra,36785,transporte,2026-01-13,cartola
33,AR,ARS,279467,46,Baja,suscripcion a luna park,81517,ocio,2026-01-21,natural
33,AR,ARS,279467,46,Baja,pago pagomiscuentas,26833,servicios,2026-01-17,natural
33,AR,ARS,279467,46,Baja,peaje debenedetti pos,2988,transporte,2026-01-22,cartola
33,AR,ARS,279467,46,Baja,steam games compra int,45488,ocio,2026-01-10,cartola
33,AR,ARS,279467,46,Baja,rappi*compra,36074,alimentacion,2026-01-07,cartola
33,AR,ARS,279467,46,Baja,bonafide compra,11793,alimentacion,2026-01-15,cartola
33,AR,ARS,279467,46,Baja,compra en persicco,28391,alimentacion,2026-01-27,natural
33,AR,ARS,279467,46,Baja,cinemark hoyts compra,27434,ocio,2026-01-25,cartola
33,AR,ARS,279467,46,Baja,pagomiscuentas aysa deb,43831,servicios,2026-01-04,cartola
33,AR,ARS,279467,46,Baja,peaje sarandi compra,4862,transporte,2026-01-06,cartola
33,AR,ARS,279467,46,Baja,inscripcion en librerias cuspide,56640,educacion,2026-01-09,natural
33,AR,ARS,279467,46,Baja,compra en hospital italiano,83802,salud,2026-01-22,natural
33,AR,ARS,279467,46,Baja,compra en opticas lof,93582,salud,2026-01-03,natural
33,AR,ARS,279467,46,Baja,compra en farmacias central oeste,49938,salud,2026-01-22,natural
33,AR,ARS,279467,46,Baja,teatro colon entradas,22726,ocio,2026-01-25,cartola
33,AR,ARS,279467,46,Baja,compra en la continental,42278,alimentacion,2026-01-03,natural
33,AR,ARS,279467,46,Baja,carga bencina en peaje hudson,3338,transporte,2026-01-04,natural
33,AR,ARS,279467,46,Baja,pago metrogas,31170,servicios,2026-01-28,natural
33,AR,ARS,279467,46,Baja,compra en vea,56773,alimentacion,2026-01-24,natural
33,AR,ARS,279467,46,Baja,pago en farmacias selma,62074,salud,2026-01-14,natural
33,AR,ARS,279467,46,Baja,carga bencina en ypf,28629,transporte,2026-01-18,natural
33,AR,ARS,279467,46,Baja,peaje hudson recaudacion,5901,transporte,2026-01-11,cartola
33,AR,ARS,279467,46,Baja,solo deportes compra pos,15125,otros,2026-01-14,cartola
33,AR,ARS,279467,46,Baja,mercadopago*almacen,18312,alimentacion,2026-01-18,cartola
33,AR,ARS,279467,46,Baja,mercadopago*ferrind,78259,vivienda,2026-01-25,cartola
33,AR,ARS,279467,46,Baja,pago federacion patronal seguros,52932,otros,2026-01-25,natural
33,AR,ARS,279467,46,Baja,carga bencina en peaje parque avellaneda,2972,transporte,2026-01-08,natural
33,AR,ARS,279467,46,Baja,viaje en cabify,6663,transporte,2026-01-27,natural
33,AR,ARS,279467,46,Baja,supermercados vea,33337,alimentacion,2026-01-11,cartola
33,AR,ARS,279467,46,Baja,mp*netflix argentina,9658,streaming,2026-01-10,cartola
33,AR,ARS,279467,46,Baja,pago argenprop,46884,vivienda,2026-01-04,natural
33,AR,ARS,279467,46,Baja,expensas online transfer,78525,vivienda,2026-01-26,cartola
33,AR,ARS,279467,46,Baja,pago en clinica suizo argentina,83932,salud,2026-01-20,natural
33,AR,ARS,279467,46,Baja,suscripcion a netflix argentina,7635,streaming,2026-01-05,natural
33,AR,ARS,279467,46,Baja,mp*netflix argentina,5934,streaming,2026-01-15,cartola
33,AR,ARS,279467,46,Baja,compra en farmacity,27032,salud,2026-01-02,natural
33,AR,ARS,279467,46,Baja,uber* trip argentina,27510,transporte,2026-01-12,cartola
33,AR,ARS,279467,46,Baja,compra en persicco,17856,alimentacion,2026-01-12,natural
33,AR,ARS,279467,46,Baja,teatro colon entradas,33522,ocio,2026-01-18,cartola
33,AR,ARS,279467,46,Baja,pago camuzzi gas pampeana,10250,servicios,2026-01-15,natural
33,AR,ARS,279467,46,Baja,pago aguas bonaerenses,16201,servicios,2026-01-03,natural
33,AR,ARS,279467,46,Baja,mercadopago*elpuente,25355,vivienda,2026-01-28,cartola
34,AR,ARS,160043,9,Media,pago administracion consorcio palermo,42997,vivienda,2026-01-29,natural
34,AR,ARS,160043,9,Media,inscripcion en universidad de san andres,34472,educacion,2026-01-23,natural
34,AR,ARS,160043,9,Media,pago personal flow,29056,servicios,2026-01-25,natural
34,AR,ARS,160043,9,Media,havanna s.a. compra,25307,alimentacion,2026-01-22,cartola
34,AR,ARS,160043,9,Media,federacion patronal deb,27602,otros,2026-01-05,cartola
34,AR,ARS,160043,9,Media,carga bencina en peaje hudson,3996,transporte,2026-01-02,natural
34,AR,ARS,160043,9,Media,pago banco provincia,3540,otros,2026-01-08,natural
34,AR,ARS,160043,9,Media,deb aut edersa pos,53896,servicios,2026-01-23,cartola
34,AR,ARS,160043,9,Media,ligier compra pos,29667,vivienda,2026-01-07,cartola
34,AR,ARS,160043,9,Media,pago expensas online,24148,vivienda,2026-01-24,natural
34,AR,ARS,160043,9,Media,deb aut epen neuquen,13296,servicios,2026-01-17,cartola
34,AR,ARS,160043,9,Media,argenprop deb aut,52640,vivienda,2026-01-26,cartola
34,AR,ARS,160043,9,Media,movistar arena tickets,30947,ocio,2026-01-19,cartola
34,AR,ARS,160043,9,Media,administracion san martin,51647,vivienda,2026-01-26,cartola
34,AR,ARS,160043,9,Media,pago en maxiconsumo,50305,alimentacion,2026-01-05,natural
34,AR,ARS,160043,9,Media,ligier compra pos,22252,vivienda,2026-01-20,cartola
34,AR,ARS,160043,9,Media,pago en optica pförtner,52946,salud,2026-01-13,natural
34,AR,ARS,160043,9,Media,suscripcion a steam games argentina,52131,ocio,2026-01-24,natural
34,AR,ARS,160043,9,Media,compra en sancor salud,27765,salud,2026-01-21,natural
34,AR,ARS,160043,9,Media,deb aut gas nea pos,14173,servicios,2026-01-16,cartola
34,AR,ARS,160043,9,Media,carga bencina en peaje dock sud,5655,transporte,2026-01-12,natural
34,AR,ARS,160043,9,Media,carga bencina en peaje dock sud,3735,transporte,2026-01-26,natural
34,AR,ARS,160043,9,Media,compra en medicus,10545,salud,2026-01-16,natural
34,AR,ARS,160043,9,Media,viaje en chevallier,21353,transporte,2026-01-15,natural
34,AR,ARS,160043,9,Media,inscripcion en libreria yenny,12124,educacion,2026-01-17,natural
34,AR,ARS,160043,9,Media,pago en carrefour,46257,alimentacion,2026-01-11,natural
34,AR,ARS,160043,9,Media,suscripcion a spotify argentina,4588,streaming,2026-01-14,natural
34,AR,ARS,160043,9,Media,viaje en plusmar,22683,transporte,2026-01-05,natural
34,AR,ARS,160043,9,Media,pago en osde,20538,salud,2026-01-08,natural
34,AR,ARS,160043,9,Media,compra en sanatorio otamendi,54394,salud,2026-01-14,natural
34,AR,ARS,160043,9,Media,peaje samborombon aubasa,5872,transporte,2026-01-11,cartola
34,AR,ARS,160043,9,Media,peaje illia ausa,3477,transporte,2026-01-22,cartola
34,AR,ARS,160043,9,Media,alquileres argentina deb,54349,vivienda,2026-01-07,cartola
34,AR,ARS,160043,9,Media,jumbo compra,25749,alimentacion,2026-01-16,cartola
34,AR,ARS,160043,9,Media,compra en persicco,24497,alimentacion,2026-01-02,natural
34,AR,ARS,160043,9,Media,pago telecom fibertel,35731,servicios,2026-01-13,natural
34,AR,ARS,160043,9,Media,pago ferreteria el progreso,3035,vivienda,2026-01-29,natural
34,AR,ARS,160043,9,Media,showcase ar compra pos,16309,ocio,2026-01-23,cartola
34,AR,ARS,160043,9,Media,pago camuzzi gas pampeana,25529,servicios,2026-01-10,natural
34,AR,ARS,160043,9,Media,pago epen neuquen,18945,servicios,2026-01-29,natural
34,AR,ARS,160043,9,Media,viaje en sube,8581,transporte,2026-01-02,natural
34,AR,ARS,160043,9,Media,pago en burger king,7504,alimentacion,2026-01-26,natural
34,AR,ARS,160043,9,Media,suscripcion a max hbo argentina,9830,ocio,2026-01-13,natural
34,AR,ARS,160043,9,Media,farmacias azul suc,40566,salud,2026-01-20,cartola
34,AR,ARS,160043,9,Media,pago en almacen de pizzas,42978,alimentacion,2026-01-15,natural
34,AR,ARS,160043,9,Media,compra en farmacias dr ahorro,35941,salud,2026-01-22,natural
34,AR,ARS,160043,9,Media,pedidosya compra,15616,alimentacion,2026-01-22,cartola
34,AR,ARS,160043,9,Media,pago edenor,19405,servicios,2026-01-15,natural
34,AR,ARS,160043,9,Media,diagnostico maipu compra,23052,salud,2026-01-10,cartola
34,AR,ARS,160043,9,Media,deb aut claro hogar,26519,servicios,2026-01-21,cartola
34,AR,ARS,160043,9,Media,giro rapipago recauda,34716,servicios,2026-01-12,cartola
34,AR,ARS,160043,9,Media,federacion patronal deb,40525,otros,2026-01-03,cartola
34,AR,ARS,160043,9,Media,lutz ferrando optica,23260,salud,2026-01-13,cartola
34,AR,ARS,160043,9,Media,deb aut sportclub pos,53581,ocio,2026-01-12,cartola
34,AR,ARS,160043,9,Media,pago telecom fibertel,30074,servicios,2026-01-05,natural
34,AR,ARS,160043,9,Media,teatro colon entradas,25460,ocio,2026-01-22,cartola
34,AR,ARS,160043,9,Media,entrada a teatro gran rex,43808,ocio,2026-01-17,natural
34,AR,ARS,160043,9,Media,trenes argentinos pos,3685,transporte,2026-01-11,cartola
34,AR,ARS,160043,9,Media,suscripcion a spotify argentina,5550,streaming,2026-01-12,natural
34,AR,ARS,160043,9,Media,pago en antares,22688,alimentacion,2026-01-02,natural
34,AR,ARS,160043,9,Media,blaisten s.a. suc,23990,vivienda,2026-01-25,cartola
34,AR,ARS,160043,9,Media,carga bencina en puma energy,22893,transporte,2026-01-02,natural
34,AR,ARS,160043,9,Media,suscripcion a spotify argentina,3546,streaming,2026-01-29,natural
34,AR,ARS,160043,9,Media,la mezzetta compra,37952,alimentacion,2026-01-26,cartola
34,AR,ARS,160043,9,Media,la trastienda compra pos,40363,ocio,2026-01-15,cartola
34,AR,ARS,160043,9,Media,pago camuzzi gas pampeana,52109,servicios,2026-01-21,natural
34,AR,ARS,160043,9,Media,viaje en autopistas del oeste,25342,transporte,2026-01-07,natural
34,AR,ARS,160043,9,Media,pizzeria guerrin compra,29006,alimentacion,2026-01-28,cartola
34,AR,ARS,160043,9,Media,peaje debenedetti pos,4061,transporte,2026-01-05,cartola
34,AR,ARS,160043,9,Media,vep afip acc compra,47063,otros,2026-01-04,cartola
34,AR,ARS,160043,9,Media,compra en farmacias dr ahorro,25019,salud,2026-01-13,natural
34,AR,ARS,160043,9,Media,axion energy suc,28929,transporte,2026-01-11,cartola
34,AR,ARS,160043,9,Media,viaje en didi argentina,14497,transporte,2026-01-26,natural
34,AR,ARS,160043,9,Media,pago en almacen de pizzas,42163,alimentacion,2026-01-05,natural
34,AR,ARS,160043,9,Media,deb aut epec cordoba,22804,servicios,2026-01-11,cartola
34,AR,ARS,160043,9,Media,mp*disney plus arg,7763,streaming,2026-01-11,cartola
34,AR,ARS,160043,9,Media,deb aut aguas bonaerenses,18315,servicios,2026-01-09,cartola
34,AR,ARS,160043,9,Media,mercadopago*elpuente,3492,vivienda,2026-01-05,cartola
34,AR,ARS,160043,9,Media,pago administracion consorcio palermo,37724,vivienda,2026-01-24,natural
34,AR,ARS,160043,9,Media,carga bencina en peaje alberti,3639,transporte,2026-01-15,natural
34,AR,ARS,160043,9,Media,pago litoral gas,39092,servicios,2026-01-27,natural
34,AR,ARS,160043,9,Media,pago metrogas,31109,servicios,2026-01-19,natural
34,AR,ARS,160043,9,Media,pago easy,28693,vivienda,2026-01-07,natural
34,AR,ARS,160043,9,Media,axion energy suc,32542,transporte,2026-01-16,cartola
34,AR,ARS,160043,9,Media,suscripcion a spotify argentina,5176,streaming,2026-01-12,natural
34,AR,ARS,160043,9,Media,suscripcion a spotify argentina,9153,streaming,2026-01-05,natural
34,AR,ARS,160043,9,Media,argenprop deb aut,33346,vivienda,2026-01-17,cartola
34,AR,ARS,160043,9,Media,wendys suc,33987,alimentacion,2026-01-04,cartola
34,AR,ARS,160043,9,Media,mp*spotify argentina,8580,streaming,2026-01-07,cartola
34,AR,ARS,160043,9,Media,pago colegio san martin,5879,educacion,2026-01-08,natural
34,AR,ARS,160043,9,Media,pago aysa,43512,servicios,2026-01-14,natural
34,AR,ARS,160043,9,Media,entrada a sportclub,33584,ocio,2026-01-03,natural
34,AR,ARS,160043,9,Media,suscripcion a parque de la costa,50393,ocio,2026-01-05,natural
34,AR,ARS,160043,9,Media,dandy restaurant compra,48313,alimentacion,2026-01-09,cartola
34,AR,ARS,160043,9,Media,inscripcion en libreria sbs,22332,educacion,2026-01-07,natural
34,AR,ARS,160043,9,Media,pago en changomas,43409,alimentacion,2026-01-11,natural
34,AR,ARS,160043,9,Media,papa johns pizza,18775,alimentacion,2026-01-18,cartola
34,AR,ARS,160043,9,Media,pago claro hogar argentina,50583,servicios,2026-01-20,natural
34,AR,ARS,160043,9,Media,pago en farmacias vantage,41768,salud,2026-01-28,natural
34,AR,ARS,160043,9,Media,pago aguas cordobesas,27534,servicios,2026-01-26,natural
34,AR,ARS,160043,9,Media,pago ligier pinturerias,22285,vivienda,2026-01-07,natural
34,AR,ARS,160043,9,Media,compra en almacen de pizzas,37827,alimentacion,2026-01-28,natural
34,AR,ARS,160043,9,Media,panaderia san jose pos,10354,alimentacion,2026-01-21,cartola
34,AR,ARS,160043,9,Media,deb aut epec cordoba,20370,servicios,2026-01-12,cartola
34,AR,ARS,160043,9,Media,pago litoral gas,27611,servicios,2026-01-12,natural
34,AR,ARS,160043,9,Media,deb aut movistar hogar,25507,servicios,2026-01-26,cartola
34,AR,ARS,160043,9,Media,pago litoral gas,33638,servicios,2026-01-04,natural
34,AR,ARS,160043,9,Media,burger king pos,26912,alimentacion,2026-01-18,cartola
34,AR,ARS,160043,9,Media,consorcio palermo exp,52575,vivienda,2026-01-04,cartola
34,AR,ARS,160043,9,Media,pago colegio marin,33823,educacion,2026-01-10,natural
34,AR,ARS,160043,9,Media,pagomiscuentas debito,39777,servicios,2026-01-28,cartola
34,AR,ARS,160043,9,Media,compra en heisenburger,26224,alimentacion,2026-01-28,natural
34,AR,ARS,160043,9,Media,el club de la milanesa,49820,alimentacion,2026-01-12,cartola
34,AR,ARS,160043,9,Media,compra en el noble,18859,alimentacion,2026-01-28,natural
34,AR,ARS,160043,9,Media,pago metrogas,49156,servicios,2026-01-25,natural
34,AR,ARS,160043,9,Media,pago easy,40453,vivienda,2026-01-26,natural
34,AR,ARS,160043,9,Media,pagomiscuentas debito,14789,servicios,2026-01-14,cartola
34,AR,ARS,160043,9,Media,pani deli compra,17965,alimentacion,2026-01-09,cartola
34,AR,ARS,160043,9,Media,metrogas debito aut,8683,servicios,2026-01-29,cartola
34,AR,ARS,160043,9,Media,consorcio caballito exp,43542,vivienda,2026-01-22,cartola
34,AR,ARS,160043,9,Media,provincia net recauda,10947,servicios,2026-01-15,cartola
34,AR,ARS,160043,9,Media,compra en disco,55225,alimentacion,2026-01-29,natural
34,AR,ARS,160043,9,Media,argenprop deb aut,12799,vivienda,2026-01-03,cartola
34,AR,ARS,160043,9,Media,pago claro hogar argentina,23905,servicios,2026-01-14,natural
34,AR,ARS,160043,9,Media,pago en havanna,27344,alimentacion,2026-01-08,natural
35,AR,ARS,205162,39,Baja,compra en avalian,11216,salud,2026-01-08,natural
35,AR,ARS,205162,39,Baja,suscripcion a disney plus argentina,9903,streaming,2026-01-08,natural
35,AR,ARS,205162,39,Baja,lutz ferrando optica,55545,salud,2026-01-02,cartola
35,AR,ARS,205162,39,Baja,entrada a fiter gimnasios,28543,ocio,2026-01-04,natural
35,AR,ARS,205162,39,Baja,accord salud debito directo,21180,salud,2026-01-09,cartola
35,AR,ARS,205162,39,Baja,havanna s.a. compra,32705,alimentacion,2026-01-14,cartola
35,AR,ARS,205162,39,Baja,nueva chevallier s.a.,49230,transporte,2026-01-13,cartola
35,AR,ARS,205162,39,Baja,naturgy pago compra,14636,servicios,2026-01-09,cartola
35,AR,ARS,205162,39,Baja,clinica mater dei compra,65101,salud,2026-01-06,cartola
35,AR,ARS,205162,39,Baja,telecentro debito directo,45902,servicios,2026-01-16,cartola
35,AR,ARS,205162,39,Baja,pago en yaguar,57848,alimentacion,2026-01-15,natural
35,AR,ARS,205162,39,Baja,kfc suc,14666,alimentacion,2026-01-04,cartola
35,AR,ARS,205162,39,Baja,galeno cobertura deb,18856,salud,2026-01-24,cartola
35,AR,ARS,205162,39,Baja,suscripcion a netflix argentina,5572,streaming,2026-01-12,natural
35,AR,ARS,205162,39,Baja,entrada a playstation network ar,48877,ocio,2026-01-15,natural
35,AR,ARS,205162,39,Baja,pago edesur,34464,servicios,2026-01-08,natural
35,AR,ARS,205162,39,Baja,deb aut fiter pos,18040,ocio,2026-01-08,cartola
35,AR,ARS,205162,39,Baja,diarco compra pos,61890,alimentacion,2026-01-15,cartola
35,AR,ARS,205162,39,Baja,pago en antares,40865,alimentacion,2026-01-22,natural
35,AR,ARS,205162,39,Baja,telepase ausa,17353,transporte,2026-01-26,cartola
35,AR,ARS,205162,39,Baja,pago colegio champagnat,22825,educacion,2026-01-20,natural
35,AR,ARS,205162,39,Baja,lutz ferrando optica,17942,salud,2026-01-14,cartola
35,AR,ARS,205162,39,Baja,carga bencina en peaje dellepiane,1529,transporte,2026-01-18,natural
35,AR,ARS,205162,39,Baja,pago pinturerias rex,55217,vivienda,2026-01-29,natural
35,AR,ARS,205162,39,Baja,carga bencina en aubasa,3333,transporte,2026-01-28,natural
35,AR,ARS,205162,39,Baja,pagomiscuentas debito,61464,servicios,2026-01-17,cartola
35,AR,ARS,205162,39,Baja,wendys suc,11940,alimentacion,2026-01-15,cartola
35,AR,ARS,205162,39,Baja,pago camuzzi gas pampeana,17852,servicios,2026-01-28,natural
35,AR,ARS,205162,39,Baja,pago movistar hogar argentina,62833,servicios,2026-01-08,natural
35,AR,ARS,205162,39,Baja,carga bencina en uber argentina,22354,transporte,2026-01-18,natural
35,AR,ARS,205162,39,Baja,mercadopago*elpuente,17897,vivienda,2026-01-25,cartola
35,AR,ARS,205162,39,Baja,compra en hospital aleman,52289,salud,2026-01-14,natural
35,AR,ARS,205162,39,Baja,nueva chevallier s.a.,41458,transporte,2026-01-10,cartola
35,AR,ARS,205162,39,Baja,compra en la mezzetta,7552,alimentacion,2026-01-13,natural
35,AR,ARS,205162,39,Baja,compra en la birra bar,33968,alimentacion,2026-01-19,natural
35,AR,ARS,205162,39,Baja,maxiconsumo s.a.,57851,alimentacion,2026-01-07,cartola
35,AR,ARS,205162,39,Baja,pago banco icbc,3722,otros,2026-01-29,natural
35,AR,ARS,205162,39,Baja,metrogas debito aut,48056,servicios,2026-01-22,cartola
35,AR,ARS,205162,39,Baja,hospital italiano socio,44389,salud,2026-01-26,cartola
35,AR,ARS,205162,39,Baja,viaje en ypf,18709,transporte,2026-01-24,natural
35,AR,ARS,205162,39,Baja,colegio st georges deb,19884,educacion,2026-01-08,cartola
35,AR,ARS,205162,39,Baja,compra en grido helados,11870,alimentacion,2026-01-03,natural
35,AR,ARS,205162,39,Baja,input entradas bar,50378,ocio,2026-01-22,cartola
35,AR,ARS,205162,39,Baja,pagomiscuentas aysa deb,54194,servicios,2026-01-16,cartola
35,AR,ARS,205162,39,Baja,banchero pizzeria suc,44070,alimentacion,2026-01-25,cartola
35,AR,ARS,205162,39,Baja,galeno cobertura deb,39690,salud,2026-01-07,cartola
35,AR,ARS,205162,39,Baja,compra en changomas,40506,alimentacion,2026-01-07,natural
35,AR,ARS,205162,39,Baja,carga bencina en telepase autopistas,29775,transporte,2026-01-07,natural
35,AR,ARS,205162,39,Baja,farmacias azul suc,10765,salud,2026-01-11,cartola
35,AR,ARS,205162,39,Baja,compra en medife,8553,salud,2026-01-03,natural
35,AR,ARS,205162,39,Baja,zonaprop compra factura,47792,vivienda,2026-01-24,cartola
35,AR,ARS,205162,39,Baja,suscripcion a showcase cinemas,10462,ocio,2026-01-21,natural
35,AR,ARS,205162,39,Baja,peaje illia ausa,1968,transporte,2026-01-27,cartola
35,AR,ARS,205162,39,Baja,compra en farmacias selma,14185,salud,2026-01-15,natural
35,AR,ARS,205162,39,Baja,zara compra internet,40326,otros,2026-01-17,cartola
35,AR,ARS,205162,39,Baja,cinemark hoyts compra,7963,ocio,2026-01-09,cartola
35,AR,ARS,205162,39,Baja,compra en williamsburg,43902,alimentacion,2026-01-27,natural
35,AR,ARS,205162,39,Baja,expensas online transfer,50243,vivienda,2026-01-26,cartola
35,AR,ARS,205162,39,Baja,deb aut edet tucuman,44587,servicios,2026-01-04,cartola
35,AR,ARS,205162,39,Baja,pago en verduleria don carlos,14973,alimentacion,2026-01-04,natural
35,AR,ARS,205162,39,Baja,deb aut smart fit pos,22670,ocio,2026-01-02,cartola
35,AR,ARS,205162,39,Baja,pago movistar hogar argentina,32723,servicios,2026-01-25,natural
35,AR,ARS,205162,39,Baja,farmacias azul suc,69008,salud,2026-01-07,cartola
35,AR,ARS,205162,39,Baja,pago blaisten,46061,vivienda,2026-01-10,natural
35,AR,ARS,205162,39,Baja,carga bencina en metrovias,1440,transporte,2026-01-28,natural
35,AR,ARS,205162,39,Baja,carga bencina en autopistas del sol ausol,11605,transporte,2026-01-07,natural
35,AR,ARS,205162,39,Baja,central oeste compra,58076,salud,2026-01-12,cartola
35,AR,ARS,205162,39,Baja,compra en carniceria el ombu,27686,alimentacion,2026-01-25,natural
35,AR,ARS,205162,39,Baja,deb aut edesal s.a.,59869,servicios,2026-01-10,cartola
35,AR,ARS,205162,39,Baja,viaje en peaje alberti,2827,transporte,2026-01-07,natural
35,AR,ARS,205162,39,Baja,pago en farmacity,32294,salud,2026-01-22,natural
35,AR,ARS,205162,39,Baja,teatro colon entradas,16184,ocio,2026-01-06,cartola
35,AR,ARS,205162,39,Baja,blaisten s.a. suc,57699,vivienda,2026-01-28,cartola
35,AR,ARS,205162,39,Baja,carga bencina en peaje hudson,1697,transporte,2026-01-10,natural
35,AR,ARS,205162,39,Baja,pago edersa rio negro,37533,servicios,2026-01-05,natural
35,AR,ARS,205162,39,Baja,farmacias selma pos,18863,salud,2026-01-23,cartola
35,AR,ARS,205162,39,Baja,compra en verduleria don carlos,21552,alimentacion,2026-01-07,natural
35,AR,ARS,205162,39,Baja,deb aut camuzzi pampeana,67726,servicios,2026-01-26,cartola
35,AR,ARS,205162,39,Baja,suscripcion a disney plus argentina,8969,streaming,2026-01-10,natural
35,AR,ARS,205162,39,Baja,pago administracion consorcio palermo,68665,vivienda,2026-01-08,natural
35,AR,ARS,205162,39,Baja,sodimac s.a. compra,71497,vivienda,2026-01-18,cartola
35,AR,ARS,205162,39,Baja,flecha bus compra pos,31961,transporte,2026-01-25,cartola
35,AR,ARS,205162,39,Baja,carga bencina en peaje alberti,3692,transporte,2026-01-20,natural
35,AR,ARS,205162,39,Baja,jumbo compra,47158,alimentacion,2026-01-29,cartola
35,AR,ARS,205162,39,Baja,deb aut univ catolica,30702,educacion,2026-01-03,cartola
35,AR,ARS,205162,39,Baja,compra en centro rossi,59585,salud,2026-01-14,natural
35,AR,ARS,205162,39,Baja,kika bar entradas,48981,ocio,2026-01-08,cartola
35,AR,ARS,205162,39,Baja,pago telecentro,33258,servicios,2026-01-10,natural
35,AR,ARS,205162,39,Baja,compra en accord salud,4611,salud,2026-01-09,natural
35,AR,ARS,205162,39,Baja,kel libreria suc compra,34884,educacion,2026-01-15,cartola
35,AR,ARS,205162,39,Baja,la mezzetta compra,7637,alimentacion,2026-01-07,cartola
35,AR,ARS,205162,39,Baja,compra en banchero,39721,alimentacion,2026-01-29,natural
35,AR,ARS,205162,39,Baja,compra en havanna,4548,alimentacion,2026-01-02,natural
35,AR,ARS,205162,39,Baja,compra en coto,47949,alimentacion,2026-01-27,natural
35,AR,ARS,205162,39,Baja,peaje debenedetti pos,4803,transporte,2026-01-20,cartola
35,AR,ARS,205162,39,Baja,compra en carrefour,10220,alimentacion,2026-01-05,natural
35,AR,ARS,205162,39,Baja,emova subte caba,1043,transporte,2026-01-29,cartola
35,AR,ARS,205162,39,Baja,pago rapipago,22958,servicios,2026-01-23,natural
35,AR,ARS,205162,39,Baja,pago consorcio edificio belgrano,68140,vivienda,2026-01-25,natural
35,AR,ARS,205162,39,Baja,mp*netflix argentina,11360,streaming,2026-01-27,cartola
35,AR,ARS,205162,39,Baja,suscripcion a spotify argentina,6950,streaming,2026-01-29,natural
35,AR,ARS,205162,39,Baja,deb aut camuzzi pampeana,37869,servicios,2026-01-10,cartola
35,AR,ARS,205162,39,Baja,dr ahorro argentina,6320,salud,2026-01-21,cartola
35,AR,ARS,205162,39,Baja,deb aut gas nea pos,41754,servicios,2026-01-09,cartola
35,AR,ARS,205162,39,Baja,puma energy suc,70347,transporte,2026-01-28,cartola
35,AR,ARS,205162,39,Baja,carga bencina en flecha bus,20405,transporte,2026-01-12,natural
35,AR,ARS,205162,39,Baja,pago en dandy,48391,alimentacion,2026-01-12,natural
35,AR,ARS,205162,39,Baja,consorcio caballito exp,48253,vivienda,2026-01-02,cartola
35,AR,ARS,205162,39,Baja,subway compra pos,26281,alimentacion,2026-01-13,cartola
35,AR,ARS,205162,39,Baja,peaje dellepiane ausa,3459,transporte,2026-01-15,cartola
35,AR,ARS,205162,39,Baja,pago en cafe martinez,9145,alimentacion,2026-01-11,natural
35,AR,ARS,205162,39,Baja,inscripcion en colegio st georges,19964,educacion,2026-01-16,natural
35,AR,ARS,205162,39,Baja,disco suc,16258,alimentacion,2026-01-06,cartola
35,AR,ARS,205162,39,Baja,peaje pacheco ausol,7906,transporte,2026-01-06,cartola
35,AR,ARS,205162,39,Baja,mp*disney plus arg,11456,streaming,2026-01-18,cartola
35,AR,ARS,205162,39,Baja,pago en maxiconsumo,49581,alimentacion,2026-01-02,natural
35,AR,ARS,205162,39,Baja,persicco suc,14723,alimentacion,2026-01-13,cartola
35,AR,ARS,205162,39,Baja,blaisten s.a. suc,47563,vivienda,2026-01-12,cartola
35,AR,ARS,205162,39,Baja,pago epec,29902,servicios,2026-01-22,natural
35,AR,ARS,205162,39,Baja,mercantil andina deb,35419,otros,2026-01-09,cartola
35,AR,ARS,205162,39,Baja,flecha bus compra pos,16140,transporte,2026-01-04,cartola
35,AR,ARS,205162,39,Baja,compra en supermercados dia,54566,alimentacion,2026-01-19,natural
35,AR,ARS,205162,39,Baja,mp*netflix argentina,13994,streaming,2026-01-15,cartola
35,AR,ARS,205162,39,Baja,pago edet tucuman,26579,servicios,2026-01-13,natural
35,AR,ARS,205162,39,Baja,inscripcion en libreria yenny,51618,educacion,2026-01-05,natural
36,AR,ARS,155307,77,Alta,pago edesur,40451,servicios,2026-01-03,natural
36,AR,ARS,155307,77,Alta,metrovias boleteria,1192,transporte,2026-01-06,cartola
36,AR,ARS,155307,77,Alta,kel libreria suc compra,17392,educacion,2026-01-02,cartola
36,AR,ARS,155307,77,Alta,pani deli compra,21519,alimentacion,2026-01-06,cartola
36,AR,ARS,155307,77,Alta,colegio ward compra cuota,29551,educacion,2026-01-04,cartola
36,AR,ARS,155307,77,Alta,pago en la continental,24333,alimentacion,2026-01-02,natural
36,AR,ARS,155307,77,Alta,pago administracion consorcio palermo,49261,vivienda,2026-01-28,natural
36,AR,ARS,155307,77,Alta,deb aut epen neuquen,28944,servicios,2026-01-25,cartola
36,AR,ARS,155307,77,Alta,pago en starbucks,9323,alimentacion,2026-01-15,natural
36,AR,ARS,155307,77,Alta,pago uala,26088,otros,2026-01-05,natural
36,AR,ARS,155307,77,Alta,teatro colon entradas,25505,ocio,2026-01-17,cartola
36,AR,ARS,155307,77,Alta,suscripcion a disney plus argentina,5679,streaming,2026-01-17,natural
36,AR,ARS,155307,77,Alta,deb aut movistar hogar,27392,servicios,2026-01-15,cartola
36,AR,ARS,155307,77,Alta,kentucky pizza pos,43045,alimentacion,2026-01-12,cartola
36,AR,ARS,155307,77,Alta,pago epen neuquen,20271,servicios,2026-01-14,natural
36,AR,ARS,155307,77,Alta,easy compra internet,43383,vivienda,2026-01-15,cartola
36,AR,ARS,155307,77,Alta,suscripcion a spotify argentina,5376,streaming,2026-01-06,natural
36,AR,ARS,155307,77,Alta,pago movistar hogar argentina,17019,servicios,2026-01-15,natural
36,AR,ARS,155307,77,Alta,pago epec,48465,servicios,2026-01-27,natural
36,AR,ARS,155307,77,Alta,suscripcion a smart fit argentina,33305,ocio,2026-01-20,natural
36,AR,ARS,155307,77,Alta,burger king pos,17849,alimentacion,2026-01-15,cartola
36,AR,ARS,155307,77,Alta,musimundo compra pos,48440,otros,2026-01-20,cartola
36,AR,ARS,155307,77,Alta,prestigio s.a. compra,27540,vivienda,2026-01-12,cartola
36,AR,ARS,155307,77,Alta,deb aut personal flow,35158,servicios,2026-01-25,cartola
36,AR,ARS,155307,77,Alta,compra en centro rossi,36799,salud,2026-01-06,natural
36,AR,ARS,155307,77,Alta,heisenburger pos,26879,alimentacion,2026-01-10,cartola
36,AR,ARS,155307,77,Alta,mercadopago*elbarista,15674,ocio,2026-01-10,cartola
36,AR,ARS,155307,77,Alta,inscripcion en itba,2679,educacion,2026-01-27,natural
36,AR,ARS,155307,77,Alta,carga bencina en peaje alberti,1360,transporte,2026-01-23,natural
36,AR,ARS,155307,77,Alta,mp*spotify argentina,8841,streaming,2026-01-19,cartola
36,AR,ARS,155307,77,Alta,diarco compra pos,45191,alimentacion,2026-01-29,cartola
36,AR,ARS,155307,77,Alta,passline tickets suc,32101,ocio,2026-01-23,cartola
36,AR,ARS,155307,77,Alta,pago libreria yenny,40797,educacion,2026-01-25,natural
36,AR,ARS,155307,77,Alta,pago en panaderia san jose,6042,alimentacion,2026-01-19,natural
36,AR,ARS,155307,77,Alta,persicco suc,32052,alimentacion,2026-01-26,cartola
36,AR,ARS,155307,77,Alta,compra en antares,13944,alimentacion,2026-01-07,natural
36,AR,ARS,155307,77,Alta,la birra bar pos,30818,alimentacion,2026-01-23,cartola
36,AR,ARS,155307,77,Alta,mp*netflix argentina,8055,streaming,2026-01-02,cartola
36,AR,ARS,155307,77,Alta,persicco suc,8839,alimentacion,2026-01-25,cartola
36,AR,ARS,155307,77,Alta,pago allianz seguros,22137,otros,2026-01-17,natural
36,AR,ARS,155307,77,Alta,la mezzetta compra,32234,alimentacion,2026-01-03,cartola
36,AR,ARS,155307,77,Alta,op.shell compra,28214,transporte,2026-01-16,cartola
36,AR,ARS,155307,77,Alta,colegio champagnat deb,4796,educacion,2026-01-27,cartola
36,AR,ARS,155307,77,Alta,op.ypf suc compra,28753,transporte,2026-01-17,cartola
36,AR,ARS,155307,77,Alta,pago telecentro,22008,servicios,2026-01-25,natural
36,AR,ARS,155307,77,Alta,pago en la birra bar,37081,alimentacion,2026-01-03,natural
36,AR,ARS,155307,77,Alta,pago naturgy,49310,servicios,2026-01-26,natural
36,AR,ARS,155307,77,Alta,pago arba impuestos,49809,otros,2026-01-25,natural
36,AR,ARS,155307,77,Alta,pago argenprop,48131,vivienda,2026-01-28,natural
36,AR,ARS,155307,77,Alta,pago maderas ramos,25308,vivienda,2026-01-08,natural
36,AR,ARS,155307,77,Alta,agip rentas deb automatico,19644,otros,2026-01-07,cartola
36,AR,ARS,155307,77,Alta,suscripcion a netflix argentina,12742,streaming,2026-01-18,natural
36,AR,ARS,155307,77,Alta,suscripcion a spotify argentina,3627,streaming,2026-01-24,natural
36,AR,ARS,155307,77,Alta,puma energy suc,39230,transporte,2026-01-02,cartola
36,AR,ARS,155307,77,Alta,inscripcion en libreria kel,15278,educacion,2026-01-28,natural
36,AR,ARS,155307,77,Alta,mcdonalds ar pos,31178,alimentacion,2026-01-17,cartola
36,AR,ARS,155307,77,Alta,deb aut camuzzi pampeana,22973,servicios,2026-01-28,cartola
36,AR,ARS,155307,77,Alta,carga bencina en flecha bus,42474,transporte,2026-01-02,natural
36,AR,ARS,155307,77,Alta,papa johns pizza,23925,alimentacion,2026-01-25,cartola
36,AR,ARS,155307,77,Alta,mp*spotify argentina,8925,streaming,2026-01-29,cartola
36,AR,ARS,155307,77,Alta,coppel tiendas compra,15965,otros,2026-01-10,cartola
36,AR,ARS,155307,77,Alta,suscripcion a teatro gran rex,27724,ocio,2026-01-08,natural
36,AR,ARS,155307,77,Alta,pago telecom fibertel,28634,servicios,2026-01-14,natural
36,AR,ARS,155307,77,Alta,inscripcion en colegio san martin,26615,educacion,2026-01-10,natural
36,AR,ARS,155307,77,Alta,hospital britanico compra,35652,salud,2026-01-16,cartola
36,AR,ARS,155307,77,Alta,mp*spotify argentina,3043,streaming,2026-01-24,cartola
36,AR,ARS,155307,77,Alta,compra en rotiseria la querencia,28899,alimentacion,2026-01-04,natural
36,AR,ARS,155307,77,Alta,viaje en peaje parque avellaneda,2945,transporte,2026-01-28,natural
36,AR,ARS,155307,77,Alta,supermercados vea,8289,alimentacion,2026-01-02,cartola
36,AR,ARS,155307,77,Alta,viaje en aubasa,2260,transporte,2026-01-27,natural
36,AR,ARS,155307,77,Alta,compra en antares,21385,alimentacion,2026-01-21,natural
36,AR,ARS,155307,77,Alta,mercadopago*elprogreso,40872,vivienda,2026-01-19,cartola
36,AR,ARS,155307,77,Alta,litoral gas debito pos,12322,servicios,2026-01-02,cartola
36,AR,ARS,155307,77,Alta,carga bencina en puma energy,39858,transporte,2026-01-28,natural
36,AR,ARS,155307,77,Alta,antares compra pos,22483,alimentacion,2026-01-05,cartola
36,AR,ARS,155307,77,Alta,central oeste compra,30710,salud,2026-01-13,cartola
36,AR,ARS,155307,77,Alta,pago edersa rio negro,50048,servicios,2026-01-14,natural
36,AR,ARS,155307,77,Alta,suscripcion a netflix argentina,8786,streaming,2026-01-09,natural
36,AR,ARS,155307,77,Alta,axion energy suc,18125,transporte,2026-01-02,cartola
36,AR,ARS,155307,77,Alta,deb aut movistar hogar,44680,servicios,2026-01-26,cartola
36,AR,ARS,155307,77,Alta,pago giro cajero banelco,35132,otros,2026-01-29,natural
36,AR,ARS,155307,77,Alta,vep afip acc compra,45963,otros,2026-01-12,cartola
36,AR,ARS,155307,77,Alta,peaje dellepiane ausa,2410,transporte,2026-01-26,cartola
36,AR,ARS,155307,77,Alta,almacen de pizzas suc,39788,alimentacion,2026-01-05,cartola
36,AR,ARS,155307,77,Alta,pago en carniceria el ombu,34386,alimentacion,2026-01-18,natural
36,AR,ARS,155307,77,Alta,grido helados compra,12506,alimentacion,2026-01-29,cartola
36,AR,ARS,155307,77,Alta,pago edesur,54003,servicios,2026-01-07,natural
36,AR,ARS,155307,77,Alta,emova subte caba,1309,transporte,2026-01-27,cartola
36,AR,ARS,155307,77,Alta,viaje en peaje dellepiane,4529,transporte,2026-01-26,natural
36,AR,ARS,155307,77,Alta,zonaprop compra factura,14403,vivienda,2026-01-16,cartola
36,AR,ARS,155307,77,Alta,el club de la milanesa,25341,alimentacion,2026-01-18,cartola
36,AR,ARS,155307,77,Alta,pago maderas ramos,37591,vivienda,2026-01-19,natural
36,AR,ARS,155307,77,Alta,pago banco bbva,17266,otros,2026-01-08,natural
36,AR,ARS,155307,77,Alta,compra en cafe martinez,8028,alimentacion,2026-01-26,natural
36,AR,ARS,155307,77,Alta,pago en almacen de pizzas,26931,alimentacion,2026-01-18,natural
36,AR,ARS,155307,77,Alta,pago edersa rio negro,44082,servicios,2026-01-03,natural
36,AR,ARS,155307,77,Alta,makro pos suc,50444,alimentacion,2026-01-26,cartola
36,AR,ARS,155307,77,Alta,pago en hospital aleman,51599,salud,2026-01-07,natural
36,AR,ARS,155307,77,Alta,yenny compra internet,10994,educacion,2026-01-15,cartola
36,AR,ARS,155307,77,Alta,viaje en ypf,44184,transporte,2026-01-23,natural
36,AR,ARS,155307,77,Alta,carga bencina en chevallier,16430,transporte,2026-01-12,natural
36,AR,ARS,155307,77,Alta,peaje hudson recaudacion,4784,transporte,2026-01-24,cartola
36,AR,ARS,155307,77,Alta,dandy restaurant compra,20216,alimentacion,2026-01-18,cartola
36,AR,ARS,155307,77,Alta,pago en hospital aleman,52785,salud,2026-01-23,natural
36,AR,ARS,155307,77,Alta,suscripcion a spotify argentina,6735,streaming,2026-01-20,natural
36,AR,ARS,155307,77,Alta,entrada a steam games argentina,7770,ocio,2026-01-26,natural
36,AR,ARS,155307,77,Alta,carga bencina en ypf,37731,transporte,2026-01-17,natural
36,AR,ARS,155307,77,Alta,metrovias boleteria,7080,transporte,2026-01-12,cartola
36,AR,ARS,155307,77,Alta,pago libreria cp67,34119,educacion,2026-01-12,natural
36,AR,ARS,155307,77,Alta,la continental pizza,28080,alimentacion,2026-01-03,cartola
36,AR,ARS,155307,77,Alta,suscripcion a disney plus argentina,8877,streaming,2026-01-24,natural
36,AR,ARS,155307,77,Alta,telepase ausa,7703,transporte,2026-01-04,cartola
36,AR,ARS,155307,77,Alta,inscripcion en universidad de buenos aires uba,30809,educacion,2026-01-06,natural
36,AR,ARS,155307,77,Alta,pago aguas cordobesas,19766,servicios,2026-01-16,natural
36,AR,ARS,155307,77,Alta,suscripcion a netflix argentina,5977,streaming,2026-01-22,natural
36,AR,ARS,155307,77,Alta,pago en supermercados dia,10974,alimentacion,2026-01-28,natural
36,AR,ARS,155307,77,Alta,prevencion salud compra,33671,salud,2026-01-05,cartola
36,AR,ARS,155307,77,Alta,musimundo compra pos,42717,otros,2026-01-26,cartola
36,AR,ARS,155307,77,Alta,peaje dock sud acc,5949,transporte,2026-01-11,cartola
36,AR,ARS,155307,77,Alta,carga bencina en peaje hudson,4810,transporte,2026-01-03,natural
36,AR,ARS,155307,77,Alta,compra en accord salud,8340,salud,2026-01-08,natural
36,AR,ARS,155307,77,Alta,ar.deb.aut. itba suc,13820,educacion,2026-01-07,cartola
36,AR,ARS,155307,77,Alta,suscripcion a disney plus argentina,10510,streaming,2026-01-10,natural
36,AR,ARS,155307,77,Alta,persicco suc,23105,alimentacion,2026-01-04,cartola
36,AR,ARS,155307,77,Alta,pago en verduleria don carlos,3328,alimentacion,2026-01-16,natural
37,AR,ARS,182490,32,Alta,pago edenor,26158,servicios,2026-01-14,natural
37,AR,ARS,182490,32,Alta,pago epec,17578,servicios,2026-01-03,natural
37,AR,ARS,182490,32,Alta,uber* trip argentina,9837,transporte,2026-01-28,cartola
37,AR,ARS,182490,32,Alta,rex pinturerias compra,33327,vivienda,2026-01-09,cartola
37,AR,ARS,182490,32,Alta,pago epec,25479,servicios,2026-01-15,natural
37,AR,ARS,182490,32,Alta,mercadolibre*compra,40384,otros,2026-01-20,cartola
37,AR,ARS,182490,32,Alta,persicco suc,26805,alimentacion,2026-01-07,cartola
37,AR,ARS,182490,32,Alta,pago aguas bonaerenses,52744,servicios,2026-01-05,natural
37,AR,ARS,182490,32,Alta,mp*netflix argentina,14907,streaming,2026-01-16,cartola
37,AR,ARS,182490,32,Alta,suscripcion a spotify argentina,3976,streaming,2026-01-07,natural
37,AR,ARS,182490,32,Alta,naturgy pago compra,61886,servicios,2026-01-13,cartola
37,AR,ARS,182490,32,Alta,suscripcion a teatro gran rex,51910,ocio,2026-01-06,natural
37,AR,ARS,182490,32,Alta,deb aut edersa pos,41510,servicios,2026-01-22,cartola
37,AR,ARS,182490,32,Alta,viaje en cabify,17864,transporte,2026-01-13,natural
37,AR,ARS,182490,32,Alta,pago giro cajero banelco,19352,otros,2026-01-02,natural
37,AR,ARS,182490,32,Alta,pago easy,43139,vivienda,2026-01-11,natural
37,AR,ARS,182490,32,Alta,giro pago facil recauda,52032,servicios,2026-01-13,cartola
37,AR,ARS,182490,32,Alta,deb aut edenor s.a.,23117,servicios,2026-01-02,cartola
37,AR,ARS,182490,32,Alta,suscripcion a max hbo argentina,6814,ocio,2026-01-07,natural
37,AR,ARS,182490,32,Alta,pago provincia net,53897,servicios,2026-01-28,natural
37,AR,ARS,182490,32,Alta,op.shell compra,33316,transporte,2026-01-20,cartola
37,AR,ARS,182490,32,Alta,deb aut gas nea pos,22756,servicios,2026-01-07,cartola
37,AR,ARS,182490,32,Alta,uber* trip argentina,11102,transporte,2026-01-02,cartola
37,AR,ARS,182490,32,Alta,banco patagonia cargos,12915,otros,2026-01-06,cartola
37,AR,ARS,182490,32,Alta,deb aut edet tucuman,36717,servicios,2026-01-03,cartola
37,AR,ARS,182490,32,Alta,pago en banchero,22327,alimentacion,2026-01-12,natural
37,AR,ARS,182490,32,Alta,deb aut edesal s.a.,14188,servicios,2026-01-14,cartola
37,AR,ARS,182490,32,Alta,pago libreria sbs,59988,educacion,2026-01-21,natural
37,AR,ARS,182490,32,Alta,mi barrio compra,13547,alimentacion,2026-01-07,cartola
37,AR,ARS,182490,32,Alta,viaje en didi argentina,15414,transporte,2026-01-06,natural
37,AR,ARS,182490,32,Alta,mercadopago*doncarlos,3373,alimentacion,2026-01-25,cartola
37,AR,ARS,182490,32,Alta,mp*disney plus arg,5888,streaming,2026-01-28,cartola
37,AR,ARS,182490,32,Alta,hsbc comision paquete deb,26463,otros,2026-01-07,cartola
37,AR,ARS,182490,32,Alta,pago edesur,39119,servicios,2026-01-12,natural
37,AR,ARS,182490,32,Alta,pago aguas bonaerenses,44396,servicios,2026-01-05,natural
37,AR,ARS,182490,32,Alta,rappi*compra,31311,alimentacion,2026-01-17,cartola
37,AR,ARS,182490,32,Alta,consorcio caballito exp,52359,vivienda,2026-01-04,cartola
37,AR,ARS,182490,32,Alta,pago rapipago,14944,servicios,2026-01-22,natural
37,AR,ARS,182490,32,Alta,burger king pos,35546,alimentacion,2026-01-21,cartola
37,AR,ARS,182490,32,Alta,musimundo compra pos,53401,otros,2026-01-14,cartola
37,AR,ARS,182490,32,Alta,diagnostico maipu compra,30012,salud,2026-01-13,cartola
37,AR,ARS,182490,32,Alta,viaje en emova subte,3098,transporte,2026-01-17,natural
37,AR,ARS,182490,32,Alta,viaje en peaje larena,6167,transporte,2026-01-10,natural
37,AR,ARS,182490,32,Alta,pago en prevencion salud,11121,salud,2026-01-05,natural
37,AR,ARS,182490,32,Alta,stamboulian labs,24979,salud,2026-01-20,cartola
37,AR,ARS,182490,32,Alta,inscripcion en colegio northlands,36757,educacion,2026-01-29,natural
37,AR,ARS,182490,32,Alta,disco suc,22520,alimentacion,2026-01-05,cartola
37,AR,ARS,182490,32,Alta,pago en el cuartito,23091,alimentacion,2026-01-02,natural
37,AR,ARS,182490,32,Alta,carga bencina en telepase autopistas,9377,transporte,2026-01-05,natural
37,AR,ARS,182490,32,Alta,deb aut univ palermo,21452,educacion,2026-01-28,cartola
37,AR,ARS,182490,32,Alta,antares compra pos,36441,alimentacion,2026-01-20,cartola
37,AR,ARS,182490,32,Alta,zonaprop compra factura,29100,vivienda,2026-01-06,cartola
37,AR,ARS,182490,32,Alta,compra en centro rossi,28470,salud,2026-01-04,natural
37,AR,ARS,182490,32,Alta,pago ferreteria el progreso,19670,vivienda,2026-01-24,natural
37,AR,ARS,182490,32,Alta,naturgy pago compra,46712,servicios,2026-01-02,cartola
37,AR,ARS,182490,32,Alta,peaje hudson recaudacion,5457,transporte,2026-01-15,cartola
37,AR,ARS,182490,32,Alta,alquileres argentina deb,58827,vivienda,2026-01-08,cartola
37,AR,ARS,182490,32,Alta,pago telecom fibertel,56594,servicios,2026-01-13,natural
37,AR,ARS,182490,32,Alta,tea connection pos,9746,alimentacion,2026-01-16,cartola
37,AR,ARS,182490,32,Alta,suscripcion a disney plus argentina,6374,streaming,2026-01-03,natural
37,AR,ARS,182490,32,Alta,pago pagomiscuentas,43716,servicios,2026-01-25,natural
37,AR,ARS,182490,32,Alta,octavo piso expensas,60486,vivienda,2026-01-26,cartola
37,AR,ARS,182490,32,Alta,carga bencina en metrovias,6821,transporte,2026-01-14,natural
37,AR,ARS,182490,32,Alta,pago edenor,60474,servicios,2026-01-17,natural
37,AR,ARS,182490,32,Alta,mercadopago*elombu,61047,alimentacion,2026-01-11,cartola
37,AR,ARS,182490,32,Alta,pago edet tucuman,35898,servicios,2026-01-27,natural
37,AR,ARS,182490,32,Alta,ar.deb.aut. itba suc,38225,educacion,2026-01-07,cartola
37,AR,ARS,182490,32,Alta,deb aut edenor s.a.,61478,servicios,2026-01-07,cartola
37,AR,ARS,182490,32,Alta,pago en optica lutz ferrando,58495,salud,2026-01-07,natural
37,AR,ARS,182490,32,Alta,deb aut claro hogar,39309,servicios,2026-01-15,cartola
37,AR,ARS,182490,32,Alta,compra en dean & dennys,14255,alimentacion,2026-01-04,natural
37,AR,ARS,182490,32,Alta,flow telecom compra,28651,servicios,2026-01-10,cartola
37,AR,ARS,182490,32,Alta,mercadopago*laquerencia,42578,alimentacion,2026-01-02,cartola
37,AR,ARS,182490,32,Alta,pago aguas bonaerenses,51017,servicios,2026-01-07,natural
37,AR,ARS,182490,32,Alta,deb aut epec cordoba,17605,servicios,2026-01-14,cartola
37,AR,ARS,182490,32,Alta,compra en club de la birra,30458,alimentacion,2026-01-20,natural
37,AR,ARS,182490,32,Alta,smg medicina prepaga deb,13955,salud,2026-01-28,cartola
37,AR,ARS,182490,32,Alta,carga bencina en shell,16229,transporte,2026-01-03,natural
37,AR,ARS,182490,32,Alta,mp*netflix argentina,14419,streaming,2026-01-13,cartola
37,AR,ARS,182490,32,Alta,deb aut camuzzi pampeana,50579,servicios,2026-01-07,cartola
37,AR,ARS,182490,32,Alta,flecha bus compra pos,21137,transporte,2026-01-20,cartola
37,AR,ARS,182490,32,Alta,viaje en peaje sarandi,1547,transporte,2026-01-02,natural
37,AR,ARS,182490,32,Alta,pagomiscuentas aysa deb,35238,servicios,2026-01-03,cartola
37,AR,ARS,182490,32,Alta,telepase ausa,15614,transporte,2026-01-23,cartola
37,AR,ARS,182490,32,Alta,suscripcion a netflix argentina,12766,streaming,2026-01-14,natural
37,AR,ARS,182490,32,Alta,viaje en peaje debenedetti,5806,transporte,2026-01-02,natural
37,AR,ARS,182490,32,Alta,cafe martinez suc,6739,alimentacion,2026-01-08,cartola
37,AR,ARS,182490,32,Alta,carga bencina en axion energy,41143,transporte,2026-01-29,natural
37,AR,ARS,182490,32,Alta,carga bencina en puma energy,25473,transporte,2026-01-27,natural
37,AR,ARS,182490,32,Alta,pago en farmacity,47134,salud,2026-01-11,natural
37,AR,ARS,182490,32,Alta,mp*spotify argentina,4954,streaming,2026-01-08,cartola
37,AR,ARS,182490,32,Alta,mp*spotify argentina,5358,streaming,2026-01-28,cartola
37,AR,ARS,182490,32,Alta,corredores viales compra,26538,transporte,2026-01-07,cartola
37,AR,ARS,182490,32,Alta,alquileres argentina deb,57149,vivienda,2026-01-15,cartola
37,AR,ARS,182490,32,Alta,pago edesur,37655,servicios,2026-01-27,natural
37,AR,ARS,182490,32,Alta,carga bencina en autopistas del sol ausol,7900,transporte,2026-01-28,natural
37,AR,ARS,182490,32,Alta,metrovias boleteria,7626,transporte,2026-01-12,cartola
37,AR,ARS,182490,32,Alta,pago naturgy,41528,servicios,2026-01-04,natural
37,AR,ARS,182490,32,Alta,pago aguas cordobesas,46614,servicios,2026-01-07,natural
37,AR,ARS,182490,32,Alta,viaje en cabify,4349,transporte,2026-01-19,natural
37,AR,ARS,182490,32,Alta,carga bencina en autopistas del sol ausol,10736,transporte,2026-01-26,natural
37,AR,ARS,182490,32,Alta,mercadopago*elprogreso,20607,vivienda,2026-01-26,cartola
37,AR,ARS,182490,32,Alta,viaje en uber argentina,19416,transporte,2026-01-16,natural
37,AR,ARS,182490,32,Alta,uba tasas inscripcion,25846,educacion,2026-01-11,cartola
37,AR,ARS,182490,32,Alta,provincia net recauda,51847,servicios,2026-01-28,cartola
37,AR,ARS,182490,32,Alta,pago pago facil,39661,servicios,2026-01-24,natural
37,AR,ARS,182490,32,Alta,octavo piso expensas,58798,vivienda,2026-01-24,cartola
37,AR,ARS,182490,32,Alta,carga bencina en peaje pacheco,2099,transporte,2026-01-21,natural
37,AR,ARS,182490,32,Alta,viaje en plusmar,32099,transporte,2026-01-17,natural
37,AR,ARS,182490,32,Alta,mp*spotify argentina,3928,streaming,2026-01-25,cartola
37,AR,ARS,182490,32,Alta,carga bencina en autopistas del oeste,27566,transporte,2026-01-28,natural
37,AR,ARS,182490,32,Alta,deb aut gas nea pos,59184,servicios,2026-01-19,cartola
37,AR,ARS,182490,32,Alta,las cuartetas compra,36506,alimentacion,2026-01-17,cartola
37,AR,ARS,182490,32,Alta,pago edet tucuman,41906,servicios,2026-01-09,natural
37,AR,ARS,182490,32,Alta,ligier compra pos,32165,vivienda,2026-01-16,cartola
37,AR,ARS,182490,32,Alta,banchero pizzeria suc,32087,alimentacion,2026-01-26,cartola
37,AR,ARS,182490,32,Alta,pago administracion san martin,48029,vivienda,2026-01-15,natural
37,AR,ARS,182490,32,Alta,pago aysa,49527,servicios,2026-01-14,natural
37,AR,ARS,182490,32,Alta,pago pontificia universidad catolica uca,25924,educacion,2026-01-18,natural
37,AR,ARS,182490,32,Alta,hospital aleman plan deb,63718,salud,2026-01-03,cartola
37,AR,ARS,182490,32,Alta,compra en pedidosya,15940,alimentacion,2026-01-02,natural
37,AR,ARS,182490,32,Alta,deb aut claro hogar,31923,servicios,2026-01-16,cartola
37,AR,ARS,182490,32,Alta,deb aut fiter pos,30617,ocio,2026-01-09,cartola
37,AR,ARS,182490,32,Alta,stamboulian labs,38075,salud,2026-01-03,cartola
37,AR,ARS,182490,32,Alta,didi* trip argentina,17055,transporte,2026-01-15,cartola
38,AR,ARS,230870,55,Alta,deb aut univ di tella,16154,educacion,2026-01-17,cartola
38,AR,ARS,230870,55,Alta,niceto club entradas,21827,ocio,2026-01-14,cartola
38,AR,ARS,230870,55,Alta,argenprop deb aut,27778,vivienda,2026-01-07,cartola
38,AR,ARS,230870,55,Alta,pago en prevencion salud,80486,salud,2026-01-26,natural
38,AR,ARS,230870,55,Alta,coto suc,79095,alimentacion,2026-01-22,cartola
38,AR,ARS,230870,55,Alta,pago ferreteria industrial,38577,vivienda,2026-01-23,natural
38,AR,ARS,230870,55,Alta,utn cuotas academicas,45376,educacion,2026-01-08,cartola
38,AR,ARS,230870,55,Alta,pago universidad de san andres,22275,educacion,2026-01-24,natural
38,AR,ARS,230870,55,Alta,pago expensas online,76915,vivienda,2026-01-14,natural
38,AR,ARS,230870,55,Alta,pago en antares,28138,alimentacion,2026-01-29,natural
38,AR,ARS,230870,55,Alta,pizzeria guerrin compra,50733,alimentacion,2026-01-06,cartola
38,AR,ARS,230870,55,Alta,vital s.a. pos,69845,alimentacion,2026-01-22,cartola
38,AR,ARS,230870,55,Alta,pago pago facil,13190,servicios,2026-01-23,natural
38,AR,ARS,230870,55,Alta,mp*netflix argentina,11670,streaming,2026-01-07,cartola
38,AR,ARS,230870,55,Alta,pago metrogas,60719,servicios,2026-01-17,natural
38,AR,ARS,230870,55,Alta,compra en williamsburg,18620,alimentacion,2026-01-23,natural
38,AR,ARS,230870,55,Alta,santander comision servicio,17573,otros,2026-01-06,cartola
38,AR,ARS,230870,55,Alta,omint debito directo,52735,salud,2026-01-27,cartola
38,AR,ARS,230870,55,Alta,carga bencina en axion energy,71970,transporte,2026-01-19,natural
38,AR,ARS,230870,55,Alta,compra en opticas lof,52365,salud,2026-01-14,natural
38,AR,ARS,230870,55,Alta,ar.deb.aut. itba suc,4287,educacion,2026-01-24,cartola
38,AR,ARS,230870,55,Alta,colegio northlands deb,45880,educacion,2026-01-04,cartola
38,AR,ARS,230870,55,Alta,passline tickets suc,54838,ocio,2026-01-22,cartola
38,AR,ARS,230870,55,Alta,cinemark hoyts compra,9701,ocio,2026-01-26,cartola
38,AR,ARS,230870,55,Alta,colegio newman deb aut,31775,educacion,2026-01-14,cartola
38,AR,ARS,230870,55,Alta,deb aut univ catolica,42739,educacion,2026-01-19,cartola
38,AR,ARS,230870,55,Alta,farmacity s.a. suc,53216,salud,2026-01-21,cartola
38,AR,ARS,230870,55,Alta,pago pinturerias rex,45408,vivienda,2026-01-23,natural
38,AR,ARS,230870,55,Alta,pago edesur,29228,servicios,2026-01-16,natural
38,AR,ARS,230870,55,Alta,mp*netflix argentina,11787,streaming,2026-01-29,cartola
38,AR,ARS,230870,55,Alta,pago rapipago,52401,servicios,2026-01-23,natural
38,AR,ARS,230870,55,Alta,carga bencina en puma energy,57054,transporte,2026-01-05,natural
38,AR,ARS,230870,55,Alta,compra en optica pförtner,34554,salud,2026-01-29,natural
38,AR,ARS,230870,55,Alta,multiplex cines compra,15766,ocio,2026-01-16,cartola
38,AR,ARS,230870,55,Alta,naturgy pago compra,70384,servicios,2026-01-21,cartola
38,AR,ARS,230870,55,Alta,mercantil andina deb,54104,otros,2026-01-03,cartola
38,AR,ARS,230870,55,Alta,plusmar compra pos,80703,transporte,2026-01-22,cartola
38,AR,ARS,230870,55,Alta,metrogas debito aut,67540,servicios,2026-01-06,cartola
38,AR,ARS,230870,55,Alta,pago expensas online,47172,vivienda,2026-01-28,natural
38,AR,ARS,230870,55,Alta,carga bencina en plusmar,52762,transporte,2026-01-23,natural
38,AR,ARS,230870,55,Alta,pago epec,34307,servicios,2026-01-20,natural
38,AR,ARS,230870,55,Alta,compra en la continental,37600,alimentacion,2026-01-04,natural
38,AR,ARS,230870,55,Alta,compra en farmacity,60441,salud,2026-01-25,natural
38,AR,ARS,230870,55,Alta,colegio san martin cuotas,80112,educacion,2026-01-17,cartola
38,AR,ARS,230870,55,Alta,compra en farmacias selma,7038,salud,2026-01-28,natural
38,AR,ARS,230870,55,Alta,tea connection pos,13867,alimentacion,2026-01-22,cartola
38,AR,ARS,230870,55,Alta,flow telecom compra,78478,servicios,2026-01-23,cartola
38,AR,ARS,230870,55,Alta,deb aut movistar hogar,30390,servicios,2026-01-12,cartola
38,AR,ARS,230870,55,Alta,pago rapipago,27101,servicios,2026-01-18,natural
38,AR,ARS,230870,55,Alta,mp*spotify argentina,9872,streaming,2026-01-07,cartola
38,AR,ARS,230870,55,Alta,compra en pani,29348,alimentacion,2026-01-11,natural
38,AR,ARS,230870,55,Alta,grido helados compra,11043,alimentacion,2026-01-02,cartola
38,AR,ARS,230870,55,Alta,deb aut univ belgrano,16911,educacion,2026-01-09,cartola
38,AR,ARS,230870,55,Alta,mercadopago*elgalpon,33801,alimentacion,2026-01-16,cartola
38,AR,ARS,230870,55,Alta,opticas lof compra,19706,salud,2026-01-14,cartola
38,AR,ARS,230870,55,Alta,deb aut megatlon suc,28050,ocio,2026-01-26,cartola
38,AR,ARS,230870,55,Alta,emova subte caba,6214,transporte,2026-01-26,cartola
38,AR,ARS,230870,55,Alta,deb aut claro hogar,12754,servicios,2026-01-09,cartola
38,AR,ARS,230870,55,Alta,suscripcion a spotify argentina,4595,streaming,2026-01-24,natural
38,AR,ARS,230870,55,Alta,pago consorcio edificio belgrano,54065,vivienda,2026-01-23,natural
38,AR,ARS,230870,55,Alta,pago en kfc,18110,alimentacion,2026-01-28,natural
38,AR,ARS,230870,55,Alta,litoral gas debito pos,79668,servicios,2026-01-13,cartola
38,AR,ARS,230870,55,Alta,pago gas nea,67214,servicios,2026-01-18,natural
38,AR,ARS,230870,55,Alta,accord salud debito directo,48989,salud,2026-01-06,cartola
38,AR,ARS,230870,55,Alta,solo deportes compra pos,45254,otros,2026-01-14,cartola
38,AR,ARS,230870,55,Alta,pago en hospital italiano,79604,salud,2026-01-11,natural
38,AR,ARS,230870,55,Alta,inscripcion en universidad de belgrano ub,26741,educacion,2026-01-29,natural
38,AR,ARS,230870,55,Alta,pago telecom fibertel,26840,servicios,2026-01-07,natural
38,AR,ARS,230870,55,Alta,luna park entradas,39185,ocio,2026-01-15,cartola
38,AR,ARS,230870,55,Alta,deb aut univ belgrano,3034,educacion,2026-01-14,cartola
38,AR,ARS,230870,55,Alta,pago en el club de la milanesa,74169,alimentacion,2026-01-07,natural
38,AR,ARS,230870,55,Alta,compra en bonafide,8676,alimentacion,2026-01-20,natural
38,AR,ARS,230870,55,Alta,pago aguas bonaerenses,53104,servicios,2026-01-12,natural
38,AR,ARS,230870,55,Alta,pago epen neuquen,74581,servicios,2026-01-19,natural
38,AR,ARS,230870,55,Alta,pago pinturas alba,71105,vivienda,2026-01-26,natural
38,AR,ARS,230870,55,Alta,medicus compra pos deb,10265,salud,2026-01-18,cartola
38,AR,ARS,230870,55,Alta,panaderia san jose pos,14729,alimentacion,2026-01-21,cartola
38,AR,ARS,230870,55,Alta,naturgy pago compra,50909,servicios,2026-01-18,cartola
38,AR,ARS,230870,55,Alta,mp*disney plus arg,4693,streaming,2026-01-06,cartola
38,AR,ARS,230870,55,Alta,pago en farmacity,5579,salud,2026-01-11,natural
38,AR,ARS,230870,55,Alta,pizzeria guerrin compra,54770,alimentacion,2026-01-14,cartola
38,AR,ARS,230870,55,Alta,pago en tea connection,10413,alimentacion,2026-01-25,natural
38,AR,ARS,230870,55,Alta,suscripcion a passline argentina,16424,ocio,2026-01-08,natural
38,AR,ARS,230870,55,Alta,viaje en ypf,41755,transporte,2026-01-12,natural
38,AR,ARS,230870,55,Alta,le pain quotidien suc,43623,alimentacion,2026-01-03,cartola
38,AR,ARS,230870,55,Alta,inscripcion en libreria sbs,63987,educacion,2026-01-11,natural
38,AR,ARS,230870,55,Alta,compra en heisenburger,27860,alimentacion,2026-01-11,natural
38,AR,ARS,230870,55,Alta,pagomiscuentas debito,21835,servicios,2026-01-07,cartola
38,AR,ARS,230870,55,Alta,peaje alberti ausa,1950,transporte,2026-01-17,cartola
38,AR,ARS,230870,55,Alta,pago allianz seguros,61887,otros,2026-01-21,natural
38,AR,ARS,230870,55,Alta,deb aut camuzzi pampeana,62517,servicios,2026-01-20,cartola
38,AR,ARS,230870,55,Alta,pago camuzzi gas pampeana,14450,servicios,2026-01-14,natural
38,AR,ARS,230870,55,Alta,easy compra internet,21164,vivienda,2026-01-13,cartola
38,AR,ARS,230870,55,Alta,corredores viales compra,2091,transporte,2026-01-15,cartola
38,AR,ARS,230870,55,Alta,osecac cuota directa,49484,salud,2026-01-12,cartola
38,AR,ARS,230870,55,Alta,pago comisiones banco galicia,22852,otros,2026-01-29,natural
38,AR,ARS,230870,55,Alta,pago claro hogar argentina,26246,servicios,2026-01-17,natural
38,AR,ARS,230870,55,Alta,peaje debenedetti pos,2838,transporte,2026-01-04,cartola
38,AR,ARS,230870,55,Alta,entrada a smart fit argentina,39642,ocio,2026-01-05,natural
38,AR,ARS,230870,55,Alta,rappi*compra,37125,alimentacion,2026-01-22,cartola
38,AR,ARS,230870,55,Alta,rappi*compra,27912,alimentacion,2026-01-15,cartola
38,AR,ARS,230870,55,Alta,compra en rotiseria la querencia,16753,alimentacion,2026-01-24,natural
38,AR,ARS,230870,55,Alta,viaje en peaje dock sud,2081,transporte,2026-01-08,natural
38,AR,ARS,230870,55,Alta,op.shell compra,39887,transporte,2026-01-07,cartola
38,AR,ARS,230870,55,Alta,pago claro hogar argentina,28026,servicios,2026-01-19,natural
38,AR,ARS,230870,55,Alta,mercadopago*elbarista,12877,ocio,2026-01-02,cartola
38,AR,ARS,230870,55,Alta,accord salud debito directo,37339,salud,2026-01-06,cartola
38,AR,ARS,230870,55,Alta,pago pagomiscuentas,10609,servicios,2026-01-24,natural
38,AR,ARS,230870,55,Alta,giro pago facil recauda,45120,servicios,2026-01-26,cartola
38,AR,ARS,230870,55,Alta,entrada a ticketek,76763,ocio,2026-01-04,natural
38,AR,ARS,230870,55,Alta,pago ferreteria el progreso,13909,vivienda,2026-01-04,natural
38,AR,ARS,230870,55,Alta,carga bencina en emova subte,4155,transporte,2026-01-21,natural
38,AR,ARS,230870,55,Alta,pago camuzzi gas pampeana,56401,servicios,2026-01-13,natural
38,AR,ARS,230870,55,Alta,blaisten s.a. suc,27509,vivienda,2026-01-28,cartola
38,AR,ARS,230870,55,Alta,pago pinturerias rex,66432,vivienda,2026-01-21,natural
38,AR,ARS,230870,55,Alta,entrada a luna park,21146,ocio,2026-01-02,natural
38,AR,ARS,230870,55,Alta,compra en carrefour,42221,alimentacion,2026-01-24,natural
38,AR,ARS,230870,55,Alta,trenes argentinos pos,3053,transporte,2026-01-10,cartola
38,AR,ARS,230870,55,Alta,banco patagonia cargos,6102,otros,2026-01-27,cartola
38,AR,ARS,230870,55,Alta,octavo piso expensas,63572,vivienda,2026-01-26,cartola
38,AR,ARS,230870,55,Alta,pani deli compra,57932,alimentacion,2026-01-18,cartola
38,AR,ARS,230870,55,Alta,pago en opticas lof,64342,salud,2026-01-22,natural
38,AR,ARS,230870,55,Alta,pago zara argentina,69151,otros,2026-01-06,natural
38,AR,ARS,230870,55,Alta,farmacias vantage suc,49295,salud,2026-01-14,cartola
38,AR,ARS,230870,55,Alta,carga bencina en metrovias,6810,transporte,2026-01-25,natural
39,AR,ARS,220285,23,Media,peaje parque avellaneda,5420,transporte,2026-01-03,cartola
39,AR,ARS,220285,23,Media,deb aut aguas bonaerenses,35698,servicios,2026-01-29,cartola
39,AR,ARS,220285,23,Media,pago en almacen de barrio,3750,alimentacion,2026-01-17,natural
39,AR,ARS,220285,23,Media,compra en banchero,47157,alimentacion,2026-01-21,natural
39,AR,ARS,220285,23,Media,compra en las cuartetas,16199,alimentacion,2026-01-19,natural
39,AR,ARS,220285,23,Media,pago edersa rio negro,55235,servicios,2026-01-29,natural
39,AR,ARS,220285,23,Media,carga bencina en axion energy,25087,transporte,2026-01-27,natural
39,AR,ARS,220285,23,Media,farmacias azul suc,16615,salud,2026-01-10,cartola
39,AR,ARS,220285,23,Media,sbs libreria compra,13166,educacion,2026-01-27,cartola
39,AR,ARS,220285,23,Media,farmacias vantage suc,20637,salud,2026-01-22,cartola
39,AR,ARS,220285,23,Media,compra en medicus,32009,salud,2026-01-06,natural
39,AR,ARS,220285,23,Media,compra en mostaza,25181,alimentacion,2026-01-17,natural
39,AR,ARS,220285,23,Media,pago pinturerias rex,38813,vivienda,2026-01-17,natural
39,AR,ARS,220285,23,Media,suscripcion a netflix argentina,13713,streaming,2026-01-22,natural
39,AR,ARS,220285,23,Media,pago metrogas,66168,servicios,2026-01-14,natural
39,AR,ARS,220285,23,Media,mp*disney plus arg,8688,streaming,2026-01-09,cartola
39,AR,ARS,220285,23,Media,colegio newman deb aut,54150,educacion,2026-01-14,cartola
39,AR,ARS,220285,23,Media,solo deportes compra pos,72198,otros,2026-01-09,cartola
39,AR,ARS,220285,23,Media,viaje en peaje dellepiane,4579,transporte,2026-01-09,natural
39,AR,ARS,220285,23,Media,solo deportes compra pos,64089,otros,2026-01-25,cartola
39,AR,ARS,220285,23,Media,easy compra internet,27005,vivienda,2026-01-28,cartola
39,AR,ARS,220285,23,Media,cp67 compra libros,6389,educacion,2026-01-14,cartola
39,AR,ARS,220285,23,Media,pago sodimac,33669,vivienda,2026-01-14,natural
39,AR,ARS,220285,23,Media,emova subte caba,7484,transporte,2026-01-28,cartola
39,AR,ARS,220285,23,Media,compra en jumbo,23471,alimentacion,2026-01-22,natural
39,AR,ARS,220285,23,Media,puntoticket compra,69881,ocio,2026-01-19,cartola
39,AR,ARS,220285,23,Media,uba tasas inscripcion,71333,educacion,2026-01-03,cartola
39,AR,ARS,220285,23,Media,pago itba,6049,educacion,2026-01-22,natural
39,AR,ARS,220285,23,Media,grido helados compra,8432,alimentacion,2026-01-10,cartola
39,AR,ARS,220285,23,Media,viaje en peaje debenedetti,3138,transporte,2026-01-26,natural
39,AR,ARS,220285,23,Media,hospital italiano socio,64029,salud,2026-01-05,cartola
39,AR,ARS,220285,23,Media,ar.deb.aut. itba suc,27919,educacion,2026-01-21,cartola
39,AR,ARS,220285,23,Media,mp*spotify argentina,2852,streaming,2026-01-16,cartola
39,AR,ARS,220285,23,Media,viaje en peaje alberti,3019,transporte,2026-01-10,natural
39,AR,ARS,220285,23,Media,pago edet tucuman,53701,servicios,2026-01-12,natural
39,AR,ARS,220285,23,Media,peaje hudson recaudacion,6455,transporte,2026-01-11,cartola
39,AR,ARS,220285,23,Media,telecentro debito directo,48672,servicios,2026-01-19,cartola
39,AR,ARS,220285,23,Media,pago en fiambreria el galpon,7957,alimentacion,2026-01-13,natural
39,AR,ARS,220285,23,Media,deb aut on fit gimnasios,22925,ocio,2026-01-28,cartola
39,AR,ARS,220285,23,Media,pago pagomiscuentas,54184,servicios,2026-01-29,natural
39,AR,ARS,220285,23,Media,heisenburger pos,28473,alimentacion,2026-01-05,cartola
39,AR,ARS,220285,23,Media,pinturas alba compra suc,15429,vivienda,2026-01-15,cartola
39,AR,ARS,220285,23,Media,deb.aut. osde b.s.,28966,salud,2026-01-15,cartola
39,AR,ARS,220285,23,Media,deb aut claro hogar,45504,servicios,2026-01-16,cartola
39,AR,ARS,220285,23,Media,pago en almacen de pizzas,17609,alimentacion,2026-01-02,natural
39,AR,ARS,220285,23,Media,bonafide compra,3530,alimentacion,2026-01-13,cartola
39,AR,ARS,220285,23,Media,compra en grido helados,10522,alimentacion,2026-01-16,natural
39,AR,ARS,220285,23,Media,viaje en peaje parque avellaneda,7200,transporte,2026-01-17,natural
39,AR,ARS,220285,23,Media,pagomiscuentas debito,57475,servicios,2026-01-18,cartola
39,AR,ARS,220285,23,Media,dr ahorro argentina,27472,salud,2026-01-10,cartola
39,AR,ARS,220285,23,Media,viaje en uber argentina,11037,transporte,2026-01-16,natural
39,AR,ARS,220285,23,Media,utn cuotas academicas,66507,educacion,2026-01-10,cartola
39,AR,ARS,220285,23,Media,mp*spotify argentina,4251,streaming,2026-01-27,cartola
39,AR,ARS,220285,23,Media,viaje en corredores viales,17320,transporte,2026-01-25,natural
39,AR,ARS,220285,23,Media,consorcio caballito exp,76191,vivienda,2026-01-22,cartola
39,AR,ARS,220285,23,Media,pago edet tucuman,52721,servicios,2026-01-25,natural
39,AR,ARS,220285,23,Media,pago edersa rio negro,40516,servicios,2026-01-12,natural
39,AR,ARS,220285,23,Media,farmacias azul suc,34808,salud,2026-01-12,cartola
39,AR,ARS,220285,23,Media,suscripcion a spotify argentina,4661,streaming,2026-01-14,natural
39,AR,ARS,220285,23,Media,pago easy,59054,vivienda,2026-01-26,natural
39,AR,ARS,220285,23,Media,pago en kfc,29447,alimentacion,2026-01-27,natural
39,AR,ARS,220285,23,Media,mp*disney plus arg,6173,streaming,2026-01-02,cartola
39,AR,ARS,220285,23,Media,naturgy pago compra,32328,servicios,2026-01-21,cartola
39,AR,ARS,220285,23,Media,hospital britanico compra,50852,salud,2026-01-29,cartola
39,AR,ARS,220285,23,Media,pago edersa rio negro,60299,servicios,2026-01-08,natural
39,AR,ARS,220285,23,Media,pago aysa,18784,servicios,2026-01-11,natural
39,AR,ARS,220285,23,Media,viaje en cabify,21372,transporte,2026-01-09,natural
39,AR,ARS,220285,23,Media,giro rapipago recauda,63317,servicios,2026-01-29,cartola
39,AR,ARS,220285,23,Media,ar.deb.aut. itba suc,19129,educacion,2026-01-17,cartola
39,AR,ARS,220285,23,Media,deb aut aguas bonaerenses,51472,servicios,2026-01-25,cartola
39,AR,ARS,220285,23,Media,mercadopago*ferrind,28440,vivienda,2026-01-09,cartola
39,AR,ARS,220285,23,Media,mp*netflix argentina,14424,streaming,2026-01-24,cartola
39,AR,ARS,220285,23,Media,pago stock center,45740,otros,2026-01-26,natural
39,AR,ARS,220285,23,Media,litoral gas debito pos,44556,servicios,2026-01-08,cartola
39,AR,ARS,220285,23,Media,pago giro cajero banelco,11253,otros,2026-01-21,natural
39,AR,ARS,220285,23,Media,las cuartetas compra,40171,alimentacion,2026-01-12,cartola
39,AR,ARS,220285,23,Media,pago pagomiscuentas,37222,servicios,2026-01-14,natural
39,AR,ARS,220285,23,Media,almacen de pizzas suc,28707,alimentacion,2026-01-24,cartola
39,AR,ARS,220285,23,Media,suscripcion a multiplex cines,11610,ocio,2026-01-05,natural
39,AR,ARS,220285,23,Media,compra en la mezzetta,32778,alimentacion,2026-01-08,natural
39,AR,ARS,220285,23,Media,suscripcion a steam games argentina,60688,ocio,2026-01-06,natural
39,AR,ARS,220285,23,Media,edificio belgrano expensas,60596,vivienda,2026-01-04,cartola
39,AR,ARS,220285,23,Media,compra en centro rossi,45176,salud,2026-01-14,natural
39,AR,ARS,220285,23,Media,medicus compra pos deb,50050,salud,2026-01-27,cartola
39,AR,ARS,220285,23,Media,smg medicina prepaga deb,38804,salud,2026-01-09,cartola
39,AR,ARS,220285,23,Media,compra en farmacias dr ahorro,24958,salud,2026-01-21,natural
39,AR,ARS,220285,23,Media,pago pinturerias prestigio,26865,vivienda,2026-01-25,natural
39,AR,ARS,220285,23,Media,pago edet tucuman,45993,servicios,2026-01-25,natural
39,AR,ARS,220285,23,Media,rappi*compra,22711,alimentacion,2026-01-22,cartola
39,AR,ARS,220285,23,Media,pago aguas cordobesas,57216,servicios,2026-01-15,natural
39,AR,ARS,220285,23,Media,pago zonaprop,36330,vivienda,2026-01-28,natural
39,AR,ARS,220285,23,Media,pago telecom fibertel,18903,servicios,2026-01-24,natural
39,AR,ARS,220285,23,Media,pago en optica lutz ferrando,48315,salud,2026-01-22,natural
39,AR,ARS,220285,23,Media,pago rapipago,37389,servicios,2026-01-11,natural
39,AR,ARS,220285,23,Media,pago libreria el ateneo,49295,educacion,2026-01-05,natural
39,AR,ARS,220285,23,Media,pago octavo piso saas,63474,vivienda,2026-01-25,natural
39,AR,ARS,220285,23,Media,pago libreria sbs,43411,educacion,2026-01-10,natural
39,AR,ARS,220285,23,Media,colegio st georges deb,35368,educacion,2026-01-20,cartola
39,AR,ARS,220285,23,Media,mp*spotify argentina,9167,streaming,2026-01-29,cartola
39,AR,ARS,220285,23,Media,peaje debenedetti pos,3200,transporte,2026-01-15,cartola
39,AR,ARS,220285,23,Media,giro pago facil recauda,41875,servicios,2026-01-06,cartola
39,AR,ARS,220285,23,Media,suscripcion a disney plus argentina,6107,streaming,2026-01-06,natural
39,AR,ARS,220285,23,Media,compra en la mezzetta,11890,alimentacion,2026-01-12,natural
39,AR,ARS,220285,23,Media,deb aut fiter pos,29122,ocio,2026-01-02,cartola
39,AR,ARS,220285,23,Media,pago en vea,31914,alimentacion,2026-01-25,natural
39,AR,ARS,220285,23,Media,suscripcion a netflix argentina,7252,streaming,2026-01-17,natural
39,AR,ARS,220285,23,Media,peaje alberti ausa,3609,transporte,2026-01-14,cartola
39,AR,ARS,220285,23,Media,suscripcion a disney plus argentina,8128,streaming,2026-01-29,natural
39,AR,ARS,220285,23,Media,ligier compra pos,49495,vivienda,2026-01-06,cartola
39,AR,ARS,220285,23,Media,plusmar compra pos,73318,transporte,2026-01-23,cartola
39,AR,ARS,220285,23,Media,prestigio s.a. compra,22416,vivienda,2026-01-03,cartola
39,AR,ARS,220285,23,Media,pago en farmacias central oeste,32205,salud,2026-01-20,natural
39,AR,ARS,220285,23,Media,luna park entradas,35050,ocio,2026-01-20,cartola
39,AR,ARS,220285,23,Media,yenny/ateneo suc compra,59303,educacion,2026-01-23,cartola
39,AR,ARS,220285,23,Media,metrovias boleteria,6625,transporte,2026-01-10,cartola
39,AR,ARS,220285,23,Media,pago colegio san martin,14837,educacion,2026-01-02,natural
39,AR,ARS,220285,23,Media,deb aut epec cordoba,25103,servicios,2026-01-27,cartola
39,AR,ARS,220285,23,Media,club de la birra suc,43586,alimentacion,2026-01-06,cartola
39,AR,ARS,220285,23,Media,avalian medicina prepaga,28467,salud,2026-01-05,cartola
39,AR,ARS,220285,23,Media,pago en sancor salud,23085,salud,2026-01-10,natural
39,AR,ARS,220285,23,Media,viaje en peaje larena,6282,transporte,2026-01-12,natural
39,AR,ARS,220285,23,Media,provincia net recauda,67688,servicios,2026-01-07,cartola
39,AR,ARS,220285,23,Media,metrovias boleteria,3249,transporte,2026-01-03,cartola
39,AR,ARS,220285,23,Media,pago en hospital italiano,62123,salud,2026-01-27,natural
39,AR,ARS,220285,23,Media,pago zonaprop,31082,vivienda,2026-01-04,natural
40,AR,ARS,136603,36,Alta,sancor salud deb aut,18100,salud,2026-01-06,cartola
40,AR,ARS,136603,36,Alta,subway compra pos,14413,alimentacion,2026-01-26,cartola
40,AR,ARS,136603,36,Alta,pago expensas online,35476,vivienda,2026-01-06,natural
40,AR,ARS,136603,36,Alta,pago personal flow,28211,servicios,2026-01-02,natural
40,AR,ARS,136603,36,Alta,pago ferreteria el progreso,23858,vivienda,2026-01-25,natural
40,AR,ARS,136603,36,Alta,coto suc,28066,alimentacion,2026-01-03,cartola
40,AR,ARS,136603,36,Alta,deb aut claro hogar,27549,servicios,2026-01-08,cartola
40,AR,ARS,136603,36,Alta,consorcio palermo exp,35995,vivienda,2026-01-27,cartola
40,AR,ARS,136603,36,Alta,suscripcion a disney plus argentina,4397,streaming,2026-01-02,natural
40,AR,ARS,136603,36,Alta,hsbc comision paquete deb,26268,otros,2026-01-10,cartola
40,AR,ARS,136603,36,Alta,suscripcion a cinemark hoyts,25132,ocio,2026-01-28,natural
40,AR,ARS,136603,36,Alta,entrada a teatro opera,43771,ocio,2026-01-06,natural
40,AR,ARS,136603,36,Alta,pago pagomiscuentas,12017,servicios,2026-01-08,natural
40,AR,ARS,136603,36,Alta,pago en clinica suizo argentina,46107,salud,2026-01-12,natural
40,AR,ARS,136603,36,Alta,deb aut epec cordoba,28411,servicios,2026-01-26,cartola
40,AR,ARS,136603,36,Alta,diagnostico maipu compra,47253,salud,2026-01-18,cartola
40,AR,ARS,136603,36,Alta,mercadolibre*compra,42554,otros,2026-01-22,cartola
40,AR,ARS,136603,36,Alta,entrada a passline argentina,28463,ocio,2026-01-20,natural
40,AR,ARS,136603,36,Alta,deb aut camuzzi pampeana,12959,servicios,2026-01-15,cartola
40,AR,ARS,136603,36,Alta,la mezzetta compra,23447,alimentacion,2026-01-22,cartola
40,AR,ARS,136603,36,Alta,pago edesur,25287,servicios,2026-01-18,natural
40,AR,ARS,136603,36,Alta,mercadopago*elbarista,8584,ocio,2026-01-10,cartola
40,AR,ARS,136603,36,Alta,cinemark hoyts compra,21356,ocio,2026-01-11,cartola
40,AR,ARS,136603,36,Alta,pago en mostaza,8657,alimentacion,2026-01-23,natural
40,AR,ARS,136603,36,Alta,prestigio s.a. compra,35451,vivienda,2026-01-13,cartola
40,AR,ARS,136603,36,Alta,mp*max hbo argentina,9058,ocio,2026-01-15,cartola
40,AR,ARS,136603,36,Alta,suscripcion a disney plus argentina,8281,streaming,2026-01-02,natural
40,AR,ARS,136603,36,Alta,pago zonaprop,32971,vivienda,2026-01-24,natural
40,AR,ARS,136603,36,Alta,pago pinturerias rex,21948,vivienda,2026-01-09,natural
40,AR,ARS,136603,36,Alta,entrada a passline argentina,23030,ocio,2026-01-02,natural
40,AR,ARS,136603,36,Alta,suscripcion a spotify argentina,8419,streaming,2026-01-07,natural
40,AR,ARS,136603,36,Alta,pago pinturas alba,31171,vivienda,2026-01-05,natural
40,AR,ARS,136603,36,Alta,pago epec,27613,servicios,2026-01-14,natural
40,AR,ARS,136603,36,Alta,compra en carniceria el ombu,24000,alimentacion,2026-01-13,natural
40,AR,ARS,136603,36,Alta,compra en williamsburg,41709,alimentacion,2026-01-16,natural
40,AR,ARS,136603,36,Alta,pago zonaprop,31326,vivienda,2026-01-28,natural
40,AR,ARS,136603,36,Alta,omint debito directo,21840,salud,2026-01-19,cartola
40,AR,ARS,136603,36,Alta,pago universidad de buenos aires uba,42551,educacion,2026-01-06,natural
40,AR,ARS,136603,36,Alta,pago zonaprop,26422,vivienda,2026-01-16,natural
40,AR,ARS,136603,36,Alta,suscripcion a parque de la costa,13767,ocio,2026-01-09,natural
40,AR,ARS,136603,36,Alta,consorcio caballito exp,29855,vivienda,2026-01-28,cartola
40,AR,ARS,136603,36,Alta,pago pago facil,23732,servicios,2026-01-03,natural
40,AR,ARS,136603,36,Alta,entrada a fiter gimnasios,27193,ocio,2026-01-20,natural
40,AR,ARS,136603,36,Alta,viaje en telepase autopistas,4813,transporte,2026-01-15,natural
40,AR,ARS,136603,36,Alta,pago ferreteria industrial,23272,vivienda,2026-01-28,natural
40,AR,ARS,136603,36,Alta,pago camuzzi gas pampeana,45441,servicios,2026-01-28,natural
40,AR,ARS,136603,36,Alta,pago octavo piso saas,40164,vivienda,2026-01-20,natural
40,AR,ARS,136603,36,Alta,rappi*compra,44487,alimentacion,2026-01-20,cartola
40,AR,ARS,136603,36,Alta,plusmar compra pos,35598,transporte,2026-01-28,cartola
40,AR,ARS,136603,36,Alta,pago ligier pinturerias,32273,vivienda,2026-01-15,natural
40,AR,ARS,136603,36,Alta,viaje en ypf,25194,transporte,2026-01-14,natural
40,AR,ARS,136603,36,Alta,kfc suc,24453,alimentacion,2026-01-05,cartola
40,AR,ARS,136603,36,Alta,le pain quotidien suc,47493,alimentacion,2026-01-29,cartola
40,AR,ARS,136603,36,Alta,axion energy suc,18538,transporte,2026-01-20,cartola
40,AR,ARS,136603,36,Alta,suscripcion a fiter gimnasios,35137,ocio,2026-01-18,natural
40,AR,ARS,136603,36,Alta,deb aut edenor s.a.,44011,servicios,2026-01-14,cartola
40,AR,ARS,136603,36,Alta,compra en laboratorio stamboulian,12401,salud,2026-01-16,natural
40,AR,ARS,136603,36,Alta,pago universidad torcuato di tella utdt,32891,educacion,2026-01-14,natural
40,AR,ARS,136603,36,Alta,deb aut univ di tella,16039,educacion,2026-01-24,cartola
40,AR,ARS,136603,36,Alta,consorcio palermo exp,45835,vivienda,2026-01-16,cartola
40,AR,ARS,136603,36,Alta,telecentro debito directo,35721,servicios,2026-01-17,cartola
40,AR,ARS,136603,36,Alta,carga bencina en plusmar,37116,transporte,2026-01-08,natural
40,AR,ARS,136603,36,Alta,peaje debenedetti pos,5154,transporte,2026-01-17,cartola
40,AR,ARS,136603,36,Alta,compra en centro rossi,18655,salud,2026-01-05,natural
40,AR,ARS,136603,36,Alta,autop. del oeste compra,22713,transporte,2026-01-29,cartola
40,AR,ARS,136603,36,Alta,deb aut epec cordoba,17145,servicios,2026-01-22,cartola
40,AR,ARS,136603,36,Alta,compra en pedidosya,44551,alimentacion,2026-01-18,natural
40,AR,ARS,136603,36,Alta,peaje alberti ausa,2147,transporte,2026-01-11,cartola
40,AR,ARS,136603,36,Alta,hospital aleman plan deb,47201,salud,2026-01-04,cartola
40,AR,ARS,136603,36,Alta,carga bencina en autopistas del sol ausol,17839,transporte,2026-01-26,natural
40,AR,ARS,136603,36,Alta,compra en mostaza,26739,alimentacion,2026-01-08,natural
40,AR,ARS,136603,36,Alta,hospital italiano socio,40932,salud,2026-01-26,cartola
40,AR,ARS,136603,36,Alta,pago en osecac,19892,salud,2026-01-29,natural
40,AR,ARS,136603,36,Alta,edificio belgrano expensas,47620,vivienda,2026-01-06,cartola
40,AR,ARS,136603,36,Alta,viaje en autopistas del sol ausol,28355,transporte,2026-01-13,natural
40,AR,ARS,136603,36,Alta,medicus compra pos deb,18628,salud,2026-01-17,cartola
40,AR,ARS,136603,36,Alta,pago libreria yenny,9621,educacion,2026-01-28,natural
40,AR,ARS,136603,36,Alta,pago epen neuquen,40001,servicios,2026-01-04,natural
40,AR,ARS,136603,36,Alta,pago en accord salud,10194,salud,2026-01-08,natural
40,AR,ARS,136603,36,Alta,pago litoral gas,21651,servicios,2026-01-20,natural
40,AR,ARS,136603,36,Alta,pago provincia net,32688,servicios,2026-01-21,natural
40,AR,ARS,136603,36,Alta,pago edesal san luis,21653,servicios,2026-01-05,natural
40,AR,ARS,136603,36,Alta,pago ferreteria el puente,27863,vivienda,2026-01-06,natural
40,AR,ARS,136603,36,Alta,inscripcion en pontificia universidad catolica uca,23086,educacion,2026-01-22,natural
40,AR,ARS,136603,36,Alta,la birra bar pos,21361,alimentacion,2026-01-11,cartola
40,AR,ARS,136603,36,Alta,antares compra pos,31934,alimentacion,2026-01-13,cartola
40,AR,ARS,136603,36,Alta,entrada a puntoticket argentina,31216,ocio,2026-01-02,natural
40,AR,ARS,136603,36,Alta,deb aut personal flow,34653,servicios,2026-01-14,cartola
40,AR,ARS,136603,36,Alta,deb aut edersa pos,30685,servicios,2026-01-25,cartola
40,AR,ARS,136603,36,Alta,pani deli compra,47506,alimentacion,2026-01-11,cartola
40,AR,ARS,136603,36,Alta,la trastienda compra pos,41919,ocio,2026-01-21,cartola
40,AR,ARS,136603,36,Alta,supermercados vea,36963,alimentacion,2026-01-02,cartola
40,AR,ARS,136603,36,Alta,pago telecom fibertel,20520,servicios,2026-01-14,natural
40,AR,ARS,136603,36,Alta,pago pontificia universidad catolica uca,20153,educacion,2026-01-09,natural
40,AR,ARS,136603,36,Alta,pago claro hogar argentina,27921,servicios,2026-01-24,natural
40,AR,ARS,136603,36,Alta,pago edersa rio negro,30721,servicios,2026-01-24,natural
40,AR,ARS,136603,36,Alta,edificio belgrano expensas,39430,vivienda,2026-01-06,cartola
40,AR,ARS,136603,36,Alta,inscripcion en colegio san andres,9582,educacion,2026-01-23,natural
40,AR,ARS,136603,36,Alta,suscripcion a passline argentina,25191,ocio,2026-01-27,natural
40,AR,ARS,136603,36,Alta,compra en antares,30298,alimentacion,2026-01-20,natural
40,AR,ARS,136603,36,Alta,suscripcion a disney plus argentina,7149,streaming,2026-01-05,natural
40,AR,ARS,136603,36,Alta,deb aut univ s.andres,28603,educacion,2026-01-16,cartola
40,AR,ARS,136603,36,Alta,pago en pani,34743,alimentacion,2026-01-15,natural
40,AR,ARS,136603,36,Alta,pago mercado libre,14145,otros,2026-01-09,natural
40,AR,ARS,136603,36,Alta,peaje illia ausa,1131,transporte,2026-01-29,cartola
40,AR,ARS,136603,36,Alta,pagomiscuentas aysa deb,19429,servicios,2026-01-20,cartola
40,AR,ARS,136603,36,Alta,pago blaisten,28681,vivienda,2026-01-19,natural
40,AR,ARS,136603,36,Alta,metrovias boleteria,4999,transporte,2026-01-25,cartola
40,AR,ARS,136603,36,Alta,pago en pedidosya,34644,alimentacion,2026-01-06,natural
40,AR,ARS,136603,36,Alta,puntoticket compra,41450,ocio,2026-01-11,cartola
40,AR,ARS,136603,36,Alta,mayorista yaguar suc,41730,alimentacion,2026-01-29,cartola
40,AR,ARS,136603,36,Alta,pago en hospital italiano,42490,salud,2026-01-15,natural
40,AR,ARS,136603,36,Alta,pago aysa,29700,servicios,2026-01-19,natural
40,AR,ARS,136603,36,Alta,hospital britanico compra,47314,salud,2026-01-08,cartola
40,AR,ARS,136603,36,Alta,pago en carniceria el ombu,33376,alimentacion,2026-01-21,natural
40,AR,ARS,136603,36,Alta,suscripcion a movistar arena argentina,39092,ocio,2026-01-17,natural
40,AR,ARS,136603,36,Alta,suscripcion a spotify argentina,9469,streaming,2026-01-11,natural
40,AR,ARS,136603,36,Alta,entrada a cinemark hoyts,13088,ocio,2026-01-02,natural
40,AR,ARS,136603,36,Alta,agip rentas deb automatico,27496,otros,2026-01-25,cartola
40,AR,ARS,136603,36,Alta,hsbc comision paquete deb,27342,otros,2026-01-23,cartola
40,AR,ARS,136603,36,Alta,peaje hudson recaudacion,4771,transporte,2026-01-07,cartola
40,AR,ARS,136603,36,Alta,pago ferreteria el puente,9993,vivienda,2026-01-17,natural
40,AR,ARS,136603,36,Alta,telecentro debito directo,19332,servicios,2026-01-13,cartola
40,AR,ARS,136603,36,Alta,peaje parque avellaneda,7699,transporte,2026-01-23,cartola
40,AR,ARS,136603,36,Alta,consorcio caballito exp,34487,vivienda,2026-01-04,cartola
41,CL,CLP,1777274,73,Media,compra webpay pedidosya,42558,alimentacion,2026-01-18,cartola
41,CL,CLP,1777274,73,Media,pago kastor gasto comun,162017,vivienda,2026-01-29,cartola
41,CL,CLP,1777274,73,Media,suscripcion a disney plus,4728,streaming,2026-01-09,natural
41,CL,CLP,1777274,73,Media,pat isapre consalud,149149,salud,2026-01-18,cartola
41,CL,CLP,1777274,73,Media,compra en pedidosya,38625,alimentacion,2026-01-03,natural
41,CL,CLP,1777274,73,Media,compra webpay pedidosya,39121,alimentacion,2026-01-09,cartola
41,CL,CLP,1777274,73,Media,transbank mcdonalds,25080,alimentacion,2026-01-04,cartola
41,CL,CLP,1777274,73,Media,pago cuenta pat aguas del altiplano,69989,servicios,2026-01-19,cartola
41,CL,CLP,1777274,73,Media,compra en isapre consalud,62232,salud,2026-01-17,natural
41,CL,CLP,1777274,73,Media,pago cuenta pat chilquinta,129565,servicios,2026-01-21,cartola
41,CL,CLP,1777274,73,Media,compra webpay ticketmaster,76747,ocio,2026-01-11,cartola
41,CL,CLP,1777274,73,Media,pago en panadería san ramón,33762,alimentacion,2026-01-22,natural
41,CL,CLP,1777274,73,Media,pago sodimac homecenter,82861,vivienda,2026-01-09,natural
41,CL,CLP,1777274,73,Media,pago cuenta pat aguas antofagasta,28901,servicios,2026-01-10,cartola
41,CL,CLP,1777274,73,Media,transbank almacen,16856,alimentacion,2026-01-03,cartola
41,CL,CLP,1777274,73,Media,transbank upa!,7554,alimentacion,2026-01-18,cartola
41,CL,CLP,1777274,73,Media,pago en clínica santa maría,357231,salud,2026-01-24,natural
41,CL,CLP,1777274,73,Media,transbank barrio chicken,33228,alimentacion,2026-01-11,cartola
41,CL,CLP,1777274,73,Media,suscripcion a netflix chile,9239,streaming,2026-01-14,natural
41,CL,CLP,1777274,73,Media,compra redcompra ahumada,17513,salud,2026-01-10,cartola
41,CL,CLP,1777274,73,Media,peaje zapata pos,3319,transporte,2026-01-05,cartola
41,CL,CLP,1777274,73,Media,pago seguros sura,14907,otros,2026-01-29,natural
41,CL,CLP,1777274,73,Media,pat spotify chile,6609,streaming,2026-01-06,cartola
41,CL,CLP,1777274,73,Media,bencina shell,35939,transporte,2026-01-20,cartola
41,CL,CLP,1777274,73,Media,transbank fuente alemana,15540,alimentacion,2026-01-14,cartola
41,CL,CLP,1777274,73,Media,compra en jumbo,37062,alimentacion,2026-01-29,natural
41,CL,CLP,1777274,73,Media,transbank panaderia san ramon,17614,alimentacion,2026-01-11,cartola
41,CL,CLP,1777274,73,Media,peaje zapata pos,1413,transporte,2026-01-22,cartola
41,CL,CLP,1777274,73,Media,transbank spacio1 petrobras,37883,alimentacion,2026-01-05,cartola
41,CL,CLP,1777274,73,Media,pago essbio,73768,servicios,2026-01-12,natural
41,CL,CLP,1777274,73,Media,pago cuenta pat vtr telecom,84267,servicios,2026-01-08,cartola
41,CL,CLP,1777274,73,Media,peaje angostura pos,2637,transporte,2026-01-27,cartola
41,CL,CLP,1777274,73,Media,carga bencina en vespucio sur,31062,transporte,2026-01-10,natural
41,CL,CLP,1777274,73,Media,compra redcompra dimeiggs,31141,educacion,2026-01-07,cartola
41,CL,CLP,1777274,73,Media,pat disney plus chile,8555,streaming,2026-01-16,cartola
41,CL,CLP,1777274,73,Media,suscripcion a gimnasio upgrade,38483,ocio,2026-01-10,natural
41,CL,CLP,1777274,73,Media,suscripcion a fantasilandia,91489,ocio,2026-01-21,natural
41,CL,CLP,1777274,73,Media,compra webpay falabella home,52689,vivienda,2026-01-26,cartola
41,CL,CLP,1777274,73,Media,pago en pedidosya,15636,alimentacion,2026-01-13,natural
41,CL,CLP,1777274,73,Media,pago cuenta pat mundo pacifico,27389,servicios,2026-01-26,cartola
41,CL,CLP,1777274,73,Media,pago essbio,106923,servicios,2026-01-21,natural
41,CL,CLP,1777274,73,Media,pago cuenta pat vtr telecom,88681,servicios,2026-01-17,cartola
41,CL,CLP,1777274,73,Media,pago cuenta pat lipigas,67455,servicios,2026-01-29,cartola
41,CL,CLP,1777274,73,Media,pat udd arancel,203494,educacion,2026-01-16,cartola
41,CL,CLP,1777274,73,Media,pago cuenta pat aguas del altiplano,113234,servicios,2026-01-12,cartola
41,CL,CLP,1777274,73,Media,entrada a bar la virgen,35312,ocio,2026-01-06,natural
41,CL,CLP,1777274,73,Media,pago mundo pacífico,98888,servicios,2026-01-11,natural
41,CL,CLP,1777274,73,Media,pat debito ruta itata,28444,transporte,2026-01-20,cartola
41,CL,CLP,1777274,73,Media,transbank alvi,26200,alimentacion,2026-01-07,cartola
41,CL,CLP,1777274,73,Media,suscripcion a ticketmaster chile,62833,ocio,2026-01-12,natural
41,CL,CLP,1777274,73,Media,pat debito ruta 68,21783,transporte,2026-01-12,cartola
41,CL,CLP,1777274,73,Media,pago ferretería el candado,38289,vivienda,2026-01-15,natural
41,CL,CLP,1777274,73,Media,pago cuenta pat abastible,48565,servicios,2026-01-17,cartola
41,CL,CLP,1777274,73,Media,pago universidad san sebastián uss,442914,educacion,2026-01-15,natural
41,CL,CLP,1777274,73,Media,compra en burger king,28079,alimentacion,2026-01-05,natural
41,CL,CLP,1777274,73,Media,pago en ópticas gmo,39768,salud,2026-01-04,natural
41,CL,CLP,1777274,73,Media,pago en jumbo,142312,alimentacion,2026-01-06,natural
41,CL,CLP,1777274,73,Media,clinica univ de los andes,380352,salud,2026-01-28,cartola
41,CL,CLP,1777274,73,Media,pago saesa,81793,servicios,2026-01-28,natural
41,CL,CLP,1777274,73,Media,yolito ferreteria compra,99268,vivienda,2026-01-06,cartola
41,CL,CLP,1777274,73,Media,clinica alemana santiago,318857,salud,2026-01-06,cartola
41,CL,CLP,1777274,73,Media,pago banco santander seguro,14049,otros,2026-01-27,natural
41,CL,CLP,1777274,73,Media,pago cuenta pat abastible,58219,servicios,2026-01-10,cartola
41,CL,CLP,1777274,73,Media,pago cuenta pat aguas antofagasta,53108,servicios,2026-01-24,cartola
41,CL,CLP,1777274,73,Media,estacionamiento saba pos,8143,transporte,2026-01-28,cartola
41,CL,CLP,1777274,73,Media,transbank alvi,34147,alimentacion,2026-01-20,cartola
41,CL,CLP,1777274,73,Media,pago cuenta pat mundo pacifico,88793,servicios,2026-01-14,cartola
41,CL,CLP,1777274,73,Media,pago aguas del altiplano,142547,servicios,2026-01-23,natural
41,CL,CLP,1777274,73,Media,pago en la sanguchera del barrio,31106,alimentacion,2026-01-24,natural
41,CL,CLP,1777274,73,Media,viaje en vespucio sur,8795,transporte,2026-01-23,natural
41,CL,CLP,1777274,73,Media,transbank fuente suiza,40090,alimentacion,2026-01-12,cartola
41,CL,CLP,1777274,73,Media,compra webpay uber,4076,transporte,2026-01-14,cartola
41,CL,CLP,1777274,73,Media,compra en pedro juan y diego,31731,alimentacion,2026-01-05,natural
41,CL,CLP,1777274,73,Media,pago en fonasa,99722,salud,2026-01-25,natural
41,CL,CLP,1777274,73,Media,pat usach cuota academica,222072,educacion,2026-01-10,cartola
41,CL,CLP,1777274,73,Media,pago aliexpress,130842,otros,2026-01-28,natural
41,CL,CLP,1777274,73,Media,compra webpay paris deco,95869,vivienda,2026-01-27,cartola
41,CL,CLP,1777274,73,Media,pago en santa isabel,159679,alimentacion,2026-01-04,natural
41,CL,CLP,1777274,73,Media,pat netflix chile,11613,streaming,2026-01-08,cartola
41,CL,CLP,1777274,73,Media,transbank doggis,23839,alimentacion,2026-01-14,cartola
41,CL,CLP,1777274,73,Media,compra en tommy beans,24951,alimentacion,2026-01-26,natural
41,CL,CLP,1777274,73,Media,compra en feria libre pinto,24417,alimentacion,2026-01-03,natural
41,CL,CLP,1777274,73,Media,compra en cory,31343,alimentacion,2026-01-14,natural
41,CL,CLP,1777274,73,Media,pago cge distribución,28967,servicios,2026-01-09,natural
41,CL,CLP,1777274,73,Media,compra webpay uber,9572,transporte,2026-01-25,cartola
41,CL,CLP,1777274,73,Media,pago metrogas,78454,servicios,2026-01-08,natural
41,CL,CLP,1777274,73,Media,bencina petrobras,42883,transporte,2026-01-17,cartola
41,CL,CLP,1777274,73,Media,colegio saint george arancel pat,31209,educacion,2026-01-20,cartola
41,CL,CLP,1777274,73,Media,transbank tavelli,29045,alimentacion,2026-01-12,cartola
41,CL,CLP,1777274,73,Media,pago saesa,32651,servicios,2026-01-08,natural
41,CL,CLP,1777274,73,Media,pago pago de luz municipalidad,35627,servicios,2026-01-29,natural
41,CL,CLP,1777274,73,Media,pago aguas andinas,89548,servicios,2026-01-07,natural
41,CL,CLP,1777274,73,Media,compra redcompra corona suc,81845,otros,2026-01-06,cartola
41,CL,CLP,1777274,73,Media,pago cuenta pat movistar hogar,88400,servicios,2026-01-17,cartola
41,CL,CLP,1777274,73,Media,pago chilquinta,65869,servicios,2026-01-29,natural
41,CL,CLP,1777274,73,Media,alquiler propiedades chile arriendo,249525,vivienda,2026-01-15,cartola
41,CL,CLP,1777274,73,Media,compra en tottus,74611,alimentacion,2026-01-03,natural
41,CL,CLP,1777274,73,Media,pago entel fibra,89079,servicios,2026-01-23,natural
41,CL,CLP,1777274,73,Media,pago la polar,157413,otros,2026-01-09,natural
41,CL,CLP,1777274,73,Media,pat max hbo chile,10207,ocio,2026-01-03,cartola
41,CL,CLP,1777274,73,Media,compra en kfc,8700,alimentacion,2026-01-12,natural
41,CL,CLP,1777274,73,Media,transbank tarragona,27740,alimentacion,2026-01-23,cartola
41,CL,CLP,1777274,73,Media,pago en tottus,118566,alimentacion,2026-01-12,natural
41,CL,CLP,1777274,73,Media,pago en barrio chicken,11750,alimentacion,2026-01-25,natural
41,CL,CLP,1777274,73,Media,bencina petrobras,15132,transporte,2026-01-13,cartola
41,CL,CLP,1777274,73,Media,viaje en autopista del sol,7260,transporte,2026-01-20,natural
41,CL,CLP,1777274,73,Media,pago administración jardines de maipú,194660,vivienda,2026-01-15,natural
41,CL,CLP,1777274,73,Media,compra en clínica las condes,283648,salud,2026-01-03,natural
41,CL,CLP,1777274,73,Media,pago en alvi,42721,alimentacion,2026-01-15,natural
41,CL,CLP,1777274,73,Media,breal propiedades pago gastos,159160,vivienda,2026-01-26,cartola
41,CL,CLP,1777274,73,Media,compra webpay ikea chile,104590,vivienda,2026-01-25,cartola
41,CL,CLP,1777274,73,Media,transbank ok market,29540,alimentacion,2026-01-26,cartola
41,CL,CLP,1777274,73,Media,pat energy fitness gimnasio,30024,ocio,2026-01-14,cartola
41,CL,CLP,1777274,73,Media,pago entel fibra,15912,servicios,2026-01-11,natural
41,CL,CLP,1777274,73,Media,pago servipag cuentas recaudacion,81946,servicios,2026-01-09,cartola
41,CL,CLP,1777274,73,Media,pago en pastelería marmentini,28777,alimentacion,2026-01-29,natural
41,CL,CLP,1777274,73,Media,transbank santa isabel,146204,alimentacion,2026-01-27,cartola
41,CL,CLP,1777274,73,Media,pago en lider,12899,alimentacion,2026-01-15,natural
41,CL,CLP,1777274,73,Media,pago easy,150576,vivienda,2026-01-17,natural
41,CL,CLP,1777274,73,Media,transbank ok market,4505,alimentacion,2026-01-07,cartola
41,CL,CLP,1777274,73,Media,compra webpay uber eats,11295,alimentacion,2026-01-29,cartola
41,CL,CLP,1777274,73,Media,pago cuenta pat essbio agua,46701,servicios,2026-01-19,cartola
41,CL,CLP,1777274,73,Media,transbank spacio1 petrobras,40442,alimentacion,2026-01-02,cartola
41,CL,CLP,1777274,73,Media,pago alquiler propiedades chile,221306,vivienda,2026-01-13,natural
41,CL,CLP,1777274,73,Media,pago debito pat bci seguros,2046,otros,2026-01-04,cartola
42,CL,CLP,1825965,59,Alta,transbank panaderia san ramon,40322,alimentacion,2026-01-21,cartola
42,CL,CLP,1825965,59,Alta,pago nuevosur,107786,servicios,2026-01-24,natural
42,CL,CLP,1825965,59,Alta,pago en kfc,17371,alimentacion,2026-01-08,natural
42,CL,CLP,1825965,59,Alta,carga bencina en estacionamiento saba,8758,transporte,2026-01-26,natural
42,CL,CLP,1825965,59,Alta,suscripcion a teatro nescafé de las artes,25203,ocio,2026-01-27,natural
42,CL,CLP,1825965,59,Alta,pago metrogas,40843,servicios,2026-01-17,natural
42,CL,CLP,1825965,59,Alta,pago pontificia universidad católica,433941,educacion,2026-01-02,natural
42,CL,CLP,1825965,59,Alta,compra en tavelli,5126,alimentacion,2026-01-11,natural
42,CL,CLP,1825965,59,Alta,pago en tommy beans,34400,alimentacion,2026-01-09,natural
42,CL,CLP,1825965,59,Alta,carga bencina en peaje melipilla,2363,transporte,2026-01-27,natural
42,CL,CLP,1825965,59,Alta,pago cuenta pat saesa,78848,servicios,2026-01-19,cartola
42,CL,CLP,1825965,59,Alta,compra en redsalud,168909,salud,2026-01-19,natural
42,CL,CLP,1825965,59,Alta,compra en mayorista 10,46045,alimentacion,2026-01-02,natural
42,CL,CLP,1825965,59,Alta,opticas schilling compra,28567,salud,2026-01-19,cartola
42,CL,CLP,1825965,59,Alta,compra webpay cinemark,13449,ocio,2026-01-20,cartola
42,CL,CLP,1825965,59,Alta,pago sencillito cuentas recaudacion,48249,servicios,2026-01-28,cartola
42,CL,CLP,1825965,59,Alta,entrada a gimnasio sportlife,47651,ocio,2026-01-09,natural
42,CL,CLP,1825965,59,Alta,pago cuenta pat abastible,13602,servicios,2026-01-12,cartola
42,CL,CLP,1825965,59,Alta,pat udd arancel,599705,educacion,2026-01-13,cartola
42,CL,CLP,1825965,59,Alta,inscripcion en universidad diego portales udp,485886,educacion,2026-01-07,natural
42,CL,CLP,1825965,59,Alta,pat matricula u de chile,557316,educacion,2026-01-15,cartola
42,CL,CLP,1825965,59,Alta,pat arancel univ catolica,481481,educacion,2026-01-06,cartola
42,CL,CLP,1825965,59,Alta,yolito ferreteria compra,62249,vivienda,2026-01-04,cartola
42,CL,CLP,1825965,59,Alta,pat amazon prime video,9932,streaming,2026-01-09,cartola
42,CL,CLP,1825965,59,Alta,estacionamiento saba pos,5978,transporte,2026-01-03,cartola
42,CL,CLP,1825965,59,Alta,transbank barrio chicken,10715,alimentacion,2026-01-04,cartola
42,CL,CLP,1825965,59,Alta,pago cuenta pat vtr telecom,28117,servicios,2026-01-19,cartola
42,CL,CLP,1825965,59,Alta,pago en pedro juan y diego,13207,alimentacion,2026-01-08,natural
42,CL,CLP,1825965,59,Alta,pago breal propiedades,134268,vivienda,2026-01-11,natural
42,CL,CLP,1825965,59,Alta,carga bencina en vespucio sur,35695,transporte,2026-01-12,natural
42,CL,CLP,1825965,59,Alta,pago cuenta pat enel distribucion,149330,servicios,2026-01-07,cartola
42,CL,CLP,1825965,59,Alta,compra webpay cabify,11209,transporte,2026-01-11,cartola
42,CL,CLP,1825965,59,Alta,compra webpay easy,151605,vivienda,2026-01-24,cartola
42,CL,CLP,1825965,59,Alta,transbank superbodega acuenta,25692,alimentacion,2026-01-29,cartola
42,CL,CLP,1825965,59,Alta,pago en farmacias del dr simi,46942,salud,2026-01-16,natural
42,CL,CLP,1825965,59,Alta,peaje zapata pos,4801,transporte,2026-01-07,cartola
42,CL,CLP,1825965,59,Alta,pago cuenta pat mundo pacifico,109306,servicios,2026-01-10,cartola
42,CL,CLP,1825965,59,Alta,transbank melt pizzas,8013,alimentacion,2026-01-26,cartola
42,CL,CLP,1825965,59,Alta,viaje en ruta 68,12463,transporte,2026-01-23,natural
42,CL,CLP,1825965,59,Alta,pago universidad del desarrollo udd,215044,educacion,2026-01-12,natural
42,CL,CLP,1825965,59,Alta,steam games compra inter,76860,ocio,2026-01-03,cartola
42,CL,CLP,1825965,59,Alta,viaje en peaje lateral,1572,transporte,2026-01-07,natural
42,CL,CLP,1825965,59,Alta,pago municipalidad alumbrado luz,33762,servicios,2026-01-05,cartola
42,CL,CLP,1825965,59,Alta,compra redcompra casaideas,84674,vivienda,2026-01-06,cartola
42,CL,CLP,1825965,59,Alta,transbank mayorista 10,30690,alimentacion,2026-01-26,cartola
42,CL,CLP,1825965,59,Alta,compra en superbodega acuenta,27539,alimentacion,2026-01-14,natural
42,CL,CLP,1825965,59,Alta,compra en eco farmacias,66238,salud,2026-01-14,natural
42,CL,CLP,1825965,59,Alta,carga bencina en cabify,14631,transporte,2026-01-05,natural
42,CL,CLP,1825965,59,Alta,pago mundo pacífico,51128,servicios,2026-01-19,natural
42,CL,CLP,1825965,59,Alta,pago cuenta pat lipigas,11989,servicios,2026-01-03,cartola
42,CL,CLP,1825965,59,Alta,pat isapre cruz blanca,188364,salud,2026-01-20,cartola
42,CL,CLP,1825965,59,Alta,compra webpay turbus,4967,transporte,2026-01-09,cartola
42,CL,CLP,1825965,59,Alta,pago alquiler propiedades chile,94434,vivienda,2026-01-03,natural
42,CL,CLP,1825965,59,Alta,entrada a playstation network,84253,ocio,2026-01-05,natural
42,CL,CLP,1825965,59,Alta,compra redcompra redfarma,48631,salud,2026-01-24,cartola
42,CL,CLP,1825965,59,Alta,discoteca amanda entradas pos,72517,ocio,2026-01-25,cartola
42,CL,CLP,1825965,59,Alta,pat isapre banmedica,116029,salud,2026-01-16,cartola
42,CL,CLP,1825965,59,Alta,pago instituto profesional santo tomás,545667,educacion,2026-01-02,natural
42,CL,CLP,1825965,59,Alta,carga bencina en estacionamiento saba,7138,transporte,2026-01-06,natural
42,CL,CLP,1825965,59,Alta,suscripcion a netflix chile,10808,streaming,2026-01-16,natural
42,CL,CLP,1825965,59,Alta,pago cuenta pat wom fibra,29783,servicios,2026-01-14,cartola
42,CL,CLP,1825965,59,Alta,viaje en autopista del sol,21870,transporte,2026-01-02,natural
42,CL,CLP,1825965,59,Alta,pago saesa,87518,servicios,2026-01-08,natural
42,CL,CLP,1825965,59,Alta,entrada a discoteca amanda,21685,ocio,2026-01-17,natural
42,CL,CLP,1825965,59,Alta,integramedica consulta suc,391030,salud,2026-01-03,cartola
42,CL,CLP,1825965,59,Alta,viaje en ruta 68,33862,transporte,2026-01-04,natural
42,CL,CLP,1825965,59,Alta,transbank botilleria el faro,41715,alimentacion,2026-01-04,cartola
42,CL,CLP,1825965,59,Alta,pago servipag cuentas recaudacion,94188,servicios,2026-01-03,cartola
42,CL,CLP,1825965,59,Alta,compra redcompra salcobrand,11847,salud,2026-01-09,cartola
42,CL,CLP,1825965,59,Alta,transbank superbodega acuenta,29610,alimentacion,2026-01-19,cartola
42,CL,CLP,1825965,59,Alta,pat dmoov chile suc,18787,ocio,2026-01-28,cartola
42,CL,CLP,1825965,59,Alta,ferreteria el candado suc,32803,vivienda,2026-01-06,cartola
42,CL,CLP,1825965,59,Alta,transbank fuente suiza,35869,alimentacion,2026-01-13,cartola
42,CL,CLP,1825965,59,Alta,pat usach cuota academica,575608,educacion,2026-01-28,cartola
42,CL,CLP,1825965,59,Alta,entrada a gimnasio sportlife,27321,ocio,2026-01-15,natural
42,CL,CLP,1825965,59,Alta,pat debito avo,8491,transporte,2026-01-29,cartola
42,CL,CLP,1825965,59,Alta,transbank mamut,16619,alimentacion,2026-01-02,cartola
42,CL,CLP,1825965,59,Alta,pago nuevosur,128896,servicios,2026-01-20,natural
42,CL,CLP,1825965,59,Alta,pago mundo pacífico,48929,servicios,2026-01-08,natural
42,CL,CLP,1825965,59,Alta,pago en wendy's,17291,alimentacion,2026-01-14,natural
42,CL,CLP,1825965,59,Alta,entrada a steam games,70750,ocio,2026-01-05,natural
42,CL,CLP,1825965,59,Alta,pago yolito ferretería,32437,vivienda,2026-01-15,natural
42,CL,CLP,1825965,59,Alta,carga bencina en petrobras,72827,transporte,2026-01-18,natural
42,CL,CLP,1825965,59,Alta,compra en alvi,10446,alimentacion,2026-01-28,natural
42,CL,CLP,1825965,59,Alta,pago en clínica dávila,103808,salud,2026-01-11,natural
42,CL,CLP,1825965,59,Alta,compra en melt pizzas,34370,alimentacion,2026-01-29,natural
42,CL,CLP,1825965,59,Alta,pago cuenta pat chilquinta,47879,servicios,2026-01-10,cartola
42,CL,CLP,1825965,59,Alta,carga bencina en autopista central,17457,transporte,2026-01-17,natural
42,CL,CLP,1825965,59,Alta,pago debito pat hdi seguros,23041,otros,2026-01-26,cartola
42,CL,CLP,1825965,59,Alta,clinica univ de los andes,233342,salud,2026-01-16,cartola
42,CL,CLP,1825965,59,Alta,ferreteria prat compra,61818,vivienda,2026-01-10,cartola
42,CL,CLP,1825965,59,Alta,pago mundo pacífico,85491,servicios,2026-01-02,natural
42,CL,CLP,1825965,59,Alta,pat debito ruta maipo,12049,transporte,2026-01-15,cartola
42,CL,CLP,1825965,59,Alta,libreria que leo compra suc,30446,educacion,2026-01-19,cartola
42,CL,CLP,1825965,59,Alta,pago saesa,47485,servicios,2026-01-29,natural
42,CL,CLP,1825965,59,Alta,pago en farmacias knop,62629,salud,2026-01-07,natural
42,CL,CLP,1825965,59,Alta,pat uss cuota mensual,507813,educacion,2026-01-02,cartola
42,CL,CLP,1825965,59,Alta,teatro nescafe de las artes entradas,36247,ocio,2026-01-10,cartola
42,CL,CLP,1825965,59,Alta,pago chilquinta,44338,servicios,2026-01-15,natural
42,CL,CLP,1825965,59,Alta,pago sencillito cuentas,107320,servicios,2026-01-06,natural
42,CL,CLP,1825965,59,Alta,pago cuenta pat metrogas,139349,servicios,2026-01-29,cartola
42,CL,CLP,1825965,59,Alta,suscripcion a netflix chile,9200,streaming,2026-01-25,natural
42,CL,CLP,1825965,59,Alta,pat duoc uc cuotas,315863,educacion,2026-01-18,cartola
42,CL,CLP,1825965,59,Alta,pat debito ruta maipo,6403,transporte,2026-01-08,cartola
42,CL,CLP,1825965,59,Alta,peaje melipilla pos,3169,transporte,2026-01-11,cartola
42,CL,CLP,1825965,59,Alta,compra webpay ikea chile,135410,vivienda,2026-01-22,cartola
42,CL,CLP,1825965,59,Alta,pat spotify chile,15860,streaming,2026-01-20,cartola
42,CL,CLP,1825965,59,Alta,pat disney plus chile,9688,streaming,2026-01-14,cartola
42,CL,CLP,1825965,59,Alta,maderas encofrados compra,7540,vivienda,2026-01-15,cartola
42,CL,CLP,1825965,59,Alta,entrada a bar el barista,26431,ocio,2026-01-08,natural
42,CL,CLP,1825965,59,Alta,compra en tottus,48259,alimentacion,2026-01-02,natural
42,CL,CLP,1825965,59,Alta,pago cuenta pat cge distribucion,145788,servicios,2026-01-10,cartola
42,CL,CLP,1825965,59,Alta,compra en pastelería marmentini,20588,alimentacion,2026-01-08,natural
42,CL,CLP,1825965,59,Alta,pago aliexpress,116850,otros,2026-01-02,natural
42,CL,CLP,1825965,59,Alta,pago claro hogar,53616,servicios,2026-01-17,natural
42,CL,CLP,1825965,59,Alta,pat netflix chile,15924,streaming,2026-01-02,cartola
42,CL,CLP,1825965,59,Alta,pago servipag cuentas,76373,servicios,2026-01-15,natural
42,CL,CLP,1825965,59,Alta,pago cuenta pat gtd manquehue,44886,servicios,2026-01-13,cartola
42,CL,CLP,1825965,59,Alta,pago cuenta pat aguas del altiplano,23631,servicios,2026-01-08,cartola
42,CL,CLP,1825965,59,Alta,compra en emporio la rosa,28221,alimentacion,2026-01-20,natural
42,CL,CLP,1825965,59,Alta,pago lipigas,23085,servicios,2026-01-04,natural
42,CL,CLP,1825965,59,Alta,transbank domino,15560,alimentacion,2026-01-17,cartola
42,CL,CLP,1825965,59,Alta,carga bencina en buses metropolitana,10193,transporte,2026-01-19,natural
42,CL,CLP,1825965,59,Alta,pago esval,147343,servicios,2026-01-11,natural
42,CL,CLP,1825965,59,Alta,bencina petrobras,19014,transporte,2026-01-10,cartola
43,CL,CLP,1437603,51,Baja,pat debito autopista central,29585,transporte,2026-01-18,cartola
43,CL,CLP,1437603,51,Baja,carga bencina en ruta 68,16996,transporte,2026-01-18,natural
43,CL,CLP,1437603,51,Baja,suscripcion a max hbo,8996,ocio,2026-01-17,natural
43,CL,CLP,1437603,51,Baja,carga bencina en efe trenes,7271,transporte,2026-01-03,natural
43,CL,CLP,1437603,51,Baja,entrada a cinemark,9378,ocio,2026-01-14,natural
43,CL,CLP,1437603,51,Baja,viaje en uber chile,18959,transporte,2026-01-19,natural
43,CL,CLP,1437603,51,Baja,bencina petrobras,54858,transporte,2026-01-16,cartola
43,CL,CLP,1437603,51,Baja,pago sencillito cuentas recaudacion,36924,servicios,2026-01-21,cartola
43,CL,CLP,1437603,51,Baja,pago yolito ferretería,90651,vivienda,2026-01-24,natural
43,CL,CLP,1437603,51,Baja,transbank mayorista 10,10992,alimentacion,2026-01-14,cartola
43,CL,CLP,1437603,51,Baja,compra en ópticas gmo,39905,salud,2026-01-04,natural
43,CL,CLP,1437603,51,Baja,compra redcompra feria chilena libro,28256,educacion,2026-01-20,cartola
43,CL,CLP,1437603,51,Baja,pat spotify chile,15378,streaming,2026-01-15,cartola
43,CL,CLP,1437603,51,Baja,pago en santa isabel,96108,alimentacion,2026-01-19,natural
43,CL,CLP,1437603,51,Baja,carga metro santiago,5687,transporte,2026-01-19,cartola
43,CL,CLP,1437603,51,Baja,transbank pedro juan y diego,19827,alimentacion,2026-01-24,cartola
43,CL,CLP,1437603,51,Baja,transbank buffalo waffles,14090,alimentacion,2026-01-09,cartola
43,CL,CLP,1437603,51,Baja,sii pago declaracion renta,48754,otros,2026-01-14,cartola
43,CL,CLP,1437603,51,Baja,compra redcompra knop,16355,salud,2026-01-26,cartola
43,CL,CLP,1437603,51,Baja,pat disney plus chile,13667,streaming,2026-01-23,cartola
43,CL,CLP,1437603,51,Baja,viaje en peaje lateral,2096,transporte,2026-01-19,natural
43,CL,CLP,1437603,51,Baja,pago paris deco,6563,vivienda,2026-01-02,natural
43,CL,CLP,1437603,51,Baja,transbank juan valdez,8586,alimentacion,2026-01-28,cartola
43,CL,CLP,1437603,51,Baja,alquiler propiedades chile arriendo,251456,vivienda,2026-01-19,cartola
43,CL,CLP,1437603,51,Baja,pago cuenta pat nuevosur agua,76858,servicios,2026-01-22,cartola
43,CL,CLP,1437603,51,Baja,laboratorio bionet pos,52538,salud,2026-01-12,cartola
43,CL,CLP,1437603,51,Baja,pago en dunkin donuts,9072,alimentacion,2026-01-05,natural
43,CL,CLP,1437603,51,Baja,compra webpay falabella suc,303405,otros,2026-01-08,cartola
43,CL,CLP,1437603,51,Baja,pago cuenta pat enel distribucion,133706,servicios,2026-01-25,cartola
43,CL,CLP,1437603,51,Baja,pago servipag cuentas,129715,servicios,2026-01-19,natural
43,CL,CLP,1437603,51,Baja,pago essbio,136820,servicios,2026-01-16,natural
43,CL,CLP,1437603,51,Baja,pago saesa,41685,servicios,2026-01-06,natural
43,CL,CLP,1437603,51,Baja,viaje en ruta del itata,34505,transporte,2026-01-08,natural
43,CL,CLP,1437603,51,Baja,transbank tarragona,8014,alimentacion,2026-01-04,cartola
43,CL,CLP,1437603,51,Baja,pago en unimarc,49108,alimentacion,2026-01-06,natural
43,CL,CLP,1437603,51,Baja,transbank fuente suiza,23022,alimentacion,2026-01-23,cartola
43,CL,CLP,1437603,51,Baja,pago seguros metlife,25210,otros,2026-01-17,natural
43,CL,CLP,1437603,51,Baja,pago en emporio la rosa,31996,alimentacion,2026-01-05,natural
43,CL,CLP,1437603,51,Baja,fonasa compra bono,194885,salud,2026-01-26,cartola
43,CL,CLP,1437603,51,Baja,opticas schilling compra,35835,salud,2026-01-03,cartola
43,CL,CLP,1437603,51,Baja,pat sportlife gimnasios,40323,ocio,2026-01-29,cartola
43,CL,CLP,1437603,51,Baja,carga bip webpay,5858,transporte,2026-01-21,cartola
43,CL,CLP,1437603,51,Baja,suscripcion a spotify,7145,streaming,2026-01-06,natural
43,CL,CLP,1437603,51,Baja,pago mapfre,23352,otros,2026-01-26,natural
43,CL,CLP,1437603,51,Baja,compra webpay paris deco,97037,vivienda,2026-01-28,cartola
43,CL,CLP,1437603,51,Baja,compra webpay tottus,79730,alimentacion,2026-01-21,cartola
43,CL,CLP,1437603,51,Baja,pat amazon prime video,4848,streaming,2026-01-11,cartola
43,CL,CLP,1437603,51,Baja,compra webpay falabella home,61225,vivienda,2026-01-05,cartola
43,CL,CLP,1437603,51,Baja,carga bencina en estacionamiento mall center,11994,transporte,2026-01-12,natural
43,CL,CLP,1437603,51,Baja,compra webpay pedidosya,10303,alimentacion,2026-01-14,cartola
43,CL,CLP,1437603,51,Baja,pat spotify chile,11365,streaming,2026-01-18,cartola
43,CL,CLP,1437603,51,Baja,compra en papa johns,17424,alimentacion,2026-01-23,natural
43,CL,CLP,1437603,51,Baja,carga bencina en vespucio sur,25037,transporte,2026-01-09,natural
43,CL,CLP,1437603,51,Baja,viaje en peaje angostura,3049,transporte,2026-01-17,natural
43,CL,CLP,1437603,51,Baja,pago cuenta pat gtd manquehue,58992,servicios,2026-01-20,cartola
43,CL,CLP,1437603,51,Baja,pago en isapre colmena,58931,salud,2026-01-09,natural
43,CL,CLP,1437603,51,Baja,pago servicio impuestos internos sii,114309,otros,2026-01-29,natural
43,CL,CLP,1437603,51,Baja,carga bencina en peaje lateral,1983,transporte,2026-01-08,natural
43,CL,CLP,1437603,51,Baja,transbank starbucks,14348,alimentacion,2026-01-23,cartola
43,CL,CLP,1437603,51,Baja,compra en clínica dávila,94678,salud,2026-01-11,natural
43,CL,CLP,1437603,51,Baja,compra en clínica santa maría,156343,salud,2026-01-25,natural
43,CL,CLP,1437603,51,Baja,compra webpay ikea chile,160095,vivienda,2026-01-27,cartola
43,CL,CLP,1437603,51,Baja,compra en almacén de barrio,48256,alimentacion,2026-01-19,natural
43,CL,CLP,1437603,51,Baja,compra redcompra ahumada,15319,salud,2026-01-25,cartola
43,CL,CLP,1437603,51,Baja,compra redcompra cruz verde,45894,salud,2026-01-02,cartola
43,CL,CLP,1437603,51,Baja,pat univ de los andes arancel,266697,educacion,2026-01-06,cartola
43,CL,CLP,1437603,51,Baja,pago imperial,58513,vivienda,2026-01-25,natural
43,CL,CLP,1437603,51,Baja,compra en la sanguchera del barrio,49617,alimentacion,2026-01-12,natural
43,CL,CLP,1437603,51,Baja,pago servipag cuentas recaudacion,66903,servicios,2026-01-24,cartola
43,CL,CLP,1437603,51,Baja,pago cuenta pat esval agua,13372,servicios,2026-01-03,cartola
43,CL,CLP,1437603,51,Baja,transbank santa isabel,166490,alimentacion,2026-01-28,cartola
43,CL,CLP,1437603,51,Baja,pago universidad san sebastián uss,154585,educacion,2026-01-25,natural
43,CL,CLP,1437603,51,Baja,compra en mamut,38845,alimentacion,2026-01-18,natural
43,CL,CLP,1437603,51,Baja,entrada a puntoticket,52030,ocio,2026-01-04,natural
43,CL,CLP,1437603,51,Baja,carga bencina en buses metropolitana,11332,transporte,2026-01-21,natural
43,CL,CLP,1437603,51,Baja,suscripcion a netflix chile,8800,streaming,2026-01-15,natural
43,CL,CLP,1437603,51,Baja,compra redcompra dr ahorro,58720,salud,2026-01-19,cartola
43,CL,CLP,1437603,51,Baja,pago enel distribución,144177,servicios,2026-01-06,natural
43,CL,CLP,1437603,51,Baja,pago debito pat chilena consolidada,18036,otros,2026-01-29,cartola
43,CL,CLP,1437603,51,Baja,pago debito pat bci seguros,26552,otros,2026-01-24,cartola
43,CL,CLP,1437603,51,Baja,comision mantencion tarjeta cencosud,28748,otros,2026-01-13,cartola
43,CL,CLP,1437603,51,Baja,pago nuevosur,29306,servicios,2026-01-03,natural
43,CL,CLP,1437603,51,Baja,pago aliexpress,182775,otros,2026-01-02,natural
43,CL,CLP,1437603,51,Baja,pago vtr internet,140336,servicios,2026-01-21,natural
43,CL,CLP,1437603,51,Baja,pago ikea chile,57631,vivienda,2026-01-25,natural
43,CL,CLP,1437603,51,Baja,viaje en ruta 68,30668,transporte,2026-01-15,natural
43,CL,CLP,1437603,51,Baja,pat disney plus chile,15110,streaming,2026-01-25,cartola
43,CL,CLP,1437603,51,Baja,transbank la pica del gringo,35838,alimentacion,2026-01-24,cartola
43,CL,CLP,1437603,51,Baja,pago cuenta pat claro hogar,139824,servicios,2026-01-29,cartola
43,CL,CLP,1437603,51,Baja,pago sencillito cuentas,149138,servicios,2026-01-15,natural
43,CL,CLP,1437603,51,Baja,pago vtr internet,147878,servicios,2026-01-02,natural
43,CL,CLP,1437603,51,Baja,compra en la sanguchera del barrio,29985,alimentacion,2026-01-16,natural
43,CL,CLP,1437603,51,Baja,pago cuenta pat essbio agua,51658,servicios,2026-01-15,cartola
43,CL,CLP,1437603,51,Baja,compra en clínica bupa,380351,salud,2026-01-16,natural
43,CL,CLP,1437603,51,Baja,entrada a cineplanet,18949,ocio,2026-01-07,natural
43,CL,CLP,1437603,51,Baja,compra en la sanguchera del barrio,43467,alimentacion,2026-01-16,natural
43,CL,CLP,1437603,51,Baja,carga bencina en peaje zapata,1990,transporte,2026-01-06,natural
43,CL,CLP,1437603,51,Baja,peaje melipilla pos,2952,transporte,2026-01-06,cartola
43,CL,CLP,1437603,51,Baja,pat isapre banmedica,254138,salud,2026-01-11,cartola
43,CL,CLP,1437603,51,Baja,pago en almacén doña juana,16318,alimentacion,2026-01-25,natural
43,CL,CLP,1437603,51,Baja,pago kastor gastos comunes,65375,vivienda,2026-01-05,natural
43,CL,CLP,1437603,51,Baja,pago cuenta pat saesa,111589,servicios,2026-01-19,cartola
43,CL,CLP,1437603,51,Baja,pago librería qué leo,7585,educacion,2026-01-20,natural
43,CL,CLP,1437603,51,Baja,pat seguro metlife chile,29423,otros,2026-01-27,cartola
43,CL,CLP,1437603,51,Baja,transbank tavelli,32927,alimentacion,2026-01-05,cartola
43,CL,CLP,1437603,51,Baja,pago cuenta pat metrogas,147778,servicios,2026-01-03,cartola
43,CL,CLP,1437603,51,Baja,pago cuenta pat lipigas,21426,servicios,2026-01-21,cartola
43,CL,CLP,1437603,51,Baja,compra en juan maestro,25476,alimentacion,2026-01-18,natural
43,CL,CLP,1437603,51,Baja,pago cuenta pat wom fibra,138784,servicios,2026-01-16,cartola
43,CL,CLP,1437603,51,Baja,mercadolibre*compra webpay,174443,otros,2026-01-06,cartola
43,CL,CLP,1437603,51,Baja,pat matricula u de chile,184744,educacion,2026-01-06,cartola
43,CL,CLP,1437603,51,Baja,viaje en copec,19181,transporte,2026-01-28,natural
43,CL,CLP,1437603,51,Baja,pat gimnasio upgrade pos,27018,ocio,2026-01-26,cartola
43,CL,CLP,1437603,51,Baja,pago seguros sura,22678,otros,2026-01-06,natural
43,CL,CLP,1437603,51,Baja,pago pc factory,131045,otros,2026-01-21,natural
43,CL,CLP,1437603,51,Baja,compra webpay uber,21376,transporte,2026-01-07,cartola
43,CL,CLP,1437603,51,Baja,pago enel distribución,140672,servicios,2026-01-06,natural
43,CL,CLP,1437603,51,Baja,pago essbio,110897,servicios,2026-01-06,natural
43,CL,CLP,1437603,51,Baja,estacionamiento mall center,10907,transporte,2026-01-09,cartola
43,CL,CLP,1437603,51,Baja,pago copropietarios edificio el golf,201141,vivienda,2026-01-17,natural
43,CL,CLP,1437603,51,Baja,pago pago de luz municipalidad,34122,servicios,2026-01-11,natural
43,CL,CLP,1437603,51,Baja,pat isapre cruz blanca,191647,salud,2026-01-15,cartola
43,CL,CLP,1437603,51,Baja,pat gimnasio upgrade pos,26379,ocio,2026-01-14,cartola
43,CL,CLP,1437603,51,Baja,alquiler propiedades chile arriendo,159197,vivienda,2026-01-11,cartola
43,CL,CLP,1437603,51,Baja,pat debito autopista central,17343,transporte,2026-01-25,cartola
44,CL,CLP,890102,70,Media,transbank carls jr,27473,alimentacion,2026-01-19,cartola
44,CL,CLP,890102,70,Media,pago zurich chile,12597,otros,2026-01-23,natural
44,CL,CLP,890102,70,Media,pat disney plus chile,12801,streaming,2026-01-11,cartola
44,CL,CLP,890102,70,Media,inscripcion en universidad san sebastián uss,293369,educacion,2026-01-22,natural
44,CL,CLP,890102,70,Media,ferreteria el candado suc,88572,vivienda,2026-01-15,cartola
44,CL,CLP,890102,70,Media,pago esval,123816,servicios,2026-01-18,natural
44,CL,CLP,890102,70,Media,viaje en cabify,3960,transporte,2026-01-17,natural
44,CL,CLP,890102,70,Media,pago en clínica universidad de los andes,20398,salud,2026-01-09,natural
44,CL,CLP,890102,70,Media,compra en la sanguchera del barrio,30772,alimentacion,2026-01-23,natural
44,CL,CLP,890102,70,Media,pago cuenta pat aguas del altiplano,88844,servicios,2026-01-25,cartola
44,CL,CLP,890102,70,Media,pat isapre banmedica,216012,salud,2026-01-19,cartola
44,CL,CLP,890102,70,Media,compra webpay jumbo,92111,alimentacion,2026-01-03,cartola
44,CL,CLP,890102,70,Media,pago en laboratorio bionet,8089,salud,2026-01-14,natural
44,CL,CLP,890102,70,Media,compra webpay sodimac,34810,vivienda,2026-01-10,cartola
44,CL,CLP,890102,70,Media,compra en panadería san ramón,43551,alimentacion,2026-01-24,natural
44,CL,CLP,890102,70,Media,compra webpay falabella home,102770,vivienda,2026-01-06,cartola
44,CL,CLP,890102,70,Media,pago cuenta pat mundo pacifico,92505,servicios,2026-01-27,cartola
44,CL,CLP,890102,70,Media,pago sencillito cuentas recaudacion,11254,servicios,2026-01-02,cartola
44,CL,CLP,890102,70,Media,pago en oxxo,25959,alimentacion,2026-01-05,natural
44,CL,CLP,890102,70,Media,compra en isapre cruz blanca,69774,salud,2026-01-11,natural
44,CL,CLP,890102,70,Media,pago ripley,114988,otros,2026-01-11,natural
44,CL,CLP,890102,70,Media,compra webpay turbus,2560,transporte,2026-01-16,cartola
44,CL,CLP,890102,70,Media,inscripcion en colegio saint george,66959,educacion,2026-01-21,natural
44,CL,CLP,890102,70,Media,pago cuenta pat gasco,59306,servicios,2026-01-25,cartola
44,CL,CLP,890102,70,Media,pat netflix chile,6329,streaming,2026-01-23,cartola
44,CL,CLP,890102,70,Media,compra en farmacias cruz verde,40014,salud,2026-01-14,natural
44,CL,CLP,890102,70,Media,compra en centro médico san lorenzo,36193,salud,2026-01-19,natural
44,CL,CLP,890102,70,Media,pago en isapre cruz blanca,134694,salud,2026-01-05,natural
44,CL,CLP,890102,70,Media,pat disney plus chile,12624,streaming,2026-01-08,cartola
44,CL,CLP,890102,70,Media,colegio saint george arancel pat,97775,educacion,2026-01-12,cartola
44,CL,CLP,890102,70,Media,pago banco de chile comisiones,21706,otros,2026-01-27,natural
44,CL,CLP,890102,70,Media,entrada a ticketmaster chile,18593,ocio,2026-01-05,natural
44,CL,CLP,890102,70,Media,transbank fuente alemana,23951,alimentacion,2026-01-13,cartola
44,CL,CLP,890102,70,Media,carga bencina en ruta 68,17412,transporte,2026-01-26,natural
44,CL,CLP,890102,70,Media,compra en clínica universidad de los andes,115767,salud,2026-01-15,natural
44,CL,CLP,890102,70,Media,compra webpay falabella home,63968,vivienda,2026-01-05,cartola
44,CL,CLP,890102,70,Media,pago decathlon,28772,otros,2026-01-13,natural
44,CL,CLP,890102,70,Media,compra redcompra pc factory suc,235033,otros,2026-01-05,cartola
44,CL,CLP,890102,70,Media,compra en wendy's,6941,alimentacion,2026-01-18,natural
44,CL,CLP,890102,70,Media,comision mantencion cmr falabella,13853,otros,2026-01-20,cartola
44,CL,CLP,890102,70,Media,suscripcion a cinehoyts,19890,ocio,2026-01-21,natural
44,CL,CLP,890102,70,Media,pago nuevosur,15289,servicios,2026-01-21,natural
44,CL,CLP,890102,70,Media,pago universidad de santiago usach,234249,educacion,2026-01-11,natural
44,CL,CLP,890102,70,Media,carga bencina en ruta del itata,24622,transporte,2026-01-28,natural
44,CL,CLP,890102,70,Media,transbank fuente suiza,31444,alimentacion,2026-01-23,cartola
44,CL,CLP,890102,70,Media,pago cuenta pat essbio agua,66443,servicios,2026-01-09,cartola
44,CL,CLP,890102,70,Media,pago claro hogar,149091,servicios,2026-01-18,natural
44,CL,CLP,890102,70,Media,bencina petrobras,58094,transporte,2026-01-06,cartola
44,CL,CLP,890102,70,Media,pago en buffalo waffles,25916,alimentacion,2026-01-11,natural
44,CL,CLP,890102,70,Media,clinica dental cumbre pos,50533,salud,2026-01-07,cartola
44,CL,CLP,890102,70,Media,pago cuenta pat nuevosur agua,38066,servicios,2026-01-06,cartola
44,CL,CLP,890102,70,Media,condonvive copropiedad transfer,165753,vivienda,2026-01-07,cartola
44,CL,CLP,890102,70,Media,entrada a cineplanet,9611,ocio,2026-01-20,natural
44,CL,CLP,890102,70,Media,transbank tommy beans,26601,alimentacion,2026-01-04,cartola
44,CL,CLP,890102,70,Media,compra webpay paris deco,90790,vivienda,2026-01-15,cartola
44,CL,CLP,890102,70,Media,pago lipigas,68988,servicios,2026-01-03,natural
44,CL,CLP,890102,70,Media,suscripcion a spotify,15386,streaming,2026-01-17,natural
44,CL,CLP,890102,70,Media,transbank la sanguchera,11025,alimentacion,2026-01-15,cartola
44,CL,CLP,890102,70,Media,pago en schopdog,11516,alimentacion,2026-01-21,natural
44,CL,CLP,890102,70,Media,pago en botillería el faro,26264,alimentacion,2026-01-08,natural
44,CL,CLP,890102,70,Media,pago claro hogar,39240,servicios,2026-01-23,natural
44,CL,CLP,890102,70,Media,entrada a gimnasio sportlife,19755,ocio,2026-01-09,natural
44,CL,CLP,890102,70,Media,pago cuenta pat aguas andinas,51086,servicios,2026-01-19,cartola
44,CL,CLP,890102,70,Media,peaje zapata pos,4685,transporte,2026-01-12,cartola
44,CL,CLP,890102,70,Media,pat isapre cruz blanca,155719,salud,2026-01-17,cartola
44,CL,CLP,890102,70,Media,compra webpay jumbo,106105,alimentacion,2026-01-18,cartola
44,CL,CLP,890102,70,Media,pat amazon prime video,4516,streaming,2026-01-11,cartola
44,CL,CLP,890102,70,Media,carga bencina en peaje melipilla,4033,transporte,2026-01-13,natural
44,CL,CLP,890102,70,Media,pago cuenta pat cge distribucion,76662,servicios,2026-01-03,cartola
44,CL,CLP,890102,70,Media,transbank spacio1 petrobras,4385,alimentacion,2026-01-22,cartola
44,CL,CLP,890102,70,Media,opticas gmo compra suc,40127,salud,2026-01-17,cartola
44,CL,CLP,890102,70,Media,inscripcion en pontificia universidad católica,175848,educacion,2026-01-22,natural
44,CL,CLP,890102,70,Media,viaje en shell,26147,transporte,2026-01-16,natural
44,CL,CLP,890102,70,Media,pago cge distribución,72322,servicios,2026-01-10,natural
44,CL,CLP,890102,70,Media,transbank verduleria don lucho,17481,alimentacion,2026-01-23,cartola
44,CL,CLP,890102,70,Media,suscripcion a disney plus,9375,streaming,2026-01-09,natural
44,CL,CLP,890102,70,Media,pago cuenta pat wom fibra,142379,servicios,2026-01-04,cartola
44,CL,CLP,890102,70,Media,pago cuenta pat wom fibra,44645,servicios,2026-01-04,cartola
44,CL,CLP,890102,70,Media,transbank panaderia san ramon,24550,alimentacion,2026-01-09,cartola
44,CL,CLP,890102,70,Media,carga bencina en shell,21589,transporte,2026-01-06,natural
44,CL,CLP,890102,70,Media,compra en kfc,23544,alimentacion,2026-01-13,natural
44,CL,CLP,890102,70,Media,pago essbio,18264,servicios,2026-01-23,natural
44,CL,CLP,890102,70,Media,pat amazon prime video,13068,streaming,2026-01-26,cartola
44,CL,CLP,890102,70,Media,suscripcion a puntoticket,62438,ocio,2026-01-19,natural
44,CL,CLP,890102,70,Media,inscripcion en colegio saint george,28532,educacion,2026-01-09,natural
44,CL,CLP,890102,70,Media,suscripcion a netflix chile,12132,streaming,2026-01-22,natural
44,CL,CLP,890102,70,Media,alquiler propiedades chile arriendo,98283,vivienda,2026-01-02,cartola
44,CL,CLP,890102,70,Media,compra en farmacias salcobrand,37682,salud,2026-01-26,natural
44,CL,CLP,890102,70,Media,transbank telepizza,6289,alimentacion,2026-01-15,cartola
44,CL,CLP,890102,70,Media,carga bencina en peaje troncal lampa,2495,transporte,2026-01-27,natural
44,CL,CLP,890102,70,Media,fantasilandia entradas,87515,ocio,2026-01-07,cartola
44,CL,CLP,890102,70,Media,bencina copec,49674,transporte,2026-01-26,cartola
44,CL,CLP,890102,70,Media,pago en verdulería don lucho,42282,alimentacion,2026-01-27,natural
44,CL,CLP,890102,70,Media,entrada a smart fit,26504,ocio,2026-01-21,natural
44,CL,CLP,890102,70,Media,administracion jardines maipu exp,153659,vivienda,2026-01-14,cartola
44,CL,CLP,890102,70,Media,pago cuenta pat gtd manquehue,58775,servicios,2026-01-17,cartola
44,CL,CLP,890102,70,Media,compra en melt pizzas,20619,alimentacion,2026-01-24,natural
44,CL,CLP,890102,70,Media,pago cuenta pat claro hogar,141196,servicios,2026-01-06,cartola
44,CL,CLP,890102,70,Media,pago cuenta pat nuevosur agua,102897,servicios,2026-01-06,cartola
44,CL,CLP,890102,70,Media,pat amazon prime video,17219,streaming,2026-01-09,cartola
44,CL,CLP,890102,70,Media,pago cuenta pat lipigas,105277,servicios,2026-01-16,cartola
44,CL,CLP,890102,70,Media,transbank tavelli,38390,alimentacion,2026-01-11,cartola
44,CL,CLP,890102,70,Media,pago cge distribución,53482,servicios,2026-01-23,natural
44,CL,CLP,890102,70,Media,suscripcion a discoteca amanda,45839,ocio,2026-01-11,natural
44,CL,CLP,890102,70,Media,pat debito costanera norte,27986,transporte,2026-01-15,cartola
44,CL,CLP,890102,70,Media,carga metro santiago,1513,transporte,2026-01-23,cartola
44,CL,CLP,890102,70,Media,transbank la pica del gringo,33955,alimentacion,2026-01-05,cartola
44,CL,CLP,890102,70,Media,suscripcion a spotify,14759,streaming,2026-01-07,natural
44,CL,CLP,890102,70,Media,viaje en turbus,3346,transporte,2026-01-08,natural
44,CL,CLP,890102,70,Media,pago cuenta pat vtr telecom,78663,servicios,2026-01-28,cartola
44,CL,CLP,890102,70,Media,viaje en efe trenes,7678,transporte,2026-01-20,natural
44,CL,CLP,890102,70,Media,alquiler propiedades chile arriendo,293000,vivienda,2026-01-14,cartola
44,CL,CLP,890102,70,Media,pat uss cuota mensual,120783,educacion,2026-01-19,cartola
44,CL,CLP,890102,70,Media,carga bencina en ruta 68,42541,transporte,2026-01-14,natural
44,CL,CLP,890102,70,Media,pat netflix chile,17042,streaming,2026-01-07,cartola
44,CL,CLP,890102,70,Media,suscripcion a spotify,17270,streaming,2026-01-23,natural
44,CL,CLP,890102,70,Media,pat gimnasio upgrade pos,19889,ocio,2026-01-21,cartola
44,CL,CLP,890102,70,Media,carga bencina en petrobras,17862,transporte,2026-01-14,natural
44,CL,CLP,890102,70,Media,pat spotify chile,13986,streaming,2026-01-19,cartola
44,CL,CLP,890102,70,Media,compra webpay ikea chile,277254,vivienda,2026-01-17,cartola
44,CL,CLP,890102,70,Media,transbank upa!,5338,alimentacion,2026-01-05,cartola
44,CL,CLP,890102,70,Media,pago en isapre colmena,237552,salud,2026-01-22,natural
44,CL,CLP,890102,70,Media,transbank pasteleria marmentini,35487,alimentacion,2026-01-16,cartola
44,CL,CLP,890102,70,Media,sherwin williams compra suc,92005,vivienda,2026-01-20,cartola
44,CL,CLP,890102,70,Media,pago edipro edificio,202472,vivienda,2026-01-12,natural
45,CL,CLP,790650,11,Baja,transbank oxxo,10976,alimentacion,2026-01-05,cartola
45,CL,CLP,790650,11,Baja,viaje en colectivo linea 40,8204,transporte,2026-01-13,natural
45,CL,CLP,790650,11,Baja,pago imperial,78468,vivienda,2026-01-02,natural
45,CL,CLP,790650,11,Baja,pago en clínica universidad de los andes,73380,salud,2026-01-15,natural
45,CL,CLP,790650,11,Baja,pago cuenta pat saesa,116937,servicios,2026-01-05,cartola
45,CL,CLP,790650,11,Baja,pago en pizza hut,18010,alimentacion,2026-01-28,natural
45,CL,CLP,790650,11,Baja,transbank panaderia san ramon,31159,alimentacion,2026-01-21,cartola
45,CL,CLP,790650,11,Baja,pat debito vespucio norte,17281,transporte,2026-01-19,cartola
45,CL,CLP,790650,11,Baja,pago construmart,81229,vivienda,2026-01-18,natural
45,CL,CLP,790650,11,Baja,pago municipalidad alumbrado luz,24038,servicios,2026-01-07,cartola
45,CL,CLP,790650,11,Baja,pat netflix chile,17010,streaming,2026-01-28,cartola
45,CL,CLP,790650,11,Baja,pago en tottus,123678,alimentacion,2026-01-08,natural
45,CL,CLP,790650,11,Baja,pago municipalidad alumbrado luz,55020,servicios,2026-01-09,cartola
45,CL,CLP,790650,11,Baja,pago municipalidad alumbrado luz,60979,servicios,2026-01-05,cartola
45,CL,CLP,790650,11,Baja,pago cuenta pat nuevosur agua,30154,servicios,2026-01-29,cartola
45,CL,CLP,790650,11,Baja,pago comunidadfeliz gasto comun,201622,vivienda,2026-01-29,cartola
45,CL,CLP,790650,11,Baja,compra en pedidosya,43456,alimentacion,2026-01-17,natural
45,CL,CLP,790650,11,Baja,entrada a club de baile,54826,ocio,2026-01-18,natural
45,CL,CLP,790650,11,Baja,pago cuenta pat claro hogar,68958,servicios,2026-01-15,cartola
45,CL,CLP,790650,11,Baja,pago cuenta pat nuevosur agua,42417,servicios,2026-01-29,cartola
45,CL,CLP,790650,11,Baja,carga bencina en autopista del sol,17275,transporte,2026-01-06,natural
45,CL,CLP,790650,11,Baja,pago cuenta pat gasco,37745,servicios,2026-01-10,cartola
45,CL,CLP,790650,11,Baja,pago en tarragona,28956,alimentacion,2026-01-19,natural
45,CL,CLP,790650,11,Baja,pago chilquinta,76600,servicios,2026-01-07,natural
45,CL,CLP,790650,11,Baja,pago saesa,57761,servicios,2026-01-27,natural
45,CL,CLP,790650,11,Baja,compra webpay pedidosya,39520,alimentacion,2026-01-20,cartola
45,CL,CLP,790650,11,Baja,pat udd arancel,187687,educacion,2026-01-08,cartola
45,CL,CLP,790650,11,Baja,pat disney plus chile,9715,streaming,2026-01-12,cartola
45,CL,CLP,790650,11,Baja,compra en ópticas schilling,9455,salud,2026-01-26,natural
45,CL,CLP,790650,11,Baja,pago gtd manquehue,114842,servicios,2026-01-26,natural
45,CL,CLP,790650,11,Baja,pago paris,188554,otros,2026-01-13,natural
45,CL,CLP,790650,11,Baja,pago cuenta pat mundo pacifico,131848,servicios,2026-01-10,cartola
45,CL,CLP,790650,11,Baja,pago cge distribución,56095,servicios,2026-01-17,natural
45,CL,CLP,790650,11,Baja,suscripcion a passline,51073,ocio,2026-01-15,natural
45,CL,CLP,790650,11,Baja,compra en farmacias salcobrand,12721,salud,2026-01-21,natural
45,CL,CLP,790650,11,Baja,ferreteria el candado suc,65352,vivienda,2026-01-24,cartola
45,CL,CLP,790650,11,Baja,transbank telepizza,27524,alimentacion,2026-01-11,cartola
45,CL,CLP,790650,11,Baja,compra webpay maconline suc,172238,otros,2026-01-07,cartola
45,CL,CLP,790650,11,Baja,suscripcion a gimnasio sportlife,45885,ocio,2026-01-24,natural
45,CL,CLP,790650,11,Baja,suscripcion a gimnasio sportlife,25521,ocio,2026-01-15,natural
45,CL,CLP,790650,11,Baja,entrada a puntoticket,32225,ocio,2026-01-12,natural
45,CL,CLP,790650,11,Baja,carga bencina en copec,21169,transporte,2026-01-22,natural
45,CL,CLP,790650,11,Baja,pago cuenta pat metrogas,80373,servicios,2026-01-26,cartola
45,CL,CLP,790650,11,Baja,pago banco estado tarjeta,6088,otros,2026-01-07,natural
45,CL,CLP,790650,11,Baja,suscripcion a spotify,17746,streaming,2026-01-02,natural
45,CL,CLP,790650,11,Baja,pat disney plus chile,11696,streaming,2026-01-24,cartola
45,CL,CLP,790650,11,Baja,pago chilquinta,40937,servicios,2026-01-23,natural
45,CL,CLP,790650,11,Baja,compra en dominó,19648,alimentacion,2026-01-21,natural
45,CL,CLP,790650,11,Baja,pago cuenta pat metrogas,37013,servicios,2026-01-13,cartola
45,CL,CLP,790650,11,Baja,compra en tavelli,44635,alimentacion,2026-01-16,natural
45,CL,CLP,790650,11,Baja,transbank mamut,45699,alimentacion,2026-01-28,cartola
45,CL,CLP,790650,11,Baja,carga bencina en petrobras,59851,transporte,2026-01-18,natural
45,CL,CLP,790650,11,Baja,pago essbio,111067,servicios,2026-01-02,natural
45,CL,CLP,790650,11,Baja,bar la virgen compra suc,58243,ocio,2026-01-10,cartola
45,CL,CLP,790650,11,Baja,compra en bravissimo,42904,alimentacion,2026-01-22,natural
45,CL,CLP,790650,11,Baja,amazon*marketplace chile,131903,otros,2026-01-14,cartola
45,CL,CLP,790650,11,Baja,compra en isapre cruz blanca,145998,salud,2026-01-20,natural
45,CL,CLP,790650,11,Baja,compra webpay turbus,10302,transporte,2026-01-20,cartola
45,CL,CLP,790650,11,Baja,carga bencina en peaje lateral,1267,transporte,2026-01-21,natural
45,CL,CLP,790650,11,Baja,entrada a club de baile,38211,ocio,2026-01-06,natural
45,CL,CLP,790650,11,Baja,pat debito ruta maipo,12751,transporte,2026-01-14,cartola
45,CL,CLP,790650,11,Baja,pago en redfarma,71159,salud,2026-01-15,natural
45,CL,CLP,790650,11,Baja,compra en la picá del gringo,23654,alimentacion,2026-01-09,natural
45,CL,CLP,790650,11,Baja,pat debito avo,27309,transporte,2026-01-25,cartola
45,CL,CLP,790650,11,Baja,ferreteria el candado suc,86254,vivienda,2026-01-03,cartola
45,CL,CLP,790650,11,Baja,condonvive copropiedad transfer,262843,vivienda,2026-01-11,cartola
45,CL,CLP,790650,11,Baja,peaje lampa pos,1723,transporte,2026-01-21,cartola
45,CL,CLP,790650,11,Baja,pago cuenta pat wom fibra,96447,servicios,2026-01-16,cartola
45,CL,CLP,790650,11,Baja,viaje en efe trenes,1855,transporte,2026-01-07,natural
45,CL,CLP,790650,11,Baja,pago debito pat hdi seguros,20948,otros,2026-01-17,cartola
45,CL,CLP,790650,11,Baja,pago enel distribución,75205,servicios,2026-01-11,natural
45,CL,CLP,790650,11,Baja,compra efe trenes,11345,transporte,2026-01-29,cartola
45,CL,CLP,790650,11,Baja,pago kastor gasto comun,61744,vivienda,2026-01-05,cartola
45,CL,CLP,790650,11,Baja,pago cuenta pat claro hogar,62798,servicios,2026-01-26,cartola
45,CL,CLP,790650,11,Baja,libreria que leo compra suc,25296,educacion,2026-01-19,cartola
45,CL,CLP,790650,11,Baja,pago maderas encofrados,33822,vivienda,2026-01-25,natural
45,CL,CLP,790650,11,Baja,pat amazon prime video,15427,streaming,2026-01-15,cartola
45,CL,CLP,790650,11,Baja,pago en isapre colmena,176267,salud,2026-01-16,natural
45,CL,CLP,790650,11,Baja,compra webpay pedidosya,10979,alimentacion,2026-01-29,cartola
45,CL,CLP,790650,11,Baja,pago enel distribución,123568,servicios,2026-01-29,natural
45,CL,CLP,790650,11,Baja,pat debito vespucio sur,8376,transporte,2026-01-26,cartola
45,CL,CLP,790650,11,Baja,viaje en peaje angostura,2067,transporte,2026-01-05,natural
45,CL,CLP,790650,11,Baja,pat debito avo,26494,transporte,2026-01-25,cartola
45,CL,CLP,790650,11,Baja,pat debito ruta maipo,25197,transporte,2026-01-25,cartola
45,CL,CLP,790650,11,Baja,compra webpay sodimac,58290,vivienda,2026-01-23,cartola
45,CL,CLP,790650,11,Baja,carga bencina en peaje zapata,4632,transporte,2026-01-08,natural
45,CL,CLP,790650,11,Baja,viaje en metro de santiago,7528,transporte,2026-01-20,natural
45,CL,CLP,790650,11,Baja,compra webpay sodimac,153877,vivienda,2026-01-02,cartola
45,CL,CLP,790650,11,Baja,suscripcion a pacific fitness,31386,ocio,2026-01-17,natural
45,CL,CLP,790650,11,Baja,viaje en shell,23894,transporte,2026-01-07,natural
45,CL,CLP,790650,11,Baja,pago cuenta pat vtr telecom,28900,servicios,2026-01-24,cartola
45,CL,CLP,790650,11,Baja,pago casaideas,49402,vivienda,2026-01-11,natural
45,CL,CLP,790650,11,Baja,compra redcompra decathlon chile,92622,otros,2026-01-29,cartola
45,CL,CLP,790650,11,Baja,pat spotify chile,13329,streaming,2026-01-24,cartola
45,CL,CLP,790650,11,Baja,pago debito pat chilena consolidada,25398,otros,2026-01-14,cartola
45,CL,CLP,790650,11,Baja,pago metrogas,144784,servicios,2026-01-22,natural
45,CL,CLP,790650,11,Baja,pago en ópticas schilling,22342,salud,2026-01-20,natural
45,CL,CLP,790650,11,Baja,carga bencina en autopista del sol,29686,transporte,2026-01-23,natural
45,CL,CLP,790650,11,Baja,clinica santa maria pos,152256,salud,2026-01-02,cartola
45,CL,CLP,790650,11,Baja,suscripcion a netflix chile,4856,streaming,2026-01-16,natural
45,CL,CLP,790650,11,Baja,breal propiedades pago gastos,207570,vivienda,2026-01-27,cartola
45,CL,CLP,790650,11,Baja,entrada a passline,8201,ocio,2026-01-06,natural
45,CL,CLP,790650,11,Baja,pago municipalidad alumbrado luz,138378,servicios,2026-01-18,cartola
45,CL,CLP,790650,11,Baja,pago en clínica universidad de los andes,30785,salud,2026-01-12,natural
45,CL,CLP,790650,11,Baja,compra en farmacias ahumada,29467,salud,2026-01-10,natural
45,CL,CLP,790650,11,Baja,viaje en tarjeta bip!,4961,transporte,2026-01-14,natural
45,CL,CLP,790650,11,Baja,pago administración jardines de maipú,148964,vivienda,2026-01-09,natural
45,CL,CLP,790650,11,Baja,compra webpay tottus,51462,alimentacion,2026-01-13,cartola
45,CL,CLP,790650,11,Baja,integramedica consulta suc,41272,salud,2026-01-28,cartola
45,CL,CLP,790650,11,Baja,suscripcion a netflix chile,11848,streaming,2026-01-16,natural
45,CL,CLP,790650,11,Baja,pago colectivo linea 40,7354,transporte,2026-01-15,cartola
45,CL,CLP,790650,11,Baja,transbank subway,10453,alimentacion,2026-01-14,cartola
45,CL,CLP,790650,11,Baja,clinica santa maria pos,200614,salud,2026-01-21,cartola
45,CL,CLP,790650,11,Baja,pago wom fibra,138027,servicios,2026-01-27,natural
45,CL,CLP,790650,11,Baja,condonvive copropiedad transfer,210766,vivienda,2026-01-11,cartola
45,CL,CLP,790650,11,Baja,suscripcion a teatro caupolicán,73855,ocio,2026-01-20,natural
45,CL,CLP,790650,11,Baja,pago en eco farmacias,62474,salud,2026-01-28,natural
45,CL,CLP,790650,11,Baja,pago cuenta pat nuevosur agua,134832,servicios,2026-01-15,cartola
45,CL,CLP,790650,11,Baja,pat udp arancel academico,126559,educacion,2026-01-06,cartola
45,CL,CLP,790650,11,Baja,transbank telepizza,19803,alimentacion,2026-01-04,cartola
45,CL,CLP,790650,11,Baja,pat debito vespucio sur,25985,transporte,2026-01-04,cartola
45,CL,CLP,790650,11,Baja,compra en panadería san ramón,34879,alimentacion,2026-01-03,natural
45,CL,CLP,790650,11,Baja,suscripcion a cinehoyts,7059,ocio,2026-01-20,natural
45,CL,CLP,790650,11,Baja,pago aguas de antofagasta,18781,servicios,2026-01-14,natural
45,CL,CLP,790650,11,Baja,clinica bupa santiago,57325,salud,2026-01-11,cartola
46,CL,CLP,920531,25,Alta,suscripcion a disney plus,8500,streaming,2026-01-22,natural
46,CL,CLP,920531,25,Alta,pat smart fit gimnasios,26060,ocio,2026-01-07,cartola
46,CL,CLP,920531,25,Alta,pago sencillito cuentas,44113,servicios,2026-01-03,natural
46,CL,CLP,920531,25,Alta,suscripcion a bar el barista,9766,ocio,2026-01-10,natural
46,CL,CLP,920531,25,Alta,ferreteria prat compra,102582,vivienda,2026-01-03,cartola
46,CL,CLP,920531,25,Alta,suscripcion a disney plus,14083,streaming,2026-01-28,natural
46,CL,CLP,920531,25,Alta,pago en farmacias salcobrand,69780,salud,2026-01-28,natural
46,CL,CLP,920531,25,Alta,viaje en petrobras,20686,transporte,2026-01-18,natural
46,CL,CLP,920531,25,Alta,pat debito vespucio sur,21132,transporte,2026-01-04,cartola
46,CL,CLP,920531,25,Alta,carga bip webpay,9206,transporte,2026-01-04,cartola
46,CL,CLP,920531,25,Alta,pago copropietarios edificio el golf,264099,vivienda,2026-01-10,natural
46,CL,CLP,920531,25,Alta,suscripcion a amazon prime video,11051,streaming,2026-01-19,natural
46,CL,CLP,920531,25,Alta,pago pago de luz municipalidad,14147,servicios,2026-01-13,natural
46,CL,CLP,920531,25,Alta,pat isapre banmedica,188660,salud,2026-01-18,cartola
46,CL,CLP,920531,25,Alta,suscripcion a cineplanet,15051,ocio,2026-01-24,natural
46,CL,CLP,920531,25,Alta,carga bencina en autopista del sol,14827,transporte,2026-01-17,natural
46,CL,CLP,920531,25,Alta,clinica las condes pos,27095,salud,2026-01-28,cartola
46,CL,CLP,920531,25,Alta,pago falabella home,87676,vivienda,2026-01-06,natural
46,CL,CLP,920531,25,Alta,transbank unimarc,104944,alimentacion,2026-01-04,cartola
46,CL,CLP,920531,25,Alta,breal propiedades pago gastos,66898,vivienda,2026-01-11,cartola
46,CL,CLP,920531,25,Alta,pago falabella home,33946,vivienda,2026-01-10,natural
46,CL,CLP,920531,25,Alta,sherwin williams compra suc,50509,vivienda,2026-01-16,cartola
46,CL,CLP,920531,25,Alta,carga bip webpay,3600,transporte,2026-01-12,cartola
46,CL,CLP,920531,25,Alta,teatro caupolican entradas suc,21515,ocio,2026-01-25,cartola
46,CL,CLP,920531,25,Alta,pago essbio,69226,servicios,2026-01-22,natural
46,CL,CLP,920531,25,Alta,viaje en autopista central,8379,transporte,2026-01-15,natural
46,CL,CLP,920531,25,Alta,pago colectivo linea 40,9641,transporte,2026-01-05,cartola
46,CL,CLP,920531,25,Alta,carga metro santiago,7504,transporte,2026-01-23,cartola
46,CL,CLP,920531,25,Alta,compra en ok market,27287,alimentacion,2026-01-10,natural
46,CL,CLP,920531,25,Alta,pago vtr internet,93435,servicios,2026-01-13,natural
46,CL,CLP,920531,25,Alta,viaje en peaje melipilla,4832,transporte,2026-01-22,natural
46,CL,CLP,920531,25,Alta,pago en superbodega acuenta,36044,alimentacion,2026-01-12,natural
46,CL,CLP,920531,25,Alta,pago gtd manquehue,25174,servicios,2026-01-24,natural
46,CL,CLP,920531,25,Alta,pago chilquinta,54776,servicios,2026-01-12,natural
46,CL,CLP,920531,25,Alta,clinica bupa santiago,75987,salud,2026-01-13,cartola
46,CL,CLP,920531,25,Alta,pago essbio,66395,servicios,2026-01-20,natural
46,CL,CLP,920531,25,Alta,carga bencina en peaje troncal lampa,4121,transporte,2026-01-19,natural
46,CL,CLP,920531,25,Alta,pago cge distribución,24545,servicios,2026-01-28,natural
46,CL,CLP,920531,25,Alta,pat debito costanera norte,15391,transporte,2026-01-24,cartola
46,CL,CLP,920531,25,Alta,suscripcion a playstation network,48862,ocio,2026-01-24,natural
46,CL,CLP,920531,25,Alta,pat smart fit gimnasios,36816,ocio,2026-01-28,cartola
46,CL,CLP,920531,25,Alta,carga bencina en estacionamiento saba,2352,transporte,2026-01-07,natural
46,CL,CLP,920531,25,Alta,transbank barrio chicken,11070,alimentacion,2026-01-08,cartola
46,CL,CLP,920531,25,Alta,carga bencina en petrobras,34380,transporte,2026-01-08,natural
46,CL,CLP,920531,25,Alta,compra efe trenes,7338,transporte,2026-01-29,cartola
46,CL,CLP,920531,25,Alta,compra webpay tottus,96076,alimentacion,2026-01-08,cartola
46,CL,CLP,920531,25,Alta,transbank mamut,23453,alimentacion,2026-01-16,cartola
46,CL,CLP,920531,25,Alta,pago imperial,12219,vivienda,2026-01-13,natural
46,CL,CLP,920531,25,Alta,entrada a teatro caupolicán,94985,ocio,2026-01-16,natural
46,CL,CLP,920531,25,Alta,dentalalegre clinica dental,52394,salud,2026-01-25,cartola
46,CL,CLP,920531,25,Alta,pago cuenta pat gasco,89580,servicios,2026-01-19,cartola
46,CL,CLP,920531,25,Alta,suscripcion a spotify,14291,streaming,2026-01-15,natural
46,CL,CLP,920531,25,Alta,pago cuenta pat gtd manquehue,79966,servicios,2026-01-03,cartola
46,CL,CLP,920531,25,Alta,compra en isapre cruz blanca,56504,salud,2026-01-02,natural
46,CL,CLP,920531,25,Alta,pago en farmacias del dr simi,54127,salud,2026-01-24,natural
46,CL,CLP,920531,25,Alta,suscripcion a cinemark,7929,ocio,2026-01-07,natural
46,CL,CLP,920531,25,Alta,steam games compra inter,24187,ocio,2026-01-06,cartola
46,CL,CLP,920531,25,Alta,clinica bupa santiago,84031,salud,2026-01-04,cartola
46,CL,CLP,920531,25,Alta,entrada a gimnasio upgrade,29660,ocio,2026-01-07,natural
46,CL,CLP,920531,25,Alta,entrada a energy fitness,45382,ocio,2026-01-06,natural
46,CL,CLP,920531,25,Alta,transbank upa!,45381,alimentacion,2026-01-20,cartola
46,CL,CLP,920531,25,Alta,pago pago de luz municipalidad,32636,servicios,2026-01-13,natural
46,CL,CLP,920531,25,Alta,inscripcion en duoc uc,293552,educacion,2026-01-17,natural
46,CL,CLP,920531,25,Alta,compra en oxxo,40127,alimentacion,2026-01-24,natural
46,CL,CLP,920531,25,Alta,compra webpay cabify,3999,transporte,2026-01-22,cartola
46,CL,CLP,920531,25,Alta,movistar arena entradas,81250,ocio,2026-01-17,cartola
46,CL,CLP,920531,25,Alta,pat disney plus chile,17690,streaming,2026-01-16,cartola
46,CL,CLP,920531,25,Alta,pago cuenta pat aguas andinas,101658,servicios,2026-01-12,cartola
46,CL,CLP,920531,25,Alta,compra webpay rappi,6929,alimentacion,2026-01-18,cartola
46,CL,CLP,920531,25,Alta,pago servipag cuentas,16047,servicios,2026-01-22,natural
46,CL,CLP,920531,25,Alta,pago abastible,14177,servicios,2026-01-11,natural
46,CL,CLP,920531,25,Alta,pat inacap arancel,167691,educacion,2026-01-15,cartola
46,CL,CLP,920531,25,Alta,pago cuenta pat metrogas,135070,servicios,2026-01-27,cartola
46,CL,CLP,920531,25,Alta,pat isapre banmedica,124408,salud,2026-01-20,cartola
46,CL,CLP,920531,25,Alta,pago en mayorista 10,45586,alimentacion,2026-01-15,natural
46,CL,CLP,920531,25,Alta,fonasa compra bono,103048,salud,2026-01-05,cartola
46,CL,CLP,920531,25,Alta,pago cuenta pat gasco,102908,servicios,2026-01-06,cartola
46,CL,CLP,920531,25,Alta,viaje en peaje troncal lampa,3015,transporte,2026-01-25,natural
46,CL,CLP,920531,25,Alta,pago lipigas,121560,servicios,2026-01-04,natural
46,CL,CLP,920531,25,Alta,pat debito ruta 68,6438,transporte,2026-01-06,cartola
46,CL,CLP,920531,25,Alta,pago aguas andinas,16037,servicios,2026-01-27,natural
46,CL,CLP,920531,25,Alta,pat spotify chile,13609,streaming,2026-01-10,cartola
46,CL,CLP,920531,25,Alta,pago ferretería prat,42319,vivienda,2026-01-04,natural
46,CL,CLP,920531,25,Alta,pago cuenta pat gtd manquehue,14043,servicios,2026-01-02,cartola
46,CL,CLP,920531,25,Alta,viaje en uber chile,11400,transporte,2026-01-25,natural
46,CL,CLP,920531,25,Alta,compra webpay didi,21662,transporte,2026-01-04,cartola
46,CL,CLP,920531,25,Alta,pat arancel unab suc,188056,educacion,2026-01-20,cartola
46,CL,CLP,920531,25,Alta,pat disney plus chile,8323,streaming,2026-01-06,cartola
46,CL,CLP,920531,25,Alta,inscripcion en librería qué leo,26488,educacion,2026-01-17,natural
46,CL,CLP,920531,25,Alta,carga bencina en shell,68744,transporte,2026-01-06,natural
46,CL,CLP,920531,25,Alta,pat energy fitness gimnasio,34168,ocio,2026-01-19,cartola
46,CL,CLP,920531,25,Alta,viaje en peaje angostura,4109,transporte,2026-01-28,natural
46,CL,CLP,920531,25,Alta,pago abastible,49124,servicios,2026-01-13,natural
46,CL,CLP,920531,25,Alta,pago sencillito cuentas,58646,servicios,2026-01-18,natural
46,CL,CLP,920531,25,Alta,pago pago de luz municipalidad,10422,servicios,2026-01-18,natural
46,CL,CLP,920531,25,Alta,compra webpay turbus,7619,transporte,2026-01-15,cartola
46,CL,CLP,920531,25,Alta,pago cuenta pat claro hogar,99875,servicios,2026-01-25,cartola
46,CL,CLP,920531,25,Alta,peaje lateral cash,2730,transporte,2026-01-15,cartola
46,CL,CLP,920531,25,Alta,entrada a kidzania santiago,10421,ocio,2026-01-10,natural
46,CL,CLP,920531,25,Alta,peaje lampa pos,1896,transporte,2026-01-10,cartola
46,CL,CLP,920531,25,Alta,pat disney plus chile,13918,streaming,2026-01-06,cartola
46,CL,CLP,920531,25,Alta,transbank pedro juan y diego,26846,alimentacion,2026-01-17,cartola
46,CL,CLP,920531,25,Alta,carga bencina en autopista central,24610,transporte,2026-01-18,natural
46,CL,CLP,920531,25,Alta,suscripcion a amazon prime video,8998,streaming,2026-01-10,natural
46,CL,CLP,920531,25,Alta,pago en fuente suiza,8218,alimentacion,2026-01-18,natural
46,CL,CLP,920531,25,Alta,centro medico san lorenzo,16255,salud,2026-01-12,cartola
46,CL,CLP,920531,25,Alta,pago aguas de antofagasta,40884,servicios,2026-01-15,natural
46,CL,CLP,920531,25,Alta,viaje en turbus,5894,transporte,2026-01-27,natural
46,CL,CLP,920531,25,Alta,viaje en estacionamiento saba,7368,transporte,2026-01-11,natural
46,CL,CLP,920531,25,Alta,pago cuenta pat gtd manquehue,115723,servicios,2026-01-21,cartola
46,CL,CLP,920531,25,Alta,compra en laboratorio bionet,6520,salud,2026-01-20,natural
46,CL,CLP,920531,25,Alta,pago seguros metlife,25130,otros,2026-01-03,natural
46,CL,CLP,920531,25,Alta,pago abastible,60245,servicios,2026-01-26,natural
46,CL,CLP,920531,25,Alta,suscripcion a amazon prime video,15185,streaming,2026-01-10,natural
46,CL,CLP,920531,25,Alta,compra en dunkin donuts,7600,alimentacion,2026-01-11,natural
46,CL,CLP,920531,25,Alta,pago cuenta pat gtd manquehue,53881,servicios,2026-01-15,cartola
46,CL,CLP,920531,25,Alta,inscripcion en librería qué leo,44184,educacion,2026-01-15,natural
46,CL,CLP,920531,25,Alta,suscripcion a cinehoyts,8713,ocio,2026-01-10,natural
46,CL,CLP,920531,25,Alta,compra en mcdonalds,12440,alimentacion,2026-01-04,natural
46,CL,CLP,920531,25,Alta,pago cuenta pat gasco,67455,servicios,2026-01-09,cartola
46,CL,CLP,920531,25,Alta,centro medico san lorenzo,40536,salud,2026-01-25,cartola
46,CL,CLP,920531,25,Alta,condonvive copropiedad transfer,221073,vivienda,2026-01-15,cartola
46,CL,CLP,920531,25,Alta,pago lipigas,74237,servicios,2026-01-03,natural
46,CL,CLP,920531,25,Alta,entrada a pacific fitness,33877,ocio,2026-01-22,natural
46,CL,CLP,920531,25,Alta,pat amazon prime video,6728,streaming,2026-01-12,cartola
47,CL,CLP,1485333,13,Media,suscripcion a amazon prime video,15915,streaming,2026-01-21,natural
47,CL,CLP,1485333,13,Media,inscripcion en universidad andrés bello unab,434206,educacion,2026-01-15,natural
47,CL,CLP,1485333,13,Media,pago en isapre consalud,277610,salud,2026-01-25,natural
47,CL,CLP,1485333,13,Media,compra en mayorista 10,27423,alimentacion,2026-01-19,natural
47,CL,CLP,1485333,13,Media,bencina copec,59143,transporte,2026-01-12,cartola
47,CL,CLP,1485333,13,Media,pago cuenta pat wom fibra,46375,servicios,2026-01-07,cartola
47,CL,CLP,1485333,13,Media,integramedica consulta suc,154221,salud,2026-01-21,cartola
47,CL,CLP,1485333,13,Media,pago en clínica universidad de los andes,354250,salud,2026-01-25,natural
47,CL,CLP,1485333,13,Media,compra en redsalud,312219,salud,2026-01-28,natural
47,CL,CLP,1485333,13,Media,pago kastor gastos comunes,93089,vivienda,2026-01-21,natural
47,CL,CLP,1485333,13,Media,maderas encofrados compra,69343,vivienda,2026-01-04,cartola
47,CL,CLP,1485333,13,Media,transbank fuente suiza,49088,alimentacion,2026-01-05,cartola
47,CL,CLP,1485333,13,Media,pago cuenta pat gtd manquehue,53309,servicios,2026-01-23,cartola
47,CL,CLP,1485333,13,Media,compra en juan maestro,26313,alimentacion,2026-01-18,natural
47,CL,CLP,1485333,13,Media,pago cuenta pat gasco,134746,servicios,2026-01-16,cartola
47,CL,CLP,1485333,13,Media,clinica indisa pos,427013,salud,2026-01-03,cartola
47,CL,CLP,1485333,13,Media,condonvive copropiedad transfer,220993,vivienda,2026-01-21,cartola
47,CL,CLP,1485333,13,Media,viaje en estacionamiento mall center,4944,transporte,2026-01-09,natural
47,CL,CLP,1485333,13,Media,pago debito pat chilena consolidada,18597,otros,2026-01-17,cartola
47,CL,CLP,1485333,13,Media,compra en subway,32237,alimentacion,2026-01-25,natural
47,CL,CLP,1485333,13,Media,compra en schopdog,21408,alimentacion,2026-01-17,natural
47,CL,CLP,1485333,13,Media,fonasa compra bono,98174,salud,2026-01-05,cartola
47,CL,CLP,1485333,13,Media,pat debito autopista central,41911,transporte,2026-01-05,cartola
47,CL,CLP,1485333,13,Media,compra redcompra hm chile,34780,otros,2026-01-12,cartola
47,CL,CLP,1485333,13,Media,entrada a dmoov chile,32904,ocio,2026-01-21,natural
47,CL,CLP,1485333,13,Media,amazon*marketplace chile,179857,otros,2026-01-23,cartola
47,CL,CLP,1485333,13,Media,peaje lampa pos,2981,transporte,2026-01-13,cartola
47,CL,CLP,1485333,13,Media,pago cuenta pat movistar hogar,141198,servicios,2026-01-10,cartola
47,CL,CLP,1485333,13,Media,pago en dominó,14859,alimentacion,2026-01-11,natural
47,CL,CLP,1485333,13,Media,pago en tavelli,25548,alimentacion,2026-01-16,natural
47,CL,CLP,1485333,13,Media,pat debito ruta 68,23583,transporte,2026-01-29,cartola
47,CL,CLP,1485333,13,Media,transbank buffalo waffles,18218,alimentacion,2026-01-02,cartola
47,CL,CLP,1485333,13,Media,pago sencillito cuentas recaudacion,100180,servicios,2026-01-21,cartola
47,CL,CLP,1485333,13,Media,carga bencina en autopista vespucio oriente avo,26732,transporte,2026-01-22,natural
47,CL,CLP,1485333,13,Media,pago en farmacias ahumada,24366,salud,2026-01-22,natural
47,CL,CLP,1485333,13,Media,zoologico metropolitano entradas,33351,ocio,2026-01-09,cartola
47,CL,CLP,1485333,13,Media,pat debito autopista del sol,44817,transporte,2026-01-02,cartola
47,CL,CLP,1485333,13,Media,pat debito vespucio sur,9669,transporte,2026-01-27,cartola
47,CL,CLP,1485333,13,Media,inscripcion en antártica libros,44523,educacion,2026-01-25,natural
47,CL,CLP,1485333,13,Media,pago giro cajero redbanc,194839,otros,2026-01-11,natural
47,CL,CLP,1485333,13,Media,transbank pedro juan y diego,29384,alimentacion,2026-01-12,cartola
47,CL,CLP,1485333,13,Media,pago aliexpress,136892,otros,2026-01-24,natural
47,CL,CLP,1485333,13,Media,pago cuenta pat cge distribucion,42154,servicios,2026-01-08,cartola
47,CL,CLP,1485333,13,Media,pat energy fitness gimnasio,21302,ocio,2026-01-16,cartola
47,CL,CLP,1485333,13,Media,carga bencina en ruta 68,5047,transporte,2026-01-26,natural
47,CL,CLP,1485333,13,Media,pago en almacén de barrio,6311,alimentacion,2026-01-20,natural
47,CL,CLP,1485333,13,Media,pago cuenta pat aguas del altiplano,18767,servicios,2026-01-15,cartola
47,CL,CLP,1485333,13,Media,pat spotify chile,13167,streaming,2026-01-23,cartola
47,CL,CLP,1485333,13,Media,compra webpay rappi,14229,alimentacion,2026-01-27,cartola
47,CL,CLP,1485333,13,Media,opticas gmo compra suc,57156,salud,2026-01-19,cartola
47,CL,CLP,1485333,13,Media,pago cuenta pat mundo pacifico,121206,servicios,2026-01-23,cartola
47,CL,CLP,1485333,13,Media,carga metro santiago,8519,transporte,2026-01-09,cartola
47,CL,CLP,1485333,13,Media,pat isapre cruz blanca,243557,salud,2026-01-18,cartola
47,CL,CLP,1485333,13,Media,pat arancel univ catolica,376402,educacion,2026-01-06,cartola
47,CL,CLP,1485333,13,Media,transbank tavelli,18050,alimentacion,2026-01-04,cartola
47,CL,CLP,1485333,13,Media,pago mercado libre,96546,otros,2026-01-21,natural
47,CL,CLP,1485333,13,Media,transbank juan maestro,12211,alimentacion,2026-01-16,cartola
47,CL,CLP,1485333,13,Media,pago cuenta pat metrogas,53245,servicios,2026-01-11,cartola
47,CL,CLP,1485333,13,Media,mercadolibre*compra webpay,119302,otros,2026-01-23,cartola
47,CL,CLP,1485333,13,Media,pago gasco,135772,servicios,2026-01-16,natural
47,CL,CLP,1485333,13,Media,pago chilquinta,80262,servicios,2026-01-08,natural
47,CL,CLP,1485333,13,Media,pat netflix chile,15382,streaming,2026-01-16,cartola
47,CL,CLP,1485333,13,Media,entrada a puntoticket,55737,ocio,2026-01-28,natural
47,CL,CLP,1485333,13,Media,dentalalegre clinica dental,16051,salud,2026-01-02,cartola
47,CL,CLP,1485333,13,Media,pago kastor gastos comunes,145145,vivienda,2026-01-09,natural
47,CL,CLP,1485333,13,Media,pago entel fibra,79315,servicios,2026-01-06,natural
47,CL,CLP,1485333,13,Media,pago cuenta pat claro hogar,112325,servicios,2026-01-20,cartola
47,CL,CLP,1485333,13,Media,compra en la picá del gringo,12274,alimentacion,2026-01-27,natural
47,CL,CLP,1485333,13,Media,pago chilquinta,79167,servicios,2026-01-12,natural
47,CL,CLP,1485333,13,Media,pago abastible,31655,servicios,2026-01-27,natural
47,CL,CLP,1485333,13,Media,entrada a teatro nescafé de las artes,27234,ocio,2026-01-14,natural
47,CL,CLP,1485333,13,Media,pago itaú comisiones,15794,otros,2026-01-14,natural
47,CL,CLP,1485333,13,Media,pago municipalidad alumbrado luz,66300,servicios,2026-01-23,cartola
47,CL,CLP,1485333,13,Media,pago aguas del altiplano,85080,servicios,2026-01-18,natural
47,CL,CLP,1485333,13,Media,pago en verdulería don lucho,49058,alimentacion,2026-01-04,natural
47,CL,CLP,1485333,13,Media,carga bencina en vespucio sur,15293,transporte,2026-01-23,natural
47,CL,CLP,1485333,13,Media,carga bencina en shell,28505,transporte,2026-01-24,natural
47,CL,CLP,1485333,13,Media,pago antártica libros,31104,educacion,2026-01-19,natural
47,CL,CLP,1485333,13,Media,pago aguas del altiplano,140195,servicios,2026-01-14,natural
47,CL,CLP,1485333,13,Media,entrada a playstation network,11657,ocio,2026-01-23,natural
47,CL,CLP,1485333,13,Media,compra webpay paris deco,37841,vivienda,2026-01-03,cartola
47,CL,CLP,1485333,13,Media,pago cuenta pat saesa,58387,servicios,2026-01-19,cartola
47,CL,CLP,1485333,13,Media,pat debito costanera norte,3748,transporte,2026-01-18,cartola
47,CL,CLP,1485333,13,Media,breal propiedades pago gastos,202609,vivienda,2026-01-17,cartola
47,CL,CLP,1485333,13,Media,pago en bravissimo,4692,alimentacion,2026-01-15,natural
47,CL,CLP,1485333,13,Media,pago en tavelli,19547,alimentacion,2026-01-06,natural
47,CL,CLP,1485333,13,Media,pat disney plus chile,4542,streaming,2026-01-22,cartola
47,CL,CLP,1485333,13,Media,compra redcompra construmart,89428,vivienda,2026-01-05,cartola
47,CL,CLP,1485333,13,Media,pago easy,155817,vivienda,2026-01-19,natural
47,CL,CLP,1485333,13,Media,compra en mamut,10748,alimentacion,2026-01-03,natural
47,CL,CLP,1485333,13,Media,peaje lateral cash,3749,transporte,2026-01-29,cartola
47,CL,CLP,1485333,13,Media,compra efe trenes,8063,transporte,2026-01-15,cartola
47,CL,CLP,1485333,13,Media,pago imperial,83178,vivienda,2026-01-03,natural
47,CL,CLP,1485333,13,Media,carga bencina en buses metropolitana,5279,transporte,2026-01-14,natural
47,CL,CLP,1485333,13,Media,pago aguas del altiplano,18700,servicios,2026-01-22,natural
47,CL,CLP,1485333,13,Media,transbank mamut,12564,alimentacion,2026-01-23,cartola
47,CL,CLP,1485333,13,Media,comision mantencion cmr falabella,23369,otros,2026-01-19,cartola
47,CL,CLP,1485333,13,Media,compra en buffalo waffles,24305,alimentacion,2026-01-14,natural
47,CL,CLP,1485333,13,Media,compra redcompra sparta deportes,157932,otros,2026-01-02,cartola
47,CL,CLP,1485333,13,Media,pago casaideas,21448,vivienda,2026-01-04,natural
47,CL,CLP,1485333,13,Media,inscripcion en colegio san ignacio,110326,educacion,2026-01-07,natural
47,CL,CLP,1485333,13,Media,compra redcompra cruz verde,22428,salud,2026-01-15,cartola
47,CL,CLP,1485333,13,Media,inscripcion en universidad de chile,408569,educacion,2026-01-13,natural
47,CL,CLP,1485333,13,Media,pago cuenta pat claro hogar,12743,servicios,2026-01-28,cartola
47,CL,CLP,1485333,13,Media,pago nuevosur,62163,servicios,2026-01-19,natural
47,CL,CLP,1485333,13,Media,peaje angostura pos,4389,transporte,2026-01-23,cartola
47,CL,CLP,1485333,13,Media,pago servipag cuentas recaudacion,31674,servicios,2026-01-13,cartola
47,CL,CLP,1485333,13,Media,centro medico san lorenzo,58654,salud,2026-01-04,cartola
47,CL,CLP,1485333,13,Media,pago kastor gasto comun,183022,vivienda,2026-01-08,cartola
47,CL,CLP,1485333,13,Media,pago municipalidad alumbrado luz,100481,servicios,2026-01-07,cartola
47,CL,CLP,1485333,13,Media,suscripcion a disney plus,5271,streaming,2026-01-06,natural
47,CL,CLP,1485333,13,Media,pago cuenta pat nuevosur agua,59649,servicios,2026-01-12,cartola
47,CL,CLP,1485333,13,Media,compra en isapre consalud,187805,salud,2026-01-09,natural
47,CL,CLP,1485333,13,Media,estacionamiento saba pos,11377,transporte,2026-01-17,cartola
47,CL,CLP,1485333,13,Media,pago chilquinta,137384,servicios,2026-01-03,natural
47,CL,CLP,1485333,13,Media,viaje en peaje angostura,2850,transporte,2026-01-04,natural
47,CL,CLP,1485333,13,Media,compra webpay pedidosya,29033,alimentacion,2026-01-04,cartola
47,CL,CLP,1485333,13,Media,pago banco de chile comisiones,18723,otros,2026-01-08,natural
47,CL,CLP,1485333,13,Media,pat debito costanera norte,39609,transporte,2026-01-26,cartola
47,CL,CLP,1485333,13,Media,compra redcompra libreria nacional,32983,educacion,2026-01-23,cartola
47,CL,CLP,1485333,13,Media,compra redcompra ahumada,5230,salud,2026-01-09,cartola
47,CL,CLP,1485333,13,Media,viaje en ruta del maipo,41477,transporte,2026-01-23,natural
47,CL,CLP,1485333,13,Media,entrada a puntoticket,18489,ocio,2026-01-26,natural
47,CL,CLP,1485333,13,Media,compra webpay turbus,5199,transporte,2026-01-20,cartola
47,CL,CLP,1485333,13,Media,pago cuenta pat aguas antofagasta,128276,servicios,2026-01-26,cartola
48,CL,CLP,1400313,64,Alta,comision mantencion banco chile,29451,otros,2026-01-26,cartola
48,CL,CLP,1400313,64,Alta,compra en tavelli,22409,alimentacion,2026-01-20,natural
48,CL,CLP,1400313,64,Alta,carga bencina en colectivo linea 40,8689,transporte,2026-01-28,natural
48,CL,CLP,1400313,64,Alta,transbank mayorista 10,26573,alimentacion,2026-01-29,cartola
48,CL,CLP,1400313,64,Alta,carga bip webpay,4157,transporte,2026-01-16,cartola
48,CL,CLP,1400313,64,Alta,inscripcion en librería qué leo,26585,educacion,2026-01-27,natural
48,CL,CLP,1400313,64,Alta,compra redcompra imperial,19786,vivienda,2026-01-17,cartola
48,CL,CLP,1400313,64,Alta,giro cajavecina almacen pos,108814,otros,2026-01-16,cartola
48,CL,CLP,1400313,64,Alta,pat isapre cruz blanca,229820,salud,2026-01-12,cartola
48,CL,CLP,1400313,64,Alta,pago pinturas sherwin williams,80091,vivienda,2026-01-07,natural
48,CL,CLP,1400313,64,Alta,pat isapre colmena,90073,salud,2026-01-12,cartola
48,CL,CLP,1400313,64,Alta,carga bencina en ruta 68,4620,transporte,2026-01-21,natural
48,CL,CLP,1400313,64,Alta,pago breal propiedades,327046,vivienda,2026-01-02,natural
48,CL,CLP,1400313,64,Alta,pago abastible,57709,servicios,2026-01-04,natural
48,CL,CLP,1400313,64,Alta,viaje en cabify,16427,transporte,2026-01-03,natural
48,CL,CLP,1400313,64,Alta,pat dmoov chile suc,46939,ocio,2026-01-16,cartola
48,CL,CLP,1400313,64,Alta,clinica davila pos,263569,salud,2026-01-22,cartola
48,CL,CLP,1400313,64,Alta,carga bencina en peaje zapata,4658,transporte,2026-01-14,natural
48,CL,CLP,1400313,64,Alta,pat debito vespucio sur,41617,transporte,2026-01-25,cartola
48,CL,CLP,1400313,64,Alta,pago movistar hogar,28286,servicios,2026-01-03,natural
48,CL,CLP,1400313,64,Alta,pago cuenta pat nuevosur agua,103740,servicios,2026-01-19,cartola
48,CL,CLP,1400313,64,Alta,pago inacap,218268,educacion,2026-01-15,natural
48,CL,CLP,1400313,64,Alta,edificio el golf gastos comunes,138041,vivienda,2026-01-07,cartola
48,CL,CLP,1400313,64,Alta,pat debito ruta 68,18850,transporte,2026-01-06,cartola
48,CL,CLP,1400313,64,Alta,peaje zapata pos,4805,transporte,2026-01-10,cartola
48,CL,CLP,1400313,64,Alta,compra en ópticas gmo,32288,salud,2026-01-28,natural
48,CL,CLP,1400313,64,Alta,pago abastible,77787,servicios,2026-01-14,natural
48,CL,CLP,1400313,64,Alta,compra webpay ticketmaster,25106,ocio,2026-01-16,cartola
48,CL,CLP,1400313,64,Alta,pago breal propiedades,219407,vivienda,2026-01-04,natural
48,CL,CLP,1400313,64,Alta,transbank domino,13944,alimentacion,2026-01-28,cartola
48,CL,CLP,1400313,64,Alta,pago en botillería el faro,29070,alimentacion,2026-01-10,natural
48,CL,CLP,1400313,64,Alta,yolito ferreteria compra,50083,vivienda,2026-01-17,cartola
48,CL,CLP,1400313,64,Alta,pago cuenta pat gasco,74332,servicios,2026-01-20,cartola
48,CL,CLP,1400313,64,Alta,entrada a zoológico metropolitano,76194,ocio,2026-01-07,natural
48,CL,CLP,1400313,64,Alta,compra en clínica las condes,93063,salud,2026-01-12,natural
48,CL,CLP,1400313,64,Alta,viaje en vespucio sur,29882,transporte,2026-01-06,natural
48,CL,CLP,1400313,64,Alta,opticas gmo compra suc,7957,salud,2026-01-29,cartola
48,CL,CLP,1400313,64,Alta,pago chilena consolidada,19043,otros,2026-01-19,natural
48,CL,CLP,1400313,64,Alta,pat isapre cruz blanca,82297,salud,2026-01-25,cartola
48,CL,CLP,1400313,64,Alta,pat duoc uc cuotas,208491,educacion,2026-01-04,cartola
48,CL,CLP,1400313,64,Alta,pago cge distribución,34387,servicios,2026-01-19,natural
48,CL,CLP,1400313,64,Alta,compra en integramédica,127496,salud,2026-01-19,natural
48,CL,CLP,1400313,64,Alta,pago mundo pacífico,147490,servicios,2026-01-18,natural
48,CL,CLP,1400313,64,Alta,pago construmart,38977,vivienda,2026-01-20,natural
48,CL,CLP,1400313,64,Alta,compra en integramédica,109058,salud,2026-01-17,natural
48,CL,CLP,1400313,64,Alta,pago cuenta pat mundo pacifico,112839,servicios,2026-01-05,cartola
48,CL,CLP,1400313,64,Alta,compra en dr ahorro,29519,salud,2026-01-17,natural
48,CL,CLP,1400313,64,Alta,compra en barrio chicken,8574,alimentacion,2026-01-18,natural
48,CL,CLP,1400313,64,Alta,pago kastor gasto comun,91569,vivienda,2026-01-02,cartola
48,CL,CLP,1400313,64,Alta,compra en pronto copec,46997,alimentacion,2026-01-25,natural
48,CL,CLP,1400313,64,Alta,pago cuenta pat lipigas,88002,servicios,2026-01-10,cartola
48,CL,CLP,1400313,64,Alta,transbank juan maestro,23361,alimentacion,2026-01-06,cartola
48,CL,CLP,1400313,64,Alta,discoteca amanda entradas pos,16932,ocio,2026-01-10,cartola
48,CL,CLP,1400313,64,Alta,compra redcompra knop,65140,salud,2026-01-25,cartola
48,CL,CLP,1400313,64,Alta,transbank alvi,27298,alimentacion,2026-01-23,cartola
48,CL,CLP,1400313,64,Alta,pat amazon prime video,8642,streaming,2026-01-28,cartola
48,CL,CLP,1400313,64,Alta,compra webpay uber eats,30099,alimentacion,2026-01-19,cartola
48,CL,CLP,1400313,64,Alta,pago gasco,86639,servicios,2026-01-08,natural
48,CL,CLP,1400313,64,Alta,compra en buffalo waffles,22635,alimentacion,2026-01-09,natural
48,CL,CLP,1400313,64,Alta,suscripcion a spotify,11019,streaming,2026-01-15,natural
48,CL,CLP,1400313,64,Alta,transbank mayorista 10,21014,alimentacion,2026-01-21,cartola
48,CL,CLP,1400313,64,Alta,transbank oxxo,30301,alimentacion,2026-01-10,cartola
48,CL,CLP,1400313,64,Alta,suscripcion a disney plus,12694,streaming,2026-01-02,natural
48,CL,CLP,1400313,64,Alta,pago en santa isabel,40012,alimentacion,2026-01-21,natural
48,CL,CLP,1400313,64,Alta,giro cajavecina almacen pos,181455,otros,2026-01-21,cartola
48,CL,CLP,1400313,64,Alta,compra webpay tottus,161804,alimentacion,2026-01-05,cartola
48,CL,CLP,1400313,64,Alta,pago cuenta pat aguas andinas,102492,servicios,2026-01-09,cartola
48,CL,CLP,1400313,64,Alta,suscripcion a amazon prime video,4561,streaming,2026-01-26,natural
48,CL,CLP,1400313,64,Alta,pago kastor gasto comun,315038,vivienda,2026-01-05,cartola
48,CL,CLP,1400313,64,Alta,carga bencina en ruta del maipo,27376,transporte,2026-01-04,natural
48,CL,CLP,1400313,64,Alta,compra redcompra eco farmacias,62147,salud,2026-01-21,cartola
48,CL,CLP,1400313,64,Alta,compra webpay jumbo,134328,alimentacion,2026-01-16,cartola
48,CL,CLP,1400313,64,Alta,viaje en colectivo linea 40,3313,transporte,2026-01-07,natural
48,CL,CLP,1400313,64,Alta,viaje en estacionamiento mall center,9163,transporte,2026-01-07,natural
48,CL,CLP,1400313,64,Alta,clinica davila pos,333249,salud,2026-01-19,cartola
48,CL,CLP,1400313,64,Alta,bencina petrobras,26653,transporte,2026-01-20,cartola
48,CL,CLP,1400313,64,Alta,giro cajavecina almacen pos,196740,otros,2026-01-26,cartola
48,CL,CLP,1400313,64,Alta,pago cuenta pat vtr telecom,130871,servicios,2026-01-26,cartola
48,CL,CLP,1400313,64,Alta,carga metro santiago,11909,transporte,2026-01-22,cartola
48,CL,CLP,1400313,64,Alta,pago metrogas,131225,servicios,2026-01-21,natural
48,CL,CLP,1400313,64,Alta,pago debito pat mapfre seguros,12858,otros,2026-01-12,cartola
48,CL,CLP,1400313,64,Alta,pago municipalidad alumbrado luz,90579,servicios,2026-01-18,cartola
48,CL,CLP,1400313,64,Alta,pago servipag cuentas,21274,servicios,2026-01-26,natural
48,CL,CLP,1400313,64,Alta,pago aguas del altiplano,149969,servicios,2026-01-06,natural
48,CL,CLP,1400313,64,Alta,peaje zapata pos,4539,transporte,2026-01-03,cartola
48,CL,CLP,1400313,64,Alta,suscripcion a gimnasio sportlife,19633,ocio,2026-01-21,natural
48,CL,CLP,1400313,64,Alta,compra webpay pedidosya,27221,alimentacion,2026-01-17,cartola
48,CL,CLP,1400313,64,Alta,clinica las condes pos,105971,salud,2026-01-24,cartola
48,CL,CLP,1400313,64,Alta,pago municipalidad alumbrado luz,46286,servicios,2026-01-10,cartola
48,CL,CLP,1400313,64,Alta,pat arancel univ catolica,235775,educacion,2026-01-21,cartola
48,CL,CLP,1400313,64,Alta,peaje melipilla pos,4114,transporte,2026-01-10,cartola
48,CL,CLP,1400313,64,Alta,pago servipag cuentas,25374,servicios,2026-01-06,natural
48,CL,CLP,1400313,64,Alta,compra redcompra imperial,99158,vivienda,2026-01-16,cartola
48,CL,CLP,1400313,64,Alta,transbank spacio1 petrobras,29952,alimentacion,2026-01-04,cartola
48,CL,CLP,1400313,64,Alta,pago colectivo linea 40,6878,transporte,2026-01-27,cartola
48,CL,CLP,1400313,64,Alta,compra webpay lider,178234,alimentacion,2026-01-10,cartola
48,CL,CLP,1400313,64,Alta,transbank emporio la rosa,18599,alimentacion,2026-01-12,cartola
48,CL,CLP,1400313,64,Alta,pat sportlife gimnasios,26942,ocio,2026-01-11,cartola
48,CL,CLP,1400313,64,Alta,pago en bravissimo,39304,alimentacion,2026-01-21,natural
48,CL,CLP,1400313,64,Alta,integramedica consulta suc,381614,salud,2026-01-17,cartola
48,CL,CLP,1400313,64,Alta,pago cuenta pat chilquinta,102513,servicios,2026-01-21,cartola
48,CL,CLP,1400313,64,Alta,transbank pronto copec,14889,alimentacion,2026-01-07,cartola
48,CL,CLP,1400313,64,Alta,suscripcion a amazon prime video,16437,streaming,2026-01-12,natural
48,CL,CLP,1400313,64,Alta,compra webpay uber eats,17290,alimentacion,2026-01-20,cartola
48,CL,CLP,1400313,64,Alta,transbank santa isabel,178764,alimentacion,2026-01-11,cartola
48,CL,CLP,1400313,64,Alta,pago vtr internet,27708,servicios,2026-01-11,natural
48,CL,CLP,1400313,64,Alta,transbank juan valdez,11009,alimentacion,2026-01-25,cartola
48,CL,CLP,1400313,64,Alta,suscripcion a disney plus,8756,streaming,2026-01-24,natural
48,CL,CLP,1400313,64,Alta,pago cuenta pat essbio agua,75164,servicios,2026-01-21,cartola
48,CL,CLP,1400313,64,Alta,pago ikea chile,40068,vivienda,2026-01-13,natural
48,CL,CLP,1400313,64,Alta,pago aguas del altiplano,68886,servicios,2026-01-09,natural
48,CL,CLP,1400313,64,Alta,pat amazon prime video,14125,streaming,2026-01-12,cartola
48,CL,CLP,1400313,64,Alta,pago aguas de antofagasta,58031,servicios,2026-01-07,natural
48,CL,CLP,1400313,64,Alta,yolito ferreteria compra,96952,vivienda,2026-01-16,cartola
48,CL,CLP,1400313,64,Alta,transbank pasteleria marmentini,37485,alimentacion,2026-01-09,cartola
48,CL,CLP,1400313,64,Alta,pat debito avo,18233,transporte,2026-01-09,cartola
48,CL,CLP,1400313,64,Alta,transbank bar el barista,35288,ocio,2026-01-09,cartola
48,CL,CLP,1400313,64,Alta,compra redcompra dr simi,27424,salud,2026-01-26,cartola
48,CL,CLP,1400313,64,Alta,pago comunidadfeliz gastos comunes,61344,vivienda,2026-01-08,natural
48,CL,CLP,1400313,64,Alta,pat amazon prime video,7076,streaming,2026-01-09,cartola
48,CL,CLP,1400313,64,Alta,compra efe trenes,2689,transporte,2026-01-06,cartola
48,CL,CLP,1400313,64,Alta,compra webpay cabify,13703,transporte,2026-01-02,cartola
48,CL,CLP,1400313,64,Alta,pago construmart,53924,vivienda,2026-01-19,natural
48,CL,CLP,1400313,64,Alta,pago cge distribución,79932,servicios,2026-01-10,natural
48,CL,CLP,1400313,64,Alta,pago en la sanguchera del barrio,49028,alimentacion,2026-01-14,natural
49,CL,CLP,1127253,75,Baja,viaje en petrobras,53910,transporte,2026-01-28,natural
49,CL,CLP,1127253,75,Baja,compra redcompra salcobrand,21248,salud,2026-01-18,cartola
49,CL,CLP,1127253,75,Baja,pago cge distribución,137484,servicios,2026-01-20,natural
49,CL,CLP,1127253,75,Baja,pago en kfc,32944,alimentacion,2026-01-02,natural
49,CL,CLP,1127253,75,Baja,viaje en autopista del sol,17628,transporte,2026-01-21,natural
49,CL,CLP,1127253,75,Baja,pago zara chile,167604,otros,2026-01-05,natural
49,CL,CLP,1127253,75,Baja,pat debito avo,23582,transporte,2026-01-05,cartola
49,CL,CLP,1127253,75,Baja,pago abastible,123309,servicios,2026-01-18,natural
49,CL,CLP,1127253,75,Baja,steam games compra inter,44394,ocio,2026-01-02,cartola
49,CL,CLP,1127253,75,Baja,pago vtr internet,41542,servicios,2026-01-29,natural
49,CL,CLP,1127253,75,Baja,pago sencillito cuentas,105599,servicios,2026-01-09,natural
49,CL,CLP,1127253,75,Baja,viaje en copec,72278,transporte,2026-01-15,natural
49,CL,CLP,1127253,75,Baja,pago cuenta pat gasco,20888,servicios,2026-01-03,cartola
49,CL,CLP,1127253,75,Baja,peaje lampa pos,3701,transporte,2026-01-27,cartola
49,CL,CLP,1127253,75,Baja,pago en isapre consalud,145107,salud,2026-01-04,natural
49,CL,CLP,1127253,75,Baja,viaje en ruta 68,17140,transporte,2026-01-02,natural
49,CL,CLP,1127253,75,Baja,pago claro hogar,21018,servicios,2026-01-05,natural
49,CL,CLP,1127253,75,Baja,compra en tommy beans,31077,alimentacion,2026-01-29,natural
49,CL,CLP,1127253,75,Baja,transbank mcdonalds,25657,alimentacion,2026-01-28,cartola
49,CL,CLP,1127253,75,Baja,sherwin williams compra suc,79042,vivienda,2026-01-21,cartola
49,CL,CLP,1127253,75,Baja,viaje en pullman bus,7901,transporte,2026-01-09,natural
49,CL,CLP,1127253,75,Baja,inscripcion en universidad andrés bello unab,333716,educacion,2026-01-24,natural
49,CL,CLP,1127253,75,Baja,pago condovive copropiedad,96449,vivienda,2026-01-15,natural
49,CL,CLP,1127253,75,Baja,pago cge distribución,101886,servicios,2026-01-12,natural
49,CL,CLP,1127253,75,Baja,compra redcompra pc factory suc,211330,otros,2026-01-18,cartola
49,CL,CLP,1127253,75,Baja,compra en telepizza,11114,alimentacion,2026-01-28,natural
49,CL,CLP,1127253,75,Baja,transbank sibaritas 87,40305,alimentacion,2026-01-23,cartola
49,CL,CLP,1127253,75,Baja,pago cuenta pat metrogas,127290,servicios,2026-01-08,cartola
49,CL,CLP,1127253,75,Baja,condonvive copropiedad transfer,270187,vivienda,2026-01-16,cartola
49,CL,CLP,1127253,75,Baja,compra webpay sodimac,287690,vivienda,2026-01-26,cartola
49,CL,CLP,1127253,75,Baja,pago en redsalud,290854,salud,2026-01-05,natural
49,CL,CLP,1127253,75,Baja,suscripcion a smart fit,27307,ocio,2026-01-15,natural
49,CL,CLP,1127253,75,Baja,compra redcompra construmart,40106,vivienda,2026-01-10,cartola
49,CL,CLP,1127253,75,Baja,inscripcion en dimeiggs,27832,educacion,2026-01-16,natural
49,CL,CLP,1127253,75,Baja,clinica dental cumbre pos,42777,salud,2026-01-17,cartola
49,CL,CLP,1127253,75,Baja,pago cuenta pat chilquinta,121407,servicios,2026-01-15,cartola
49,CL,CLP,1127253,75,Baja,pago en fuente alemana,43820,alimentacion,2026-01-08,natural
49,CL,CLP,1127253,75,Baja,pago amazon chile,29436,otros,2026-01-08,natural
49,CL,CLP,1127253,75,Baja,pago duoc uc,128523,educacion,2026-01-13,natural
49,CL,CLP,1127253,75,Baja,condonvive copropiedad transfer,274669,vivienda,2026-01-27,cartola
49,CL,CLP,1127253,75,Baja,viaje en estacionamiento saba,9195,transporte,2026-01-27,natural
49,CL,CLP,1127253,75,Baja,pat debito ruta 68,16111,transporte,2026-01-17,cartola
49,CL,CLP,1127253,75,Baja,suscripcion a amazon prime video,6273,streaming,2026-01-28,natural
49,CL,CLP,1127253,75,Baja,compra en clínica dávila,166463,salud,2026-01-02,natural
49,CL,CLP,1127253,75,Baja,pago aguas andinas,78844,servicios,2026-01-13,natural
49,CL,CLP,1127253,75,Baja,pago seguro pat santander,12043,otros,2026-01-23,cartola
49,CL,CLP,1127253,75,Baja,compra en dominó,15692,alimentacion,2026-01-18,natural
49,CL,CLP,1127253,75,Baja,pago paris,313480,otros,2026-01-20,natural
49,CL,CLP,1127253,75,Baja,pago cuenta pat abastible,130126,servicios,2026-01-18,cartola
49,CL,CLP,1127253,75,Baja,pago edipro gastos comunes,247922,vivienda,2026-01-08,cartola
49,CL,CLP,1127253,75,Baja,transbank la pica del gringo,22487,alimentacion,2026-01-09,cartola
49,CL,CLP,1127253,75,Baja,pago cuenta pat cge distribucion,17208,servicios,2026-01-04,cartola
49,CL,CLP,1127253,75,Baja,carga bencina en efe trenes,4078,transporte,2026-01-02,natural
49,CL,CLP,1127253,75,Baja,pago comunidadfeliz gasto comun,105761,vivienda,2026-01-20,cartola
49,CL,CLP,1127253,75,Baja,colegio san ignacio cuotas pat,114206,educacion,2026-01-10,cartola
49,CL,CLP,1127253,75,Baja,pago en clínica indisa,98008,salud,2026-01-24,natural
49,CL,CLP,1127253,75,Baja,pago en alvi,38201,alimentacion,2026-01-07,natural
49,CL,CLP,1127253,75,Baja,pago en ok market,33644,alimentacion,2026-01-03,natural
49,CL,CLP,1127253,75,Baja,transbank oxxo,20371,alimentacion,2026-01-09,cartola
49,CL,CLP,1127253,75,Baja,pago cuenta pat metrogas,20211,servicios,2026-01-25,cartola
49,CL,CLP,1127253,75,Baja,compra redcompra imperial,30176,vivienda,2026-01-23,cartola
49,CL,CLP,1127253,75,Baja,pat isapre colmena,228089,salud,2026-01-10,cartola
49,CL,CLP,1127253,75,Baja,compra en dunkin donuts,16940,alimentacion,2026-01-12,natural
49,CL,CLP,1127253,75,Baja,transbank papa johns,20134,alimentacion,2026-01-19,cartola
49,CL,CLP,1127253,75,Baja,pago essbio,67018,servicios,2026-01-18,natural
49,CL,CLP,1127253,75,Baja,pago universidad adolfo ibáñez uai,374758,educacion,2026-01-20,natural
49,CL,CLP,1127253,75,Baja,pat aiep arancel,338252,educacion,2026-01-06,cartola
49,CL,CLP,1127253,75,Baja,pago administración jardines de maipú,219323,vivienda,2026-01-11,natural
49,CL,CLP,1127253,75,Baja,bencina copec,24486,transporte,2026-01-10,cartola
49,CL,CLP,1127253,75,Baja,suscripcion a spotify,8613,streaming,2026-01-08,natural
49,CL,CLP,1127253,75,Baja,pat spotify chile,12061,streaming,2026-01-04,cartola
49,CL,CLP,1127253,75,Baja,carga bencina en shell,29834,transporte,2026-01-19,natural
49,CL,CLP,1127253,75,Baja,compra en ok market,28920,alimentacion,2026-01-10,natural
49,CL,CLP,1127253,75,Baja,pago gtd manquehue,75152,servicios,2026-01-02,natural
49,CL,CLP,1127253,75,Baja,compra redcompra cruz verde,38562,salud,2026-01-27,cartola
49,CL,CLP,1127253,75,Baja,pago claro hogar,42542,servicios,2026-01-25,natural
49,CL,CLP,1127253,75,Baja,pat debito costanera norte,42272,transporte,2026-01-11,cartola
49,CL,CLP,1127253,75,Baja,suscripcion a amazon prime video,13678,streaming,2026-01-11,natural
49,CL,CLP,1127253,75,Baja,transbank santa isabel,69788,alimentacion,2026-01-10,cartola
49,CL,CLP,1127253,75,Baja,compra en panadería san ramón,8571,alimentacion,2026-01-29,natural
49,CL,CLP,1127253,75,Baja,compra redcompra tricot suc,87802,otros,2026-01-12,cartola
49,CL,CLP,1127253,75,Baja,pago municipalidad alumbrado luz,70674,servicios,2026-01-22,cartola
49,CL,CLP,1127253,75,Baja,transbank schopdog,47811,alimentacion,2026-01-11,cartola
49,CL,CLP,1127253,75,Baja,sherwin williams compra suc,53337,vivienda,2026-01-20,cartola
49,CL,CLP,1127253,75,Baja,suscripcion a netflix chile,17716,streaming,2026-01-16,natural
49,CL,CLP,1127253,75,Baja,transbank fuente alemana,36986,alimentacion,2026-01-08,cartola
49,CL,CLP,1127253,75,Baja,transbank upa!,10852,alimentacion,2026-01-27,cartola
49,CL,CLP,1127253,75,Baja,clinica indisa pos,160483,salud,2026-01-06,cartola
49,CL,CLP,1127253,75,Baja,pago cuenta pat aguas andinas,129989,servicios,2026-01-17,cartola
49,CL,CLP,1127253,75,Baja,pago pontificia universidad católica,358547,educacion,2026-01-09,natural
49,CL,CLP,1127253,75,Baja,pat debito vespucio sur,20401,transporte,2026-01-22,cartola
49,CL,CLP,1127253,75,Baja,libreria subsuelo compra,32476,educacion,2026-01-09,cartola
49,CL,CLP,1127253,75,Baja,compra webpay uber,10495,transporte,2026-01-21,cartola
49,CL,CLP,1127253,75,Baja,carga bencina en didi taxi,16255,transporte,2026-01-02,natural
49,CL,CLP,1127253,75,Baja,pago cuenta pat enel distribucion,68758,servicios,2026-01-26,cartola
49,CL,CLP,1127253,75,Baja,pago lipigas,71274,servicios,2026-01-13,natural
49,CL,CLP,1127253,75,Baja,breal propiedades pago gastos,176581,vivienda,2026-01-28,cartola
49,CL,CLP,1127253,75,Baja,pago en jumbo,151936,alimentacion,2026-01-11,natural
49,CL,CLP,1127253,75,Baja,compra redcompra dr simi,25724,salud,2026-01-14,cartola
49,CL,CLP,1127253,75,Baja,transbank tommy beans,6698,alimentacion,2026-01-16,cartola
49,CL,CLP,1127253,75,Baja,peaje angostura pos,2638,transporte,2026-01-11,cartola
49,CL,CLP,1127253,75,Baja,pago abastible,146006,servicios,2026-01-18,natural
49,CL,CLP,1127253,75,Baja,compra webpay lider,76607,alimentacion,2026-01-05,cartola
49,CL,CLP,1127253,75,Baja,compra en unimarc,131536,alimentacion,2026-01-26,natural
49,CL,CLP,1127253,75,Baja,pago en starbucks,15537,alimentacion,2026-01-12,natural
49,CL,CLP,1127253,75,Baja,pago universidad diego portales udp,223426,educacion,2026-01-16,natural
49,CL,CLP,1127253,75,Baja,compra redcompra imperial,15684,vivienda,2026-01-20,cartola
49,CL,CLP,1127253,75,Baja,suscripcion a amazon prime video,5353,streaming,2026-01-21,natural
49,CL,CLP,1127253,75,Baja,transbank mayorista 10,21566,alimentacion,2026-01-04,cartola
49,CL,CLP,1127253,75,Baja,pago lipigas,97605,servicios,2026-01-16,natural
49,CL,CLP,1127253,75,Baja,viaje en turbus,5322,transporte,2026-01-23,natural
49,CL,CLP,1127253,75,Baja,inscripcion en dimeiggs,48962,educacion,2026-01-07,natural
49,CL,CLP,1127253,75,Baja,carga bencina en uber chile,18730,transporte,2026-01-28,natural
49,CL,CLP,1127253,75,Baja,compra webpay turbus,7401,transporte,2026-01-02,cartola
49,CL,CLP,1127253,75,Baja,pago cge distribución,91557,servicios,2026-01-14,natural
49,CL,CLP,1127253,75,Baja,suscripcion a smart fit,25026,ocio,2026-01-25,natural
49,CL,CLP,1127253,75,Baja,compra webpay ticketmaster,67816,ocio,2026-01-16,cartola
49,CL,CLP,1127253,75,Baja,peaje zapata pos,4559,transporte,2026-01-15,cartola
49,CL,CLP,1127253,75,Baja,suscripcion a spotify,8973,streaming,2026-01-08,natural
49,CL,CLP,1127253,75,Baja,pago wom fibra,101487,servicios,2026-01-29,natural
49,CL,CLP,1127253,75,Baja,carga bencina en ruta 68,18964,transporte,2026-01-29,natural
49,CL,CLP,1127253,75,Baja,breal propiedades pago gastos,340145,vivienda,2026-01-04,cartola
49,CL,CLP,1127253,75,Baja,bencina petrobras,30822,transporte,2026-01-08,cartola
49,CL,CLP,1127253,75,Baja,pago cuenta pat entel fibra,112371,servicios,2026-01-03,cartola
49,CL,CLP,1127253,75,Baja,compra en clínica dávila,208755,salud,2026-01-17,natural
50,CL,CLP,840232,73,Media,pago gasco,131243,servicios,2026-01-24,natural
50,CL,CLP,840232,73,Media,transbank oxxo,26216,alimentacion,2026-01-24,cartola
50,CL,CLP,840232,73,Media,pago wom fibra,59277,servicios,2026-01-26,natural
50,CL,CLP,840232,73,Media,carga bip webpay,8064,transporte,2026-01-20,cartola
50,CL,CLP,840232,73,Media,administracion jardines maipu exp,167403,vivienda,2026-01-11,cartola
50,CL,CLP,840232,73,Media,compra webpay ticketmaster,92657,ocio,2026-01-17,cartola
50,CL,CLP,840232,73,Media,pago en burger king,25637,alimentacion,2026-01-23,natural
50,CL,CLP,840232,73,Media,pago en pedidosya,10491,alimentacion,2026-01-14,natural
50,CL,CLP,840232,73,Media,compra redcompra sparta deportes,100926,otros,2026-01-21,cartola
50,CL,CLP,840232,73,Media,pago servipag cuentas recaudacion,24355,servicios,2026-01-21,cartola
50,CL,CLP,840232,73,Media,pago cuenta pat abastible,24049,servicios,2026-01-23,cartola
50,CL,CLP,840232,73,Media,compra en botillería el faro,11280,alimentacion,2026-01-04,natural
50,CL,CLP,840232,73,Media,pago cuenta pat vtr telecom,29346,servicios,2026-01-29,cartola
50,CL,CLP,840232,73,Media,pat aiep arancel,267285,educacion,2026-01-10,cartola
50,CL,CLP,840232,73,Media,sii pago declaracion renta,27469,otros,2026-01-04,cartola
50,CL,CLP,840232,73,Media,pago enel distribución,22288,servicios,2026-01-22,natural
50,CL,CLP,840232,73,Media,pago claro hogar,89417,servicios,2026-01-28,natural
50,CL,CLP,840232,73,Media,inscripcion en pontificia universidad católica,266979,educacion,2026-01-06,natural
50,CL,CLP,840232,73,Media,transbank mcdonalds,8410,alimentacion,2026-01-23,cartola
50,CL,CLP,840232,73,Media,viaje en uber chile,19180,transporte,2026-01-22,natural
50,CL,CLP,840232,73,Media,viaje en vespucio norte,26776,transporte,2026-01-04,natural
50,CL,CLP,840232,73,Media,suscripcion a steam games,17413,ocio,2026-01-06,natural
50,CL,CLP,840232,73,Media,transbank mcdonalds,30597,alimentacion,2026-01-25,cartola
50,CL,CLP,840232,73,Media,pago seguro pat santander,4983,otros,2026-01-04,cartola
50,CL,CLP,840232,73,Media,suscripcion a ticketmaster chile,37274,ocio,2026-01-08,natural
50,CL,CLP,840232,73,Media,pago en ópticas schilling,13626,salud,2026-01-21,natural
50,CL,CLP,840232,73,Media,peaje angostura pos,1775,transporte,2026-01-22,cartola
50,CL,CLP,840232,73,Media,entrada a cineplanet,19560,ocio,2026-01-10,natural
50,CL,CLP,840232,73,Media,transbank kfc,10828,alimentacion,2026-01-20,cartola
50,CL,CLP,840232,73,Media,suscripcion a discoteca amanda,82916,ocio,2026-01-12,natural
50,CL,CLP,840232,73,Media,pago en tavelli,13776,alimentacion,2026-01-27,natural
50,CL,CLP,840232,73,Media,compra redcompra imperial,28912,vivienda,2026-01-21,cartola
50,CL,CLP,840232,73,Media,viaje en peaje zapata,2065,transporte,2026-01-29,natural
50,CL,CLP,840232,73,Media,pago cuenta pat essbio agua,92056,servicios,2026-01-21,cartola
50,CL,CLP,840232,73,Media,clinica alemana santiago,153338,salud,2026-01-18,cartola
50,CL,CLP,840232,73,Media,compra webpay turbus,11818,transporte,2026-01-24,cartola
50,CL,CLP,840232,73,Media,pat amazon prime video,12811,streaming,2026-01-05,cartola
50,CL,CLP,840232,73,Media,transbank botilleria el faro,18585,alimentacion,2026-01-15,cartola
50,CL,CLP,840232,73,Media,viaje en peaje melipilla,3898,transporte,2026-01-19,natural
50,CL,CLP,840232,73,Media,compra redcompra construmart,116219,vivienda,2026-01-24,cartola
50,CL,CLP,840232,73,Media,viaje en ruta 68,6656,transporte,2026-01-24,natural
50,CL,CLP,840232,73,Media,pago cuenta pat entel fibra,149105,servicios,2026-01-21,cartola
50,CL,CLP,840232,73,Media,transbank pedro juan y diego,24911,alimentacion,2026-01-06,cartola
50,CL,CLP,840232,73,Media,compra en uber eats,21461,alimentacion,2026-01-16,natural
50,CL,CLP,840232,73,Media,pago en subway,11851,alimentacion,2026-01-14,natural
50,CL,CLP,840232,73,Media,pat spotify chile,6888,streaming,2026-01-18,cartola
50,CL,CLP,840232,73,Media,peaje lampa pos,4261,transporte,2026-01-21,cartola
50,CL,CLP,840232,73,Media,viaje en ruta 68,43581,transporte,2026-01-16,natural
50,CL,CLP,840232,73,Media,pago aguas de antofagasta,129373,servicios,2026-01-21,natural
50,CL,CLP,840232,73,Media,pago entel fibra,92797,servicios,2026-01-20,natural
50,CL,CLP,840232,73,Media,pago sparta,72808,otros,2026-01-23,natural
50,CL,CLP,840232,73,Media,pago en tottus,137693,alimentacion,2026-01-16,natural
50,CL,CLP,840232,73,Media,compra webpay rappi,38583,alimentacion,2026-01-13,cartola
50,CL,CLP,840232,73,Media,compra en isapre consalud,156376,salud,2026-01-05,natural
50,CL,CLP,840232,73,Media,compra en cory,23114,alimentacion,2026-01-08,natural
50,CL,CLP,840232,73,Media,viaje en estacionamiento mall center,1736,transporte,2026-01-14,natural
50,CL,CLP,840232,73,Media,pago paris,284424,otros,2026-01-22,natural
50,CL,CLP,840232,73,Media,pat debito ruta maipo,39609,transporte,2026-01-16,cartola
50,CL,CLP,840232,73,Media,peaje lateral cash,4540,transporte,2026-01-05,cartola
50,CL,CLP,840232,73,Media,compra en telepizza,28378,alimentacion,2026-01-04,natural
50,CL,CLP,840232,73,Media,pago en melt pizzas,13521,alimentacion,2026-01-26,natural
50,CL,CLP,840232,73,Media,pago cuenta pat wom fibra,101471,servicios,2026-01-02,cartola
50,CL,CLP,840232,73,Media,pago sodimac homecenter,41582,vivienda,2026-01-19,natural
50,CL,CLP,840232,73,Media,peaje lampa pos,2924,transporte,2026-01-23,cartola
50,CL,CLP,840232,73,Media,transbank fuente suiza,14496,alimentacion,2026-01-24,cartola
50,CL,CLP,840232,73,Media,pago en centro médico san lorenzo,19719,salud,2026-01-04,natural
50,CL,CLP,840232,73,Media,compra webpay uber eats,25445,alimentacion,2026-01-04,cartola
50,CL,CLP,840232,73,Media,suscripcion a netflix chile,4800,streaming,2026-01-03,natural
50,CL,CLP,840232,73,Media,pago administración jardines de maipú,129580,vivienda,2026-01-24,natural
50,CL,CLP,840232,73,Media,transbank wendys,34741,alimentacion,2026-01-24,cartola
50,CL,CLP,840232,73,Media,transbank mcdonalds,19708,alimentacion,2026-01-16,cartola
50,CL,CLP,840232,73,Media,transbank kfc,16559,alimentacion,2026-01-25,cartola
50,CL,CLP,840232,73,Media,suscripcion a puntoticket,8369,ocio,2026-01-23,natural
50,CL,CLP,840232,73,Media,compra webpay cabify,11999,transporte,2026-01-16,cartola
50,CL,CLP,840232,73,Media,carga metro santiago,10909,transporte,2026-01-15,cartola
50,CL,CLP,840232,73,Media,pago aguas andinas,17899,servicios,2026-01-29,natural
50,CL,CLP,840232,73,Media,clinica indisa pos,133927,salud,2026-01-28,cartola
50,CL,CLP,840232,73,Media,pago vtr internet,111058,servicios,2026-01-25,natural
50,CL,CLP,840232,73,Media,compra webpay cinemark,14150,ocio,2026-01-02,cartola
50,CL,CLP,840232,73,Media,compra webpay pullman bus,5640,transporte,2026-01-02,cartola
50,CL,CLP,840232,73,Media,integramedica consulta suc,222977,salud,2026-01-16,cartola
50,CL,CLP,840232,73,Media,transbank fuente suiza,39821,alimentacion,2026-01-27,cartola
50,CL,CLP,840232,73,Media,pat netflix chile,6135,streaming,2026-01-22,cartola
50,CL,CLP,840232,73,Media,transbank subway,15808,alimentacion,2026-01-15,cartola
50,CL,CLP,840232,73,Media,pago cuenta pat essbio agua,145194,servicios,2026-01-06,cartola
50,CL,CLP,840232,73,Media,compra webpay uber,14752,transporte,2026-01-28,cartola
50,CL,CLP,840232,73,Media,pago en emporio la rosa,30735,alimentacion,2026-01-05,natural
50,CL,CLP,840232,73,Media,pat spotify chile,6501,streaming,2026-01-07,cartola
50,CL,CLP,840232,73,Media,suscripcion a disney plus,7118,streaming,2026-01-06,natural
50,CL,CLP,840232,73,Media,fantasilandia entradas,14290,ocio,2026-01-28,cartola
50,CL,CLP,840232,73,Media,maderas encofrados compra,90924,vivienda,2026-01-11,cartola
50,CL,CLP,840232,73,Media,viaje en pullman bus,2438,transporte,2026-01-17,natural
50,CL,CLP,840232,73,Media,pago maconline,190185,otros,2026-01-21,natural
50,CL,CLP,840232,73,Media,opticas schilling compra,12980,salud,2026-01-12,cartola
50,CL,CLP,840232,73,Media,pago gasco,93713,servicios,2026-01-28,natural
50,CL,CLP,840232,73,Media,compra en melt pizzas,29072,alimentacion,2026-01-14,natural
50,CL,CLP,840232,73,Media,transbank mayorista 10,33172,alimentacion,2026-01-20,cartola
50,CL,CLP,840232,73,Media,transbank kfc,6651,alimentacion,2026-01-13,cartola
50,CL,CLP,840232,73,Media,pago cuenta pat wom fibra,143037,servicios,2026-01-26,cartola
50,CL,CLP,840232,73,Media,pat arancel unab suc,262493,educacion,2026-01-27,cartola
50,CL,CLP,840232,73,Media,pago cuenta pat metrogas,44405,servicios,2026-01-09,cartola
50,CL,CLP,840232,73,Media,pago en fonasa,121108,salud,2026-01-23,natural
50,CL,CLP,840232,73,Media,pat spotify chile,5240,streaming,2026-01-27,cartola
50,CL,CLP,840232,73,Media,integramedica consulta suc,250235,salud,2026-01-17,cartola
50,CL,CLP,840232,73,Media,inscripcion en universidad de santiago usach,148042,educacion,2026-01-20,natural
50,CL,CLP,840232,73,Media,pago nuevosur,14802,servicios,2026-01-16,natural
50,CL,CLP,840232,73,Media,pago en farmacias knop,61953,salud,2026-01-26,natural
50,CL,CLP,840232,73,Media,pago saesa,33006,servicios,2026-01-19,natural
50,CL,CLP,840232,73,Media,pago universidad del desarrollo udd,259095,educacion,2026-01-27,natural
50,CL,CLP,840232,73,Media,pago cuenta pat lipigas,54010,servicios,2026-01-26,cartola
50,CL,CLP,840232,73,Media,viaje en costanera norte,37189,transporte,2026-01-03,natural
50,CL,CLP,840232,73,Media,transbank juan valdez,6207,alimentacion,2026-01-15,cartola
50,CL,CLP,840232,73,Media,suscripcion a netflix chile,6628,streaming,2026-01-02,natural
50,CL,CLP,840232,73,Media,pat amazon prime video,9100,streaming,2026-01-05,cartola
50,CL,CLP,840232,73,Media,suscripcion a spotify,16468,streaming,2026-01-20,natural
50,CL,CLP,840232,73,Media,pago cuenta pat gtd manquehue,43199,servicios,2026-01-22,cartola
50,CL,CLP,840232,73,Media,pago gasco,113270,servicios,2026-01-08,natural
50,CL,CLP,840232,73,Media,pago alquiler propiedades chile,246127,vivienda,2026-01-28,natural
50,CL,CLP,840232,73,Media,pago en buffalo waffles,30047,alimentacion,2026-01-18,natural
50,CL,CLP,840232,73,Media,entrada a fantasilandia,41843,ocio,2026-01-14,natural
50,CL,CLP,840232,73,Media,suscripcion a netflix chile,16161,streaming,2026-01-22,natural
50,CL,CLP,840232,73,Media,pago en kfc,22267,alimentacion,2026-01-27,natural
50,CL,CLP,840232,73,Media,viaje en vespucio sur,19557,transporte,2026-01-10,natural
50,CL,CLP,840232,73,Media,transbank santa isabel,130462,alimentacion,2026-01-28,cartola
50,CL,CLP,840232,73,Media,transbank wendys,10438,alimentacion,2026-01-26,cartola
51,CL,CLP,1944194,48,Baja,pago cuenta pat metrogas,70885,servicios,2026-01-16,cartola
51,CL,CLP,1944194,48,Baja,pago mundo pacífico,38606,servicios,2026-01-27,natural
51,CL,CLP,1944194,48,Baja,suscripcion a spotify,10085,streaming,2026-01-21,natural
51,CL,CLP,1944194,48,Baja,pago copropietarios edificio el golf,347633,vivienda,2026-01-27,natural
51,CL,CLP,1944194,48,Baja,teatro nescafe de las artes entradas,64255,ocio,2026-01-29,cartola
51,CL,CLP,1944194,48,Baja,peaje angostura pos,4097,transporte,2026-01-23,cartola
51,CL,CLP,1944194,48,Baja,pago ferretería el candado,93293,vivienda,2026-01-14,natural
51,CL,CLP,1944194,48,Baja,pago edipro edificio,164337,vivienda,2026-01-17,natural
51,CL,CLP,1944194,48,Baja,pago municipalidad alumbrado luz,65185,servicios,2026-01-16,cartola
51,CL,CLP,1944194,48,Baja,entrada a max hbo,17711,ocio,2026-01-16,natural
51,CL,CLP,1944194,48,Baja,pago tricot,185852,otros,2026-01-12,natural
51,CL,CLP,1944194,48,Baja,compra webpay ticketmaster,90105,ocio,2026-01-18,cartola
51,CL,CLP,1944194,48,Baja,breal propiedades pago gastos,132167,vivienda,2026-01-08,cartola
51,CL,CLP,1944194,48,Baja,pat disney plus chile,9128,streaming,2026-01-08,cartola
51,CL,CLP,1944194,48,Baja,pat isapre colmena,193338,salud,2026-01-19,cartola
51,CL,CLP,1944194,48,Baja,carga bencina en estacionamiento saba,2208,transporte,2026-01-04,natural
51,CL,CLP,1944194,48,Baja,pago cuenta pat aguas andinas,112914,servicios,2026-01-07,cartola
51,CL,CLP,1944194,48,Baja,pago kastor gastos comunes,223546,vivienda,2026-01-21,natural
51,CL,CLP,1944194,48,Baja,pago comunidadfeliz gasto comun,78117,vivienda,2026-01-06,cartola
51,CL,CLP,1944194,48,Baja,pat debito avo,34935,transporte,2026-01-15,cartola
51,CL,CLP,1944194,48,Baja,pago gasco,18750,servicios,2026-01-12,natural
51,CL,CLP,1944194,48,Baja,compra en fonasa,153353,salud,2026-01-06,natural
51,CL,CLP,1944194,48,Baja,transbank subway,9720,alimentacion,2026-01-04,cartola
51,CL,CLP,1944194,48,Baja,pago en mamut,21397,alimentacion,2026-01-20,natural
51,CL,CLP,1944194,48,Baja,pat debito avo,28665,transporte,2026-01-07,cartola
51,CL,CLP,1944194,48,Baja,compra en bravissimo,20336,alimentacion,2026-01-22,natural
51,CL,CLP,1944194,48,Baja,pago en fuente suiza,4935,alimentacion,2026-01-02,natural
51,CL,CLP,1944194,48,Baja,compra en clínica indisa,72194,salud,2026-01-29,natural
51,CL,CLP,1944194,48,Baja,transbank tavelli,46539,alimentacion,2026-01-24,cartola
51,CL,CLP,1944194,48,Baja,pat smart fit gimnasios,30655,ocio,2026-01-15,cartola
51,CL,CLP,1944194,48,Baja,inscripcion en universidad del desarrollo udd,380395,educacion,2026-01-13,natural
51,CL,CLP,1944194,48,Baja,compra en ópticas gmo,28289,salud,2026-01-06,natural
51,CL,CLP,1944194,48,Baja,alipay*aliexpress inter,190993,otros,2026-01-02,cartola
51,CL,CLP,1944194,48,Baja,pago alquiler propiedades chile,332556,vivienda,2026-01-27,natural
51,CL,CLP,1944194,48,Baja,pat debito ruta maipo,11971,transporte,2026-01-29,cartola
51,CL,CLP,1944194,48,Baja,pago h&m chile,74905,otros,2026-01-03,natural
51,CL,CLP,1944194,48,Baja,compra en spacio1 petrobras,49500,alimentacion,2026-01-14,natural
51,CL,CLP,1944194,48,Baja,inscripcion en colegio saint george,43255,educacion,2026-01-20,natural
51,CL,CLP,1944194,48,Baja,transbank fuente suiza,16042,alimentacion,2026-01-20,cartola
51,CL,CLP,1944194,48,Baja,clinica santa maria pos,372698,salud,2026-01-05,cartola
51,CL,CLP,1944194,48,Baja,administracion jardines maipu exp,69464,vivienda,2026-01-16,cartola
51,CL,CLP,1944194,48,Baja,compra en uber eats,8399,alimentacion,2026-01-07,natural
51,CL,CLP,1944194,48,Baja,pago en mcdonalds,25137,alimentacion,2026-01-11,natural
51,CL,CLP,1944194,48,Baja,suscripcion a dmoov chile,32300,ocio,2026-01-05,natural
51,CL,CLP,1944194,48,Baja,compra en laboratorio bionet,10842,salud,2026-01-23,natural
51,CL,CLP,1944194,48,Baja,carga bencina en ruta 68,18152,transporte,2026-01-25,natural
51,CL,CLP,1944194,48,Baja,pago librería qué leo,27767,educacion,2026-01-05,natural
51,CL,CLP,1944194,48,Baja,transbank domino,13350,alimentacion,2026-01-04,cartola
51,CL,CLP,1944194,48,Baja,compra en subway,7380,alimentacion,2026-01-06,natural
51,CL,CLP,1944194,48,Baja,edificio el golf gastos comunes,292903,vivienda,2026-01-10,cartola
51,CL,CLP,1944194,48,Baja,transbank verduleria don lucho,7548,alimentacion,2026-01-21,cartola
51,CL,CLP,1944194,48,Baja,inscripcion en feria chilena del libro,38486,educacion,2026-01-27,natural
51,CL,CLP,1944194,48,Baja,transbank cory,13521,alimentacion,2026-01-08,cartola
51,CL,CLP,1944194,48,Baja,compra en pedidosya,47269,alimentacion,2026-01-04,natural
51,CL,CLP,1944194,48,Baja,pago pc factory,453857,otros,2026-01-11,natural
51,CL,CLP,1944194,48,Baja,pat debito ruta itata,30465,transporte,2026-01-20,cartola
51,CL,CLP,1944194,48,Baja,pat debito autopista del sol,20743,transporte,2026-01-02,cartola
51,CL,CLP,1944194,48,Baja,pago vtr internet,15099,servicios,2026-01-16,natural
51,CL,CLP,1944194,48,Baja,pago en sibaritas 87,20847,alimentacion,2026-01-07,natural
51,CL,CLP,1944194,48,Baja,pago en eco farmacias,63381,salud,2026-01-17,natural
51,CL,CLP,1944194,48,Baja,yolito ferreteria compra,40192,vivienda,2026-01-02,cartola
51,CL,CLP,1944194,48,Baja,pago municipalidad alumbrado luz,81456,servicios,2026-01-17,cartola
51,CL,CLP,1944194,48,Baja,compra webpay easy,235528,vivienda,2026-01-21,cartola
51,CL,CLP,1944194,48,Baja,pago administración jardines de maipú,287901,vivienda,2026-01-19,natural
51,CL,CLP,1944194,48,Baja,pat debito costanera norte,37239,transporte,2026-01-21,cartola
51,CL,CLP,1944194,48,Baja,compra en botillería el faro,13609,alimentacion,2026-01-24,natural
51,CL,CLP,1944194,48,Baja,pat energy fitness gimnasio,26426,ocio,2026-01-02,cartola
51,CL,CLP,1944194,48,Baja,transbank upa!,36289,alimentacion,2026-01-18,cartola
51,CL,CLP,1944194,48,Baja,pago cuenta pat cge distribucion,97736,servicios,2026-01-24,cartola
51,CL,CLP,1944194,48,Baja,compra en clínica bupa,23544,salud,2026-01-24,natural
51,CL,CLP,1944194,48,Baja,pago servipag cuentas recaudacion,115229,servicios,2026-01-17,cartola
51,CL,CLP,1944194,48,Baja,pago debito pat hdi seguros,21839,otros,2026-01-16,cartola
51,CL,CLP,1944194,48,Baja,inscripcion en aiep,249195,educacion,2026-01-06,natural
51,CL,CLP,1944194,48,Baja,inscripcion en universidad del desarrollo udd,369794,educacion,2026-01-04,natural
51,CL,CLP,1944194,48,Baja,pago enel distribución,32214,servicios,2026-01-21,natural
51,CL,CLP,1944194,48,Baja,pago universidad adolfo ibáñez uai,140678,educacion,2026-01-24,natural
51,CL,CLP,1944194,48,Baja,pago en lider,146856,alimentacion,2026-01-17,natural
51,CL,CLP,1944194,48,Baja,pago cuenta pat saesa,106211,servicios,2026-01-17,cartola
51,CL,CLP,1944194,48,Baja,pago imperial,100965,vivienda,2026-01-28,natural
51,CL,CLP,1944194,48,Baja,carga bip webpay,5204,transporte,2026-01-19,cartola
51,CL,CLP,1944194,48,Baja,compra webpay antartica libros,42131,educacion,2026-01-24,cartola
51,CL,CLP,1944194,48,Baja,transbank tommy beans,19509,alimentacion,2026-01-03,cartola
51,CL,CLP,1944194,48,Baja,bencina petrobras,21002,transporte,2026-01-28,cartola
51,CL,CLP,1944194,48,Baja,pago universidad de chile,173730,educacion,2026-01-28,natural
51,CL,CLP,1944194,48,Baja,transbank cory,27731,alimentacion,2026-01-07,cartola
51,CL,CLP,1944194,48,Baja,transbank unimarc,50953,alimentacion,2026-01-11,cartola
51,CL,CLP,1944194,48,Baja,pago inacap,360798,educacion,2026-01-03,natural
51,CL,CLP,1944194,48,Baja,pago en fuente suiza,15281,alimentacion,2026-01-13,natural
51,CL,CLP,1944194,48,Baja,pago cuenta pat gtd manquehue,134091,servicios,2026-01-16,cartola
51,CL,CLP,1944194,48,Baja,entrada a ticketmaster chile,94980,ocio,2026-01-22,natural
51,CL,CLP,1944194,48,Baja,peaje melipilla pos,2729,transporte,2026-01-29,cartola
51,CL,CLP,1944194,48,Baja,pat amazon prime video,16757,streaming,2026-01-28,cartola
51,CL,CLP,1944194,48,Baja,pago cuenta pat lipigas,49674,servicios,2026-01-23,cartola
51,CL,CLP,1944194,48,Baja,suscripcion a disney plus,15460,streaming,2026-01-11,natural
51,CL,CLP,1944194,48,Baja,transbank tommy beans,9702,alimentacion,2026-01-25,cartola
51,CL,CLP,1944194,48,Baja,viaje en tarjeta bip!,2144,transporte,2026-01-04,natural
51,CL,CLP,1944194,48,Baja,pago cuenta pat esval agua,72483,servicios,2026-01-26,cartola
51,CL,CLP,1944194,48,Baja,pago mercado libre,122428,otros,2026-01-25,natural
51,CL,CLP,1944194,48,Baja,colegio saint george arancel pat,123254,educacion,2026-01-05,cartola
51,CL,CLP,1944194,48,Baja,suscripcion a amazon prime video,17068,streaming,2026-01-12,natural
51,CL,CLP,1944194,48,Baja,pago construmart,111950,vivienda,2026-01-21,natural
51,CL,CLP,1944194,48,Baja,pat smart fit gimnasios,35070,ocio,2026-01-25,cartola
51,CL,CLP,1944194,48,Baja,clinica bupa santiago,59335,salud,2026-01-20,cartola
51,CL,CLP,1944194,48,Baja,kidzania santiago entradas,15643,ocio,2026-01-28,cartola
51,CL,CLP,1944194,48,Baja,pago cuenta pat claro hogar,115058,servicios,2026-01-25,cartola
51,CL,CLP,1944194,48,Baja,transbank pedro juan y diego,20555,alimentacion,2026-01-12,cartola
51,CL,CLP,1944194,48,Baja,compra en emporio la rosa,41850,alimentacion,2026-01-07,natural
51,CL,CLP,1944194,48,Baja,estacionamiento saba pos,5489,transporte,2026-01-16,cartola
51,CL,CLP,1944194,48,Baja,suscripcion a netflix chile,6092,streaming,2026-01-24,natural
51,CL,CLP,1944194,48,Baja,pago hdi seguros,27236,otros,2026-01-19,natural
51,CL,CLP,1944194,48,Baja,viaje en ruta 68,30806,transporte,2026-01-21,natural
51,CL,CLP,1944194,48,Baja,compra webpay didi,5502,transporte,2026-01-28,cartola
51,CL,CLP,1944194,48,Baja,pago universidad andrés bello unab,644371,educacion,2026-01-28,natural
51,CL,CLP,1944194,48,Baja,pat sportlife gimnasios,40755,ocio,2026-01-10,cartola
51,CL,CLP,1944194,48,Baja,pat netflix chile,16941,streaming,2026-01-06,cartola
51,CL,CLP,1944194,48,Baja,transbank feria pinto,31432,alimentacion,2026-01-13,cartola
51,CL,CLP,1944194,48,Baja,suscripcion a gimnasio upgrade,39715,ocio,2026-01-12,natural
51,CL,CLP,1944194,48,Baja,pago metrogas,52982,servicios,2026-01-27,natural
51,CL,CLP,1944194,48,Baja,pago imperial,100143,vivienda,2026-01-29,natural
51,CL,CLP,1944194,48,Baja,pago metrogas,133333,servicios,2026-01-21,natural
51,CL,CLP,1944194,48,Baja,pat disney plus chile,11821,streaming,2026-01-02,cartola
51,CL,CLP,1944194,48,Baja,carga bencina en peaje zapata,2015,transporte,2026-01-17,natural
51,CL,CLP,1944194,48,Baja,pat disney plus chile,15677,streaming,2026-01-27,cartola
51,CL,CLP,1944194,48,Baja,pago cuenta pat chilquinta,78747,servicios,2026-01-16,cartola
51,CL,CLP,1944194,48,Baja,transbank domino,23541,alimentacion,2026-01-10,cartola
52,CL,CLP,1215514,60,Baja,compra webpay cabify,8928,transporte,2026-01-29,cartola
52,CL,CLP,1215514,60,Baja,pago vtr internet,141975,servicios,2026-01-20,natural
52,CL,CLP,1215514,60,Baja,comision mantencion tarjeta cencosud,16421,otros,2026-01-10,cartola
52,CL,CLP,1215514,60,Baja,carga bencina en pullman bus,8904,transporte,2026-01-09,natural
52,CL,CLP,1215514,60,Baja,carga bencina en uber chile,7462,transporte,2026-01-15,natural
52,CL,CLP,1215514,60,Baja,pago falabella,190120,otros,2026-01-07,natural
52,CL,CLP,1215514,60,Baja,suscripcion a disney plus,15370,streaming,2026-01-10,natural
52,CL,CLP,1215514,60,Baja,compra en dr ahorro,71624,salud,2026-01-06,natural
52,CL,CLP,1215514,60,Baja,pago claro hogar,85063,servicios,2026-01-21,natural
52,CL,CLP,1215514,60,Baja,pat debito autopista del sol,25903,transporte,2026-01-04,cartola
52,CL,CLP,1215514,60,Baja,pago zurich chile,19166,otros,2026-01-24,natural
52,CL,CLP,1215514,60,Baja,pago en kfc,34436,alimentacion,2026-01-02,natural
52,CL,CLP,1215514,60,Baja,bar la virgen compra suc,88385,ocio,2026-01-02,cartola
52,CL,CLP,1215514,60,Baja,pago cuenta pat nuevosur agua,36774,servicios,2026-01-06,cartola
52,CL,CLP,1215514,60,Baja,suscripcion a amazon prime video,14914,streaming,2026-01-09,natural
52,CL,CLP,1215514,60,Baja,compra en almacén doña juana,32835,alimentacion,2026-01-27,natural
52,CL,CLP,1215514,60,Baja,pago servipag cuentas recaudacion,138990,servicios,2026-01-15,cartola
52,CL,CLP,1215514,60,Baja,playstation network compra,45259,ocio,2026-01-29,cartola
52,CL,CLP,1215514,60,Baja,pago vtr internet,59296,servicios,2026-01-06,natural
52,CL,CLP,1215514,60,Baja,entrada a passline,79251,ocio,2026-01-19,natural
52,CL,CLP,1215514,60,Baja,pago wom fibra,137997,servicios,2026-01-14,natural
52,CL,CLP,1215514,60,Baja,pago en clínica santa maría,383404,salud,2026-01-21,natural
52,CL,CLP,1215514,60,Baja,pago cuenta pat gasco,144637,servicios,2026-01-09,cartola
52,CL,CLP,1215514,60,Baja,compra en clínica santa maría,389537,salud,2026-01-18,natural
52,CL,CLP,1215514,60,Baja,pago cuenta pat essbio agua,146905,servicios,2026-01-06,cartola
52,CL,CLP,1215514,60,Baja,pago en pronto copec,47435,alimentacion,2026-01-15,natural
52,CL,CLP,1215514,60,Baja,pat univ de los andes arancel,262873,educacion,2026-01-24,cartola
52,CL,CLP,1215514,60,Baja,zoologico metropolitano entradas,48653,ocio,2026-01-18,cartola
52,CL,CLP,1215514,60,Baja,pago pago de luz municipalidad,149621,servicios,2026-01-03,natural
52,CL,CLP,1215514,60,Baja,bencina shell,30895,transporte,2026-01-09,cartola
52,CL,CLP,1215514,60,Baja,pago cuenta pat essbio agua,130657,servicios,2026-01-25,cartola
52,CL,CLP,1215514,60,Baja,pago essbio,64947,servicios,2026-01-08,natural
52,CL,CLP,1215514,60,Baja,pago cuenta pat abastible,147089,servicios,2026-01-11,cartola
52,CL,CLP,1215514,60,Baja,pago en melt pizzas,34596,alimentacion,2026-01-06,natural
52,CL,CLP,1215514,60,Baja,pago en megasalud,386272,salud,2026-01-07,natural
52,CL,CLP,1215514,60,Baja,pago pinturas sherwin williams,66655,vivienda,2026-01-25,natural
52,CL,CLP,1215514,60,Baja,viaje en copec,48149,transporte,2026-01-16,natural
52,CL,CLP,1215514,60,Baja,pago universidad adolfo ibáñez uai,349444,educacion,2026-01-15,natural
52,CL,CLP,1215514,60,Baja,pago en tavelli,18913,alimentacion,2026-01-22,natural
52,CL,CLP,1215514,60,Baja,entrada a zoológico metropolitano,91441,ocio,2026-01-09,natural
52,CL,CLP,1215514,60,Baja,pat debito vespucio norte,14369,transporte,2026-01-22,cartola
52,CL,CLP,1215514,60,Baja,transbank la pica del gringo,33682,alimentacion,2026-01-24,cartola
52,CL,CLP,1215514,60,Baja,pago cuenta pat cge distribucion,76765,servicios,2026-01-12,cartola
52,CL,CLP,1215514,60,Baja,ferreteria prat compra,67579,vivienda,2026-01-06,cartola
52,CL,CLP,1215514,60,Baja,pago cuenta pat nuevosur agua,43177,servicios,2026-01-13,cartola
52,CL,CLP,1215514,60,Baja,pago cuenta pat movistar hogar,15936,servicios,2026-01-07,cartola
52,CL,CLP,1215514,60,Baja,pago cuenta pat cge distribucion,49948,servicios,2026-01-12,cartola
52,CL,CLP,1215514,60,Baja,carga bencina en vespucio norte,37157,transporte,2026-01-20,natural
52,CL,CLP,1215514,60,Baja,pago cuenta pat movistar hogar,20139,servicios,2026-01-05,cartola
52,CL,CLP,1215514,60,Baja,compra en megasalud,299771,salud,2026-01-13,natural
52,CL,CLP,1215514,60,Baja,pago cuenta pat vtr telecom,84839,servicios,2026-01-22,cartola
52,CL,CLP,1215514,60,Baja,pago pinturas sherwin williams,57245,vivienda,2026-01-14,natural
52,CL,CLP,1215514,60,Baja,entrada a teatro caupolicán,44508,ocio,2026-01-25,natural
52,CL,CLP,1215514,60,Baja,pat gimnasio upgrade pos,42448,ocio,2026-01-07,cartola
52,CL,CLP,1215514,60,Baja,pat netflix chile,15801,streaming,2026-01-19,cartola
52,CL,CLP,1215514,60,Baja,pat smart fit gimnasios,35519,ocio,2026-01-24,cartola
52,CL,CLP,1215514,60,Baja,compra en farmacias cruz verde,59474,salud,2026-01-23,natural
52,CL,CLP,1215514,60,Baja,entrada a bar la virgen,84373,ocio,2026-01-07,natural
52,CL,CLP,1215514,60,Baja,compra redcompra ahumada,67988,salud,2026-01-22,cartola
52,CL,CLP,1215514,60,Baja,pat univ de los andes arancel,228175,educacion,2026-01-06,cartola
52,CL,CLP,1215514,60,Baja,pago cge distribución,69084,servicios,2026-01-20,natural
52,CL,CLP,1215514,60,Baja,pago imperial,37630,vivienda,2026-01-04,natural
52,CL,CLP,1215514,60,Baja,pago abastible,47691,servicios,2026-01-13,natural
52,CL,CLP,1215514,60,Baja,pat isapre banmedica,48983,salud,2026-01-19,cartola
52,CL,CLP,1215514,60,Baja,pago chilquinta,20011,servicios,2026-01-05,natural
52,CL,CLP,1215514,60,Baja,compra redcompra eco farmacias,31093,salud,2026-01-28,cartola
52,CL,CLP,1215514,60,Baja,pago cuenta pat gasco,115827,servicios,2026-01-06,cartola
52,CL,CLP,1215514,60,Baja,pat dmoov chile suc,34089,ocio,2026-01-26,cartola
52,CL,CLP,1215514,60,Baja,pago kastor gasto comun,249738,vivienda,2026-01-15,cartola
52,CL,CLP,1215514,60,Baja,entrada a smart fit,33161,ocio,2026-01-13,natural
52,CL,CLP,1215514,60,Baja,cargos administrativos scotiabank,19623,otros,2026-01-20,cartola
52,CL,CLP,1215514,60,Baja,pago en clínica dávila,31326,salud,2026-01-22,natural
52,CL,CLP,1215514,60,Baja,pat debito ruta maipo,28344,transporte,2026-01-24,cartola
52,CL,CLP,1215514,60,Baja,pat dmoov chile suc,21759,ocio,2026-01-13,cartola
52,CL,CLP,1215514,60,Baja,pago metrogas,29479,servicios,2026-01-07,natural
52,CL,CLP,1215514,60,Baja,suscripcion a spotify,16608,streaming,2026-01-06,natural
52,CL,CLP,1215514,60,Baja,pago cge distribución,128785,servicios,2026-01-26,natural
52,CL,CLP,1215514,60,Baja,pago cuenta pat abastible,92138,servicios,2026-01-04,cartola
52,CL,CLP,1215514,60,Baja,discoteca amanda entradas pos,32244,ocio,2026-01-28,cartola
52,CL,CLP,1215514,60,Baja,pago entel fibra,87436,servicios,2026-01-06,natural
52,CL,CLP,1215514,60,Baja,compra en mcdonalds,7322,alimentacion,2026-01-17,natural
52,CL,CLP,1215514,60,Baja,entrada a zoológico metropolitano,89652,ocio,2026-01-08,natural
52,CL,CLP,1215514,60,Baja,compra webpay uber eats,39843,alimentacion,2026-01-03,cartola
52,CL,CLP,1215514,60,Baja,compra en uber eats,27748,alimentacion,2026-01-07,natural
52,CL,CLP,1215514,60,Baja,pat netflix chile,17374,streaming,2026-01-11,cartola
52,CL,CLP,1215514,60,Baja,pago metrogas,12518,servicios,2026-01-20,natural
52,CL,CLP,1215514,60,Baja,estacionamiento saba pos,8651,transporte,2026-01-22,cartola
52,CL,CLP,1215514,60,Baja,pago cuenta pat enel distribucion,75670,servicios,2026-01-27,cartola
52,CL,CLP,1215514,60,Baja,suscripcion a netflix chile,10426,streaming,2026-01-13,natural
52,CL,CLP,1215514,60,Baja,pago kastor gasto comun,347891,vivienda,2026-01-02,cartola
52,CL,CLP,1215514,60,Baja,viaje en peaje lateral,2959,transporte,2026-01-04,natural
52,CL,CLP,1215514,60,Baja,pago en la sanguchera del barrio,19510,alimentacion,2026-01-11,natural
52,CL,CLP,1215514,60,Baja,compra en farmacias salcobrand,15398,salud,2026-01-08,natural
52,CL,CLP,1215514,60,Baja,pago cuenta pat aguas antofagasta,71138,servicios,2026-01-18,cartola
52,CL,CLP,1215514,60,Baja,pat amazon prime video,5624,streaming,2026-01-21,cartola
52,CL,CLP,1215514,60,Baja,pago gtd manquehue,123352,servicios,2026-01-15,natural
52,CL,CLP,1215514,60,Baja,compra redcompra construmart,30332,vivienda,2026-01-11,cartola
52,CL,CLP,1215514,60,Baja,pago cuenta pat saesa,40539,servicios,2026-01-26,cartola
52,CL,CLP,1215514,60,Baja,compra en mayorista 10,49600,alimentacion,2026-01-09,natural
52,CL,CLP,1215514,60,Baja,compra en tommy beans,25400,alimentacion,2026-01-07,natural
52,CL,CLP,1215514,60,Baja,suscripcion a club de baile,14650,ocio,2026-01-20,natural
52,CL,CLP,1215514,60,Baja,compra en integramédica,176344,salud,2026-01-08,natural
52,CL,CLP,1215514,60,Baja,compra en bravissimo,11057,alimentacion,2026-01-18,natural
52,CL,CLP,1215514,60,Baja,transbank fuente alemana,18218,alimentacion,2026-01-14,cartola
52,CL,CLP,1215514,60,Baja,alipay*aliexpress inter,30667,otros,2026-01-06,cartola
52,CL,CLP,1215514,60,Baja,pat debito vespucio norte,44027,transporte,2026-01-03,cartola
52,CL,CLP,1215514,60,Baja,compra redcompra zara chile,132944,otros,2026-01-29,cartola
52,CL,CLP,1215514,60,Baja,suscripcion a discoteca amanda,79808,ocio,2026-01-21,natural
52,CL,CLP,1215514,60,Baja,pago en juan valdez,15995,alimentacion,2026-01-03,natural
52,CL,CLP,1215514,60,Baja,pago colectivo linea 40,1994,transporte,2026-01-25,cartola
52,CL,CLP,1215514,60,Baja,carga bencina en didi taxi,3751,transporte,2026-01-10,natural
52,CL,CLP,1215514,60,Baja,comision mantencion banco chile,20412,otros,2026-01-02,cartola
52,CL,CLP,1215514,60,Baja,pago zara chile,73135,otros,2026-01-26,natural
52,CL,CLP,1215514,60,Baja,compra redcompra ahumada,69002,salud,2026-01-26,cartola
52,CL,CLP,1215514,60,Baja,suscripcion a disney plus,16091,streaming,2026-01-06,natural
52,CL,CLP,1215514,60,Baja,carga bencina en peaje lateral,2545,transporte,2026-01-05,natural
52,CL,CLP,1215514,60,Baja,compra en dentalalegre,18834,salud,2026-01-04,natural
52,CL,CLP,1215514,60,Baja,transbank bar el barista,15191,ocio,2026-01-24,cartola
52,CL,CLP,1215514,60,Baja,pago enel distribución,59273,servicios,2026-01-29,natural
52,CL,CLP,1215514,60,Baja,pago cuenta pat cge distribucion,121286,servicios,2026-01-16,cartola
52,CL,CLP,1215514,60,Baja,pago en pedro juan y diego,25457,alimentacion,2026-01-21,natural
52,CL,CLP,1215514,60,Baja,pago abastible,114127,servicios,2026-01-29,natural
52,CL,CLP,1215514,60,Baja,suscripcion a spotify,8074,streaming,2026-01-02,natural
52,CL,CLP,1215514,60,Baja,pago kastor gastos comunes,324158,vivienda,2026-01-20,natural
52,CL,CLP,1215514,60,Baja,pago construmart,41959,vivienda,2026-01-08,natural
53,CL,CLP,1551527,5,Alta,carga metro santiago,6386,transporte,2026-01-02,cartola
53,CL,CLP,1551527,5,Alta,pago abastible,98511,servicios,2026-01-11,natural
53,CL,CLP,1551527,5,Alta,carga bencina en ruta del itata,38501,transporte,2026-01-21,natural
53,CL,CLP,1551527,5,Alta,pago cuenta pat essbio agua,73807,servicios,2026-01-21,cartola
53,CL,CLP,1551527,5,Alta,pat amazon prime video,7555,streaming,2026-01-29,cartola
53,CL,CLP,1551527,5,Alta,pago wom fibra,47060,servicios,2026-01-25,natural
53,CL,CLP,1551527,5,Alta,compra efe trenes,3344,transporte,2026-01-26,cartola
53,CL,CLP,1551527,5,Alta,compra en bravissimo,31579,alimentacion,2026-01-11,natural
53,CL,CLP,1551527,5,Alta,pago casaideas,108011,vivienda,2026-01-17,natural
53,CL,CLP,1551527,5,Alta,pago paris deco,77801,vivienda,2026-01-14,natural
53,CL,CLP,1551527,5,Alta,pago servipag cuentas recaudacion,60464,servicios,2026-01-09,cartola
53,CL,CLP,1551527,5,Alta,pago easy,143317,vivienda,2026-01-10,natural
53,CL,CLP,1551527,5,Alta,clinica bupa santiago,181158,salud,2026-01-27,cartola
53,CL,CLP,1551527,5,Alta,viaje en vespucio norte,34431,transporte,2026-01-05,natural
53,CL,CLP,1551527,5,Alta,clinica univ de los andes,419984,salud,2026-01-03,cartola
53,CL,CLP,1551527,5,Alta,compra redcompra dr simi,63948,salud,2026-01-07,cartola
53,CL,CLP,1551527,5,Alta,compra redcompra feria chilena libro,29190,educacion,2026-01-10,cartola
53,CL,CLP,1551527,5,Alta,compra en clínica las condes,20553,salud,2026-01-25,natural
53,CL,CLP,1551527,5,Alta,pago cuenta pat aguas del altiplano,30832,servicios,2026-01-07,cartola
53,CL,CLP,1551527,5,Alta,pago edipro edificio,162289,vivienda,2026-01-04,natural
53,CL,CLP,1551527,5,Alta,clinica indisa pos,80003,salud,2026-01-14,cartola
53,CL,CLP,1551527,5,Alta,pago cuenta pat esval agua,108317,servicios,2026-01-18,cartola
53,CL,CLP,1551527,5,Alta,entrada a energy fitness,42527,ocio,2026-01-12,natural
53,CL,CLP,1551527,5,Alta,pat debito ruta maipo,20669,transporte,2026-01-13,cartola
53,CL,CLP,1551527,5,Alta,pago essbio,114395,servicios,2026-01-14,natural
53,CL,CLP,1551527,5,Alta,pago comunidadfeliz gasto comun,171359,vivienda,2026-01-04,cartola
53,CL,CLP,1551527,5,Alta,compra webpay ripley suc,122021,otros,2026-01-27,cartola
53,CL,CLP,1551527,5,Alta,compra webpay ticketmaster,49256,ocio,2026-01-12,cartola
53,CL,CLP,1551527,5,Alta,pago lipigas,117550,servicios,2026-01-02,natural
53,CL,CLP,1551527,5,Alta,bencina copec,70786,transporte,2026-01-21,cartola
53,CL,CLP,1551527,5,Alta,compra redcompra decathlon chile,45895,otros,2026-01-06,cartola
53,CL,CLP,1551527,5,Alta,pago mapfre,27209,otros,2026-01-23,natural
53,CL,CLP,1551527,5,Alta,pago en alvi,46705,alimentacion,2026-01-25,natural
53,CL,CLP,1551527,5,Alta,pago esval,112387,servicios,2026-01-19,natural
53,CL,CLP,1551527,5,Alta,opticas gmo compra suc,63327,salud,2026-01-20,cartola
53,CL,CLP,1551527,5,Alta,pat debito ruta 68,44351,transporte,2026-01-27,cartola
53,CL,CLP,1551527,5,Alta,pago universidad adolfo ibáñez uai,135401,educacion,2026-01-15,natural
53,CL,CLP,1551527,5,Alta,suscripcion a disney plus,5043,streaming,2026-01-08,natural
53,CL,CLP,1551527,5,Alta,fonasa compra bono,242282,salud,2026-01-26,cartola
53,CL,CLP,1551527,5,Alta,pago cuenta pat enel distribucion,73058,servicios,2026-01-18,cartola
53,CL,CLP,1551527,5,Alta,fantasilandia entradas,43652,ocio,2026-01-25,cartola
53,CL,CLP,1551527,5,Alta,comision mantencion tarjeta cencosud,2111,otros,2026-01-15,cartola
53,CL,CLP,1551527,5,Alta,transbank starbucks,12345,alimentacion,2026-01-23,cartola
53,CL,CLP,1551527,5,Alta,libreria el sembrador compra,11133,educacion,2026-01-07,cartola
53,CL,CLP,1551527,5,Alta,pat udd arancel,253736,educacion,2026-01-25,cartola
53,CL,CLP,1551527,5,Alta,pat isapre colmena,121324,salud,2026-01-28,cartola
53,CL,CLP,1551527,5,Alta,transbank almacen,49658,alimentacion,2026-01-24,cartola
53,CL,CLP,1551527,5,Alta,pat disney plus chile,11629,streaming,2026-01-12,cartola
53,CL,CLP,1551527,5,Alta,compra webpay lider,15140,alimentacion,2026-01-25,cartola
53,CL,CLP,1551527,5,Alta,pago pago de luz municipalidad,27520,servicios,2026-01-08,natural
53,CL,CLP,1551527,5,Alta,viaje en vespucio sur,41008,transporte,2026-01-24,natural
53,CL,CLP,1551527,5,Alta,pago cuenta pat mundo pacifico,58267,servicios,2026-01-23,cartola
53,CL,CLP,1551527,5,Alta,transbank subway,29317,alimentacion,2026-01-09,cartola
53,CL,CLP,1551527,5,Alta,pago vtr internet,83006,servicios,2026-01-24,natural
53,CL,CLP,1551527,5,Alta,transbank fuente suiza,7026,alimentacion,2026-01-16,cartola
53,CL,CLP,1551527,5,Alta,transbank cory,10779,alimentacion,2026-01-24,cartola
53,CL,CLP,1551527,5,Alta,compra webpay ticketmaster,93998,ocio,2026-01-14,cartola
53,CL,CLP,1551527,5,Alta,pago amazon chile,16735,otros,2026-01-19,natural
53,CL,CLP,1551527,5,Alta,pat debito ruta itata,21901,transporte,2026-01-24,cartola
53,CL,CLP,1551527,5,Alta,pago nuevosur,92150,servicios,2026-01-27,natural
53,CL,CLP,1551527,5,Alta,compra redcompra reifschneider,235627,otros,2026-01-23,cartola
53,CL,CLP,1551527,5,Alta,pago alquiler propiedades chile,238324,vivienda,2026-01-20,natural
53,CL,CLP,1551527,5,Alta,compra redcompra la polar suc,178895,otros,2026-01-06,cartola
53,CL,CLP,1551527,5,Alta,clinica santa maria pos,216368,salud,2026-01-16,cartola
53,CL,CLP,1551527,5,Alta,pago caja vecina almacen,31128,otros,2026-01-18,natural
53,CL,CLP,1551527,5,Alta,inscripcion en universidad de santiago usach,395086,educacion,2026-01-03,natural
53,CL,CLP,1551527,5,Alta,kidzania santiago entradas,85924,ocio,2026-01-25,cartola
53,CL,CLP,1551527,5,Alta,pago cuenta pat entel fibra,41672,servicios,2026-01-15,cartola
53,CL,CLP,1551527,5,Alta,transbank mamut,30301,alimentacion,2026-01-14,cartola
53,CL,CLP,1551527,5,Alta,suscripcion a netflix chile,6188,streaming,2026-01-03,natural
53,CL,CLP,1551527,5,Alta,pago movistar hogar,105221,servicios,2026-01-25,natural
53,CL,CLP,1551527,5,Alta,pago entel fibra,65806,servicios,2026-01-24,natural
53,CL,CLP,1551527,5,Alta,pago en starbucks,14822,alimentacion,2026-01-19,natural
53,CL,CLP,1551527,5,Alta,pat sportlife gimnasios,34239,ocio,2026-01-03,cartola
53,CL,CLP,1551527,5,Alta,pago yolito ferretería,21859,vivienda,2026-01-09,natural
53,CL,CLP,1551527,5,Alta,transbank alvi,14277,alimentacion,2026-01-22,cartola
53,CL,CLP,1551527,5,Alta,suscripcion a netflix chile,13521,streaming,2026-01-14,natural
53,CL,CLP,1551527,5,Alta,pago ferretería prat,13917,vivienda,2026-01-15,natural
53,CL,CLP,1551527,5,Alta,pat spotify chile,13366,streaming,2026-01-25,cartola
53,CL,CLP,1551527,5,Alta,pago wom fibra,66362,servicios,2026-01-16,natural
53,CL,CLP,1551527,5,Alta,compra en mamut,30378,alimentacion,2026-01-05,natural
53,CL,CLP,1551527,5,Alta,pago cuenta pat enel distribucion,13636,servicios,2026-01-25,cartola
53,CL,CLP,1551527,5,Alta,pago ferretería prat,116464,vivienda,2026-01-03,natural
53,CL,CLP,1551527,5,Alta,pago entel fibra,146363,servicios,2026-01-24,natural
53,CL,CLP,1551527,5,Alta,suscripcion a amazon prime video,16811,streaming,2026-01-07,natural
53,CL,CLP,1551527,5,Alta,compra en la picá del gringo,6301,alimentacion,2026-01-10,natural
53,CL,CLP,1551527,5,Alta,pago administración jardines de maipú,131029,vivienda,2026-01-17,natural
53,CL,CLP,1551527,5,Alta,suscripcion a amazon prime video,11207,streaming,2026-01-21,natural
53,CL,CLP,1551527,5,Alta,pago en farmacias ahumada,66229,salud,2026-01-27,natural
53,CL,CLP,1551527,5,Alta,compra efe trenes,8735,transporte,2026-01-17,cartola
53,CL,CLP,1551527,5,Alta,pat isapre cruz blanca,107398,salud,2026-01-21,cartola
53,CL,CLP,1551527,5,Alta,sherwin williams compra suc,19495,vivienda,2026-01-20,cartola
53,CL,CLP,1551527,5,Alta,pat debito avo,40840,transporte,2026-01-29,cartola
53,CL,CLP,1551527,5,Alta,pago cuenta pat cge distribucion,60811,servicios,2026-01-26,cartola
53,CL,CLP,1551527,5,Alta,transbank ok market,7998,alimentacion,2026-01-07,cartola
53,CL,CLP,1551527,5,Alta,compra redcompra dr ahorro,11647,salud,2026-01-29,cartola
53,CL,CLP,1551527,5,Alta,pat disney plus chile,10157,streaming,2026-01-13,cartola
53,CL,CLP,1551527,5,Alta,mercadolibre*compra webpay,69313,otros,2026-01-24,cartola
53,CL,CLP,1551527,5,Alta,pago movistar hogar,77609,servicios,2026-01-25,natural
53,CL,CLP,1551527,5,Alta,clinica santa maria pos,63372,salud,2026-01-12,cartola
53,CL,CLP,1551527,5,Alta,transbank ok market,21810,alimentacion,2026-01-25,cartola
53,CL,CLP,1551527,5,Alta,compra redcompra imperial,22402,vivienda,2026-01-19,cartola
53,CL,CLP,1551527,5,Alta,carga bencina en estacionamiento saba,11869,transporte,2026-01-03,natural
53,CL,CLP,1551527,5,Alta,pat disney plus chile,7939,streaming,2026-01-26,cartola
53,CL,CLP,1551527,5,Alta,compra redcompra eco farmacias,29444,salud,2026-01-15,cartola
53,CL,CLP,1551527,5,Alta,compra webpay pullman bus,3622,transporte,2026-01-13,cartola
53,CL,CLP,1551527,5,Alta,suscripcion a spotify,17170,streaming,2026-01-16,natural
53,CL,CLP,1551527,5,Alta,transbank botilleria el faro,18359,alimentacion,2026-01-07,cartola
53,CL,CLP,1551527,5,Alta,transbank panaderia san ramon,41993,alimentacion,2026-01-03,cartola
53,CL,CLP,1551527,5,Alta,carga bencina en turbus,9225,transporte,2026-01-02,natural
53,CL,CLP,1551527,5,Alta,ferreteria prat compra,46919,vivienda,2026-01-08,cartola
53,CL,CLP,1551527,5,Alta,transantiago buses metropolitana,2057,transporte,2026-01-16,cartola
53,CL,CLP,1551527,5,Alta,transbank upa!,16523,alimentacion,2026-01-26,cartola
53,CL,CLP,1551527,5,Alta,compra en superbodega acuenta,45435,alimentacion,2026-01-19,natural
53,CL,CLP,1551527,5,Alta,carga bencina en costanera norte,44590,transporte,2026-01-06,natural
53,CL,CLP,1551527,5,Alta,compra en clínica universidad de los andes,305008,salud,2026-01-10,natural
53,CL,CLP,1551527,5,Alta,pago maderas encofrados,19241,vivienda,2026-01-26,natural
53,CL,CLP,1551527,5,Alta,pago sencillito cuentas recaudacion,39798,servicios,2026-01-15,cartola
53,CL,CLP,1551527,5,Alta,compra redcompra libreria nacional,38412,educacion,2026-01-22,cartola
53,CL,CLP,1551527,5,Alta,entrada a teatro caupolicán,56434,ocio,2026-01-11,natural
53,CL,CLP,1551527,5,Alta,peaje lateral cash,3830,transporte,2026-01-13,cartola
53,CL,CLP,1551527,5,Alta,yolito ferreteria compra,109750,vivienda,2026-01-21,cartola
53,CL,CLP,1551527,5,Alta,pat pacific fitness gimnasio,27481,ocio,2026-01-08,cartola
53,CL,CLP,1551527,5,Alta,suscripcion a amazon prime video,7747,streaming,2026-01-18,natural
53,CL,CLP,1551527,5,Alta,administracion jardines maipu exp,157048,vivienda,2026-01-06,cartola
54,CL,CLP,1152366,69,Baja,pago yolito ferretería,33968,vivienda,2026-01-09,natural
54,CL,CLP,1152366,69,Baja,club de baile entradas,87585,ocio,2026-01-23,cartola
54,CL,CLP,1152366,69,Baja,compra webpay passline,35685,ocio,2026-01-13,cartola
54,CL,CLP,1152366,69,Baja,pago en pronto copec,10199,alimentacion,2026-01-26,natural
54,CL,CLP,1152366,69,Baja,inscripcion en colegio saint george,116259,educacion,2026-01-26,natural
54,CL,CLP,1152366,69,Baja,transbank fuente suiza,5956,alimentacion,2026-01-02,cartola
54,CL,CLP,1152366,69,Baja,compra en integramédica,358446,salud,2026-01-14,natural
54,CL,CLP,1152366,69,Baja,compra webpay puntoticket,47015,ocio,2026-01-17,cartola
54,CL,CLP,1152366,69,Baja,pago en mamut,41240,alimentacion,2026-01-09,natural
54,CL,CLP,1152366,69,Baja,compra en schopdog,27486,alimentacion,2026-01-25,natural
54,CL,CLP,1152366,69,Baja,transbank dunkin donuts,8487,alimentacion,2026-01-06,cartola
54,CL,CLP,1152366,69,Baja,pago cuenta pat abastible,54275,servicios,2026-01-12,cartola
54,CL,CLP,1152366,69,Baja,opticas schilling compra,32243,salud,2026-01-23,cartola
54,CL,CLP,1152366,69,Baja,compra redcompra eco farmacias,58346,salud,2026-01-21,cartola
54,CL,CLP,1152366,69,Baja,compra efe trenes,11272,transporte,2026-01-08,cartola
54,CL,CLP,1152366,69,Baja,inscripcion en universidad del desarrollo udd,287974,educacion,2026-01-15,natural
54,CL,CLP,1152366,69,Baja,compra en ópticas schilling,49419,salud,2026-01-04,natural
54,CL,CLP,1152366,69,Baja,sherwin williams compra suc,70303,vivienda,2026-01-03,cartola
54,CL,CLP,1152366,69,Baja,transbank feria pinto,9966,alimentacion,2026-01-06,cartola
54,CL,CLP,1152366,69,Baja,pat amazon prime video,7842,streaming,2026-01-14,cartola
54,CL,CLP,1152366,69,Baja,pat debito autopista del sol,13993,transporte,2026-01-14,cartola
54,CL,CLP,1152366,69,Baja,suscripcion a dmoov chile,24713,ocio,2026-01-07,natural
54,CL,CLP,1152366,69,Baja,pago esval,84732,servicios,2026-01-10,natural
54,CL,CLP,1152366,69,Baja,pat santo tomas arancel,154242,educacion,2026-01-14,cartola
54,CL,CLP,1152366,69,Baja,transbank alvi,42027,alimentacion,2026-01-21,cartola
54,CL,CLP,1152366,69,Baja,transbank cory,38039,alimentacion,2026-01-25,cartola
54,CL,CLP,1152366,69,Baja,compra webpay ripley suc,249926,otros,2026-01-29,cartola
54,CL,CLP,1152366,69,Baja,pat amazon prime video,9571,streaming,2026-01-26,cartola
54,CL,CLP,1152366,69,Baja,compra en ópticas schilling,42544,salud,2026-01-23,natural
54,CL,CLP,1152366,69,Baja,pago condovive copropiedad,240351,vivienda,2026-01-04,natural
54,CL,CLP,1152366,69,Baja,ferreteria el candado suc,110196,vivienda,2026-01-28,cartola
54,CL,CLP,1152366,69,Baja,compra webpay cinemark,25643,ocio,2026-01-05,cartola
54,CL,CLP,1152366,69,Baja,pago metrogas,105878,servicios,2026-01-02,natural
54,CL,CLP,1152366,69,Baja,viaje en estacionamiento saba,9541,transporte,2026-01-15,natural
54,CL,CLP,1152366,69,Baja,pat isapre colmena,253992,salud,2026-01-17,cartola
54,CL,CLP,1152366,69,Baja,pago pago de luz municipalidad,71291,servicios,2026-01-25,natural
54,CL,CLP,1152366,69,Baja,pago municipalidad alumbrado luz,95349,servicios,2026-01-20,cartola
54,CL,CLP,1152366,69,Baja,transbank domino,18746,alimentacion,2026-01-04,cartola
54,CL,CLP,1152366,69,Baja,inscripcion en antártica libros,38541,educacion,2026-01-25,natural
54,CL,CLP,1152366,69,Baja,compra en farmacias salcobrand,73293,salud,2026-01-16,natural
54,CL,CLP,1152366,69,Baja,peaje lateral cash,2081,transporte,2026-01-21,cartola
54,CL,CLP,1152366,69,Baja,pago claro hogar,93600,servicios,2026-01-14,natural
54,CL,CLP,1152366,69,Baja,transbank barrio chicken,7892,alimentacion,2026-01-03,cartola
54,CL,CLP,1152366,69,Baja,pago ferretería prat,90531,vivienda,2026-01-10,natural
54,CL,CLP,1152366,69,Baja,pat isapre banmedica,202714,salud,2026-01-09,cartola
54,CL,CLP,1152366,69,Baja,pago colectivo linea 40,5304,transporte,2026-01-18,cartola
54,CL,CLP,1152366,69,Baja,compra en clínica santa maría,110696,salud,2026-01-28,natural
54,CL,CLP,1152366,69,Baja,transbank pedro juan y diego,18742,alimentacion,2026-01-09,cartola
54,CL,CLP,1152366,69,Baja,pago construmart,6669,vivienda,2026-01-08,natural
54,CL,CLP,1152366,69,Baja,viaje en tarjeta bip!,8374,transporte,2026-01-15,natural
54,CL,CLP,1152366,69,Baja,compra en mamut,42496,alimentacion,2026-01-17,natural
54,CL,CLP,1152366,69,Baja,redsalud atencion medica,162810,salud,2026-01-25,cartola
54,CL,CLP,1152366,69,Baja,pago cuenta pat saesa,31474,servicios,2026-01-07,cartola
54,CL,CLP,1152366,69,Baja,transbank la pica del gringo,26153,alimentacion,2026-01-26,cartola
54,CL,CLP,1152366,69,Baja,viaje en peaje zapata,4342,transporte,2026-01-13,natural
54,CL,CLP,1152366,69,Baja,pago dimeiggs,49541,educacion,2026-01-22,natural
54,CL,CLP,1152366,69,Baja,colegio san ignacio cuotas pat,17642,educacion,2026-01-28,cartola
54,CL,CLP,1152366,69,Baja,carga bencina en efe trenes,10038,transporte,2026-01-08,natural
54,CL,CLP,1152366,69,Baja,clinica dental cumbre pos,41639,salud,2026-01-24,cartola
54,CL,CLP,1152366,69,Baja,entrada a cinemark,9290,ocio,2026-01-12,natural
54,CL,CLP,1152366,69,Baja,suscripcion a netflix chile,7241,streaming,2026-01-08,natural
54,CL,CLP,1152366,69,Baja,pago enel distribución,37768,servicios,2026-01-04,natural
54,CL,CLP,1152366,69,Baja,transbank tommy beans,32563,alimentacion,2026-01-16,cartola
54,CL,CLP,1152366,69,Baja,compra en tavelli,10071,alimentacion,2026-01-14,natural
54,CL,CLP,1152366,69,Baja,pat netflix chile,14293,streaming,2026-01-20,cartola
54,CL,CLP,1152366,69,Baja,pago saesa,59726,servicios,2026-01-03,natural
54,CL,CLP,1152366,69,Baja,pago gasco,41670,servicios,2026-01-28,natural
54,CL,CLP,1152366,69,Baja,pago cuenta pat vtr telecom,149527,servicios,2026-01-18,cartola
54,CL,CLP,1152366,69,Baja,pat isapre cruz blanca,164094,salud,2026-01-02,cartola
54,CL,CLP,1152366,69,Baja,pago copropietarios edificio el golf,213152,vivienda,2026-01-21,natural
54,CL,CLP,1152366,69,Baja,pago pago de luz municipalidad,52712,servicios,2026-01-02,natural
54,CL,CLP,1152366,69,Baja,compra redcompra imperial,84664,vivienda,2026-01-06,cartola
54,CL,CLP,1152366,69,Baja,pago mercado libre,60404,otros,2026-01-26,natural
54,CL,CLP,1152366,69,Baja,transbank bravissimo,27135,alimentacion,2026-01-06,cartola
54,CL,CLP,1152366,69,Baja,transbank verduleria don lucho,21379,alimentacion,2026-01-03,cartola
54,CL,CLP,1152366,69,Baja,pago esval,135304,servicios,2026-01-17,natural
54,CL,CLP,1152366,69,Baja,sherwin williams compra suc,78832,vivienda,2026-01-06,cartola
54,CL,CLP,1152366,69,Baja,pat disney plus chile,13362,streaming,2026-01-14,cartola
54,CL,CLP,1152366,69,Baja,compra en pedidosya,15882,alimentacion,2026-01-25,natural
54,CL,CLP,1152366,69,Baja,pago en burger king,7951,alimentacion,2026-01-04,natural
54,CL,CLP,1152366,69,Baja,clinica univ de los andes,371251,salud,2026-01-05,cartola
54,CL,CLP,1152366,69,Baja,compra en wendy's,7575,alimentacion,2026-01-19,natural
54,CL,CLP,1152366,69,Baja,compra en superbodega acuenta,47727,alimentacion,2026-01-29,natural
54,CL,CLP,1152366,69,Baja,club de baile entradas,37052,ocio,2026-01-07,cartola
54,CL,CLP,1152366,69,Baja,viaje en peaje zapata,4583,transporte,2026-01-20,natural
54,CL,CLP,1152366,69,Baja,pat spotify chile,5475,streaming,2026-01-06,cartola
54,CL,CLP,1152366,69,Baja,viaje en estacionamiento mall center,6161,transporte,2026-01-21,natural
54,CL,CLP,1152366,69,Baja,compra en isapre cruz blanca,215230,salud,2026-01-29,natural
54,CL,CLP,1152366,69,Baja,pago en schopdog,29356,alimentacion,2026-01-29,natural
54,CL,CLP,1152366,69,Baja,pago edipro gastos comunes,238382,vivienda,2026-01-07,cartola
54,CL,CLP,1152366,69,Baja,pago en ok market,7208,alimentacion,2026-01-02,natural
54,CL,CLP,1152366,69,Baja,pago breal propiedades,193699,vivienda,2026-01-10,natural
54,CL,CLP,1152366,69,Baja,carga bencina en estacionamiento mall center,8169,transporte,2026-01-24,natural
54,CL,CLP,1152366,69,Baja,pat max hbo chile,8705,ocio,2026-01-26,cartola
54,CL,CLP,1152366,69,Baja,pat uss cuota mensual,263222,educacion,2026-01-12,cartola
54,CL,CLP,1152366,69,Baja,peaje zapata pos,4585,transporte,2026-01-28,cartola
54,CL,CLP,1152366,69,Baja,pago en isapre colmena,213285,salud,2026-01-28,natural
54,CL,CLP,1152366,69,Baja,pago cuenta pat claro hogar,19104,servicios,2026-01-06,cartola
54,CL,CLP,1152366,69,Baja,pat amazon prime video,8797,streaming,2026-01-15,cartola
54,CL,CLP,1152366,69,Baja,pago universidad san sebastián uss,302655,educacion,2026-01-17,natural
54,CL,CLP,1152366,69,Baja,peaje melipilla pos,2123,transporte,2026-01-06,cartola
54,CL,CLP,1152366,69,Baja,transbank bar el barista,10107,ocio,2026-01-13,cartola
54,CL,CLP,1152366,69,Baja,pago copropietarios edificio el golf,282292,vivienda,2026-01-12,natural
54,CL,CLP,1152366,69,Baja,pago sencillito cuentas recaudacion,149894,servicios,2026-01-14,cartola
54,CL,CLP,1152366,69,Baja,pago gtd manquehue,32433,servicios,2026-01-08,natural
54,CL,CLP,1152366,69,Baja,pago en papa johns,34071,alimentacion,2026-01-06,natural
54,CL,CLP,1152366,69,Baja,edificio el golf gastos comunes,260163,vivienda,2026-01-11,cartola
54,CL,CLP,1152366,69,Baja,suscripcion a energy fitness,47168,ocio,2026-01-06,natural
54,CL,CLP,1152366,69,Baja,pago mapfre,5242,otros,2026-01-14,natural
54,CL,CLP,1152366,69,Baja,transbank panaderia san ramon,29574,alimentacion,2026-01-26,cartola
54,CL,CLP,1152366,69,Baja,pat amazon prime video,11633,streaming,2026-01-08,cartola
54,CL,CLP,1152366,69,Baja,peaje angostura pos,1522,transporte,2026-01-14,cartola
54,CL,CLP,1152366,69,Baja,pago cuenta pat gtd manquehue,118282,servicios,2026-01-03,cartola
54,CL,CLP,1152366,69,Baja,transbank buffalo waffles,18401,alimentacion,2026-01-17,cartola
54,CL,CLP,1152366,69,Baja,pat disney plus chile,5234,streaming,2026-01-13,cartola
54,CL,CLP,1152366,69,Baja,pago cuenta pat entel fibra,44638,servicios,2026-01-24,cartola
54,CL,CLP,1152366,69,Baja,pago cuenta pat gasco,48786,servicios,2026-01-08,cartola
54,CL,CLP,1152366,69,Baja,carga bencina en efe trenes,7894,transporte,2026-01-18,natural
54,CL,CLP,1152366,69,Baja,viaje en peaje lateral,3140,transporte,2026-01-21,natural
54,CL,CLP,1152366,69,Baja,compra redcompra salcobrand,63325,salud,2026-01-13,cartola
54,CL,CLP,1152366,69,Baja,pago h&m chile,94992,otros,2026-01-22,natural
54,CL,CLP,1152366,69,Baja,laboratorio bionet pos,64791,salud,2026-01-08,cartola
54,CL,CLP,1152366,69,Baja,pago esval,41202,servicios,2026-01-15,natural
54,CL,CLP,1152366,69,Baja,transbank emporio la rosa,44873,alimentacion,2026-01-23,cartola
54,CL,CLP,1152366,69,Baja,compra en ok market,12314,alimentacion,2026-01-02,natural
55,CL,CLP,1664685,18,Alta,steam games compra inter,83845,ocio,2026-01-10,cartola
55,CL,CLP,1664685,18,Alta,pago nuevosur,38574,servicios,2026-01-24,natural
55,CL,CLP,1664685,18,Alta,entrada a cineplanet,15209,ocio,2026-01-18,natural
55,CL,CLP,1664685,18,Alta,viaje en ruta del itata,15899,transporte,2026-01-28,natural
55,CL,CLP,1664685,18,Alta,pago yolito ferretería,25808,vivienda,2026-01-03,natural
55,CL,CLP,1664685,18,Alta,pago cuenta pat saesa,40082,servicios,2026-01-18,cartola
55,CL,CLP,1664685,18,Alta,transbank mayorista 10,18222,alimentacion,2026-01-20,cartola
55,CL,CLP,1664685,18,Alta,pago cuenta pat aguas antofagasta,145540,servicios,2026-01-05,cartola
55,CL,CLP,1664685,18,Alta,compra webpay cinehoyts,24574,ocio,2026-01-29,cartola
55,CL,CLP,1664685,18,Alta,viaje en vespucio norte,25531,transporte,2026-01-27,natural
55,CL,CLP,1664685,18,Alta,viaje en efe trenes,7424,transporte,2026-01-11,natural
55,CL,CLP,1664685,18,Alta,pago cuenta pat lipigas,43422,servicios,2026-01-26,cartola
55,CL,CLP,1664685,18,Alta,suscripcion a spotify,7701,streaming,2026-01-28,natural
55,CL,CLP,1664685,18,Alta,bar la virgen compra suc,48739,ocio,2026-01-07,cartola
55,CL,CLP,1664685,18,Alta,transbank barrio chicken,12638,alimentacion,2026-01-04,cartola
55,CL,CLP,1664685,18,Alta,pago claro hogar,58907,servicios,2026-01-03,natural
55,CL,CLP,1664685,18,Alta,comision mantencion banco chile,12023,otros,2026-01-19,cartola
55,CL,CLP,1664685,18,Alta,suscripcion a spotify,12868,streaming,2026-01-02,natural
55,CL,CLP,1664685,18,Alta,comision mantencion cmr falabella,13999,otros,2026-01-14,cartola
55,CL,CLP,1664685,18,Alta,pago pago de luz municipalidad,21602,servicios,2026-01-11,natural
55,CL,CLP,1664685,18,Alta,pat debito ruta itata,35804,transporte,2026-01-25,cartola
55,CL,CLP,1664685,18,Alta,compra webpay cinehoyts,26505,ocio,2026-01-08,cartola
55,CL,CLP,1664685,18,Alta,pago en almacén doña juana,18099,alimentacion,2026-01-19,natural
55,CL,CLP,1664685,18,Alta,compra redcompra eco farmacias,17464,salud,2026-01-26,cartola
55,CL,CLP,1664685,18,Alta,pat amazon prime video,6603,streaming,2026-01-22,cartola
55,CL,CLP,1664685,18,Alta,compra en almacén doña juana,23368,alimentacion,2026-01-10,natural
55,CL,CLP,1664685,18,Alta,pago cuenta pat aguas del altiplano,67637,servicios,2026-01-28,cartola
55,CL,CLP,1664685,18,Alta,transbank la pica del gringo,29407,alimentacion,2026-01-11,cartola
55,CL,CLP,1664685,18,Alta,pago en isapre colmena,241688,salud,2026-01-11,natural
55,CL,CLP,1664685,18,Alta,redsalud atencion medica,181519,salud,2026-01-08,cartola
55,CL,CLP,1664685,18,Alta,viaje en peaje melipilla,4259,transporte,2026-01-05,natural
55,CL,CLP,1664685,18,Alta,pago sencillito cuentas recaudacion,105007,servicios,2026-01-28,cartola
55,CL,CLP,1664685,18,Alta,carga bencina en pullman bus,11013,transporte,2026-01-21,natural
55,CL,CLP,1664685,18,Alta,pat isapre banmedica,157526,salud,2026-01-02,cartola
55,CL,CLP,1664685,18,Alta,pago aguas de antofagasta,64007,servicios,2026-01-09,natural
55,CL,CLP,1664685,18,Alta,peaje melipilla pos,3456,transporte,2026-01-25,cartola
55,CL,CLP,1664685,18,Alta,suscripcion a disney plus,17832,streaming,2026-01-22,natural
55,CL,CLP,1664685,18,Alta,pago en dunkin donuts,11576,alimentacion,2026-01-18,natural
55,CL,CLP,1664685,18,Alta,compra en fonasa,278895,salud,2026-01-05,natural
55,CL,CLP,1664685,18,Alta,pat isapre colmena,75225,salud,2026-01-10,cartola
55,CL,CLP,1664685,18,Alta,viaje en vespucio norte,17391,transporte,2026-01-11,natural
55,CL,CLP,1664685,18,Alta,pat arancel univ catolica,230444,educacion,2026-01-07,cartola
55,CL,CLP,1664685,18,Alta,pago en burger king,34539,alimentacion,2026-01-19,natural
55,CL,CLP,1664685,18,Alta,transbank melt pizzas,6451,alimentacion,2026-01-08,cartola
55,CL,CLP,1664685,18,Alta,suscripcion a disney plus,16490,streaming,2026-01-27,natural
55,CL,CLP,1664685,18,Alta,redsalud atencion medica,180347,salud,2026-01-25,cartola
55,CL,CLP,1664685,18,Alta,pago cuenta pat aguas del altiplano,11671,servicios,2026-01-09,cartola
55,CL,CLP,1664685,18,Alta,integramedica consulta suc,417675,salud,2026-01-02,cartola
55,CL,CLP,1664685,18,Alta,compra en melt pizzas,18374,alimentacion,2026-01-07,natural
55,CL,CLP,1664685,18,Alta,pago cuenta pat wom fibra,50541,servicios,2026-01-07,cartola
55,CL,CLP,1664685,18,Alta,pago servipag cuentas recaudacion,43307,servicios,2026-01-28,cartola
55,CL,CLP,1664685,18,Alta,pago claro hogar,118878,servicios,2026-01-17,natural
55,CL,CLP,1664685,18,Alta,pat uai arancel,519799,educacion,2026-01-15,cartola
55,CL,CLP,1664685,18,Alta,carga bencina en estacionamiento mall center,5030,transporte,2026-01-29,natural
55,CL,CLP,1664685,18,Alta,pago en mamut,27602,alimentacion,2026-01-20,natural
55,CL,CLP,1664685,18,Alta,pago en panadería san ramón,6404,alimentacion,2026-01-23,natural
55,CL,CLP,1664685,18,Alta,pago paris,161216,otros,2026-01-05,natural
55,CL,CLP,1664685,18,Alta,compra en doggis,27411,alimentacion,2026-01-12,natural
55,CL,CLP,1664685,18,Alta,pago comunidadfeliz gasto comun,344870,vivienda,2026-01-18,cartola
55,CL,CLP,1664685,18,Alta,pat pacific fitness gimnasio,29517,ocio,2026-01-10,cartola
55,CL,CLP,1664685,18,Alta,pago en jumbo,113921,alimentacion,2026-01-19,natural
55,CL,CLP,1664685,18,Alta,suscripcion a amazon prime video,16905,streaming,2026-01-19,natural
55,CL,CLP,1664685,18,Alta,pat spotify chile,17431,streaming,2026-01-22,cartola
55,CL,CLP,1664685,18,Alta,pago saesa,31800,servicios,2026-01-20,natural
55,CL,CLP,1664685,18,Alta,viaje en autopista central,39207,transporte,2026-01-20,natural
55,CL,CLP,1664685,18,Alta,pago essbio,29202,servicios,2026-01-20,natural
55,CL,CLP,1664685,18,Alta,pago saesa,64676,servicios,2026-01-08,natural
55,CL,CLP,1664685,18,Alta,pago abastible,98199,servicios,2026-01-17,natural
55,CL,CLP,1664685,18,Alta,integramedica consulta suc,290455,salud,2026-01-17,cartola
55,CL,CLP,1664685,18,Alta,pago en eco farmacias,51301,salud,2026-01-04,natural
55,CL,CLP,1664685,18,Alta,estacionamiento saba pos,6556,transporte,2026-01-10,cartola
55,CL,CLP,1664685,18,Alta,compra redcompra zara chile,159308,otros,2026-01-26,cartola
55,CL,CLP,1664685,18,Alta,pago wom fibra,16156,servicios,2026-01-07,natural
55,CL,CLP,1664685,18,Alta,clinica univ de los andes,86302,salud,2026-01-21,cartola
55,CL,CLP,1664685,18,Alta,suscripcion a bar el barista,72226,ocio,2026-01-13,natural
55,CL,CLP,1664685,18,Alta,pago cuenta pat cge distribucion,34635,servicios,2026-01-09,cartola
55,CL,CLP,1664685,18,Alta,suscripcion a bar la virgen,48363,ocio,2026-01-11,natural
55,CL,CLP,1664685,18,Alta,pat debito autopista del sol,16029,transporte,2026-01-10,cartola
55,CL,CLP,1664685,18,Alta,compra redcompra casaideas,105371,vivienda,2026-01-20,cartola
55,CL,CLP,1664685,18,Alta,entrada a cineplanet,6083,ocio,2026-01-05,natural
55,CL,CLP,1664685,18,Alta,pago abastible,75559,servicios,2026-01-11,natural
55,CL,CLP,1664685,18,Alta,pago sencillito cuentas recaudacion,33478,servicios,2026-01-17,cartola
55,CL,CLP,1664685,18,Alta,pat debito ruta 68,4753,transporte,2026-01-21,cartola
55,CL,CLP,1664685,18,Alta,pago abastible,131055,servicios,2026-01-16,natural
55,CL,CLP,1664685,18,Alta,compra en santa isabel,165100,alimentacion,2026-01-03,natural
55,CL,CLP,1664685,18,Alta,pago cuenta pat esval agua,130080,servicios,2026-01-11,cartola
55,CL,CLP,1664685,18,Alta,compra webpay didi,4872,transporte,2026-01-27,cartola
55,CL,CLP,1664685,18,Alta,pago en isapre colmena,150037,salud,2026-01-13,natural
55,CL,CLP,1664685,18,Alta,entrada a gimnasio upgrade,21393,ocio,2026-01-13,natural
55,CL,CLP,1664685,18,Alta,pago cuenta pat movistar hogar,61241,servicios,2026-01-17,cartola
55,CL,CLP,1664685,18,Alta,pago imperial,21156,vivienda,2026-01-23,natural
55,CL,CLP,1664685,18,Alta,pat dmoov chile suc,40148,ocio,2026-01-22,cartola
55,CL,CLP,1664685,18,Alta,pago cuenta pat aguas antofagasta,118451,servicios,2026-01-20,cartola
55,CL,CLP,1664685,18,Alta,pago en clínica santa maría,231018,salud,2026-01-26,natural
55,CL,CLP,1664685,18,Alta,transbank panaderia san ramon,38324,alimentacion,2026-01-21,cartola
55,CL,CLP,1664685,18,Alta,condonvive copropiedad transfer,312644,vivienda,2026-01-17,cartola
55,CL,CLP,1664685,18,Alta,pago mundo pacífico,86898,servicios,2026-01-29,natural
55,CL,CLP,1664685,18,Alta,clinica alemana santiago,278143,salud,2026-01-14,cartola
55,CL,CLP,1664685,18,Alta,viaje en autopista vespucio oriente avo,28926,transporte,2026-01-27,natural
55,CL,CLP,1664685,18,Alta,pago lipigas,113208,servicios,2026-01-25,natural
55,CL,CLP,1664685,18,Alta,pat debito vespucio sur,28378,transporte,2026-01-10,cartola
55,CL,CLP,1664685,18,Alta,pago servipag cuentas,79488,servicios,2026-01-13,natural
55,CL,CLP,1664685,18,Alta,pago en isapre consalud,247113,salud,2026-01-29,natural
55,CL,CLP,1664685,18,Alta,compra en clínica alemana,185623,salud,2026-01-10,natural
55,CL,CLP,1664685,18,Alta,transbank buffalo waffles,13908,alimentacion,2026-01-07,cartola
55,CL,CLP,1664685,18,Alta,entrada a cinemark,24322,ocio,2026-01-12,natural
55,CL,CLP,1664685,18,Alta,pago servipag cuentas recaudacion,77816,servicios,2026-01-02,cartola
55,CL,CLP,1664685,18,Alta,estacionamiento mall center,7224,transporte,2026-01-29,cartola
55,CL,CLP,1664685,18,Alta,pago cuenta pat entel fibra,147619,servicios,2026-01-09,cartola
55,CL,CLP,1664685,18,Alta,pago paris deco,101603,vivienda,2026-01-20,natural
55,CL,CLP,1664685,18,Alta,compra webpay uber eats,43791,alimentacion,2026-01-15,cartola
55,CL,CLP,1664685,18,Alta,teatro caupolican entradas suc,76794,ocio,2026-01-10,cartola
55,CL,CLP,1664685,18,Alta,pago cuenta pat enel distribucion,134444,servicios,2026-01-08,cartola
55,CL,CLP,1664685,18,Alta,transbank la pica del gringo,22011,alimentacion,2026-01-02,cartola
55,CL,CLP,1664685,18,Alta,pat amazon prime video,8078,streaming,2026-01-24,cartola
55,CL,CLP,1664685,18,Alta,bencina copec,35593,transporte,2026-01-27,cartola
55,CL,CLP,1664685,18,Alta,pat spotify chile,11178,streaming,2026-01-09,cartola
55,CL,CLP,1664685,18,Alta,pago cuenta pat movistar hogar,123215,servicios,2026-01-11,cartola
55,CL,CLP,1664685,18,Alta,pago movistar hogar,83697,servicios,2026-01-24,natural
55,CL,CLP,1664685,18,Alta,pago debito pat seguros sura,29303,otros,2026-01-03,cartola
55,CL,CLP,1664685,18,Alta,carga bencina en colectivo linea 40,3736,transporte,2026-01-28,natural
55,CL,CLP,1664685,18,Alta,pago cuenta pat gtd manquehue,134397,servicios,2026-01-12,cartola
55,CL,CLP,1664685,18,Alta,inscripcion en pontificia universidad católica,491569,educacion,2026-01-28,natural
55,CL,CLP,1664685,18,Alta,pago cuenta pat cge distribucion,33275,servicios,2026-01-22,cartola
55,CL,CLP,1664685,18,Alta,pago easy,261198,vivienda,2026-01-23,natural
56,CL,CLP,1225884,69,Alta,pago cuenta pat gasco,40142,servicios,2026-01-18,cartola
56,CL,CLP,1225884,69,Alta,transantiago buses metropolitana,9060,transporte,2026-01-22,cartola
56,CL,CLP,1225884,69,Alta,pago pinturas sherwin williams,31731,vivienda,2026-01-15,natural
56,CL,CLP,1225884,69,Alta,pago en doggis,13043,alimentacion,2026-01-29,natural
56,CL,CLP,1225884,69,Alta,suscripcion a movistar arena,70004,ocio,2026-01-29,natural
56,CL,CLP,1225884,69,Alta,carga bencina en estacionamiento mall center,7135,transporte,2026-01-15,natural
56,CL,CLP,1225884,69,Alta,transbank panaderia san ramon,34627,alimentacion,2026-01-14,cartola
56,CL,CLP,1225884,69,Alta,pago cuenta pat entel fibra,97587,servicios,2026-01-17,cartola
56,CL,CLP,1225884,69,Alta,compra en mayorista 10,45714,alimentacion,2026-01-07,natural
56,CL,CLP,1225884,69,Alta,pago universidad san sebastián uss,329257,educacion,2026-01-20,natural
56,CL,CLP,1225884,69,Alta,transbank upa!,36242,alimentacion,2026-01-13,cartola
56,CL,CLP,1225884,69,Alta,pago librería qué leo,37138,educacion,2026-01-24,natural
56,CL,CLP,1225884,69,Alta,pat spotify chile,8570,streaming,2026-01-18,cartola
56,CL,CLP,1225884,69,Alta,compra en clínica santa maría,381553,salud,2026-01-17,natural
56,CL,CLP,1225884,69,Alta,inscripcion en pontificia universidad católica,332054,educacion,2026-01-05,natural
56,CL,CLP,1225884,69,Alta,pago cuenta pat vtr telecom,80078,servicios,2026-01-03,cartola
56,CL,CLP,1225884,69,Alta,pago aliexpress,146992,otros,2026-01-16,natural
56,CL,CLP,1225884,69,Alta,pago comunidadfeliz gastos comunes,318587,vivienda,2026-01-09,natural
56,CL,CLP,1225884,69,Alta,peaje lateral cash,4148,transporte,2026-01-08,cartola
56,CL,CLP,1225884,69,Alta,compra en clínica dental cumbre,27532,salud,2026-01-29,natural
56,CL,CLP,1225884,69,Alta,compra webpay pullman bus,11661,transporte,2026-01-07,cartola
56,CL,CLP,1225884,69,Alta,administracion jardines maipu exp,55185,vivienda,2026-01-29,cartola
56,CL,CLP,1225884,69,Alta,pago pinturas sherwin williams,38094,vivienda,2026-01-27,natural
56,CL,CLP,1225884,69,Alta,pago amazon chile,199818,otros,2026-01-17,natural
56,CL,CLP,1225884,69,Alta,suscripcion a disney plus,16724,streaming,2026-01-10,natural
56,CL,CLP,1225884,69,Alta,pago paris,306791,otros,2026-01-25,natural
56,CL,CLP,1225884,69,Alta,pago universidad de chile,224806,educacion,2026-01-16,natural
56,CL,CLP,1225884,69,Alta,pat smart fit gimnasios,32277,ocio,2026-01-24,cartola
56,CL,CLP,1225884,69,Alta,pago aguas andinas,120972,servicios,2026-01-05,natural
56,CL,CLP,1225884,69,Alta,suscripcion a spotify,7886,streaming,2026-01-06,natural
56,CL,CLP,1225884,69,Alta,entrada a club de baile,94297,ocio,2026-01-08,natural
56,CL,CLP,1225884,69,Alta,carga bencina en peaje melipilla,4369,transporte,2026-01-13,natural
56,CL,CLP,1225884,69,Alta,pago cuenta pat abastible,102438,servicios,2026-01-02,cartola
56,CL,CLP,1225884,69,Alta,pago ripley,248774,otros,2026-01-27,natural
56,CL,CLP,1225884,69,Alta,compra en ópticas gmo,58091,salud,2026-01-23,natural
56,CL,CLP,1225884,69,Alta,compra redcompra casaideas,9375,vivienda,2026-01-29,cartola
56,CL,CLP,1225884,69,Alta,pat seguro metlife chile,8045,otros,2026-01-12,cartola
56,CL,CLP,1225884,69,Alta,transbank tommy beans,10195,alimentacion,2026-01-23,cartola
56,CL,CLP,1225884,69,Alta,pago aguas andinas,20218,servicios,2026-01-18,natural
56,CL,CLP,1225884,69,Alta,compra en unimarc,90893,alimentacion,2026-01-27,natural
56,CL,CLP,1225884,69,Alta,suscripcion a spotify,5416,streaming,2026-01-11,natural
56,CL,CLP,1225884,69,Alta,pago maderas encofrados,34510,vivienda,2026-01-16,natural
56,CL,CLP,1225884,69,Alta,pago entel fibra,127196,servicios,2026-01-10,natural
56,CL,CLP,1225884,69,Alta,pago cuenta pat gasco,95830,servicios,2026-01-28,cartola
56,CL,CLP,1225884,69,Alta,pago en feria libre pinto,9547,alimentacion,2026-01-06,natural
56,CL,CLP,1225884,69,Alta,pago esval,145061,servicios,2026-01-10,natural
56,CL,CLP,1225884,69,Alta,pago mundo pacífico,103070,servicios,2026-01-18,natural
56,CL,CLP,1225884,69,Alta,pago colectivo linea 40,7436,transporte,2026-01-16,cartola
56,CL,CLP,1225884,69,Alta,suscripcion a netflix chile,10013,streaming,2026-01-09,natural
56,CL,CLP,1225884,69,Alta,pago en juan valdez,5030,alimentacion,2026-01-29,natural
56,CL,CLP,1225884,69,Alta,pat debito autopista del sol,35886,transporte,2026-01-05,cartola
56,CL,CLP,1225884,69,Alta,entrada a bar la virgen,9952,ocio,2026-01-18,natural
56,CL,CLP,1225884,69,Alta,inscripcion en librería qué leo,10545,educacion,2026-01-25,natural
56,CL,CLP,1225884,69,Alta,pago en bravissimo,12927,alimentacion,2026-01-15,natural
56,CL,CLP,1225884,69,Alta,suscripcion a netflix chile,8388,streaming,2026-01-16,natural
56,CL,CLP,1225884,69,Alta,pago cuenta pat vtr telecom,104663,servicios,2026-01-13,cartola
56,CL,CLP,1225884,69,Alta,zoologico metropolitano entradas,35568,ocio,2026-01-12,cartola
56,CL,CLP,1225884,69,Alta,compra redcompra construmart,118565,vivienda,2026-01-26,cartola
56,CL,CLP,1225884,69,Alta,pat spotify chile,11817,streaming,2026-01-12,cartola
56,CL,CLP,1225884,69,Alta,viaje en estacionamiento saba,8905,transporte,2026-01-10,natural
56,CL,CLP,1225884,69,Alta,clinica dental cumbre pos,17791,salud,2026-01-24,cartola
56,CL,CLP,1225884,69,Alta,transbank mcdonalds,22853,alimentacion,2026-01-29,cartola
56,CL,CLP,1225884,69,Alta,viaje en peaje zapata,4326,transporte,2026-01-21,natural
56,CL,CLP,1225884,69,Alta,compra webpay easy,16926,vivienda,2026-01-24,cartola
56,CL,CLP,1225884,69,Alta,viaje en efe trenes,7466,transporte,2026-01-19,natural
56,CL,CLP,1225884,69,Alta,pago cuenta pat mundo pacifico,119066,servicios,2026-01-10,cartola
56,CL,CLP,1225884,69,Alta,pago cuenta pat saesa,124393,servicios,2026-01-08,cartola
56,CL,CLP,1225884,69,Alta,entrada a bar la virgen,63282,ocio,2026-01-05,natural
56,CL,CLP,1225884,69,Alta,transbank buffalo waffles,25206,alimentacion,2026-01-02,cartola
56,CL,CLP,1225884,69,Alta,pago cuenta pat movistar hogar,122964,servicios,2026-01-21,cartola
56,CL,CLP,1225884,69,Alta,pat netflix chile,10653,streaming,2026-01-27,cartola
56,CL,CLP,1225884,69,Alta,transbank verduleria don lucho,14029,alimentacion,2026-01-23,cartola
56,CL,CLP,1225884,69,Alta,pago condovive copropiedad,153465,vivienda,2026-01-28,natural
56,CL,CLP,1225884,69,Alta,compra redcompra dr simi,30471,salud,2026-01-17,cartola
56,CL,CLP,1225884,69,Alta,pago servipag cuentas recaudacion,22956,servicios,2026-01-11,cartola
56,CL,CLP,1225884,69,Alta,cargos administrativos scotiabank,19208,otros,2026-01-11,cartola
56,CL,CLP,1225884,69,Alta,pago en isapre banmédica,123135,salud,2026-01-15,natural
56,CL,CLP,1225884,69,Alta,pago saesa,121139,servicios,2026-01-08,natural
56,CL,CLP,1225884,69,Alta,pago en isapre cruz blanca,161787,salud,2026-01-15,natural
56,CL,CLP,1225884,69,Alta,pago yolito ferretería,113527,vivienda,2026-01-26,natural
56,CL,CLP,1225884,69,Alta,transbank la pica del gringo,42045,alimentacion,2026-01-18,cartola
56,CL,CLP,1225884,69,Alta,fonasa compra bono,48320,salud,2026-01-04,cartola
56,CL,CLP,1225884,69,Alta,pago condovive copropiedad,222820,vivienda,2026-01-26,natural
56,CL,CLP,1225884,69,Alta,transbank sibaritas 87,41950,alimentacion,2026-01-09,cartola
56,CL,CLP,1225884,69,Alta,carga bencina en peaje troncal lampa,2571,transporte,2026-01-29,natural
56,CL,CLP,1225884,69,Alta,transbank fuente suiza,31540,alimentacion,2026-01-20,cartola
56,CL,CLP,1225884,69,Alta,sii pago declaracion renta,149214,otros,2026-01-23,cartola
56,CL,CLP,1225884,69,Alta,transbank mayorista 10,6189,alimentacion,2026-01-27,cartola
56,CL,CLP,1225884,69,Alta,pago cuenta pat esval agua,30520,servicios,2026-01-13,cartola
56,CL,CLP,1225884,69,Alta,pago cuenta pat essbio agua,21458,servicios,2026-01-11,cartola
56,CL,CLP,1225884,69,Alta,compra en emporio la rosa,16442,alimentacion,2026-01-24,natural
56,CL,CLP,1225884,69,Alta,peaje zapata pos,2775,transporte,2026-01-20,cartola
56,CL,CLP,1225884,69,Alta,pago en lider,73919,alimentacion,2026-01-18,natural
56,CL,CLP,1225884,69,Alta,compra en la sanguchera del barrio,8114,alimentacion,2026-01-18,natural
56,CL,CLP,1225884,69,Alta,pat debito vespucio sur,37061,transporte,2026-01-26,cartola
56,CL,CLP,1225884,69,Alta,redsalud atencion medica,244637,salud,2026-01-25,cartola
56,CL,CLP,1225884,69,Alta,pago aguas andinas,12071,servicios,2026-01-18,natural
56,CL,CLP,1225884,69,Alta,pat spotify chile,9316,streaming,2026-01-26,cartola
56,CL,CLP,1225884,69,Alta,clinica las condes pos,270043,salud,2026-01-25,cartola
56,CL,CLP,1225884,69,Alta,pago metrogas,82040,servicios,2026-01-16,natural
56,CL,CLP,1225884,69,Alta,entrada a passline,29817,ocio,2026-01-15,natural
56,CL,CLP,1225884,69,Alta,carga bencina en peaje melipilla,4214,transporte,2026-01-23,natural
56,CL,CLP,1225884,69,Alta,suscripcion a amazon prime video,11768,streaming,2026-01-10,natural
56,CL,CLP,1225884,69,Alta,playstation network compra,48776,ocio,2026-01-16,cartola
56,CL,CLP,1225884,69,Alta,teatro caupolican entradas suc,41717,ocio,2026-01-21,cartola
56,CL,CLP,1225884,69,Alta,viaje en estacionamiento mall center,10823,transporte,2026-01-09,natural
56,CL,CLP,1225884,69,Alta,pago en barrio chicken,16822,alimentacion,2026-01-11,natural
56,CL,CLP,1225884,69,Alta,compra webpay passline,88615,ocio,2026-01-06,cartola
56,CL,CLP,1225884,69,Alta,entrada a teatro nescafé de las artes,9456,ocio,2026-01-10,natural
56,CL,CLP,1225884,69,Alta,pago cuenta pat mundo pacifico,111869,servicios,2026-01-23,cartola
56,CL,CLP,1225884,69,Alta,pago zara chile,37912,otros,2026-01-28,natural
56,CL,CLP,1225884,69,Alta,transbank botilleria el faro,13561,alimentacion,2026-01-26,cartola
56,CL,CLP,1225884,69,Alta,compra webpay ticketmaster,25878,ocio,2026-01-19,cartola
56,CL,CLP,1225884,69,Alta,compra redcompra casaideas,12875,vivienda,2026-01-08,cartola
56,CL,CLP,1225884,69,Alta,carga bencina en ruta del itata,39568,transporte,2026-01-14,natural
56,CL,CLP,1225884,69,Alta,entrada a cineplanet,12676,ocio,2026-01-11,natural
56,CL,CLP,1225884,69,Alta,suscripcion a disney plus,12622,streaming,2026-01-10,natural
56,CL,CLP,1225884,69,Alta,pago gasco,110936,servicios,2026-01-23,natural
56,CL,CLP,1225884,69,Alta,pago sencillito cuentas,114698,servicios,2026-01-28,natural
56,CL,CLP,1225884,69,Alta,pago claro hogar,111023,servicios,2026-01-03,natural
56,CL,CLP,1225884,69,Alta,pago gasco,27590,servicios,2026-01-14,natural
56,CL,CLP,1225884,69,Alta,pat gimnasio upgrade pos,39353,ocio,2026-01-22,cartola
56,CL,CLP,1225884,69,Alta,peaje melipilla pos,2081,transporte,2026-01-15,cartola
56,CL,CLP,1225884,69,Alta,pago cuenta pat essbio agua,132392,servicios,2026-01-15,cartola
56,CL,CLP,1225884,69,Alta,transbank wendys,17636,alimentacion,2026-01-10,cartola
57,CL,CLP,1017146,24,Media,pago cuenta pat essbio agua,21091,servicios,2026-01-06,cartola
57,CL,CLP,1017146,24,Media,transbank fuente suiza,37430,alimentacion,2026-01-10,cartola
57,CL,CLP,1017146,24,Media,compra redcompra imperial,119437,vivienda,2026-01-03,cartola
57,CL,CLP,1017146,24,Media,viaje en petrobras,56390,transporte,2026-01-23,natural
57,CL,CLP,1017146,24,Media,pago cuenta pat enel distribucion,99215,servicios,2026-01-22,cartola
57,CL,CLP,1017146,24,Media,pago en burger king,16374,alimentacion,2026-01-03,natural
57,CL,CLP,1017146,24,Media,pago copropietarios edificio el golf,187946,vivienda,2026-01-28,natural
57,CL,CLP,1017146,24,Media,pago en bravissimo,36814,alimentacion,2026-01-15,natural
57,CL,CLP,1017146,24,Media,compra en eco farmacias,28401,salud,2026-01-26,natural
57,CL,CLP,1017146,24,Media,carga bencina en metro de santiago,4849,transporte,2026-01-14,natural
57,CL,CLP,1017146,24,Media,compra en almacén de barrio,37122,alimentacion,2026-01-25,natural
57,CL,CLP,1017146,24,Media,pago cuenta pat cge distribucion,20003,servicios,2026-01-06,cartola
57,CL,CLP,1017146,24,Media,kidzania santiago entradas,43031,ocio,2026-01-28,cartola
57,CL,CLP,1017146,24,Media,entrada a teatro caupolicán,84071,ocio,2026-01-13,natural
57,CL,CLP,1017146,24,Media,entrada a cinemark,16936,ocio,2026-01-02,natural
57,CL,CLP,1017146,24,Media,suscripcion a disney plus,14599,streaming,2026-01-05,natural
57,CL,CLP,1017146,24,Media,pago esval,92976,servicios,2026-01-03,natural
57,CL,CLP,1017146,24,Media,viaje en colectivo linea 40,1602,transporte,2026-01-25,natural
57,CL,CLP,1017146,24,Media,pago cuenta pat aguas antofagasta,106018,servicios,2026-01-03,cartola
57,CL,CLP,1017146,24,Media,compra en farmacias cruz verde,24072,salud,2026-01-05,natural
57,CL,CLP,1017146,24,Media,pat isapre colmena,154478,salud,2026-01-27,cartola
57,CL,CLP,1017146,24,Media,pago cuenta pat movistar hogar,38896,servicios,2026-01-16,cartola
57,CL,CLP,1017146,24,Media,peaje lateral cash,1634,transporte,2026-01-09,cartola
57,CL,CLP,1017146,24,Media,transbank oxxo,33063,alimentacion,2026-01-27,cartola
57,CL,CLP,1017146,24,Media,transbank subway,19925,alimentacion,2026-01-14,cartola
57,CL,CLP,1017146,24,Media,pago cuenta pat essbio agua,68107,servicios,2026-01-04,cartola
57,CL,CLP,1017146,24,Media,pago lipigas,99064,servicios,2026-01-26,natural
57,CL,CLP,1017146,24,Media,transbank pizza hut,16677,alimentacion,2026-01-06,cartola
57,CL,CLP,1017146,24,Media,pago en farmacias knop,11096,salud,2026-01-22,natural
57,CL,CLP,1017146,24,Media,pago cuenta pat aguas antofagasta,25058,servicios,2026-01-25,cartola
57,CL,CLP,1017146,24,Media,viaje en copec,15504,transporte,2026-01-25,natural
57,CL,CLP,1017146,24,Media,pago sencillito cuentas,124458,servicios,2026-01-15,natural
57,CL,CLP,1017146,24,Media,pago universidad de los andes,241204,educacion,2026-01-07,natural
57,CL,CLP,1017146,24,Media,pago en dunkin donuts,4496,alimentacion,2026-01-29,natural
57,CL,CLP,1017146,24,Media,pat spotify chile,17774,streaming,2026-01-09,cartola
57,CL,CLP,1017146,24,Media,compra en ópticas gmo,18296,salud,2026-01-26,natural
57,CL,CLP,1017146,24,Media,suscripcion a spotify,4773,streaming,2026-01-10,natural
57,CL,CLP,1017146,24,Media,ferreteria prat compra,97863,vivienda,2026-01-04,cartola
57,CL,CLP,1017146,24,Media,pago cuenta pat vtr telecom,96729,servicios,2026-01-03,cartola
57,CL,CLP,1017146,24,Media,pago cuenta pat mundo pacifico,87804,servicios,2026-01-29,cartola
57,CL,CLP,1017146,24,Media,transbank dunkin donuts,6722,alimentacion,2026-01-10,cartola
57,CL,CLP,1017146,24,Media,transbank fuente suiza,21371,alimentacion,2026-01-18,cartola
57,CL,CLP,1017146,24,Media,pago servipag cuentas,96748,servicios,2026-01-06,natural
57,CL,CLP,1017146,24,Media,suscripcion a disney plus,5627,streaming,2026-01-12,natural
57,CL,CLP,1017146,24,Media,pat netflix chile,17264,streaming,2026-01-03,cartola
57,CL,CLP,1017146,24,Media,compra webpay passline,45281,ocio,2026-01-13,cartola
57,CL,CLP,1017146,24,Media,pat spotify chile,11326,streaming,2026-01-09,cartola
57,CL,CLP,1017146,24,Media,pago en telepizza,29221,alimentacion,2026-01-08,natural
57,CL,CLP,1017146,24,Media,pago easy,9519,vivienda,2026-01-05,natural
57,CL,CLP,1017146,24,Media,clinica alemana santiago,140309,salud,2026-01-16,cartola
57,CL,CLP,1017146,24,Media,transbank la sanguchera,13615,alimentacion,2026-01-16,cartola
57,CL,CLP,1017146,24,Media,transbank almacen,21665,alimentacion,2026-01-05,cartola
57,CL,CLP,1017146,24,Media,pago gasco,54464,servicios,2026-01-29,natural
57,CL,CLP,1017146,24,Media,carga bencina en ruta del maipo,40053,transporte,2026-01-16,natural
57,CL,CLP,1017146,24,Media,fantasilandia entradas,57035,ocio,2026-01-05,cartola
57,CL,CLP,1017146,24,Media,administracion jardines maipu exp,283019,vivienda,2026-01-13,cartola
57,CL,CLP,1017146,24,Media,pat gimnasio upgrade pos,42231,ocio,2026-01-24,cartola
57,CL,CLP,1017146,24,Media,pago nuevosur,18002,servicios,2026-01-03,natural
57,CL,CLP,1017146,24,Media,pat disney plus chile,14161,streaming,2026-01-14,cartola
57,CL,CLP,1017146,24,Media,fantasilandia entradas,32799,ocio,2026-01-22,cartola
57,CL,CLP,1017146,24,Media,pago en schopdog,17885,alimentacion,2026-01-11,natural
57,CL,CLP,1017146,24,Media,entrada a cinemark,23010,ocio,2026-01-25,natural
57,CL,CLP,1017146,24,Media,viaje en costanera norte,25962,transporte,2026-01-29,natural
57,CL,CLP,1017146,24,Media,pago en farmacias knop,47784,salud,2026-01-16,natural
57,CL,CLP,1017146,24,Media,pago en starbucks,16967,alimentacion,2026-01-29,natural
57,CL,CLP,1017146,24,Media,pat isapre colmena,103409,salud,2026-01-29,cartola
57,CL,CLP,1017146,24,Media,transbank tavelli,46469,alimentacion,2026-01-06,cartola
57,CL,CLP,1017146,24,Media,pat sportlife gimnasios,23973,ocio,2026-01-20,cartola
57,CL,CLP,1017146,24,Media,playstation network compra,61827,ocio,2026-01-06,cartola
57,CL,CLP,1017146,24,Media,pago mapfre,26809,otros,2026-01-05,natural
57,CL,CLP,1017146,24,Media,pago librería subsuelo,4308,educacion,2026-01-21,natural
57,CL,CLP,1017146,24,Media,pago nuevosur,124296,servicios,2026-01-20,natural
57,CL,CLP,1017146,24,Media,carga bencina en peaje zapata,1014,transporte,2026-01-22,natural
57,CL,CLP,1017146,24,Media,pago easy,110920,vivienda,2026-01-24,natural
57,CL,CLP,1017146,24,Media,compra redcompra redfarma,73124,salud,2026-01-29,cartola
57,CL,CLP,1017146,24,Media,pago sencillito cuentas recaudacion,147332,servicios,2026-01-28,cartola
57,CL,CLP,1017146,24,Media,alquiler propiedades chile arriendo,76084,vivienda,2026-01-23,cartola
57,CL,CLP,1017146,24,Media,pat duoc uc cuotas,302887,educacion,2026-01-06,cartola
57,CL,CLP,1017146,24,Media,pago saesa,37572,servicios,2026-01-22,natural
57,CL,CLP,1017146,24,Media,entrada a gimnasio sportlife,37657,ocio,2026-01-15,natural
57,CL,CLP,1017146,24,Media,transbank starbucks,10366,alimentacion,2026-01-12,cartola
57,CL,CLP,1017146,24,Media,pago hdi seguros,13790,otros,2026-01-20,natural
57,CL,CLP,1017146,24,Media,pago cuenta pat aguas andinas,19678,servicios,2026-01-28,cartola
57,CL,CLP,1017146,24,Media,pago cuenta pat saesa,63648,servicios,2026-01-09,cartola
57,CL,CLP,1017146,24,Media,pago aguas de antofagasta,130471,servicios,2026-01-13,natural
57,CL,CLP,1017146,24,Media,transbank starbucks,8847,alimentacion,2026-01-16,cartola
57,CL,CLP,1017146,24,Media,pat amazon prime video,14968,streaming,2026-01-13,cartola
57,CL,CLP,1017146,24,Media,pago yolito ferretería,23133,vivienda,2026-01-25,natural
57,CL,CLP,1017146,24,Media,pago pinturas sherwin williams,64887,vivienda,2026-01-17,natural
57,CL,CLP,1017146,24,Media,pago falabella home,54996,vivienda,2026-01-22,natural
57,CL,CLP,1017146,24,Media,pat aiep arancel,260783,educacion,2026-01-14,cartola
57,CL,CLP,1017146,24,Media,suscripcion a teatro nescafé de las artes,69561,ocio,2026-01-13,natural
57,CL,CLP,1017146,24,Media,compra en santa isabel,33038,alimentacion,2026-01-24,natural
57,CL,CLP,1017146,24,Media,compra en clínica alemana,241234,salud,2026-01-06,natural
57,CL,CLP,1017146,24,Media,pago en clínica universidad de los andes,76686,salud,2026-01-20,natural
57,CL,CLP,1017146,24,Media,pat aiep arancel,216878,educacion,2026-01-03,cartola
57,CL,CLP,1017146,24,Media,viaje en petrobras,31077,transporte,2026-01-19,natural
57,CL,CLP,1017146,24,Media,viaje en efe trenes,7944,transporte,2026-01-13,natural
57,CL,CLP,1017146,24,Media,compra efe trenes,6931,transporte,2026-01-24,cartola
57,CL,CLP,1017146,24,Media,pago en oxxo,43205,alimentacion,2026-01-10,natural
57,CL,CLP,1017146,24,Media,compra redcompra imperial,20907,vivienda,2026-01-07,cartola
57,CL,CLP,1017146,24,Media,pago en clínica dental cumbre,49545,salud,2026-01-25,natural
57,CL,CLP,1017146,24,Media,compra en redsalud,138983,salud,2026-01-27,natural
57,CL,CLP,1017146,24,Media,transbank schopdog,18485,alimentacion,2026-01-22,cartola
57,CL,CLP,1017146,24,Media,pago ferretería el candado,49993,vivienda,2026-01-27,natural
57,CL,CLP,1017146,24,Media,viaje en ruta del maipo,21147,transporte,2026-01-13,natural
57,CL,CLP,1017146,24,Media,pago servipag cuentas recaudacion,24543,servicios,2026-01-17,cartola
57,CL,CLP,1017146,24,Media,pat amazon prime video,16374,streaming,2026-01-29,cartola
57,CL,CLP,1017146,24,Media,compra webpay antartica libros,22703,educacion,2026-01-06,cartola
57,CL,CLP,1017146,24,Media,suscripcion a passline,47558,ocio,2026-01-13,natural
57,CL,CLP,1017146,24,Media,pat debito ruta itata,8012,transporte,2026-01-12,cartola
57,CL,CLP,1017146,24,Media,pago easy,81779,vivienda,2026-01-07,natural
57,CL,CLP,1017146,24,Media,transbank juan maestro,22894,alimentacion,2026-01-27,cartola
57,CL,CLP,1017146,24,Media,pago en schopdog,49995,alimentacion,2026-01-22,natural
57,CL,CLP,1017146,24,Media,pago en integramédica,115755,salud,2026-01-08,natural
57,CL,CLP,1017146,24,Media,pago en alvi,30669,alimentacion,2026-01-02,natural
57,CL,CLP,1017146,24,Media,pago cuenta pat wom fibra,92686,servicios,2026-01-14,cartola
57,CL,CLP,1017146,24,Media,inscripcion en universidad adolfo ibáñez uai,179724,educacion,2026-01-10,natural
57,CL,CLP,1017146,24,Media,pago cuenta pat cge distribucion,27683,servicios,2026-01-06,cartola
57,CL,CLP,1017146,24,Media,pago cuenta pat aguas antofagasta,134241,servicios,2026-01-08,cartola
57,CL,CLP,1017146,24,Media,peaje lateral cash,3394,transporte,2026-01-02,cartola
57,CL,CLP,1017146,24,Media,transbank dunkin donuts,16102,alimentacion,2026-01-19,cartola
57,CL,CLP,1017146,24,Media,pago gtd manquehue,118962,servicios,2026-01-08,natural
57,CL,CLP,1017146,24,Media,amazon*marketplace chile,102917,otros,2026-01-12,cartola
57,CL,CLP,1017146,24,Media,carga bencina en tarjeta bip!,9737,transporte,2026-01-05,natural
58,CL,CLP,938792,74,Alta,compra webpay rappi,36734,alimentacion,2026-01-08,cartola
58,CL,CLP,938792,74,Alta,pat debito autopista central,28927,transporte,2026-01-04,cartola
58,CL,CLP,938792,74,Alta,pago vtr internet,85049,servicios,2026-01-14,natural
58,CL,CLP,938792,74,Alta,pago en almacén doña juana,25910,alimentacion,2026-01-15,natural
58,CL,CLP,938792,74,Alta,pago falabella,111254,otros,2026-01-12,natural
58,CL,CLP,938792,74,Alta,suscripcion a amazon prime video,14706,streaming,2026-01-06,natural
58,CL,CLP,938792,74,Alta,teatro nescafe de las artes entradas,45288,ocio,2026-01-28,cartola
58,CL,CLP,938792,74,Alta,pago movistar hogar,74518,servicios,2026-01-10,natural
58,CL,CLP,938792,74,Alta,pago en farmacias ahumada,48632,salud,2026-01-17,natural
58,CL,CLP,938792,74,Alta,pat netflix chile,11334,streaming,2026-01-27,cartola
58,CL,CLP,938792,74,Alta,carga bencina en peaje zapata,3152,transporte,2026-01-03,natural
58,CL,CLP,938792,74,Alta,opticas schilling compra,29427,salud,2026-01-08,cartola
58,CL,CLP,938792,74,Alta,carga bencina en petrobras,32023,transporte,2026-01-25,natural
58,CL,CLP,938792,74,Alta,transbank pronto copec,14843,alimentacion,2026-01-05,cartola
58,CL,CLP,938792,74,Alta,breal propiedades pago gastos,85323,vivienda,2026-01-03,cartola
58,CL,CLP,938792,74,Alta,pago cuenta pat gasco,124326,servicios,2026-01-28,cartola
58,CL,CLP,938792,74,Alta,compra webpay uber eats,26005,alimentacion,2026-01-08,cartola
58,CL,CLP,938792,74,Alta,carga metro santiago,8622,transporte,2026-01-25,cartola
58,CL,CLP,938792,74,Alta,pago cuenta pat aguas andinas,145761,servicios,2026-01-21,cartola
58,CL,CLP,938792,74,Alta,pago chilquinta,96177,servicios,2026-01-19,natural
58,CL,CLP,938792,74,Alta,transbank la sanguchera,44148,alimentacion,2026-01-13,cartola
58,CL,CLP,938792,74,Alta,pat spotify chile,13770,streaming,2026-01-12,cartola
58,CL,CLP,938792,74,Alta,compra en la picá del gringo,23924,alimentacion,2026-01-04,natural
58,CL,CLP,938792,74,Alta,pago saesa,36907,servicios,2026-01-20,natural
58,CL,CLP,938792,74,Alta,inscripcion en instituto profesional santo tomás,190866,educacion,2026-01-05,natural
58,CL,CLP,938792,74,Alta,estacionamiento saba pos,2877,transporte,2026-01-18,cartola
58,CL,CLP,938792,74,Alta,pago seguros sura,19915,otros,2026-01-11,natural
58,CL,CLP,938792,74,Alta,pago cuenta pat vtr telecom,94265,servicios,2026-01-05,cartola
58,CL,CLP,938792,74,Alta,pago municipalidad alumbrado luz,18002,servicios,2026-01-11,cartola
58,CL,CLP,938792,74,Alta,pago aguas andinas,23537,servicios,2026-01-24,natural
58,CL,CLP,938792,74,Alta,viaje en peaje melipilla,3061,transporte,2026-01-14,natural
58,CL,CLP,938792,74,Alta,clinica las condes pos,303086,salud,2026-01-19,cartola
58,CL,CLP,938792,74,Alta,transbank spacio1 petrobras,43312,alimentacion,2026-01-23,cartola
58,CL,CLP,938792,74,Alta,centro medico san lorenzo,49779,salud,2026-01-21,cartola
58,CL,CLP,938792,74,Alta,pago zurich chile,11229,otros,2026-01-12,natural
58,CL,CLP,938792,74,Alta,compra en ok market,11450,alimentacion,2026-01-05,natural
58,CL,CLP,938792,74,Alta,transbank unimarc,147628,alimentacion,2026-01-06,cartola
58,CL,CLP,938792,74,Alta,carga bencina en autopista central,29387,transporte,2026-01-09,natural
58,CL,CLP,938792,74,Alta,carga bencina en peaje troncal lampa,2026,transporte,2026-01-25,natural
58,CL,CLP,938792,74,Alta,compra webpay uber eats,20501,alimentacion,2026-01-14,cartola
58,CL,CLP,938792,74,Alta,compra redcompra construmart,88540,vivienda,2026-01-26,cartola
58,CL,CLP,938792,74,Alta,transbank oxxo,24521,alimentacion,2026-01-28,cartola
58,CL,CLP,938792,74,Alta,comision mantencion banco chile,6207,otros,2026-01-15,cartola
58,CL,CLP,938792,74,Alta,compra redcompra ahumada,62744,salud,2026-01-02,cartola
58,CL,CLP,938792,74,Alta,viaje en cabify,9484,transporte,2026-01-22,natural
58,CL,CLP,938792,74,Alta,pat amazon prime video,16105,streaming,2026-01-17,cartola
58,CL,CLP,938792,74,Alta,viaje en peaje troncal lampa,3870,transporte,2026-01-17,natural
58,CL,CLP,938792,74,Alta,pago cuenta pat chilquinta,20411,servicios,2026-01-12,cartola
58,CL,CLP,938792,74,Alta,compra en tommy beans,33618,alimentacion,2026-01-09,natural
58,CL,CLP,938792,74,Alta,pago pago de luz municipalidad,19383,servicios,2026-01-29,natural
58,CL,CLP,938792,74,Alta,pago en pedidosya,48119,alimentacion,2026-01-06,natural
58,CL,CLP,938792,74,Alta,pat debito vespucio sur,12015,transporte,2026-01-07,cartola
58,CL,CLP,938792,74,Alta,clinica las condes pos,51937,salud,2026-01-27,cartola
58,CL,CLP,938792,74,Alta,suscripcion a fantasilandia,85674,ocio,2026-01-17,natural
58,CL,CLP,938792,74,Alta,pago chilena consolidada,25656,otros,2026-01-20,natural
58,CL,CLP,938792,74,Alta,libreria el sembrador compra,15142,educacion,2026-01-23,cartola
58,CL,CLP,938792,74,Alta,compra en cory,15092,alimentacion,2026-01-14,natural
58,CL,CLP,938792,74,Alta,transbank bar el barista,90124,ocio,2026-01-28,cartola
58,CL,CLP,938792,74,Alta,pago copropietarios edificio el golf,273597,vivienda,2026-01-25,natural
58,CL,CLP,938792,74,Alta,pago aguas del altiplano,57355,servicios,2026-01-13,natural
58,CL,CLP,938792,74,Alta,pago cuenta pat movistar hogar,70551,servicios,2026-01-21,cartola
58,CL,CLP,938792,74,Alta,teatro nescafe de las artes entradas,38836,ocio,2026-01-04,cartola
58,CL,CLP,938792,74,Alta,pat spotify chile,15550,streaming,2026-01-08,cartola
58,CL,CLP,938792,74,Alta,viaje en tarjeta bip!,9160,transporte,2026-01-02,natural
58,CL,CLP,938792,74,Alta,pago servipag cuentas recaudacion,10864,servicios,2026-01-13,cartola
58,CL,CLP,938792,74,Alta,pago en cory,40148,alimentacion,2026-01-20,natural
58,CL,CLP,938792,74,Alta,viaje en peaje zapata,3496,transporte,2026-01-08,natural
58,CL,CLP,938792,74,Alta,pago movistar hogar,109060,servicios,2026-01-06,natural
58,CL,CLP,938792,74,Alta,pago nuevosur,13010,servicios,2026-01-04,natural
58,CL,CLP,938792,74,Alta,movistar arena entradas,80410,ocio,2026-01-13,cartola
58,CL,CLP,938792,74,Alta,viaje en didi taxi,8337,transporte,2026-01-12,natural
58,CL,CLP,938792,74,Alta,pago en pastelería marmentini,16381,alimentacion,2026-01-21,natural
58,CL,CLP,938792,74,Alta,compra en tommy beans,9154,alimentacion,2026-01-23,natural
58,CL,CLP,938792,74,Alta,suscripcion a netflix chile,16749,streaming,2026-01-02,natural
58,CL,CLP,938792,74,Alta,compra redcompra feria chilena libro,23225,educacion,2026-01-23,cartola
58,CL,CLP,938792,74,Alta,pago colectivo linea 40,8526,transporte,2026-01-26,cartola
58,CL,CLP,938792,74,Alta,pago en isapre banmédica,37573,salud,2026-01-25,natural
58,CL,CLP,938792,74,Alta,compra webpay tottus,140774,alimentacion,2026-01-06,cartola
58,CL,CLP,938792,74,Alta,transbank doggis,10401,alimentacion,2026-01-24,cartola
58,CL,CLP,938792,74,Alta,pago pinturas sherwin williams,109133,vivienda,2026-01-24,natural
58,CL,CLP,938792,74,Alta,transbank pasteleria marmentini,48461,alimentacion,2026-01-22,cartola
58,CL,CLP,938792,74,Alta,pago saesa,46681,servicios,2026-01-04,natural
58,CL,CLP,938792,74,Alta,pago cuenta pat claro hogar,70308,servicios,2026-01-29,cartola
58,CL,CLP,938792,74,Alta,carga bencina en vespucio sur,23981,transporte,2026-01-04,natural
58,CL,CLP,938792,74,Alta,pago movistar hogar,93145,servicios,2026-01-09,natural
58,CL,CLP,938792,74,Alta,pago cuenta pat entel fibra,67005,servicios,2026-01-11,cartola
58,CL,CLP,938792,74,Alta,suscripcion a passline,39274,ocio,2026-01-02,natural
58,CL,CLP,938792,74,Alta,sii pago declaracion renta,111578,otros,2026-01-09,cartola
58,CL,CLP,938792,74,Alta,pago en wendy's,29986,alimentacion,2026-01-23,natural
58,CL,CLP,938792,74,Alta,pago enel distribución,71571,servicios,2026-01-18,natural
58,CL,CLP,938792,74,Alta,pago cuenta pat nuevosur agua,119440,servicios,2026-01-13,cartola
58,CL,CLP,938792,74,Alta,pat netflix chile,5229,streaming,2026-01-18,cartola
58,CL,CLP,938792,74,Alta,compra webpay tottus,78277,alimentacion,2026-01-04,cartola
58,CL,CLP,938792,74,Alta,compra redcompra knop,71868,salud,2026-01-15,cartola
58,CL,CLP,938792,74,Alta,transbank sibaritas 87,40054,alimentacion,2026-01-16,cartola
58,CL,CLP,938792,74,Alta,compra webpay ticketmaster,33108,ocio,2026-01-04,cartola
58,CL,CLP,938792,74,Alta,peaje melipilla pos,3350,transporte,2026-01-29,cartola
58,CL,CLP,938792,74,Alta,pago en fuente alemana,12412,alimentacion,2026-01-08,natural
58,CL,CLP,938792,74,Alta,transbank bar el barista,72956,ocio,2026-01-25,cartola
58,CL,CLP,938792,74,Alta,carga bip webpay,3625,transporte,2026-01-15,cartola
58,CL,CLP,938792,74,Alta,pago en clínica dental cumbre,8948,salud,2026-01-28,natural
58,CL,CLP,938792,74,Alta,compra en farmacias salcobrand,5571,salud,2026-01-08,natural
58,CL,CLP,938792,74,Alta,transbank domino,18005,alimentacion,2026-01-25,cartola
58,CL,CLP,938792,74,Alta,pago edipro gastos comunes,119813,vivienda,2026-01-17,cartola
58,CL,CLP,938792,74,Alta,pago aguas andinas,43529,servicios,2026-01-15,natural
58,CL,CLP,938792,74,Alta,pago municipalidad alumbrado luz,131701,servicios,2026-01-04,cartola
58,CL,CLP,938792,74,Alta,pago construmart,99162,vivienda,2026-01-24,natural
58,CL,CLP,938792,74,Alta,compra webpay antartica libros,35185,educacion,2026-01-25,cartola
58,CL,CLP,938792,74,Alta,clinica davila pos,51327,salud,2026-01-17,cartola
58,CL,CLP,938792,74,Alta,pago construmart,22881,vivienda,2026-01-19,natural
58,CL,CLP,938792,74,Alta,mercadolibre*compra webpay,167146,otros,2026-01-22,cartola
58,CL,CLP,938792,74,Alta,pago cge distribución,82806,servicios,2026-01-03,natural
58,CL,CLP,938792,74,Alta,compra webpay uber,11287,transporte,2026-01-25,cartola
58,CL,CLP,938792,74,Alta,pago pinturas sherwin williams,111970,vivienda,2026-01-28,natural
58,CL,CLP,938792,74,Alta,suscripcion a disney plus,6359,streaming,2026-01-17,natural
58,CL,CLP,938792,74,Alta,pago debito pat seguros sura,26521,otros,2026-01-23,cartola
58,CL,CLP,938792,74,Alta,pago en sibaritas 87,45528,alimentacion,2026-01-17,natural
58,CL,CLP,938792,74,Alta,pago claro hogar,96888,servicios,2026-01-26,natural
58,CL,CLP,938792,74,Alta,pago itaú comisiones,8812,otros,2026-01-03,natural
58,CL,CLP,938792,74,Alta,compra en clínica alemana,178257,salud,2026-01-20,natural
58,CL,CLP,938792,74,Alta,pago en mayorista 10,48189,alimentacion,2026-01-02,natural
58,CL,CLP,938792,74,Alta,pago cuenta pat nuevosur agua,145413,servicios,2026-01-15,cartola
58,CL,CLP,938792,74,Alta,pago enel distribución,46771,servicios,2026-01-22,natural
58,CL,CLP,938792,74,Alta,transbank pedro juan y diego,12462,alimentacion,2026-01-23,cartola
58,CL,CLP,938792,74,Alta,viaje en shell,60009,transporte,2026-01-23,natural
59,CL,CLP,601199,46,Media,entrada a gimnasio sportlife,29028,ocio,2026-01-10,natural
59,CL,CLP,601199,46,Media,estacionamiento saba pos,2090,transporte,2026-01-18,cartola
59,CL,CLP,601199,46,Media,pat amazon prime video,11971,streaming,2026-01-18,cartola
59,CL,CLP,601199,46,Media,pago wom fibra,53186,servicios,2026-01-27,natural
59,CL,CLP,601199,46,Media,transbank santa isabel,22144,alimentacion,2026-01-06,cartola
59,CL,CLP,601199,46,Media,compra webpay cinemark,15084,ocio,2026-01-26,cartola
59,CL,CLP,601199,46,Media,suscripcion a gimnasio upgrade,42897,ocio,2026-01-27,natural
59,CL,CLP,601199,46,Media,pago en papa johns,9461,alimentacion,2026-01-23,natural
59,CL,CLP,601199,46,Media,compra webpay sodimac,81266,vivienda,2026-01-02,cartola
59,CL,CLP,601199,46,Media,pago debito pat bci seguros,19086,otros,2026-01-17,cartola
59,CL,CLP,601199,46,Media,compra en subway,14425,alimentacion,2026-01-15,natural
59,CL,CLP,601199,46,Media,pago en tommy beans,15850,alimentacion,2026-01-03,natural
59,CL,CLP,601199,46,Media,pat amazon prime video,12200,streaming,2026-01-27,cartola
59,CL,CLP,601199,46,Media,transbank superbodega acuenta,36904,alimentacion,2026-01-26,cartola
59,CL,CLP,601199,46,Media,transbank kfc,11145,alimentacion,2026-01-26,cartola
59,CL,CLP,601199,46,Media,transbank tommy beans,27614,alimentacion,2026-01-27,cartola
59,CL,CLP,601199,46,Media,pago cuenta pat movistar hogar,74034,servicios,2026-01-28,cartola
59,CL,CLP,601199,46,Media,pago en integramédica,156965,salud,2026-01-23,natural
59,CL,CLP,601199,46,Media,pago gtd manquehue,25687,servicios,2026-01-10,natural
59,CL,CLP,601199,46,Media,pago nuevosur,144591,servicios,2026-01-16,natural
59,CL,CLP,601199,46,Media,suscripcion a gimnasio sportlife,34390,ocio,2026-01-10,natural
59,CL,CLP,601199,46,Media,pat isapre colmena,77164,salud,2026-01-02,cartola
59,CL,CLP,601199,46,Media,peaje angostura pos,1496,transporte,2026-01-23,cartola
59,CL,CLP,601199,46,Media,transbank mayorista 10,37531,alimentacion,2026-01-11,cartola
59,CL,CLP,601199,46,Media,viaje en turbus,2871,transporte,2026-01-24,natural
59,CL,CLP,601199,46,Media,compra en clínica dávila,43401,salud,2026-01-07,natural
59,CL,CLP,601199,46,Media,pago administración jardines de maipú,71148,vivienda,2026-01-03,natural
59,CL,CLP,601199,46,Media,pago en juan maestro,13930,alimentacion,2026-01-10,natural
59,CL,CLP,601199,46,Media,transbank doña juana,14129,alimentacion,2026-01-14,cartola
59,CL,CLP,601199,46,Media,pago cuenta pat entel fibra,87599,servicios,2026-01-28,cartola
59,CL,CLP,601199,46,Media,pago municipalidad alumbrado luz,96665,servicios,2026-01-06,cartola
59,CL,CLP,601199,46,Media,transantiago buses metropolitana,4036,transporte,2026-01-04,cartola
59,CL,CLP,601199,46,Media,pago aguas del altiplano,38631,servicios,2026-01-20,natural
59,CL,CLP,601199,46,Media,pago cuenta pat enel distribucion,46047,servicios,2026-01-02,cartola
59,CL,CLP,601199,46,Media,compra webpay falabella home,102600,vivienda,2026-01-20,cartola
59,CL,CLP,601199,46,Media,estacionamiento mall center,2041,transporte,2026-01-06,cartola
59,CL,CLP,601199,46,Media,transbank fuente suiza,24269,alimentacion,2026-01-22,cartola
59,CL,CLP,601199,46,Media,pago movistar hogar,74053,servicios,2026-01-28,natural
59,CL,CLP,601199,46,Media,compra webpay pullman bus,3729,transporte,2026-01-15,cartola
59,CL,CLP,601199,46,Media,transbank doña juana,30827,alimentacion,2026-01-23,cartola
59,CL,CLP,601199,46,Media,viaje en estacionamiento saba,11677,transporte,2026-01-10,natural
59,CL,CLP,601199,46,Media,suscripcion a amazon prime video,17477,streaming,2026-01-29,natural
59,CL,CLP,601199,46,Media,pago cuenta pat gasco,64959,servicios,2026-01-26,cartola
59,CL,CLP,601199,46,Media,pago itaú comisiones,18541,otros,2026-01-18,natural
59,CL,CLP,601199,46,Media,transbank la sanguchera,44951,alimentacion,2026-01-19,cartola
59,CL,CLP,601199,46,Media,pago en feria libre pinto,44110,alimentacion,2026-01-03,natural
59,CL,CLP,601199,46,Media,transbank upa!,12753,alimentacion,2026-01-19,cartola
59,CL,CLP,601199,46,Media,compra en dr ahorro,49588,salud,2026-01-23,natural
59,CL,CLP,601199,46,Media,pat disney plus chile,15065,streaming,2026-01-18,cartola
59,CL,CLP,601199,46,Media,compra webpay jumbo,141980,alimentacion,2026-01-29,cartola
59,CL,CLP,601199,46,Media,pago pinturas sherwin williams,17538,vivienda,2026-01-27,natural
59,CL,CLP,601199,46,Media,viaje en pullman bus,6328,transporte,2026-01-07,natural
59,CL,CLP,601199,46,Media,pat debito ruta itata,34022,transporte,2026-01-17,cartola
59,CL,CLP,601199,46,Media,viaje en estacionamiento saba,5980,transporte,2026-01-27,natural
59,CL,CLP,601199,46,Media,pat arancel univ catolica,160123,educacion,2026-01-27,cartola
59,CL,CLP,601199,46,Media,transbank wendys,6285,alimentacion,2026-01-19,cartola
59,CL,CLP,601199,46,Media,pago cuenta pat aguas andinas,112281,servicios,2026-01-15,cartola
59,CL,CLP,601199,46,Media,transbank almacen,48013,alimentacion,2026-01-27,cartola
59,CL,CLP,601199,46,Media,compra redcompra eco farmacias,69121,salud,2026-01-09,cartola
59,CL,CLP,601199,46,Media,pago wom fibra,102179,servicios,2026-01-22,natural
59,CL,CLP,601199,46,Media,pago cuenta pat enel distribucion,36391,servicios,2026-01-02,cartola
59,CL,CLP,601199,46,Media,pago cuenta pat aguas del altiplano,16385,servicios,2026-01-29,cartola
59,CL,CLP,601199,46,Media,pago en ópticas gmo,29214,salud,2026-01-03,natural
59,CL,CLP,601199,46,Media,compra en wendy's,7980,alimentacion,2026-01-06,natural
59,CL,CLP,601199,46,Media,pago cuenta pat aguas antofagasta,76288,servicios,2026-01-16,cartola
59,CL,CLP,601199,46,Media,compra redcompra libreria nacional,11917,educacion,2026-01-27,cartola
59,CL,CLP,601199,46,Media,transbank telepizza,15720,alimentacion,2026-01-23,cartola
59,CL,CLP,601199,46,Media,compra redcompra ahumada,32522,salud,2026-01-03,cartola
59,CL,CLP,601199,46,Media,compra webpay puntoticket,84610,ocio,2026-01-23,cartola
59,CL,CLP,601199,46,Media,kidzania santiago entradas,77620,ocio,2026-01-10,cartola
59,CL,CLP,601199,46,Media,pago cuenta pat movistar hogar,103713,servicios,2026-01-09,cartola
59,CL,CLP,601199,46,Media,opticas gmo compra suc,61781,salud,2026-01-10,cartola
59,CL,CLP,601199,46,Media,inscripcion en universidad adolfo ibáñez uai,164056,educacion,2026-01-21,natural
59,CL,CLP,601199,46,Media,suscripcion a disney plus,16153,streaming,2026-01-25,natural
59,CL,CLP,601199,46,Media,compra redcompra imperial,28714,vivienda,2026-01-08,cartola
59,CL,CLP,601199,46,Media,suscripcion a amazon prime video,16126,streaming,2026-01-16,natural
59,CL,CLP,601199,46,Media,suscripcion a spotify,6674,streaming,2026-01-02,natural
59,CL,CLP,601199,46,Media,transbank tarragona,12837,alimentacion,2026-01-23,cartola
59,CL,CLP,601199,46,Media,pago cuenta pat entel fibra,111571,servicios,2026-01-15,cartola
59,CL,CLP,601199,46,Media,pago aguas del altiplano,17968,servicios,2026-01-03,natural
59,CL,CLP,601199,46,Media,carga bencina en costanera norte,25043,transporte,2026-01-04,natural
59,CL,CLP,601199,46,Media,compra en carls jr,13582,alimentacion,2026-01-02,natural
59,CL,CLP,601199,46,Media,compra en farmacias knop,21204,salud,2026-01-03,natural
59,CL,CLP,601199,46,Media,pago copropietarios edificio el golf,126533,vivienda,2026-01-20,natural
59,CL,CLP,601199,46,Media,compra en ópticas gmo,40464,salud,2026-01-16,natural
59,CL,CLP,601199,46,Media,pago cuenta pat vtr telecom,138547,servicios,2026-01-10,cartola
59,CL,CLP,601199,46,Media,transbank emporio la rosa,17775,alimentacion,2026-01-10,cartola
59,CL,CLP,601199,46,Media,viaje en estacionamiento saba,5255,transporte,2026-01-08,natural
59,CL,CLP,601199,46,Media,pat spotify chile,16221,streaming,2026-01-08,cartola
59,CL,CLP,601199,46,Media,zoologico metropolitano entradas,83820,ocio,2026-01-28,cartola
59,CL,CLP,601199,46,Media,compra redcompra la polar suc,16764,otros,2026-01-14,cartola
59,CL,CLP,601199,46,Media,transbank melt pizzas,30791,alimentacion,2026-01-10,cartola
59,CL,CLP,601199,46,Media,transbank sibaritas 87,45067,alimentacion,2026-01-24,cartola
59,CL,CLP,601199,46,Media,pago ferretería prat,93357,vivienda,2026-01-08,natural
59,CL,CLP,601199,46,Media,pago chilquinta,104684,servicios,2026-01-09,natural
59,CL,CLP,601199,46,Media,compra webpay jumbo,105348,alimentacion,2026-01-19,cartola
59,CL,CLP,601199,46,Media,pago aiep,128584,educacion,2026-01-02,natural
59,CL,CLP,601199,46,Media,teatro nescafe de las artes entradas,55363,ocio,2026-01-21,cartola
59,CL,CLP,601199,46,Media,compra webpay turbus,9152,transporte,2026-01-28,cartola
59,CL,CLP,601199,46,Media,pago saesa,44125,servicios,2026-01-10,natural
59,CL,CLP,601199,46,Media,pago aguas de antofagasta,91616,servicios,2026-01-26,natural
59,CL,CLP,601199,46,Media,pago en pedidosya,33744,alimentacion,2026-01-21,natural
59,CL,CLP,601199,46,Media,entrada a discoteca amanda,11512,ocio,2026-01-19,natural
59,CL,CLP,601199,46,Media,pat netflix chile,14453,streaming,2026-01-06,cartola
59,CL,CLP,601199,46,Media,compra en cory,46939,alimentacion,2026-01-29,natural
59,CL,CLP,601199,46,Media,pago en panadería san ramón,11945,alimentacion,2026-01-13,natural
59,CL,CLP,601199,46,Media,pago en tarragona,27075,alimentacion,2026-01-26,natural
59,CL,CLP,601199,46,Media,transbank kfc,12871,alimentacion,2026-01-12,cartola
59,CL,CLP,601199,46,Media,pago gtd manquehue,145291,servicios,2026-01-05,natural
59,CL,CLP,601199,46,Media,pago maderas encofrados,109489,vivienda,2026-01-07,natural
59,CL,CLP,601199,46,Media,compra en pastelería marmentini,40097,alimentacion,2026-01-27,natural
59,CL,CLP,601199,46,Media,pago en farmacias cruz verde,41094,salud,2026-01-12,natural
59,CL,CLP,601199,46,Media,transbank botilleria el faro,22328,alimentacion,2026-01-09,cartola
59,CL,CLP,601199,46,Media,pago cge distribución,126313,servicios,2026-01-17,natural
59,CL,CLP,601199,46,Media,kidzania santiago entradas,71516,ocio,2026-01-23,cartola
59,CL,CLP,601199,46,Media,compra webpay sodimac,162062,vivienda,2026-01-26,cartola
59,CL,CLP,601199,46,Media,transbank domino,7412,alimentacion,2026-01-28,cartola
59,CL,CLP,601199,46,Media,pago cuenta pat essbio agua,75039,servicios,2026-01-21,cartola
59,CL,CLP,601199,46,Media,pat debito costanera norte,11384,transporte,2026-01-18,cartola
59,CL,CLP,601199,46,Media,compra en clínica santa maría,45363,salud,2026-01-11,natural
59,CL,CLP,601199,46,Media,pago cuenta pat aguas andinas,20318,servicios,2026-01-09,cartola
59,CL,CLP,601199,46,Media,movistar arena entradas,94786,ocio,2026-01-03,cartola
59,CL,CLP,601199,46,Media,pat disney plus chile,11075,streaming,2026-01-17,cartola
59,CL,CLP,601199,46,Media,pago aguas del altiplano,60693,servicios,2026-01-29,natural
59,CL,CLP,601199,46,Media,pat udp arancel academico,133974,educacion,2026-01-24,cartola
60,CL,CLP,640845,19,Media,pago cuenta pat abastible,127737,servicios,2026-01-03,cartola
60,CL,CLP,640845,19,Media,pago en centro médico san lorenzo,50484,salud,2026-01-20,natural
60,CL,CLP,640845,19,Media,condonvive copropiedad transfer,189696,vivienda,2026-01-10,cartola
60,CL,CLP,640845,19,Media,zoologico metropolitano entradas,19277,ocio,2026-01-22,cartola
60,CL,CLP,640845,19,Media,pago vtr internet,129991,servicios,2026-01-11,natural
60,CL,CLP,640845,19,Media,pago claro hogar,127335,servicios,2026-01-19,natural
60,CL,CLP,640845,19,Media,bar la virgen compra suc,36393,ocio,2026-01-03,cartola
60,CL,CLP,640845,19,Media,compra en pronto copec,22267,alimentacion,2026-01-15,natural
60,CL,CLP,640845,19,Media,suscripcion a disney plus,15572,streaming,2026-01-10,natural
60,CL,CLP,640845,19,Media,comision mantencion cmr falabella,18910,otros,2026-01-16,cartola
60,CL,CLP,640845,19,Media,compra en santa isabel,138477,alimentacion,2026-01-14,natural
60,CL,CLP,640845,19,Media,viaje en estacionamiento mall center,9838,transporte,2026-01-14,natural
60,CL,CLP,640845,19,Media,pago essbio,123274,servicios,2026-01-26,natural
60,CL,CLP,640845,19,Media,compra en verdulería don lucho,18455,alimentacion,2026-01-17,natural
60,CL,CLP,640845,19,Media,cargos administrativos scotiabank,26438,otros,2026-01-06,cartola
60,CL,CLP,640845,19,Media,compra en centro médico san lorenzo,37704,salud,2026-01-06,natural
60,CL,CLP,640845,19,Media,pago enel distribución,17042,servicios,2026-01-16,natural
60,CL,CLP,640845,19,Media,suscripcion a teatro nescafé de las artes,53734,ocio,2026-01-13,natural
60,CL,CLP,640845,19,Media,pat debito ruta itata,22984,transporte,2026-01-26,cartola
60,CL,CLP,640845,19,Media,compra en farmacias cruz verde,4905,salud,2026-01-29,natural
60,CL,CLP,640845,19,Media,pat debito avo,38238,transporte,2026-01-22,cartola
60,CL,CLP,640845,19,Media,discoteca amanda entradas pos,34940,ocio,2026-01-10,cartola
60,CL,CLP,640845,19,Media,pago en kfc,32929,alimentacion,2026-01-22,natural
60,CL,CLP,640845,19,Media,transbank schopdog,37789,alimentacion,2026-01-25,cartola
60,CL,CLP,640845,19,Media,pago aguas del altiplano,126341,servicios,2026-01-28,natural
60,CL,CLP,640845,19,Media,giro redbanc cajero automatico,17405,otros,2026-01-02,cartola
60,CL,CLP,640845,19,Media,pago breal propiedades,76034,vivienda,2026-01-09,natural
60,CL,CLP,640845,19,Media,pago cge distribución,23338,servicios,2026-01-25,natural
60,CL,CLP,640845,19,Media,pago entel fibra,90968,servicios,2026-01-08,natural
60,CL,CLP,640845,19,Media,pago en redsalud,39613,salud,2026-01-09,natural
60,CL,CLP,640845,19,Media,maderas encofrados compra,63234,vivienda,2026-01-04,cartola
60,CL,CLP,640845,19,Media,pago entel fibra,138396,servicios,2026-01-25,natural
60,CL,CLP,640845,19,Media,pat debito autopista central,35872,transporte,2026-01-05,cartola
60,CL,CLP,640845,19,Media,pago edipro edificio,191351,vivienda,2026-01-04,natural
60,CL,CLP,640845,19,Media,pat debito avo,36154,transporte,2026-01-09,cartola
60,CL,CLP,640845,19,Media,entrada a movistar arena,22264,ocio,2026-01-07,natural
60,CL,CLP,640845,19,Media,compra en fonasa,102695,salud,2026-01-04,natural
60,CL,CLP,640845,19,Media,suscripcion a steam games,34863,ocio,2026-01-05,natural
60,CL,CLP,640845,19,Media,estacionamiento mall center,1890,transporte,2026-01-24,cartola
60,CL,CLP,640845,19,Media,pago esval,46336,servicios,2026-01-11,natural
60,CL,CLP,640845,19,Media,pat disney plus chile,17288,streaming,2026-01-16,cartola
60,CL,CLP,640845,19,Media,pago cuenta pat entel fibra,28630,servicios,2026-01-28,cartola
60,CL,CLP,640845,19,Media,entrada a max hbo,16527,ocio,2026-01-14,natural
60,CL,CLP,640845,19,Media,compra en barrio chicken,19686,alimentacion,2026-01-20,natural
60,CL,CLP,640845,19,Media,pago en alvi,30336,alimentacion,2026-01-13,natural
60,CL,CLP,640845,19,Media,pago en clínica indisa,146856,salud,2026-01-26,natural
60,CL,CLP,640845,19,Media,pago lipigas,134212,servicios,2026-01-14,natural
60,CL,CLP,640845,19,Media,pago cuenta pat entel fibra,113297,servicios,2026-01-13,cartola
60,CL,CLP,640845,19,Media,pago en juan valdez,13997,alimentacion,2026-01-29,natural
60,CL,CLP,640845,19,Media,teatro nescafe de las artes entradas,65119,ocio,2026-01-12,cartola
60,CL,CLP,640845,19,Media,pago cuenta pat chilquinta,138715,servicios,2026-01-11,cartola
60,CL,CLP,640845,19,Media,editorial santillana chile pat,142159,educacion,2026-01-06,cartola
60,CL,CLP,640845,19,Media,inscripcion en librería subsuelo,34958,educacion,2026-01-13,natural
60,CL,CLP,640845,19,Media,compra webpay pullman bus,3822,transporte,2026-01-15,cartola
60,CL,CLP,640845,19,Media,compra webpay pedidosya,40307,alimentacion,2026-01-03,cartola
60,CL,CLP,640845,19,Media,pago en isapre banmédica,79608,salud,2026-01-27,natural
60,CL,CLP,640845,19,Media,compra webpay ticketmaster,76968,ocio,2026-01-23,cartola
60,CL,CLP,640845,19,Media,carga bencina en shell,39897,transporte,2026-01-11,natural
60,CL,CLP,640845,19,Media,compra en integramédica,70997,salud,2026-01-07,natural
60,CL,CLP,640845,19,Media,pago cuenta pat chilquinta,77356,servicios,2026-01-08,cartola
60,CL,CLP,640845,19,Media,compra en pedidosya,16446,alimentacion,2026-01-09,natural
60,CL,CLP,640845,19,Media,pago chilquinta,38441,servicios,2026-01-23,natural
60,CL,CLP,640845,19,Media,pago en pedro juan y diego,14244,alimentacion,2026-01-12,natural
60,CL,CLP,640845,19,Media,pago kastor gasto comun,147394,vivienda,2026-01-11,cartola
60,CL,CLP,640845,19,Media,pat isapre colmena,137942,salud,2026-01-04,cartola
60,CL,CLP,640845,19,Media,pat debito vespucio norte,42886,transporte,2026-01-10,cartola
60,CL,CLP,640845,19,Media,pat debito ruta itata,37293,transporte,2026-01-04,cartola
60,CL,CLP,640845,19,Media,pago mundo pacífico,62355,servicios,2026-01-24,natural
60,CL,CLP,640845,19,Media,pago sencillito cuentas recaudacion,73317,servicios,2026-01-14,cartola
60,CL,CLP,640845,19,Media,pago debito pat chilena consolidada,29729,otros,2026-01-08,cartola
60,CL,CLP,640845,19,Media,pago wom fibra,103166,servicios,2026-01-23,natural
60,CL,CLP,640845,19,Media,viaje en vespucio sur,37988,transporte,2026-01-23,natural
60,CL,CLP,640845,19,Media,compra en farmacias ahumada,20078,salud,2026-01-26,natural
60,CL,CLP,640845,19,Media,pago cuenta pat aguas antofagasta,123289,servicios,2026-01-29,cartola
60,CL,CLP,640845,19,Media,pago en isapre banmédica,115352,salud,2026-01-24,natural
60,CL,CLP,640845,19,Media,pago cuenta pat mundo pacifico,61360,servicios,2026-01-23,cartola
60,CL,CLP,640845,19,Media,pago cuenta pat metrogas,46015,servicios,2026-01-29,cartola
60,CL,CLP,640845,19,Media,pago en farmacias del dr simi,67602,salud,2026-01-08,natural
60,CL,CLP,640845,19,Media,compra en isapre colmena,193912,salud,2026-01-04,natural
60,CL,CLP,640845,19,Media,pago enel distribución,44371,servicios,2026-01-28,natural
60,CL,CLP,640845,19,Media,pago en panadería san ramón,7809,alimentacion,2026-01-29,natural
60,CL,CLP,640845,19,Media,pat spotify chile,4647,streaming,2026-01-23,cartola
60,CL,CLP,640845,19,Media,compra redcompra imperial,22856,vivienda,2026-01-29,cartola
60,CL,CLP,640845,19,Media,pago servipag cuentas,29721,servicios,2026-01-13,natural
60,CL,CLP,640845,19,Media,suscripcion a amazon prime video,7310,streaming,2026-01-15,natural
60,CL,CLP,640845,19,Media,pat spotify chile,5084,streaming,2026-01-12,cartola
60,CL,CLP,640845,19,Media,pago en eco farmacias,34909,salud,2026-01-03,natural
60,CL,CLP,640845,19,Media,pago edipro edificio,99443,vivienda,2026-01-06,natural
60,CL,CLP,640845,19,Media,pat debito ruta 68,38288,transporte,2026-01-10,cartola
60,CL,CLP,640845,19,Media,transbank unimarc,141634,alimentacion,2026-01-29,cartola
60,CL,CLP,640845,19,Media,libreria subsuelo compra,21600,educacion,2026-01-10,cartola
60,CL,CLP,640845,19,Media,pago cge distribución,46999,servicios,2026-01-08,natural
60,CL,CLP,640845,19,Media,pago cuenta pat lipigas,22915,servicios,2026-01-13,cartola
60,CL,CLP,640845,19,Media,transbank almacen,43337,alimentacion,2026-01-29,cartola
60,CL,CLP,640845,19,Media,compra webpay didi,19891,transporte,2026-01-20,cartola
60,CL,CLP,640845,19,Media,suscripcion a teatro nescafé de las artes,87705,ocio,2026-01-06,natural
60,CL,CLP,640845,19,Media,carga bencina en copec,34810,transporte,2026-01-04,natural
60,CL,CLP,640845,19,Media,transbank emporio la rosa,4788,alimentacion,2026-01-05,cartola
60,CL,CLP,640845,19,Media,suscripcion a playstation network,38881,ocio,2026-01-06,natural
60,CL,CLP,640845,19,Media,pago entel fibra,134443,servicios,2026-01-17,natural
60,CL,CLP,640845,19,Media,clinica santa maria pos,85437,salud,2026-01-04,cartola
60,CL,CLP,640845,19,Media,redsalud atencion medica,111576,salud,2026-01-09,cartola
60,CL,CLP,640845,19,Media,viaje en tarjeta bip!,10632,transporte,2026-01-16,natural
60,CL,CLP,640845,19,Media,pago cuenta pat essbio agua,112140,servicios,2026-01-05,cartola
60,CL,CLP,640845,19,Media,carga bencina en ruta 68,19191,transporte,2026-01-21,natural
60,CL,CLP,640845,19,Media,carga bencina en vespucio sur,6342,transporte,2026-01-13,natural
60,CL,CLP,640845,19,Media,transbank la sanguchera,10437,alimentacion,2026-01-10,cartola
60,CL,CLP,640845,19,Media,pago nuevosur,75420,servicios,2026-01-07,natural
60,CL,CLP,640845,19,Media,pago yolito ferretería,86351,vivienda,2026-01-18,natural
60,CL,CLP,640845,19,Media,transbank tommy beans,32619,alimentacion,2026-01-08,cartola
60,CL,CLP,640845,19,Media,transantiago buses metropolitana,10756,transporte,2026-01-06,cartola
60,CL,CLP,640845,19,Media,club de baile entradas,13688,ocio,2026-01-05,cartola
60,CL,CLP,640845,19,Media,suscripcion a netflix chile,6925,streaming,2026-01-21,natural
60,CL,CLP,640845,19,Media,pat debito ruta itata,26765,transporte,2026-01-23,cartola
60,CL,CLP,640845,19,Media,pago cuenta pat metrogas,57385,servicios,2026-01-25,cartola
60,CL,CLP,640845,19,Media,compra en fuente suiza,16253,alimentacion,2026-01-28,natural
60,CL,CLP,640845,19,Media,pago abastible,95249,servicios,2026-01-02,natural
60,CL,CLP,640845,19,Media,pat disney plus chile,7606,streaming,2026-01-08,cartola
60,CL,CLP,640845,19,Media,clinica las condes pos,83792,salud,2026-01-07,cartola
60,CL,CLP,640845,19,Media,pat amazon prime video,14137,streaming,2026-01-06,cartola
60,CL,CLP,640845,19,Media,pago en panadería san ramón,4488,alimentacion,2026-01-22,natural
60,CL,CLP,640845,19,Media,compra en melt pizzas,19040,alimentacion,2026-01-12,natural
60,CL,CLP,640845,19,Media,pago en juan valdez,3769,alimentacion,2026-01-19,natural
60,CL,CLP,640845,19,Media,pat debito avo,9974,transporte,2026-01-08,cartola
60,CL,CLP,640845,19,Media,transbank panaderia san ramon,28388,alimentacion,2026-01-02,cartola
61,CL,CLP,1244903,35,Baja,compra en santa isabel,27727,alimentacion,2026-01-22,natural
61,CL,CLP,1244903,35,Baja,pago scotiabank,17858,otros,2026-01-22,natural
61,CL,CLP,1244903,35,Baja,comision mantencion cmr falabella,29990,otros,2026-01-14,cartola
61,CL,CLP,1244903,35,Baja,integramedica consulta suc,81226,salud,2026-01-19,cartola
61,CL,CLP,1244903,35,Baja,pat dmoov chile suc,39437,ocio,2026-01-11,cartola
61,CL,CLP,1244903,35,Baja,pat debito vespucio norte,44793,transporte,2026-01-07,cartola
61,CL,CLP,1244903,35,Baja,suscripcion a amazon prime video,10295,streaming,2026-01-29,natural
61,CL,CLP,1244903,35,Baja,pago cuenta pat metrogas,27054,servicios,2026-01-25,cartola
61,CL,CLP,1244903,35,Baja,compra redcompra eco farmacias,47633,salud,2026-01-12,cartola
61,CL,CLP,1244903,35,Baja,pago kastor gastos comunes,85643,vivienda,2026-01-05,natural
61,CL,CLP,1244903,35,Baja,pago entel fibra,113778,servicios,2026-01-13,natural
61,CL,CLP,1244903,35,Baja,pat disney plus chile,14001,streaming,2026-01-27,cartola
61,CL,CLP,1244903,35,Baja,pago en farmacias ahumada,33971,salud,2026-01-25,natural
61,CL,CLP,1244903,35,Baja,viaje en didi taxi,21657,transporte,2026-01-18,natural
61,CL,CLP,1244903,35,Baja,compra webpay cabify,5892,transporte,2026-01-07,cartola
61,CL,CLP,1244903,35,Baja,transbank oxxo,25369,alimentacion,2026-01-10,cartola
61,CL,CLP,1244903,35,Baja,carga bencina en autopista vespucio oriente avo,41526,transporte,2026-01-16,natural
61,CL,CLP,1244903,35,Baja,compra webpay puntoticket,71527,ocio,2026-01-03,cartola
61,CL,CLP,1244903,35,Baja,viaje en tarjeta bip!,3858,transporte,2026-01-08,natural
61,CL,CLP,1244903,35,Baja,transbank emporio la rosa,34924,alimentacion,2026-01-04,cartola
61,CL,CLP,1244903,35,Baja,pat debito avo,13174,transporte,2026-01-19,cartola
61,CL,CLP,1244903,35,Baja,pago en jumbo,174511,alimentacion,2026-01-22,natural
61,CL,CLP,1244903,35,Baja,pago metrogas,59857,servicios,2026-01-21,natural
61,CL,CLP,1244903,35,Baja,entrada a cinehoyts,8849,ocio,2026-01-20,natural
61,CL,CLP,1244903,35,Baja,compra redcompra knop,38118,salud,2026-01-27,cartola
61,CL,CLP,1244903,35,Baja,pago en isapre consalud,210011,salud,2026-01-08,natural
61,CL,CLP,1244903,35,Baja,suscripcion a fantasilandia,69320,ocio,2026-01-23,natural
61,CL,CLP,1244903,35,Baja,pago seguro pat santander,25625,otros,2026-01-16,cartola
61,CL,CLP,1244903,35,Baja,suscripcion a netflix chile,5324,streaming,2026-01-18,natural
61,CL,CLP,1244903,35,Baja,transbank mamut,30164,alimentacion,2026-01-14,cartola
61,CL,CLP,1244903,35,Baja,pago en clínica las condes,378622,salud,2026-01-23,natural
61,CL,CLP,1244903,35,Baja,pago sencillito cuentas recaudacion,91080,servicios,2026-01-15,cartola
61,CL,CLP,1244903,35,Baja,pago condovive copropiedad,58598,vivienda,2026-01-20,natural
61,CL,CLP,1244903,35,Baja,transbank botilleria el faro,45498,alimentacion,2026-01-20,cartola
61,CL,CLP,1244903,35,Baja,compra redcompra casaideas,55414,vivienda,2026-01-26,cartola
61,CL,CLP,1244903,35,Baja,pago cuenta pat esval agua,47421,servicios,2026-01-25,cartola
61,CL,CLP,1244903,35,Baja,pago entel fibra,74237,servicios,2026-01-24,natural
61,CL,CLP,1244903,35,Baja,pago cuenta pat vtr telecom,53423,servicios,2026-01-03,cartola
61,CL,CLP,1244903,35,Baja,pat disney plus chile,12159,streaming,2026-01-26,cartola
61,CL,CLP,1244903,35,Baja,entrada a puntoticket,41202,ocio,2026-01-15,natural
61,CL,CLP,1244903,35,Baja,compra redcompra ahumada,50325,salud,2026-01-11,cartola
61,CL,CLP,1244903,35,Baja,inscripcion en librería nacional,8697,educacion,2026-01-29,natural
61,CL,CLP,1244903,35,Baja,pago casaideas,71818,vivienda,2026-01-26,natural
61,CL,CLP,1244903,35,Baja,suscripcion a amazon prime video,14593,streaming,2026-01-10,natural
61,CL,CLP,1244903,35,Baja,entrada a movistar arena,10491,ocio,2026-01-04,natural
61,CL,CLP,1244903,35,Baja,pago ferretería el candado,87472,vivienda,2026-01-27,natural
61,CL,CLP,1244903,35,Baja,transbank fuente alemana,23640,alimentacion,2026-01-29,cartola
61,CL,CLP,1244903,35,Baja,pago editorial santillana,65731,educacion,2026-01-29,natural
61,CL,CLP,1244903,35,Baja,transbank kfc,23840,alimentacion,2026-01-14,cartola
61,CL,CLP,1244903,35,Baja,pat aiep arancel,260433,educacion,2026-01-20,cartola
61,CL,CLP,1244903,35,Baja,compra en oxxo,46297,alimentacion,2026-01-17,natural
61,CL,CLP,1244903,35,Baja,pago amazon chile,171580,otros,2026-01-04,natural
61,CL,CLP,1244903,35,Baja,pago essbio,51928,servicios,2026-01-04,natural
61,CL,CLP,1244903,35,Baja,compra en farmacias del dr simi,69689,salud,2026-01-02,natural
61,CL,CLP,1244903,35,Baja,pago en ok market,19758,alimentacion,2026-01-06,natural
61,CL,CLP,1244903,35,Baja,viaje en metro de santiago,5470,transporte,2026-01-22,natural
61,CL,CLP,1244903,35,Baja,pago cuenta pat esval agua,27450,servicios,2026-01-02,cartola
61,CL,CLP,1244903,35,Baja,pat inacap arancel,161706,educacion,2026-01-03,cartola
61,CL,CLP,1244903,35,Baja,pago en superbodega acuenta,39996,alimentacion,2026-01-17,natural
61,CL,CLP,1244903,35,Baja,transbank doña juana,11366,alimentacion,2026-01-13,cartola
61,CL,CLP,1244903,35,Baja,entrada a puntoticket,20803,ocio,2026-01-17,natural
61,CL,CLP,1244903,35,Baja,suscripcion a energy fitness,47623,ocio,2026-01-02,natural
61,CL,CLP,1244903,35,Baja,suscripcion a netflix chile,15250,streaming,2026-01-16,natural
61,CL,CLP,1244903,35,Baja,compra en clínica santa maría,129445,salud,2026-01-11,natural
61,CL,CLP,1244903,35,Baja,pago cuenta pat claro hogar,72510,servicios,2026-01-08,cartola
61,CL,CLP,1244903,35,Baja,pago cuenta pat claro hogar,136080,servicios,2026-01-04,cartola
61,CL,CLP,1244903,35,Baja,pat debito autopista del sol,35296,transporte,2026-01-21,cartola
61,CL,CLP,1244903,35,Baja,transbank pizza hut,26524,alimentacion,2026-01-24,cartola
61,CL,CLP,1244903,35,Baja,pat amazon prime video,4676,streaming,2026-01-06,cartola
61,CL,CLP,1244903,35,Baja,pago casaideas,10348,vivienda,2026-01-03,natural
61,CL,CLP,1244903,35,Baja,transbank bar el barista,76114,ocio,2026-01-29,cartola
61,CL,CLP,1244903,35,Baja,pago paris deco,43097,vivienda,2026-01-07,natural
61,CL,CLP,1244903,35,Baja,pago cuenta pat essbio agua,39689,servicios,2026-01-23,cartola
61,CL,CLP,1244903,35,Baja,compra en buffalo waffles,34217,alimentacion,2026-01-07,natural
61,CL,CLP,1244903,35,Baja,bencina petrobras,50807,transporte,2026-01-23,cartola
61,CL,CLP,1244903,35,Baja,suscripcion a disney plus,7562,streaming,2026-01-07,natural
61,CL,CLP,1244903,35,Baja,pat isapre consalud,262788,salud,2026-01-07,cartola
61,CL,CLP,1244903,35,Baja,transbank superbodega acuenta,10470,alimentacion,2026-01-20,cartola
61,CL,CLP,1244903,35,Baja,carga bencina en tarjeta bip!,4213,transporte,2026-01-07,natural
61,CL,CLP,1244903,35,Baja,pago cuenta pat entel fibra,16965,servicios,2026-01-26,cartola
61,CL,CLP,1244903,35,Baja,transbank melt pizzas,22565,alimentacion,2026-01-27,cartola
61,CL,CLP,1244903,35,Baja,pago en redsalud,434633,salud,2026-01-25,natural
61,CL,CLP,1244903,35,Baja,transbank tarragona,6231,alimentacion,2026-01-05,cartola
61,CL,CLP,1244903,35,Baja,carga bencina en peaje angostura,2626,transporte,2026-01-15,natural
61,CL,CLP,1244903,35,Baja,opticas schilling compra,7031,salud,2026-01-03,cartola
61,CL,CLP,1244903,35,Baja,teatro caupolican entradas suc,18966,ocio,2026-01-27,cartola
61,CL,CLP,1244903,35,Baja,pago gasco,64713,servicios,2026-01-11,natural
61,CL,CLP,1244903,35,Baja,pago enel distribución,104637,servicios,2026-01-21,natural
61,CL,CLP,1244903,35,Baja,pago construmart,13949,vivienda,2026-01-16,natural
61,CL,CLP,1244903,35,Baja,viaje en efe trenes,1543,transporte,2026-01-07,natural
61,CL,CLP,1244903,35,Baja,ferreteria el candado suc,70145,vivienda,2026-01-09,cartola
61,CL,CLP,1244903,35,Baja,pago cuenta pat claro hogar,75667,servicios,2026-01-21,cartola
61,CL,CLP,1244903,35,Baja,pago sodimac homecenter,127129,vivienda,2026-01-14,natural
61,CL,CLP,1244903,35,Baja,carga bip webpay,2160,transporte,2026-01-18,cartola
61,CL,CLP,1244903,35,Baja,compra efe trenes,1627,transporte,2026-01-07,cartola
61,CL,CLP,1244903,35,Baja,pago en redsalud,354194,salud,2026-01-09,natural
61,CL,CLP,1244903,35,Baja,pago aguas andinas,59125,servicios,2026-01-29,natural
61,CL,CLP,1244903,35,Baja,pat spotify chile,6637,streaming,2026-01-05,cartola
61,CL,CLP,1244903,35,Baja,pago en pronto copec,8142,alimentacion,2026-01-02,natural
61,CL,CLP,1244903,35,Baja,compra en eco farmacias,54246,salud,2026-01-21,natural
61,CL,CLP,1244903,35,Baja,pat udd arancel,135450,educacion,2026-01-03,cartola
61,CL,CLP,1244903,35,Baja,pago en farmacias salcobrand,12669,salud,2026-01-29,natural
61,CL,CLP,1244903,35,Baja,compra redcompra zara chile,194485,otros,2026-01-03,cartola
61,CL,CLP,1244903,35,Baja,movistar arena entradas,78879,ocio,2026-01-27,cartola
61,CL,CLP,1244903,35,Baja,pago mundo pacífico,124197,servicios,2026-01-08,natural
61,CL,CLP,1244903,35,Baja,entrada a cineplanet,11358,ocio,2026-01-28,natural
61,CL,CLP,1244903,35,Baja,pago en almacén de barrio,47269,alimentacion,2026-01-22,natural
61,CL,CLP,1244903,35,Baja,carga bencina en ruta 68,8259,transporte,2026-01-20,natural
61,CL,CLP,1244903,35,Baja,pago en superbodega acuenta,10540,alimentacion,2026-01-28,natural
61,CL,CLP,1244903,35,Baja,pago municipalidad alumbrado luz,116659,servicios,2026-01-24,cartola
61,CL,CLP,1244903,35,Baja,pago en redsalud,236152,salud,2026-01-06,natural
61,CL,CLP,1244903,35,Baja,pat debito costanera norte,4899,transporte,2026-01-03,cartola
61,CL,CLP,1244903,35,Baja,pat arancel unab suc,355851,educacion,2026-01-12,cartola
61,CL,CLP,1244903,35,Baja,compra en telepizza,34508,alimentacion,2026-01-06,natural
61,CL,CLP,1244903,35,Baja,pago sencillito cuentas,63906,servicios,2026-01-24,natural
61,CL,CLP,1244903,35,Baja,mercadolibre*compra webpay,86041,otros,2026-01-29,cartola
61,CL,CLP,1244903,35,Baja,transbank pizza hut,27532,alimentacion,2026-01-29,cartola
61,CL,CLP,1244903,35,Baja,pago en ok market,7887,alimentacion,2026-01-22,natural
61,CL,CLP,1244903,35,Baja,inscripcion en librería el sembrador,14965,educacion,2026-01-27,natural
61,CL,CLP,1244903,35,Baja,pat debito ruta itata,35901,transporte,2026-01-16,cartola
61,CL,CLP,1244903,35,Baja,pago reifschneider,124701,otros,2026-01-24,natural
61,CL,CLP,1244903,35,Baja,edificio el golf gastos comunes,58334,vivienda,2026-01-10,cartola
61,CL,CLP,1244903,35,Baja,transbank pasteleria marmentini,44134,alimentacion,2026-01-18,cartola
61,CL,CLP,1244903,35,Baja,pago en integramédica,120471,salud,2026-01-26,natural
61,CL,CLP,1244903,35,Baja,megasalud atencion medica,167945,salud,2026-01-23,cartola
62,CL,CLP,1105144,77,Baja,ferreteria prat compra,79038,vivienda,2026-01-25,cartola
62,CL,CLP,1105144,77,Baja,pago sencillito cuentas recaudacion,100912,servicios,2026-01-09,cartola
62,CL,CLP,1105144,77,Baja,fantasilandia entradas,80464,ocio,2026-01-16,cartola
62,CL,CLP,1105144,77,Baja,opticas gmo compra suc,16192,salud,2026-01-12,cartola
62,CL,CLP,1105144,77,Baja,pago mercado libre,67518,otros,2026-01-14,natural
62,CL,CLP,1105144,77,Baja,compra webpay cinehoyts,9419,ocio,2026-01-08,cartola
62,CL,CLP,1105144,77,Baja,estacionamiento saba pos,2468,transporte,2026-01-24,cartola
62,CL,CLP,1105144,77,Baja,pago cuenta pat chilquinta,108146,servicios,2026-01-08,cartola
62,CL,CLP,1105144,77,Baja,pat debito ruta itata,25503,transporte,2026-01-29,cartola
62,CL,CLP,1105144,77,Baja,pago en clínica indisa,107824,salud,2026-01-07,natural
62,CL,CLP,1105144,77,Baja,pago cuenta pat esval agua,105535,servicios,2026-01-11,cartola
62,CL,CLP,1105144,77,Baja,carga bencina en autopista central,26794,transporte,2026-01-25,natural
62,CL,CLP,1105144,77,Baja,pago servipag cuentas recaudacion,90342,servicios,2026-01-29,cartola
62,CL,CLP,1105144,77,Baja,compra webpay cabify,5754,transporte,2026-01-16,cartola
62,CL,CLP,1105144,77,Baja,transantiago buses metropolitana,10934,transporte,2026-01-20,cartola
62,CL,CLP,1105144,77,Baja,pat debito ruta maipo,21928,transporte,2026-01-28,cartola
62,CL,CLP,1105144,77,Baja,compra en cory,38830,alimentacion,2026-01-29,natural
62,CL,CLP,1105144,77,Baja,teatro caupolican entradas suc,57619,ocio,2026-01-05,cartola
62,CL,CLP,1105144,77,Baja,pago chilquinta,52315,servicios,2026-01-15,natural
62,CL,CLP,1105144,77,Baja,pat debito avo,43006,transporte,2026-01-10,cartola
62,CL,CLP,1105144,77,Baja,entrada a teatro caupolicán,31335,ocio,2026-01-07,natural
62,CL,CLP,1105144,77,Baja,pat debito autopista del sol,16388,transporte,2026-01-22,cartola
62,CL,CLP,1105144,77,Baja,pago gtd manquehue,148493,servicios,2026-01-26,natural
62,CL,CLP,1105144,77,Baja,pat max hbo chile,10400,ocio,2026-01-02,cartola
62,CL,CLP,1105144,77,Baja,transbank barrio chicken,32526,alimentacion,2026-01-13,cartola
62,CL,CLP,1105144,77,Baja,compra redcompra zara chile,144682,otros,2026-01-10,cartola
62,CL,CLP,1105144,77,Baja,pago ferretería prat,29255,vivienda,2026-01-03,natural
62,CL,CLP,1105144,77,Baja,pat debito vespucio sur,39549,transporte,2026-01-12,cartola
62,CL,CLP,1105144,77,Baja,suscripcion a netflix chile,4921,streaming,2026-01-06,natural
62,CL,CLP,1105144,77,Baja,viaje en tarjeta bip!,5409,transporte,2026-01-07,natural
62,CL,CLP,1105144,77,Baja,carga bencina en autopista del sol,6109,transporte,2026-01-10,natural
62,CL,CLP,1105144,77,Baja,compra webpay cinemark,19951,ocio,2026-01-25,cartola
62,CL,CLP,1105144,77,Baja,pat arancel unab suc,133885,educacion,2026-01-29,cartola
62,CL,CLP,1105144,77,Baja,inscripcion en dimeiggs,18882,educacion,2026-01-21,natural
62,CL,CLP,1105144,77,Baja,compra en la picá del gringo,13636,alimentacion,2026-01-18,natural
62,CL,CLP,1105144,77,Baja,pago cuenta pat gtd manquehue,19692,servicios,2026-01-02,cartola
62,CL,CLP,1105144,77,Baja,clinica dental cumbre pos,56642,salud,2026-01-04,cartola
62,CL,CLP,1105144,77,Baja,bencina copec,21709,transporte,2026-01-07,cartola
62,CL,CLP,1105144,77,Baja,compra webpay cabify,9259,transporte,2026-01-03,cartola
62,CL,CLP,1105144,77,Baja,transbank doggis,30954,alimentacion,2026-01-17,cartola
62,CL,CLP,1105144,77,Baja,compra en la picá del gringo,44696,alimentacion,2026-01-22,natural
62,CL,CLP,1105144,77,Baja,compra en spacio1 petrobras,7937,alimentacion,2026-01-10,natural
62,CL,CLP,1105144,77,Baja,pat disney plus chile,6810,streaming,2026-01-29,cartola
62,CL,CLP,1105144,77,Baja,pago breal propiedades,249610,vivienda,2026-01-18,natural
62,CL,CLP,1105144,77,Baja,pago essbio,18498,servicios,2026-01-11,natural
62,CL,CLP,1105144,77,Baja,transbank doña juana,21674,alimentacion,2026-01-14,cartola
62,CL,CLP,1105144,77,Baja,compra en telepizza,13301,alimentacion,2026-01-09,natural
62,CL,CLP,1105144,77,Baja,suscripcion a amazon prime video,5609,streaming,2026-01-20,natural
62,CL,CLP,1105144,77,Baja,pago en clínica bupa,186850,salud,2026-01-16,natural
62,CL,CLP,1105144,77,Baja,giro cajavecina almacen pos,188853,otros,2026-01-26,cartola
62,CL,CLP,1105144,77,Baja,pago municipalidad alumbrado luz,142079,servicios,2026-01-09,cartola
62,CL,CLP,1105144,77,Baja,transbank barrio chicken,22348,alimentacion,2026-01-17,cartola
62,CL,CLP,1105144,77,Baja,suscripcion a club de baile,92058,ocio,2026-01-14,natural
62,CL,CLP,1105144,77,Baja,compra redcompra cruz verde,65478,salud,2026-01-22,cartola
62,CL,CLP,1105144,77,Baja,transbank buffalo waffles,25222,alimentacion,2026-01-10,cartola
62,CL,CLP,1105144,77,Baja,pat netflix chile,9684,streaming,2026-01-10,cartola
62,CL,CLP,1105144,77,Baja,pago nuevosur,24594,servicios,2026-01-27,natural
62,CL,CLP,1105144,77,Baja,pago en farmacias cruz verde,21480,salud,2026-01-21,natural
62,CL,CLP,1105144,77,Baja,entrada a energy fitness,31943,ocio,2026-01-08,natural
62,CL,CLP,1105144,77,Baja,pago en isapre cruz blanca,157684,salud,2026-01-02,natural
62,CL,CLP,1105144,77,Baja,pago gasco,31466,servicios,2026-01-03,natural
62,CL,CLP,1105144,77,Baja,transbank tommy beans,10244,alimentacion,2026-01-23,cartola
62,CL,CLP,1105144,77,Baja,transbank mamut,46952,alimentacion,2026-01-05,cartola
62,CL,CLP,1105144,77,Baja,compra webpay ikea chile,153449,vivienda,2026-01-11,cartola
62,CL,CLP,1105144,77,Baja,compra en pedro juan y diego,31761,alimentacion,2026-01-12,natural
62,CL,CLP,1105144,77,Baja,compra redcompra dr ahorro,48088,salud,2026-01-10,cartola
62,CL,CLP,1105144,77,Baja,pat gimnasio upgrade pos,43325,ocio,2026-01-25,cartola
62,CL,CLP,1105144,77,Baja,pago gasco,19979,servicios,2026-01-23,natural
62,CL,CLP,1105144,77,Baja,pago gasco,130257,servicios,2026-01-29,natural
62,CL,CLP,1105144,77,Baja,carga bencina en estacionamiento mall center,7277,transporte,2026-01-12,natural
62,CL,CLP,1105144,77,Baja,pago en pronto copec,25689,alimentacion,2026-01-15,natural
62,CL,CLP,1105144,77,Baja,pago ferretería prat,116847,vivienda,2026-01-23,natural
62,CL,CLP,1105144,77,Baja,pago kastor gastos comunes,139075,vivienda,2026-01-20,natural
62,CL,CLP,1105144,77,Baja,pago essbio,81762,servicios,2026-01-12,natural
62,CL,CLP,1105144,77,Baja,pago cuenta pat esval agua,114178,servicios,2026-01-23,cartola
62,CL,CLP,1105144,77,Baja,pago cuenta pat mundo pacifico,23824,servicios,2026-01-28,cartola
62,CL,CLP,1105144,77,Baja,peaje angostura pos,2390,transporte,2026-01-16,cartola
62,CL,CLP,1105144,77,Baja,pago en cory,21185,alimentacion,2026-01-20,natural
62,CL,CLP,1105144,77,Baja,pat spotify chile,9134,streaming,2026-01-20,cartola
62,CL,CLP,1105144,77,Baja,pat amazon prime video,9745,streaming,2026-01-24,cartola
62,CL,CLP,1105144,77,Baja,pago construmart,98689,vivienda,2026-01-14,natural
62,CL,CLP,1105144,77,Baja,suscripcion a disney plus,7138,streaming,2026-01-04,natural
62,CL,CLP,1105144,77,Baja,carga bencina en autopista del sol,31467,transporte,2026-01-10,natural
62,CL,CLP,1105144,77,Baja,transbank pedro juan y diego,10611,alimentacion,2026-01-27,cartola
62,CL,CLP,1105144,77,Baja,compra webpay pullman bus,8178,transporte,2026-01-18,cartola
62,CL,CLP,1105144,77,Baja,libreria subsuelo compra,35507,educacion,2026-01-06,cartola
62,CL,CLP,1105144,77,Baja,pago copropietarios edificio el golf,250486,vivienda,2026-01-23,natural
62,CL,CLP,1105144,77,Baja,peaje angostura pos,1168,transporte,2026-01-24,cartola
62,CL,CLP,1105144,77,Baja,compra redcompra zara chile,132081,otros,2026-01-27,cartola
62,CL,CLP,1105144,77,Baja,compra en dr ahorro,30520,salud,2026-01-03,natural
62,CL,CLP,1105144,77,Baja,condonvive copropiedad transfer,203026,vivienda,2026-01-18,cartola
62,CL,CLP,1105144,77,Baja,entrada a puntoticket,63002,ocio,2026-01-03,natural
62,CL,CLP,1105144,77,Baja,suscripcion a bar el barista,10083,ocio,2026-01-04,natural
62,CL,CLP,1105144,77,Baja,peaje lampa pos,3213,transporte,2026-01-07,cartola
62,CL,CLP,1105144,77,Baja,suscripcion a netflix chile,5014,streaming,2026-01-17,natural
62,CL,CLP,1105144,77,Baja,suscripcion a amazon prime video,12670,streaming,2026-01-16,natural
62,CL,CLP,1105144,77,Baja,viaje en vespucio norte,25417,transporte,2026-01-14,natural
62,CL,CLP,1105144,77,Baja,pat debito autopista central,22581,transporte,2026-01-03,cartola
62,CL,CLP,1105144,77,Baja,transantiago buses metropolitana,9761,transporte,2026-01-12,cartola
62,CL,CLP,1105144,77,Baja,pago municipalidad alumbrado luz,75567,servicios,2026-01-26,cartola
62,CL,CLP,1105144,77,Baja,suscripcion a netflix chile,6267,streaming,2026-01-14,natural
62,CL,CLP,1105144,77,Baja,teatro nescafe de las artes entradas,49305,ocio,2026-01-09,cartola
62,CL,CLP,1105144,77,Baja,pago cuenta pat wom fibra,45466,servicios,2026-01-09,cartola
62,CL,CLP,1105144,77,Baja,transbank mayorista 10,17485,alimentacion,2026-01-25,cartola
62,CL,CLP,1105144,77,Baja,pago bci seguros,22457,otros,2026-01-25,natural
62,CL,CLP,1105144,77,Baja,pago cuenta pat movistar hogar,15986,servicios,2026-01-10,cartola
62,CL,CLP,1105144,77,Baja,transbank oxxo,31694,alimentacion,2026-01-16,cartola
62,CL,CLP,1105144,77,Baja,carga bencina en uber chile,13480,transporte,2026-01-25,natural
62,CL,CLP,1105144,77,Baja,pago cuenta pat metrogas,142918,servicios,2026-01-07,cartola
62,CL,CLP,1105144,77,Baja,compra en subway,15360,alimentacion,2026-01-25,natural
62,CL,CLP,1105144,77,Baja,pago decathlon,124794,otros,2026-01-09,natural
62,CL,CLP,1105144,77,Baja,transbank schopdog,22472,alimentacion,2026-01-20,cartola
62,CL,CLP,1105144,77,Baja,pat debito avo,14067,transporte,2026-01-23,cartola
62,CL,CLP,1105144,77,Baja,pago en burger king,30265,alimentacion,2026-01-18,natural
62,CL,CLP,1105144,77,Baja,suscripcion a dmoov chile,33141,ocio,2026-01-13,natural
62,CL,CLP,1105144,77,Baja,pago yolito ferretería,40664,vivienda,2026-01-20,natural
62,CL,CLP,1105144,77,Baja,entrada a discoteca amanda,85262,ocio,2026-01-28,natural
62,CL,CLP,1105144,77,Baja,entrada a cineplanet,18585,ocio,2026-01-21,natural
62,CL,CLP,1105144,77,Baja,inscripcion en librería el sembrador,48900,educacion,2026-01-28,natural
62,CL,CLP,1105144,77,Baja,pago sencillito cuentas,86862,servicios,2026-01-10,natural
62,CL,CLP,1105144,77,Baja,pago aguas andinas,72457,servicios,2026-01-02,natural
62,CL,CLP,1105144,77,Baja,pat debito autopista central,14132,transporte,2026-01-06,cartola
62,CL,CLP,1105144,77,Baja,pago mapfre,17237,otros,2026-01-10,natural
62,CL,CLP,1105144,77,Baja,pago sodimac homecenter,44242,vivienda,2026-01-26,natural
62,CL,CLP,1105144,77,Baja,condonvive copropiedad transfer,73620,vivienda,2026-01-23,cartola
63,CL,CLP,779628,67,Baja,carga bencina en vespucio sur,5850,transporte,2026-01-15,natural
63,CL,CLP,779628,67,Baja,pago copropietarios edificio el golf,140102,vivienda,2026-01-18,natural
63,CL,CLP,779628,67,Baja,suscripcion a netflix chile,17565,streaming,2026-01-16,natural
63,CL,CLP,779628,67,Baja,compra webpay easy,267673,vivienda,2026-01-24,cartola
63,CL,CLP,779628,67,Baja,pago cuenta pat cge distribucion,75061,servicios,2026-01-05,cartola
63,CL,CLP,779628,67,Baja,carga bencina en tarjeta bip!,1706,transporte,2026-01-27,natural
63,CL,CLP,779628,67,Baja,suscripcion a netflix chile,10813,streaming,2026-01-17,natural
63,CL,CLP,779628,67,Baja,compra webpay didi,18984,transporte,2026-01-22,cartola
63,CL,CLP,779628,67,Baja,compra en juan valdez,14659,alimentacion,2026-01-29,natural
63,CL,CLP,779628,67,Baja,transbank cory,30189,alimentacion,2026-01-18,cartola
63,CL,CLP,779628,67,Baja,viaje en petrobras,38269,transporte,2026-01-14,natural
63,CL,CLP,779628,67,Baja,sherwin williams compra suc,15206,vivienda,2026-01-25,cartola
63,CL,CLP,779628,67,Baja,pago kastor gastos comunes,145631,vivienda,2026-01-04,natural
63,CL,CLP,779628,67,Baja,pago vtr internet,89040,servicios,2026-01-15,natural
63,CL,CLP,779628,67,Baja,pago cuenta pat nuevosur agua,111714,servicios,2026-01-22,cartola
63,CL,CLP,779628,67,Baja,transbank bravissimo,28280,alimentacion,2026-01-24,cartola
63,CL,CLP,779628,67,Baja,clinica dental cumbre pos,10702,salud,2026-01-20,cartola
63,CL,CLP,779628,67,Baja,carga metro santiago,4569,transporte,2026-01-13,cartola
63,CL,CLP,779628,67,Baja,pago cuenta pat claro hogar,48952,servicios,2026-01-21,cartola
63,CL,CLP,779628,67,Baja,pat isapre colmena,68727,salud,2026-01-06,cartola
63,CL,CLP,779628,67,Baja,entrada a pacific fitness,47607,ocio,2026-01-19,natural
63,CL,CLP,779628,67,Baja,pago pago de luz municipalidad,111668,servicios,2026-01-18,natural
63,CL,CLP,779628,67,Baja,pago pinturas sherwin williams,88244,vivienda,2026-01-25,natural
63,CL,CLP,779628,67,Baja,compra en bravissimo,31843,alimentacion,2026-01-13,natural
63,CL,CLP,779628,67,Baja,transbank sibaritas 87,7339,alimentacion,2026-01-08,cartola
63,CL,CLP,779628,67,Baja,compra en centro médico san lorenzo,60445,salud,2026-01-26,natural
63,CL,CLP,779628,67,Baja,peaje zapata pos,3997,transporte,2026-01-10,cartola
63,CL,CLP,779628,67,Baja,compra webpay lider,43588,alimentacion,2026-01-11,cartola
63,CL,CLP,779628,67,Baja,fonasa compra bono,235841,salud,2026-01-17,cartola
63,CL,CLP,779628,67,Baja,pago en farmacias del dr simi,15858,salud,2026-01-09,natural
63,CL,CLP,779628,67,Baja,pago copropietarios edificio el golf,54451,vivienda,2026-01-23,natural
63,CL,CLP,779628,67,Baja,estacionamiento mall center,7862,transporte,2026-01-27,cartola
63,CL,CLP,779628,67,Baja,transbank upa!,4791,alimentacion,2026-01-13,cartola
63,CL,CLP,779628,67,Baja,compra redcompra eco farmacias,50240,salud,2026-01-13,cartola
63,CL,CLP,779628,67,Baja,laboratorio bionet pos,24961,salud,2026-01-21,cartola
63,CL,CLP,779628,67,Baja,pago construmart,6244,vivienda,2026-01-28,natural
63,CL,CLP,779628,67,Baja,pago paris,74908,otros,2026-01-17,natural
63,CL,CLP,779628,67,Baja,carga metro santiago,3588,transporte,2026-01-18,cartola
63,CL,CLP,779628,67,Baja,pago en melt pizzas,15981,alimentacion,2026-01-08,natural
63,CL,CLP,779628,67,Baja,suscripcion a disney plus,6586,streaming,2026-01-27,natural
63,CL,CLP,779628,67,Baja,pat debito vespucio norte,8299,transporte,2026-01-18,cartola
63,CL,CLP,779628,67,Baja,suscripcion a spotify,4710,streaming,2026-01-23,natural
63,CL,CLP,779628,67,Baja,pago sencillito cuentas,96380,servicios,2026-01-06,natural
63,CL,CLP,779628,67,Baja,fantasilandia entradas,51888,ocio,2026-01-22,cartola
63,CL,CLP,779628,67,Baja,compra redcompra zara chile,192167,otros,2026-01-22,cartola
63,CL,CLP,779628,67,Baja,pago cuenta pat claro hogar,30605,servicios,2026-01-27,cartola
63,CL,CLP,779628,67,Baja,compra webpay passline,91564,ocio,2026-01-14,cartola
63,CL,CLP,779628,67,Baja,pago en clínica indisa,188637,salud,2026-01-17,natural
63,CL,CLP,779628,67,Baja,compra webpay tottus,76556,alimentacion,2026-01-29,cartola
63,CL,CLP,779628,67,Baja,peaje angostura pos,2146,transporte,2026-01-08,cartola
63,CL,CLP,779628,67,Baja,carga bencina en ruta 68,35200,transporte,2026-01-23,natural
63,CL,CLP,779628,67,Baja,entrada a movistar arena,12045,ocio,2026-01-13,natural
63,CL,CLP,779628,67,Baja,carga bencina en ruta del maipo,15971,transporte,2026-01-23,natural
63,CL,CLP,779628,67,Baja,carga bencina en ruta del itata,19445,transporte,2026-01-29,natural
63,CL,CLP,779628,67,Baja,pat disney plus chile,11292,streaming,2026-01-05,cartola
63,CL,CLP,779628,67,Baja,pago universidad de los andes,132435,educacion,2026-01-03,natural
63,CL,CLP,779628,67,Baja,pago en clínica bupa,137216,salud,2026-01-27,natural
63,CL,CLP,779628,67,Baja,compra webpay pedidosya,30084,alimentacion,2026-01-11,cartola
63,CL,CLP,779628,67,Baja,pago gtd manquehue,86574,servicios,2026-01-18,natural
63,CL,CLP,779628,67,Baja,compra en ópticas gmo,53397,salud,2026-01-18,natural
63,CL,CLP,779628,67,Baja,pago casaideas,6521,vivienda,2026-01-12,natural
63,CL,CLP,779628,67,Baja,transbank schopdog,34592,alimentacion,2026-01-15,cartola
63,CL,CLP,779628,67,Baja,bencina petrobras,31127,transporte,2026-01-04,cartola
63,CL,CLP,779628,67,Baja,clinica davila pos,133464,salud,2026-01-13,cartola
63,CL,CLP,779628,67,Baja,pago en pronto copec,12773,alimentacion,2026-01-05,natural
63,CL,CLP,779628,67,Baja,pago servipag cuentas,95928,servicios,2026-01-29,natural
63,CL,CLP,779628,67,Baja,pago bci seguros,19412,otros,2026-01-08,natural
63,CL,CLP,779628,67,Baja,pat sportlife gimnasios,44686,ocio,2026-01-29,cartola
63,CL,CLP,779628,67,Baja,carga bencina en autopista vespucio oriente avo,29822,transporte,2026-01-25,natural
63,CL,CLP,779628,67,Baja,pago cuenta pat wom fibra,124538,servicios,2026-01-12,cartola
63,CL,CLP,779628,67,Baja,compra en almacén de barrio,6225,alimentacion,2026-01-24,natural
63,CL,CLP,779628,67,Baja,clinica davila pos,206812,salud,2026-01-16,cartola
63,CL,CLP,779628,67,Baja,pago ikea chile,117202,vivienda,2026-01-26,natural
63,CL,CLP,779628,67,Baja,pago aiep,220564,educacion,2026-01-20,natural
63,CL,CLP,779628,67,Baja,pago chilquinta,50431,servicios,2026-01-15,natural
63,CL,CLP,779628,67,Baja,megasalud atencion medica,221161,salud,2026-01-09,cartola
63,CL,CLP,779628,67,Baja,fonasa compra bono,174212,salud,2026-01-03,cartola
63,CL,CLP,779628,67,Baja,comision mantencion cmr falabella,5450,otros,2026-01-06,cartola
63,CL,CLP,779628,67,Baja,compra en feria libre pinto,18646,alimentacion,2026-01-19,natural
63,CL,CLP,779628,67,Baja,pago cuenta pat saesa,27482,servicios,2026-01-26,cartola
63,CL,CLP,779628,67,Baja,pago cuenta pat gtd manquehue,121915,servicios,2026-01-17,cartola
63,CL,CLP,779628,67,Baja,compra redcompra dr ahorro,62048,salud,2026-01-02,cartola
63,CL,CLP,779628,67,Baja,transbank melt pizzas,13325,alimentacion,2026-01-10,cartola
63,CL,CLP,779628,67,Baja,breal propiedades pago gastos,144790,vivienda,2026-01-02,cartola
63,CL,CLP,779628,67,Baja,pago imperial,81930,vivienda,2026-01-13,natural
63,CL,CLP,779628,67,Baja,clinica dental cumbre pos,27363,salud,2026-01-11,cartola
63,CL,CLP,779628,67,Baja,pago cuenta pat esval agua,116964,servicios,2026-01-03,cartola
63,CL,CLP,779628,67,Baja,pat debito costanera norte,32529,transporte,2026-01-09,cartola
63,CL,CLP,779628,67,Baja,pago en doggis,29783,alimentacion,2026-01-10,natural
63,CL,CLP,779628,67,Baja,pago giro cajero redbanc,69199,otros,2026-01-26,natural
63,CL,CLP,779628,67,Baja,compra en clínica bupa,130395,salud,2026-01-29,natural
63,CL,CLP,779628,67,Baja,transbank mcdonalds,9097,alimentacion,2026-01-20,cartola
63,CL,CLP,779628,67,Baja,pago cuenta pat vtr telecom,119988,servicios,2026-01-10,cartola
63,CL,CLP,779628,67,Baja,pago servicio impuestos internos sii,18767,otros,2026-01-18,natural
63,CL,CLP,779628,67,Baja,pago en lider,35756,alimentacion,2026-01-05,natural
63,CL,CLP,779628,67,Baja,pago gtd manquehue,132380,servicios,2026-01-03,natural
63,CL,CLP,779628,67,Baja,transbank schopdog,48008,alimentacion,2026-01-03,cartola
63,CL,CLP,779628,67,Baja,pago pinturas sherwin williams,72383,vivienda,2026-01-14,natural
63,CL,CLP,779628,67,Baja,opticas schilling compra,52471,salud,2026-01-11,cartola
63,CL,CLP,779628,67,Baja,suscripcion a disney plus,8497,streaming,2026-01-28,natural
63,CL,CLP,779628,67,Baja,pago pontificia universidad católica,265351,educacion,2026-01-08,natural
63,CL,CLP,779628,67,Baja,pago en dunkin donuts,8209,alimentacion,2026-01-17,natural
63,CL,CLP,779628,67,Baja,transbank burger king,10700,alimentacion,2026-01-02,cartola
63,CL,CLP,779628,67,Baja,compra en farmacias knop,74983,salud,2026-01-13,natural
63,CL,CLP,779628,67,Baja,suscripcion a max hbo,5918,ocio,2026-01-08,natural
63,CL,CLP,779628,67,Baja,pago gtd manquehue,88703,servicios,2026-01-20,natural
63,CL,CLP,779628,67,Baja,pat debito ruta 68,40841,transporte,2026-01-28,cartola
63,CL,CLP,779628,67,Baja,compra en bravissimo,33391,alimentacion,2026-01-25,natural
63,CL,CLP,779628,67,Baja,suscripcion a spotify,8545,streaming,2026-01-23,natural
63,CL,CLP,779628,67,Baja,compra en redsalud,120023,salud,2026-01-22,natural
63,CL,CLP,779628,67,Baja,pago en redfarma,72627,salud,2026-01-28,natural
63,CL,CLP,779628,67,Baja,transbank upa!,24299,alimentacion,2026-01-08,cartola
63,CL,CLP,779628,67,Baja,compra redcompra feria chilena libro,39052,educacion,2026-01-16,cartola
63,CL,CLP,779628,67,Baja,pat debito ruta 68,15741,transporte,2026-01-05,cartola
63,CL,CLP,779628,67,Baja,ferreteria el candado suc,37302,vivienda,2026-01-26,cartola
63,CL,CLP,779628,67,Baja,pago aiep,237366,educacion,2026-01-14,natural
63,CL,CLP,779628,67,Baja,pago cuenta pat nuevosur agua,143640,servicios,2026-01-02,cartola
63,CL,CLP,779628,67,Baja,pago condovive copropiedad,130980,vivienda,2026-01-05,natural
63,CL,CLP,779628,67,Baja,peaje lateral cash,4551,transporte,2026-01-28,cartola
63,CL,CLP,779628,67,Baja,ferreteria el candado suc,13402,vivienda,2026-01-28,cartola
63,CL,CLP,779628,67,Baja,dentalalegre clinica dental,35643,salud,2026-01-20,cartola
63,CL,CLP,779628,67,Baja,compra en rappi,47574,alimentacion,2026-01-26,natural
63,CL,CLP,779628,67,Baja,pago en burger king,7935,alimentacion,2026-01-12,natural
63,CL,CLP,779628,67,Baja,pago cuenta pat aguas del altiplano,18780,servicios,2026-01-21,cartola
63,CL,CLP,779628,67,Baja,pago essbio,72449,servicios,2026-01-08,natural
64,CL,CLP,1717165,21,Baja,clinica indisa pos,247588,salud,2026-01-17,cartola
64,CL,CLP,1717165,21,Baja,transbank la sanguchera,15124,alimentacion,2026-01-21,cartola
64,CL,CLP,1717165,21,Baja,compra redcompra casaideas,55545,vivienda,2026-01-26,cartola
64,CL,CLP,1717165,21,Baja,pago chilquinta,59635,servicios,2026-01-20,natural
64,CL,CLP,1717165,21,Baja,pago entel fibra,77833,servicios,2026-01-24,natural
64,CL,CLP,1717165,21,Baja,pat disney plus chile,8249,streaming,2026-01-26,cartola
64,CL,CLP,1717165,21,Baja,transbank melt pizzas,29565,alimentacion,2026-01-27,cartola
64,CL,CLP,1717165,21,Baja,viaje en estacionamiento mall center,9990,transporte,2026-01-06,natural
64,CL,CLP,1717165,21,Baja,pat netflix chile,16086,streaming,2026-01-18,cartola
64,CL,CLP,1717165,21,Baja,pago en farmacias del dr simi,17503,salud,2026-01-25,natural
64,CL,CLP,1717165,21,Baja,pago en centro médico san lorenzo,22361,salud,2026-01-04,natural
64,CL,CLP,1717165,21,Baja,viaje en vespucio norte,21798,transporte,2026-01-03,natural
64,CL,CLP,1717165,21,Baja,compra webpay cinehoyts,27660,ocio,2026-01-29,cartola
64,CL,CLP,1717165,21,Baja,pago wom fibra,12423,servicios,2026-01-18,natural
64,CL,CLP,1717165,21,Baja,pat netflix chile,14050,streaming,2026-01-15,cartola
64,CL,CLP,1717165,21,Baja,viaje en shell,26631,transporte,2026-01-18,natural
64,CL,CLP,1717165,21,Baja,pago h&m chile,71175,otros,2026-01-25,natural
64,CL,CLP,1717165,21,Baja,pat disney plus chile,10673,streaming,2026-01-09,cartola
64,CL,CLP,1717165,21,Baja,pago cuenta pat wom fibra,49512,servicios,2026-01-21,cartola
64,CL,CLP,1717165,21,Baja,pago debito pat hdi seguros,5535,otros,2026-01-12,cartola
64,CL,CLP,1717165,21,Baja,pago kastor gasto comun,90438,vivienda,2026-01-29,cartola
64,CL,CLP,1717165,21,Baja,carga bencina en autopista vespucio oriente avo,37764,transporte,2026-01-14,natural
64,CL,CLP,1717165,21,Baja,compra en tavelli,4495,alimentacion,2026-01-27,natural
64,CL,CLP,1717165,21,Baja,compra en juan maestro,28191,alimentacion,2026-01-16,natural
64,CL,CLP,1717165,21,Baja,pago en superbodega acuenta,47587,alimentacion,2026-01-26,natural
64,CL,CLP,1717165,21,Baja,pago en pedidosya,37505,alimentacion,2026-01-20,natural
64,CL,CLP,1717165,21,Baja,pago cuenta pat aguas antofagasta,75781,servicios,2026-01-25,cartola
64,CL,CLP,1717165,21,Baja,pago cuenta pat esval agua,133048,servicios,2026-01-23,cartola
64,CL,CLP,1717165,21,Baja,colegio san ignacio cuotas pat,79166,educacion,2026-01-26,cartola
64,CL,CLP,1717165,21,Baja,clinica dental cumbre pos,51551,salud,2026-01-18,cartola
64,CL,CLP,1717165,21,Baja,compra en upa!,12051,alimentacion,2026-01-07,natural
64,CL,CLP,1717165,21,Baja,suscripcion a disney plus,5979,streaming,2026-01-24,natural
64,CL,CLP,1717165,21,Baja,viaje en peaje angostura,4087,transporte,2026-01-07,natural
64,CL,CLP,1717165,21,Baja,pat debito ruta 68,40995,transporte,2026-01-25,cartola
64,CL,CLP,1717165,21,Baja,transbank juan valdez,8906,alimentacion,2026-01-13,cartola
64,CL,CLP,1717165,21,Baja,viaje en peaje lateral,3208,transporte,2026-01-19,natural
64,CL,CLP,1717165,21,Baja,pago cuenta pat nuevosur agua,32423,servicios,2026-01-02,cartola
64,CL,CLP,1717165,21,Baja,transbank burger king,17375,alimentacion,2026-01-02,cartola
64,CL,CLP,1717165,21,Baja,compra webpay didi,19550,transporte,2026-01-17,cartola
64,CL,CLP,1717165,21,Baja,compra en fuente alemana,23841,alimentacion,2026-01-11,natural
64,CL,CLP,1717165,21,Baja,pago debito pat mapfre seguros,12805,otros,2026-01-15,cartola
64,CL,CLP,1717165,21,Baja,pago claro hogar,124474,servicios,2026-01-08,natural
64,CL,CLP,1717165,21,Baja,transbank almacen,28031,alimentacion,2026-01-15,cartola
64,CL,CLP,1717165,21,Baja,pago en tavelli,30724,alimentacion,2026-01-14,natural
64,CL,CLP,1717165,21,Baja,pat debito ruta maipo,16783,transporte,2026-01-14,cartola
64,CL,CLP,1717165,21,Baja,compra en fuente suiza,38331,alimentacion,2026-01-08,natural
64,CL,CLP,1717165,21,Baja,compra en pronto copec,27691,alimentacion,2026-01-18,natural
64,CL,CLP,1717165,21,Baja,colegio san ignacio cuotas pat,81885,educacion,2026-01-23,cartola
64,CL,CLP,1717165,21,Baja,carga metro santiago,2778,transporte,2026-01-09,cartola
64,CL,CLP,1717165,21,Baja,transbank cory,23235,alimentacion,2026-01-05,cartola
64,CL,CLP,1717165,21,Baja,pago breal propiedades,129822,vivienda,2026-01-09,natural
64,CL,CLP,1717165,21,Baja,pago municipalidad alumbrado luz,116227,servicios,2026-01-03,cartola
64,CL,CLP,1717165,21,Baja,pago edipro gastos comunes,311939,vivienda,2026-01-04,cartola
64,CL,CLP,1717165,21,Baja,entrada a pacific fitness,44444,ocio,2026-01-29,natural
64,CL,CLP,1717165,21,Baja,compra webpay puntoticket,12531,ocio,2026-01-05,cartola
64,CL,CLP,1717165,21,Baja,compra webpay pedidosya,10417,alimentacion,2026-01-09,cartola
64,CL,CLP,1717165,21,Baja,pago vtr internet,56903,servicios,2026-01-18,natural
64,CL,CLP,1717165,21,Baja,peaje lateral cash,2303,transporte,2026-01-11,cartola
64,CL,CLP,1717165,21,Baja,pago cuenta pat wom fibra,96845,servicios,2026-01-29,cartola
64,CL,CLP,1717165,21,Baja,pago sparta,48687,otros,2026-01-04,natural
64,CL,CLP,1717165,21,Baja,pago saesa,10480,servicios,2026-01-04,natural
64,CL,CLP,1717165,21,Baja,compra en uber eats,31169,alimentacion,2026-01-07,natural
64,CL,CLP,1717165,21,Baja,pago cuenta pat enel distribucion,87645,servicios,2026-01-02,cartola
64,CL,CLP,1717165,21,Baja,entrada a dmoov chile,26580,ocio,2026-01-08,natural
64,CL,CLP,1717165,21,Baja,pago copropietarios edificio el golf,105549,vivienda,2026-01-28,natural
64,CL,CLP,1717165,21,Baja,transbank mamut,22183,alimentacion,2026-01-02,cartola
64,CL,CLP,1717165,21,Baja,pago en isapre consalud,163871,salud,2026-01-12,natural
64,CL,CLP,1717165,21,Baja,pago mercado libre,44666,otros,2026-01-13,natural
64,CL,CLP,1717165,21,Baja,transbank spacio1 petrobras,48780,alimentacion,2026-01-08,cartola
64,CL,CLP,1717165,21,Baja,pago cuenta pat mundo pacifico,61129,servicios,2026-01-25,cartola
64,CL,CLP,1717165,21,Baja,peaje lateral cash,1057,transporte,2026-01-27,cartola
64,CL,CLP,1717165,21,Baja,pago en lider,133649,alimentacion,2026-01-02,natural
64,CL,CLP,1717165,21,Baja,transbank fuente alemana,47173,alimentacion,2026-01-13,cartola
64,CL,CLP,1717165,21,Baja,entrada a gimnasio sportlife,18997,ocio,2026-01-16,natural
64,CL,CLP,1717165,21,Baja,transbank tavelli,26270,alimentacion,2026-01-09,cartola
64,CL,CLP,1717165,21,Baja,zoologico metropolitano entradas,23998,ocio,2026-01-04,cartola
64,CL,CLP,1717165,21,Baja,peaje zapata pos,4114,transporte,2026-01-10,cartola
64,CL,CLP,1717165,21,Baja,suscripcion a netflix chile,7296,streaming,2026-01-11,natural
64,CL,CLP,1717165,21,Baja,pago cuenta pat mundo pacifico,56602,servicios,2026-01-28,cartola
64,CL,CLP,1717165,21,Baja,pago cuenta pat claro hogar,28933,servicios,2026-01-22,cartola
64,CL,CLP,1717165,21,Baja,pago en juan valdez,12609,alimentacion,2026-01-06,natural
64,CL,CLP,1717165,21,Baja,transbank melt pizzas,34604,alimentacion,2026-01-02,cartola
64,CL,CLP,1717165,21,Baja,transbank pasteleria marmentini,14349,alimentacion,2026-01-15,cartola
64,CL,CLP,1717165,21,Baja,pago en santa isabel,97880,alimentacion,2026-01-25,natural
64,CL,CLP,1717165,21,Baja,pat debito ruta itata,11904,transporte,2026-01-21,cartola
64,CL,CLP,1717165,21,Baja,transbank tarragona,15677,alimentacion,2026-01-09,cartola
64,CL,CLP,1717165,21,Baja,pago municipalidad alumbrado luz,54240,servicios,2026-01-25,cartola
64,CL,CLP,1717165,21,Baja,pago entel fibra,75693,servicios,2026-01-27,natural
64,CL,CLP,1717165,21,Baja,pago mercado libre,138599,otros,2026-01-03,natural
64,CL,CLP,1717165,21,Baja,pago sencillito cuentas recaudacion,70809,servicios,2026-01-14,cartola
64,CL,CLP,1717165,21,Baja,compra redcompra eco farmacias,38867,salud,2026-01-25,cartola
64,CL,CLP,1717165,21,Baja,pago universidad del desarrollo udd,506598,educacion,2026-01-09,natural
64,CL,CLP,1717165,21,Baja,pago debito pat zurich chile,21990,otros,2026-01-05,cartola
64,CL,CLP,1717165,21,Baja,carga bencina en vespucio norte,19108,transporte,2026-01-18,natural
64,CL,CLP,1717165,21,Baja,viaje en copec,36803,transporte,2026-01-23,natural
64,CL,CLP,1717165,21,Baja,alquiler propiedades chile arriendo,105473,vivienda,2026-01-02,cartola
64,CL,CLP,1717165,21,Baja,pago saesa,42835,servicios,2026-01-17,natural
64,CL,CLP,1717165,21,Baja,transbank unimarc,173032,alimentacion,2026-01-10,cartola
64,CL,CLP,1717165,21,Baja,carga bencina en autopista vespucio oriente avo,40512,transporte,2026-01-24,natural
64,CL,CLP,1717165,21,Baja,compra en superbodega acuenta,35747,alimentacion,2026-01-02,natural
64,CL,CLP,1717165,21,Baja,compra webpay pullman bus,7341,transporte,2026-01-23,cartola
64,CL,CLP,1717165,21,Baja,pago pago de luz municipalidad,82624,servicios,2026-01-12,natural
64,CL,CLP,1717165,21,Baja,pat gimnasio upgrade pos,42717,ocio,2026-01-11,cartola
64,CL,CLP,1717165,21,Baja,pago cuenta pat gtd manquehue,109184,servicios,2026-01-02,cartola
64,CL,CLP,1717165,21,Baja,compra redcompra dr ahorro,55610,salud,2026-01-03,cartola
64,CL,CLP,1717165,21,Baja,pago cuenta pat entel fibra,79026,servicios,2026-01-02,cartola
64,CL,CLP,1717165,21,Baja,editorial santillana chile pat,6412,educacion,2026-01-18,cartola
64,CL,CLP,1717165,21,Baja,libreria subsuelo compra,44904,educacion,2026-01-28,cartola
64,CL,CLP,1717165,21,Baja,pago cuenta pat wom fibra,83934,servicios,2026-01-08,cartola
64,CL,CLP,1717165,21,Baja,pat udd arancel,181324,educacion,2026-01-06,cartola
64,CL,CLP,1717165,21,Baja,opticas schilling compra,52435,salud,2026-01-16,cartola
64,CL,CLP,1717165,21,Baja,fonasa compra bono,275656,salud,2026-01-19,cartola
64,CL,CLP,1717165,21,Baja,peaje lampa pos,4831,transporte,2026-01-23,cartola
64,CL,CLP,1717165,21,Baja,pat amazon prime video,7716,streaming,2026-01-18,cartola
64,CL,CLP,1717165,21,Baja,transbank barrio chicken,10897,alimentacion,2026-01-22,cartola
64,CL,CLP,1717165,21,Baja,pat uss cuota mensual,297368,educacion,2026-01-14,cartola
64,CL,CLP,1717165,21,Baja,pago cuenta pat essbio agua,145041,servicios,2026-01-21,cartola
64,CL,CLP,1717165,21,Baja,viaje en metro de santiago,11725,transporte,2026-01-09,natural
64,CL,CLP,1717165,21,Baja,inscripcion en duoc uc,508233,educacion,2026-01-03,natural
64,CL,CLP,1717165,21,Baja,yolito ferreteria compra,51314,vivienda,2026-01-21,cartola
64,CL,CLP,1717165,21,Baja,pago cuenta pat movistar hogar,72059,servicios,2026-01-29,cartola
64,CL,CLP,1717165,21,Baja,pago en mayorista 10,20643,alimentacion,2026-01-28,natural
64,CL,CLP,1717165,21,Baja,pat amazon prime video,9891,streaming,2026-01-17,cartola
64,CL,CLP,1717165,21,Baja,carga bencina en colectivo linea 40,8865,transporte,2026-01-10,natural
64,CL,CLP,1717165,21,Baja,pago gtd manquehue,20446,servicios,2026-01-16,natural
65,CL,CLP,1983597,65,Alta,administracion jardines maipu exp,212545,vivienda,2026-01-27,cartola
65,CL,CLP,1983597,65,Alta,pago en clínica dental cumbre,28045,salud,2026-01-09,natural
65,CL,CLP,1983597,65,Alta,suscripcion a max hbo,17276,ocio,2026-01-26,natural
65,CL,CLP,1983597,65,Alta,pat netflix chile,10121,streaming,2026-01-14,cartola
65,CL,CLP,1983597,65,Alta,pago ferretería prat,18657,vivienda,2026-01-11,natural
65,CL,CLP,1983597,65,Alta,pago pago de luz municipalidad,140262,servicios,2026-01-15,natural
65,CL,CLP,1983597,65,Alta,movistar arena entradas,36125,ocio,2026-01-29,cartola
65,CL,CLP,1983597,65,Alta,pat spotify chile,17691,streaming,2026-01-23,cartola
65,CL,CLP,1983597,65,Alta,pago pinturas sherwin williams,65810,vivienda,2026-01-23,natural
65,CL,CLP,1983597,65,Alta,pat netflix chile,10843,streaming,2026-01-16,cartola
65,CL,CLP,1983597,65,Alta,transbank subway,14101,alimentacion,2026-01-04,cartola
65,CL,CLP,1983597,65,Alta,pago en doggis,23630,alimentacion,2026-01-19,natural
65,CL,CLP,1983597,65,Alta,pago vtr internet,127769,servicios,2026-01-06,natural
65,CL,CLP,1983597,65,Alta,compra en ópticas gmo,37264,salud,2026-01-19,natural
65,CL,CLP,1983597,65,Alta,pago la polar,49580,otros,2026-01-22,natural
65,CL,CLP,1983597,65,Alta,pago en bravissimo,48156,alimentacion,2026-01-02,natural
65,CL,CLP,1983597,65,Alta,entrada a teatro caupolicán,21096,ocio,2026-01-23,natural
65,CL,CLP,1983597,65,Alta,cargos administrativos scotiabank,29693,otros,2026-01-16,cartola
65,CL,CLP,1983597,65,Alta,suscripcion a netflix chile,16069,streaming,2026-01-16,natural
65,CL,CLP,1983597,65,Alta,pago esval,42500,servicios,2026-01-20,natural
65,CL,CLP,1983597,65,Alta,clinica univ de los andes,29428,salud,2026-01-05,cartola
65,CL,CLP,1983597,65,Alta,pat isapre banmedica,253787,salud,2026-01-19,cartola
65,CL,CLP,1983597,65,Alta,suscripcion a netflix chile,8939,streaming,2026-01-02,natural
65,CL,CLP,1983597,65,Alta,compra webpay uber eats,21808,alimentacion,2026-01-16,cartola
65,CL,CLP,1983597,65,Alta,compra redcompra ahumada,23529,salud,2026-01-29,cartola
65,CL,CLP,1983597,65,Alta,compra redcompra hm chile,196469,otros,2026-01-26,cartola
65,CL,CLP,1983597,65,Alta,transbank verduleria don lucho,43797,alimentacion,2026-01-20,cartola
65,CL,CLP,1983597,65,Alta,laboratorio bionet pos,16572,salud,2026-01-19,cartola
65,CL,CLP,1983597,65,Alta,pago kastor gasto comun,210172,vivienda,2026-01-08,cartola
65,CL,CLP,1983597,65,Alta,suscripcion a disney plus,14145,streaming,2026-01-29,natural
65,CL,CLP,1983597,65,Alta,pago en ópticas gmo,61882,salud,2026-01-24,natural
65,CL,CLP,1983597,65,Alta,pago en subway,19364,alimentacion,2026-01-10,natural
65,CL,CLP,1983597,65,Alta,pago en clínica dávila,284720,salud,2026-01-28,natural
65,CL,CLP,1983597,65,Alta,inscripcion en colegio saint george,69802,educacion,2026-01-04,natural
65,CL,CLP,1983597,65,Alta,pago municipalidad alumbrado luz,94571,servicios,2026-01-20,cartola
65,CL,CLP,1983597,65,Alta,suscripcion a spotify,10309,streaming,2026-01-27,natural
65,CL,CLP,1983597,65,Alta,opticas gmo compra suc,38477,salud,2026-01-19,cartola
65,CL,CLP,1983597,65,Alta,pat debito ruta itata,29299,transporte,2026-01-22,cartola
65,CL,CLP,1983597,65,Alta,pago en tommy beans,13353,alimentacion,2026-01-03,natural
65,CL,CLP,1983597,65,Alta,compra redcompra pc factory suc,379205,otros,2026-01-27,cartola
65,CL,CLP,1983597,65,Alta,transbank tommy beans,9962,alimentacion,2026-01-05,cartola
65,CL,CLP,1983597,65,Alta,clinica indisa pos,277104,salud,2026-01-06,cartola
65,CL,CLP,1983597,65,Alta,compra webpay sodimac,237543,vivienda,2026-01-06,cartola
65,CL,CLP,1983597,65,Alta,pago cuenta pat mundo pacifico,132870,servicios,2026-01-15,cartola
65,CL,CLP,1983597,65,Alta,compra efe trenes,1651,transporte,2026-01-27,cartola
65,CL,CLP,1983597,65,Alta,pago cuenta pat essbio agua,130198,servicios,2026-01-25,cartola
65,CL,CLP,1983597,65,Alta,compra webpay cinemark,15637,ocio,2026-01-19,cartola
65,CL,CLP,1983597,65,Alta,entrada a gimnasio upgrade,47767,ocio,2026-01-14,natural
65,CL,CLP,1983597,65,Alta,transbank pronto copec,32731,alimentacion,2026-01-25,cartola
65,CL,CLP,1983597,65,Alta,compra webpay turbus,2677,transporte,2026-01-09,cartola
65,CL,CLP,1983597,65,Alta,inscripcion en universidad de los andes,443989,educacion,2026-01-17,natural
65,CL,CLP,1983597,65,Alta,pago en subway,7775,alimentacion,2026-01-27,natural
65,CL,CLP,1983597,65,Alta,pago pinturas sherwin williams,26653,vivienda,2026-01-23,natural
65,CL,CLP,1983597,65,Alta,peaje melipilla pos,1087,transporte,2026-01-05,cartola
65,CL,CLP,1983597,65,Alta,estacionamiento mall center,7249,transporte,2026-01-28,cartola
65,CL,CLP,1983597,65,Alta,compra webpay tottus,74274,alimentacion,2026-01-24,cartola
65,CL,CLP,1983597,65,Alta,pat gimnasio upgrade pos,25419,ocio,2026-01-06,cartola
65,CL,CLP,1983597,65,Alta,transbank verduleria don lucho,48041,alimentacion,2026-01-28,cartola
65,CL,CLP,1983597,65,Alta,pat amazon prime video,11693,streaming,2026-01-12,cartola
65,CL,CLP,1983597,65,Alta,bencina copec,36254,transporte,2026-01-22,cartola
65,CL,CLP,1983597,65,Alta,compra en pronto copec,45104,alimentacion,2026-01-24,natural
65,CL,CLP,1983597,65,Alta,pago cuenta pat mundo pacifico,82755,servicios,2026-01-09,cartola
65,CL,CLP,1983597,65,Alta,pat amazon prime video,5700,streaming,2026-01-23,cartola
65,CL,CLP,1983597,65,Alta,transbank cory,8442,alimentacion,2026-01-18,cartola
65,CL,CLP,1983597,65,Alta,transbank domino,20846,alimentacion,2026-01-05,cartola
65,CL,CLP,1983597,65,Alta,viaje en estacionamiento saba,8767,transporte,2026-01-11,natural
65,CL,CLP,1983597,65,Alta,dentalalegre clinica dental,30398,salud,2026-01-05,cartola
65,CL,CLP,1983597,65,Alta,bencina copec,43866,transporte,2026-01-25,cartola
65,CL,CLP,1983597,65,Alta,pat debito autopista central,35618,transporte,2026-01-07,cartola
65,CL,CLP,1983597,65,Alta,entrada a smart fit,19183,ocio,2026-01-27,natural
65,CL,CLP,1983597,65,Alta,viaje en petrobras,23303,transporte,2026-01-23,natural
65,CL,CLP,1983597,65,Alta,pago librería el sembrador,38793,educacion,2026-01-12,natural
65,CL,CLP,1983597,65,Alta,pago instituto profesional santo tomás,277778,educacion,2026-01-12,natural
65,CL,CLP,1983597,65,Alta,pago en farmacias ahumada,54184,salud,2026-01-23,natural
65,CL,CLP,1983597,65,Alta,pat debito autopista central,8727,transporte,2026-01-26,cartola
65,CL,CLP,1983597,65,Alta,pago cmr falabella cobros,23766,otros,2026-01-29,natural
65,CL,CLP,1983597,65,Alta,compra redcompra feria chilena libro,37143,educacion,2026-01-12,cartola
65,CL,CLP,1983597,65,Alta,peaje lateral cash,1707,transporte,2026-01-08,cartola
65,CL,CLP,1983597,65,Alta,viaje en colectivo linea 40,5615,transporte,2026-01-18,natural
65,CL,CLP,1983597,65,Alta,entrada a bar el barista,16668,ocio,2026-01-15,natural
65,CL,CLP,1983597,65,Alta,suscripcion a netflix chile,7733,streaming,2026-01-26,natural
65,CL,CLP,1983597,65,Alta,transbank juan maestro,28388,alimentacion,2026-01-12,cartola
65,CL,CLP,1983597,65,Alta,compra en pedidosya,32280,alimentacion,2026-01-06,natural
65,CL,CLP,1983597,65,Alta,pago aguas andinas,78605,servicios,2026-01-03,natural
65,CL,CLP,1983597,65,Alta,pat netflix chile,4539,streaming,2026-01-18,cartola
65,CL,CLP,1983597,65,Alta,suscripcion a spotify,14049,streaming,2026-01-21,natural
65,CL,CLP,1983597,65,Alta,inscripcion en universidad adolfo ibáñez uai,165676,educacion,2026-01-09,natural
65,CL,CLP,1983597,65,Alta,compra en ópticas gmo,25794,salud,2026-01-27,natural
65,CL,CLP,1983597,65,Alta,transbank papa johns,22886,alimentacion,2026-01-26,cartola
65,CL,CLP,1983597,65,Alta,pago nuevosur,12172,servicios,2026-01-12,natural
65,CL,CLP,1983597,65,Alta,pago ferretería prat,85695,vivienda,2026-01-29,natural
65,CL,CLP,1983597,65,Alta,entrada a kidzania santiago,13478,ocio,2026-01-02,natural
65,CL,CLP,1983597,65,Alta,pago en tommy beans,29343,alimentacion,2026-01-03,natural
65,CL,CLP,1983597,65,Alta,pat arancel unab suc,170567,educacion,2026-01-24,cartola
65,CL,CLP,1983597,65,Alta,viaje en ruta del maipo,36961,transporte,2026-01-27,natural
65,CL,CLP,1983597,65,Alta,pago mundo pacífico,19971,servicios,2026-01-26,natural
65,CL,CLP,1983597,65,Alta,bencina petrobras,21370,transporte,2026-01-15,cartola
65,CL,CLP,1983597,65,Alta,pago dimeiggs,4444,educacion,2026-01-07,natural
65,CL,CLP,1983597,65,Alta,pago metrogas,122765,servicios,2026-01-26,natural
65,CL,CLP,1983597,65,Alta,peaje angostura pos,1470,transporte,2026-01-23,cartola
65,CL,CLP,1983597,65,Alta,suscripcion a disney plus,13773,streaming,2026-01-14,natural
65,CL,CLP,1983597,65,Alta,pago cge distribución,129809,servicios,2026-01-21,natural
65,CL,CLP,1983597,65,Alta,pago yolito ferretería,108684,vivienda,2026-01-21,natural
65,CL,CLP,1983597,65,Alta,transbank spacio1 petrobras,29479,alimentacion,2026-01-20,cartola
65,CL,CLP,1983597,65,Alta,transbank kfc,13343,alimentacion,2026-01-28,cartola
65,CL,CLP,1983597,65,Alta,pat debito vespucio norte,27211,transporte,2026-01-23,cartola
65,CL,CLP,1983597,65,Alta,pago en fonasa,271324,salud,2026-01-14,natural
65,CL,CLP,1983597,65,Alta,compra en clínica dental cumbre,62401,salud,2026-01-08,natural
65,CL,CLP,1983597,65,Alta,transbank bravissimo,44869,alimentacion,2026-01-03,cartola
65,CL,CLP,1983597,65,Alta,viaje en peaje angostura,3333,transporte,2026-01-11,natural
65,CL,CLP,1983597,65,Alta,pat energy fitness gimnasio,26869,ocio,2026-01-18,cartola
65,CL,CLP,1983597,65,Alta,pago en centro médico san lorenzo,53455,salud,2026-01-08,natural
65,CL,CLP,1983597,65,Alta,pago aguas andinas,43312,servicios,2026-01-17,natural
65,CL,CLP,1983597,65,Alta,pago banco estado tarjeta,24837,otros,2026-01-14,natural
65,CL,CLP,1983597,65,Alta,compra webpay didi,16540,transporte,2026-01-08,cartola
65,CL,CLP,1983597,65,Alta,entrada a teatro nescafé de las artes,55719,ocio,2026-01-17,natural
65,CL,CLP,1983597,65,Alta,peaje lampa pos,2625,transporte,2026-01-25,cartola
65,CL,CLP,1983597,65,Alta,compra en barrio chicken,34024,alimentacion,2026-01-11,natural
65,CL,CLP,1983597,65,Alta,pago cuenta pat cge distribucion,145811,servicios,2026-01-10,cartola
65,CL,CLP,1983597,65,Alta,entrada a movistar arena,26449,ocio,2026-01-18,natural
65,CL,CLP,1983597,65,Alta,pago ferretería prat,77529,vivienda,2026-01-20,natural
65,CL,CLP,1983597,65,Alta,transbank wendys,26051,alimentacion,2026-01-14,cartola
65,CL,CLP,1983597,65,Alta,entrada a playstation network,56556,ocio,2026-01-27,natural
65,CL,CLP,1983597,65,Alta,compra en pizza hut,20273,alimentacion,2026-01-09,natural
65,CL,CLP,1983597,65,Alta,pago en dr ahorro,14866,salud,2026-01-12,natural
66,CL,CLP,946296,38,Alta,viaje en pullman bus,3511,transporte,2026-01-12,natural
66,CL,CLP,946296,38,Alta,suscripcion a gimnasio upgrade,45362,ocio,2026-01-07,natural
66,CL,CLP,946296,38,Alta,pago cuenta pat aguas andinas,144721,servicios,2026-01-29,cartola
66,CL,CLP,946296,38,Alta,pago construmart,94859,vivienda,2026-01-06,natural
66,CL,CLP,946296,38,Alta,pat udd arancel,124647,educacion,2026-01-14,cartola
66,CL,CLP,946296,38,Alta,teatro nescafe de las artes entradas,45521,ocio,2026-01-09,cartola
66,CL,CLP,946296,38,Alta,pago sencillito cuentas recaudacion,65980,servicios,2026-01-28,cartola
66,CL,CLP,946296,38,Alta,suscripcion a discoteca amanda,40336,ocio,2026-01-25,natural
66,CL,CLP,946296,38,Alta,viaje en turbus,3526,transporte,2026-01-28,natural
66,CL,CLP,946296,38,Alta,suscripcion a pacific fitness,33357,ocio,2026-01-15,natural
66,CL,CLP,946296,38,Alta,clinica univ de los andes,152745,salud,2026-01-22,cartola
66,CL,CLP,946296,38,Alta,suscripcion a zoológico metropolitano,14781,ocio,2026-01-04,natural
66,CL,CLP,946296,38,Alta,compra webpay cinehoyts,15675,ocio,2026-01-09,cartola
66,CL,CLP,946296,38,Alta,compra webpay falabella home,103213,vivienda,2026-01-19,cartola
66,CL,CLP,946296,38,Alta,pago en jumbo,34264,alimentacion,2026-01-17,natural
66,CL,CLP,946296,38,Alta,pat disney plus chile,15057,streaming,2026-01-29,cartola
66,CL,CLP,946296,38,Alta,pago cuenta pat metrogas,47346,servicios,2026-01-08,cartola
66,CL,CLP,946296,38,Alta,pat santo tomas arancel,153992,educacion,2026-01-06,cartola
66,CL,CLP,946296,38,Alta,opticas schilling compra,38279,salud,2026-01-26,cartola
66,CL,CLP,946296,38,Alta,transbank pizza hut,14265,alimentacion,2026-01-23,cartola
66,CL,CLP,946296,38,Alta,viaje en didi taxi,6494,transporte,2026-01-07,natural
66,CL,CLP,946296,38,Alta,transbank tommy beans,23246,alimentacion,2026-01-03,cartola
66,CL,CLP,946296,38,Alta,viaje en costanera norte,15425,transporte,2026-01-24,natural
66,CL,CLP,946296,38,Alta,pago entel fibra,142513,servicios,2026-01-27,natural
66,CL,CLP,946296,38,Alta,pago cuenta pat aguas antofagasta,84805,servicios,2026-01-24,cartola
66,CL,CLP,946296,38,Alta,teatro nescafe de las artes entradas,81458,ocio,2026-01-23,cartola
66,CL,CLP,946296,38,Alta,administracion jardines maipu exp,213092,vivienda,2026-01-17,cartola
66,CL,CLP,946296,38,Alta,compra en carls jr,24881,alimentacion,2026-01-23,natural
66,CL,CLP,946296,38,Alta,libreria subsuelo compra,25304,educacion,2026-01-22,cartola
66,CL,CLP,946296,38,Alta,steam games compra inter,49580,ocio,2026-01-04,cartola
66,CL,CLP,946296,38,Alta,pago pago de luz municipalidad,134308,servicios,2026-01-15,natural
66,CL,CLP,946296,38,Alta,pat amazon prime video,15065,streaming,2026-01-23,cartola
66,CL,CLP,946296,38,Alta,pago claro hogar,145470,servicios,2026-01-24,natural
66,CL,CLP,946296,38,Alta,pago en farmacias salcobrand,33468,salud,2026-01-21,natural
66,CL,CLP,946296,38,Alta,suscripcion a disney plus,17364,streaming,2026-01-05,natural
66,CL,CLP,946296,38,Alta,pat disney plus chile,16760,streaming,2026-01-09,cartola
66,CL,CLP,946296,38,Alta,cargos administrativos scotiabank,21655,otros,2026-01-21,cartola
66,CL,CLP,946296,38,Alta,carga metro santiago,9599,transporte,2026-01-15,cartola
66,CL,CLP,946296,38,Alta,pago en fuente suiza,16891,alimentacion,2026-01-28,natural
66,CL,CLP,946296,38,Alta,pago en ópticas schilling,42878,salud,2026-01-23,natural
66,CL,CLP,946296,38,Alta,compra redcompra construmart,98798,vivienda,2026-01-22,cartola
66,CL,CLP,946296,38,Alta,steam games compra inter,10664,ocio,2026-01-24,cartola
66,CL,CLP,946296,38,Alta,compra webpay cinemark,6988,ocio,2026-01-10,cartola
66,CL,CLP,946296,38,Alta,compra en pastelería marmentini,30725,alimentacion,2026-01-14,natural
66,CL,CLP,946296,38,Alta,transbank mayorista 10,25090,alimentacion,2026-01-20,cartola
66,CL,CLP,946296,38,Alta,carga bencina en pullman bus,11046,transporte,2026-01-20,natural
66,CL,CLP,946296,38,Alta,suscripcion a amazon prime video,6108,streaming,2026-01-23,natural
66,CL,CLP,946296,38,Alta,pago sodimac homecenter,147024,vivienda,2026-01-18,natural
66,CL,CLP,946296,38,Alta,pat spotify chile,8971,streaming,2026-01-07,cartola
66,CL,CLP,946296,38,Alta,pago copropietarios edificio el golf,203615,vivienda,2026-01-15,natural
66,CL,CLP,946296,38,Alta,carga bencina en ruta 68,11421,transporte,2026-01-29,natural
66,CL,CLP,946296,38,Alta,transbank pedro juan y diego,9767,alimentacion,2026-01-20,cartola
66,CL,CLP,946296,38,Alta,pago kastor gasto comun,83526,vivienda,2026-01-08,cartola
66,CL,CLP,946296,38,Alta,pago aguas del altiplano,63915,servicios,2026-01-12,natural
66,CL,CLP,946296,38,Alta,pat debito vespucio norte,33362,transporte,2026-01-16,cartola
66,CL,CLP,946296,38,Alta,pat gimnasio upgrade pos,32558,ocio,2026-01-25,cartola
66,CL,CLP,946296,38,Alta,pago aguas andinas,111712,servicios,2026-01-19,natural
66,CL,CLP,946296,38,Alta,pago cuenta pat gasco,22606,servicios,2026-01-04,cartola
66,CL,CLP,946296,38,Alta,compra en rappi,46405,alimentacion,2026-01-10,natural
66,CL,CLP,946296,38,Alta,compra en telepizza,8458,alimentacion,2026-01-29,natural
66,CL,CLP,946296,38,Alta,pago ferretería el candado,17185,vivienda,2026-01-17,natural
66,CL,CLP,946296,38,Alta,pago abastible,113032,servicios,2026-01-21,natural
66,CL,CLP,946296,38,Alta,pago sencillito cuentas recaudacion,81552,servicios,2026-01-27,cartola
66,CL,CLP,946296,38,Alta,pago cuenta pat aguas antofagasta,33619,servicios,2026-01-26,cartola
66,CL,CLP,946296,38,Alta,pago cuenta pat metrogas,70362,servicios,2026-01-15,cartola
66,CL,CLP,946296,38,Alta,pago falabella home,108581,vivienda,2026-01-08,natural
66,CL,CLP,946296,38,Alta,transbank panaderia san ramon,16925,alimentacion,2026-01-29,cartola
66,CL,CLP,946296,38,Alta,pago lipigas,47855,servicios,2026-01-19,natural
66,CL,CLP,946296,38,Alta,laboratorio bionet pos,64291,salud,2026-01-08,cartola
66,CL,CLP,946296,38,Alta,carga bencina en copec,46100,transporte,2026-01-25,natural
66,CL,CLP,946296,38,Alta,compra en starbucks,5881,alimentacion,2026-01-22,natural
66,CL,CLP,946296,38,Alta,compra webpay antartica libros,28297,educacion,2026-01-25,cartola
66,CL,CLP,946296,38,Alta,pat isapre cruz blanca,53868,salud,2026-01-14,cartola
66,CL,CLP,946296,38,Alta,compra en emporio la rosa,49722,alimentacion,2026-01-23,natural
66,CL,CLP,946296,38,Alta,pago en dr ahorro,18066,salud,2026-01-07,natural
66,CL,CLP,946296,38,Alta,pago cuenta pat movistar hogar,97489,servicios,2026-01-11,cartola
66,CL,CLP,946296,38,Alta,viaje en peaje zapata,4553,transporte,2026-01-04,natural
66,CL,CLP,946296,38,Alta,entrada a bar la virgen,59543,ocio,2026-01-08,natural
66,CL,CLP,946296,38,Alta,compra redcompra hm chile,176903,otros,2026-01-14,cartola
66,CL,CLP,946296,38,Alta,transbank superbodega acuenta,7526,alimentacion,2026-01-04,cartola
66,CL,CLP,946296,38,Alta,compra en farmacias ahumada,62370,salud,2026-01-29,natural
66,CL,CLP,946296,38,Alta,peaje angostura pos,1442,transporte,2026-01-25,cartola
66,CL,CLP,946296,38,Alta,entrada a zoológico metropolitano,33612,ocio,2026-01-25,natural
66,CL,CLP,946296,38,Alta,transbank bar el barista,90706,ocio,2026-01-15,cartola
66,CL,CLP,946296,38,Alta,compra en redfarma,67272,salud,2026-01-26,natural
66,CL,CLP,946296,38,Alta,pago cuenta pat gasco,112909,servicios,2026-01-17,cartola
66,CL,CLP,946296,38,Alta,pat disney plus chile,10407,streaming,2026-01-20,cartola
66,CL,CLP,946296,38,Alta,pat arancel univ catolica,244309,educacion,2026-01-07,cartola
66,CL,CLP,946296,38,Alta,suscripcion a amazon prime video,14477,streaming,2026-01-12,natural
66,CL,CLP,946296,38,Alta,viaje en peaje troncal lampa,1749,transporte,2026-01-02,natural
66,CL,CLP,946296,38,Alta,transbank oxxo,41609,alimentacion,2026-01-26,cartola
66,CL,CLP,946296,38,Alta,suscripcion a netflix chile,7975,streaming,2026-01-18,natural
66,CL,CLP,946296,38,Alta,compra redcompra feria chilena libro,20158,educacion,2026-01-07,cartola
66,CL,CLP,946296,38,Alta,pago en wendy's,30833,alimentacion,2026-01-04,natural
66,CL,CLP,946296,38,Alta,compra en clínica universidad de los andes,61826,salud,2026-01-18,natural
66,CL,CLP,946296,38,Alta,carga bencina en ruta del itata,43986,transporte,2026-01-25,natural
66,CL,CLP,946296,38,Alta,compra redcompra dimeiggs,8568,educacion,2026-01-23,cartola
66,CL,CLP,946296,38,Alta,pago hdi seguros,12009,otros,2026-01-06,natural
66,CL,CLP,946296,38,Alta,viaje en autopista central,26693,transporte,2026-01-19,natural
66,CL,CLP,946296,38,Alta,compra webpay sodimac,237207,vivienda,2026-01-27,cartola
66,CL,CLP,946296,38,Alta,suscripcion a zoológico metropolitano,27377,ocio,2026-01-21,natural
66,CL,CLP,946296,38,Alta,pago nuevosur,103536,servicios,2026-01-18,natural
66,CL,CLP,946296,38,Alta,suscripcion a max hbo,10636,ocio,2026-01-13,natural
66,CL,CLP,946296,38,Alta,pago cuenta pat gtd manquehue,117463,servicios,2026-01-07,cartola
66,CL,CLP,946296,38,Alta,pago en isapre cruz blanca,116212,salud,2026-01-10,natural
66,CL,CLP,946296,38,Alta,pat isapre cruz blanca,129355,salud,2026-01-16,cartola
66,CL,CLP,946296,38,Alta,suscripcion a spotify,6182,streaming,2026-01-19,natural
66,CL,CLP,946296,38,Alta,pago aguas de antofagasta,22918,servicios,2026-01-19,natural
66,CL,CLP,946296,38,Alta,pago breal propiedades,212790,vivienda,2026-01-26,natural
66,CL,CLP,946296,38,Alta,compra en fuente suiza,26178,alimentacion,2026-01-12,natural
66,CL,CLP,946296,38,Alta,pago imperial,6197,vivienda,2026-01-17,natural
66,CL,CLP,946296,38,Alta,pat uai arancel,186489,educacion,2026-01-04,cartola
66,CL,CLP,946296,38,Alta,inscripcion en antártica libros,37825,educacion,2026-01-14,natural
66,CL,CLP,946296,38,Alta,pago en carls jr,31749,alimentacion,2026-01-26,natural
66,CL,CLP,946296,38,Alta,compra webpay turbus,5333,transporte,2026-01-16,cartola
66,CL,CLP,946296,38,Alta,laboratorio bionet pos,43622,salud,2026-01-09,cartola
66,CL,CLP,946296,38,Alta,compra en telepizza,24912,alimentacion,2026-01-06,natural
66,CL,CLP,946296,38,Alta,pago pago de luz municipalidad,122827,servicios,2026-01-18,natural
66,CL,CLP,946296,38,Alta,compra webpay tottus,102420,alimentacion,2026-01-08,cartola
66,CL,CLP,946296,38,Alta,pago paris deco,78012,vivienda,2026-01-09,natural
66,CL,CLP,946296,38,Alta,compra efe trenes,2323,transporte,2026-01-07,cartola
66,CL,CLP,946296,38,Alta,transbank tommy beans,6284,alimentacion,2026-01-22,cartola
66,CL,CLP,946296,38,Alta,compra en telepizza,10278,alimentacion,2026-01-21,natural
66,CL,CLP,946296,38,Alta,edificio el golf gastos comunes,273906,vivienda,2026-01-04,cartola
66,CL,CLP,946296,38,Alta,peaje zapata pos,2993,transporte,2026-01-15,cartola
67,CL,CLP,1872119,59,Baja,pago en isapre colmena,174626,salud,2026-01-20,natural
67,CL,CLP,1872119,59,Baja,transbank cory,10103,alimentacion,2026-01-11,cartola
67,CL,CLP,1872119,59,Baja,compra webpay falabella home,56969,vivienda,2026-01-08,cartola
67,CL,CLP,1872119,59,Baja,entrada a ticketmaster chile,77300,ocio,2026-01-27,natural
67,CL,CLP,1872119,59,Baja,viaje en autopista del sol,42033,transporte,2026-01-22,natural
67,CL,CLP,1872119,59,Baja,pago cuenta pat movistar hogar,40531,servicios,2026-01-27,cartola
67,CL,CLP,1872119,59,Baja,entrada a fantasilandia,41182,ocio,2026-01-27,natural
67,CL,CLP,1872119,59,Baja,suscripcion a amazon prime video,5557,streaming,2026-01-29,natural
67,CL,CLP,1872119,59,Baja,pat inacap arancel,475412,educacion,2026-01-17,cartola
67,CL,CLP,1872119,59,Baja,pago comunidadfeliz gasto comun,174257,vivienda,2026-01-07,cartola
67,CL,CLP,1872119,59,Baja,transbank burger king,22632,alimentacion,2026-01-16,cartola
67,CL,CLP,1872119,59,Baja,clinica indisa pos,445200,salud,2026-01-29,cartola
67,CL,CLP,1872119,59,Baja,pago cuenta pat chilquinta,146092,servicios,2026-01-13,cartola
67,CL,CLP,1872119,59,Baja,pago yolito ferretería,117194,vivienda,2026-01-25,natural
67,CL,CLP,1872119,59,Baja,compra en tarragona,7326,alimentacion,2026-01-03,natural
67,CL,CLP,1872119,59,Baja,bencina copec,35951,transporte,2026-01-25,cartola
67,CL,CLP,1872119,59,Baja,transbank burger king,18444,alimentacion,2026-01-13,cartola
67,CL,CLP,1872119,59,Baja,compra efe trenes,10794,transporte,2026-01-09,cartola
67,CL,CLP,1872119,59,Baja,compra webpay didi,12517,transporte,2026-01-29,cartola
67,CL,CLP,1872119,59,Baja,suscripcion a gimnasio upgrade,21379,ocio,2026-01-21,natural
67,CL,CLP,1872119,59,Baja,viaje en buses metropolitana,2406,transporte,2026-01-12,natural
67,CL,CLP,1872119,59,Baja,viaje en autopista central,15763,transporte,2026-01-21,natural
67,CL,CLP,1872119,59,Baja,pago gasco,15278,servicios,2026-01-18,natural
67,CL,CLP,1872119,59,Baja,compra en rappi,11866,alimentacion,2026-01-18,natural
67,CL,CLP,1872119,59,Baja,pago alquiler propiedades chile,220507,vivienda,2026-01-26,natural
67,CL,CLP,1872119,59,Baja,pat amazon prime video,7618,streaming,2026-01-15,cartola
67,CL,CLP,1872119,59,Baja,peaje zapata pos,4817,transporte,2026-01-09,cartola
67,CL,CLP,1872119,59,Baja,inscripcion en librería subsuelo,19204,educacion,2026-01-15,natural
67,CL,CLP,1872119,59,Baja,pago en starbucks,13769,alimentacion,2026-01-18,natural
67,CL,CLP,1872119,59,Baja,pago gasco,12919,servicios,2026-01-23,natural
67,CL,CLP,1872119,59,Baja,entrada a movistar arena,55683,ocio,2026-01-24,natural
67,CL,CLP,1872119,59,Baja,compra en papa johns,11147,alimentacion,2026-01-23,natural
67,CL,CLP,1872119,59,Baja,transbank melt pizzas,26059,alimentacion,2026-01-07,cartola
67,CL,CLP,1872119,59,Baja,pat spotify chile,11131,streaming,2026-01-16,cartola
67,CL,CLP,1872119,59,Baja,condonvive copropiedad transfer,201859,vivienda,2026-01-02,cartola
67,CL,CLP,1872119,59,Baja,viaje en tarjeta bip!,2784,transporte,2026-01-17,natural
67,CL,CLP,1872119,59,Baja,transbank pizza hut,20485,alimentacion,2026-01-20,cartola
67,CL,CLP,1872119,59,Baja,compra webpay antartica libros,13786,educacion,2026-01-22,cartola
67,CL,CLP,1872119,59,Baja,viaje en petrobras,61968,transporte,2026-01-23,natural
67,CL,CLP,1872119,59,Baja,compra en juan valdez,13997,alimentacion,2026-01-17,natural
67,CL,CLP,1872119,59,Baja,carga bencina en efe trenes,4784,transporte,2026-01-13,natural
67,CL,CLP,1872119,59,Baja,pago en papa johns,17099,alimentacion,2026-01-06,natural
67,CL,CLP,1872119,59,Baja,compra redcompra eco farmacias,52622,salud,2026-01-16,cartola
67,CL,CLP,1872119,59,Baja,pat netflix chile,10221,streaming,2026-01-08,cartola
67,CL,CLP,1872119,59,Baja,pago cuenta pat vtr telecom,118896,servicios,2026-01-04,cartola
67,CL,CLP,1872119,59,Baja,pago cuenta pat wom fibra,37985,servicios,2026-01-19,cartola
67,CL,CLP,1872119,59,Baja,carga bencina en vespucio sur,4841,transporte,2026-01-17,natural
67,CL,CLP,1872119,59,Baja,pago cuenta pat claro hogar,97451,servicios,2026-01-20,cartola
67,CL,CLP,1872119,59,Baja,pago cuenta pat wom fibra,50787,servicios,2026-01-25,cartola
67,CL,CLP,1872119,59,Baja,pat udp arancel academico,208574,educacion,2026-01-05,cartola
67,CL,CLP,1872119,59,Baja,pago sodimac homecenter,231401,vivienda,2026-01-28,natural
67,CL,CLP,1872119,59,Baja,pago debito pat hdi seguros,18389,otros,2026-01-15,cartola
67,CL,CLP,1872119,59,Baja,colegio saint george arancel pat,137559,educacion,2026-01-29,cartola
67,CL,CLP,1872119,59,Baja,pago en ópticas schilling,39809,salud,2026-01-16,natural
67,CL,CLP,1872119,59,Baja,transbank tavelli,29864,alimentacion,2026-01-23,cartola
67,CL,CLP,1872119,59,Baja,clinica indisa pos,266933,salud,2026-01-13,cartola
67,CL,CLP,1872119,59,Baja,inscripcion en antártica libros,18958,educacion,2026-01-11,natural
67,CL,CLP,1872119,59,Baja,pago en lider,95480,alimentacion,2026-01-17,natural
67,CL,CLP,1872119,59,Baja,pago aguas andinas,102744,servicios,2026-01-03,natural
67,CL,CLP,1872119,59,Baja,compra en pedidosya,38943,alimentacion,2026-01-02,natural
67,CL,CLP,1872119,59,Baja,suscripcion a bar la virgen,50642,ocio,2026-01-08,natural
67,CL,CLP,1872119,59,Baja,viaje en peaje angostura,2195,transporte,2026-01-22,natural
67,CL,CLP,1872119,59,Baja,transbank dunkin donuts,3348,alimentacion,2026-01-05,cartola
67,CL,CLP,1872119,59,Baja,transbank tommy beans,8806,alimentacion,2026-01-27,cartola
67,CL,CLP,1872119,59,Baja,pago edipro gastos comunes,178290,vivienda,2026-01-14,cartola
67,CL,CLP,1872119,59,Baja,transbank fuente alemana,11791,alimentacion,2026-01-23,cartola
67,CL,CLP,1872119,59,Baja,pago chilquinta,99987,servicios,2026-01-15,natural
67,CL,CLP,1872119,59,Baja,transbank la sanguchera,22647,alimentacion,2026-01-10,cartola
67,CL,CLP,1872119,59,Baja,pat isapre consalud,128400,salud,2026-01-03,cartola
67,CL,CLP,1872119,59,Baja,pago metrogas,98005,servicios,2026-01-22,natural
67,CL,CLP,1872119,59,Baja,pago duoc uc,256443,educacion,2026-01-14,natural
67,CL,CLP,1872119,59,Baja,pago mundo pacífico,19735,servicios,2026-01-11,natural
67,CL,CLP,1872119,59,Baja,teatro caupolican entradas suc,89764,ocio,2026-01-15,cartola
67,CL,CLP,1872119,59,Baja,suscripcion a gimnasio sportlife,40806,ocio,2026-01-23,natural
67,CL,CLP,1872119,59,Baja,pat debito ruta maipo,28804,transporte,2026-01-08,cartola
67,CL,CLP,1872119,59,Baja,pago en clínica universidad de los andes,91455,salud,2026-01-13,natural
67,CL,CLP,1872119,59,Baja,viaje en peaje angostura,4753,transporte,2026-01-03,natural
67,CL,CLP,1872119,59,Baja,compra webpay falabella home,36895,vivienda,2026-01-27,cartola
67,CL,CLP,1872119,59,Baja,pago cuenta pat metrogas,58228,servicios,2026-01-22,cartola
67,CL,CLP,1872119,59,Baja,entrada a club de baile,90663,ocio,2026-01-14,natural
67,CL,CLP,1872119,59,Baja,pat netflix chile,17122,streaming,2026-01-03,cartola
67,CL,CLP,1872119,59,Baja,carga bencina en metro de santiago,11194,transporte,2026-01-10,natural
67,CL,CLP,1872119,59,Baja,suscripcion a amazon prime video,12623,streaming,2026-01-05,natural
67,CL,CLP,1872119,59,Baja,pat debito ruta 68,40706,transporte,2026-01-25,cartola
67,CL,CLP,1872119,59,Baja,pago en isapre colmena,186925,salud,2026-01-08,natural
67,CL,CLP,1872119,59,Baja,compra en pastelería marmentini,4911,alimentacion,2026-01-14,natural
67,CL,CLP,1872119,59,Baja,pago tricot,64426,otros,2026-01-29,natural
67,CL,CLP,1872119,59,Baja,suscripcion a teatro caupolicán,57771,ocio,2026-01-19,natural
67,CL,CLP,1872119,59,Baja,transbank unimarc,38515,alimentacion,2026-01-12,cartola
67,CL,CLP,1872119,59,Baja,viaje en vespucio norte,28234,transporte,2026-01-16,natural
67,CL,CLP,1872119,59,Baja,compra webpay cabify,14441,transporte,2026-01-05,cartola
67,CL,CLP,1872119,59,Baja,pago en papa johns,25447,alimentacion,2026-01-07,natural
67,CL,CLP,1872119,59,Baja,pago essbio,102970,servicios,2026-01-17,natural
67,CL,CLP,1872119,59,Baja,bencina shell,51396,transporte,2026-01-20,cartola
67,CL,CLP,1872119,59,Baja,club de baile entradas,67159,ocio,2026-01-09,cartola
67,CL,CLP,1872119,59,Baja,suscripcion a cineplanet,17037,ocio,2026-01-15,natural
67,CL,CLP,1872119,59,Baja,transbank juan maestro,11652,alimentacion,2026-01-28,cartola
67,CL,CLP,1872119,59,Baja,transbank doña juana,20546,alimentacion,2026-01-15,cartola
67,CL,CLP,1872119,59,Baja,pago colectivo linea 40,5840,transporte,2026-01-05,cartola
67,CL,CLP,1872119,59,Baja,integramedica consulta suc,154962,salud,2026-01-13,cartola
67,CL,CLP,1872119,59,Baja,suscripcion a spotify,14323,streaming,2026-01-25,natural
67,CL,CLP,1872119,59,Baja,pat udd arancel,389433,educacion,2026-01-23,cartola
67,CL,CLP,1872119,59,Baja,pago saesa,67460,servicios,2026-01-19,natural
67,CL,CLP,1872119,59,Baja,transbank tarragona,22580,alimentacion,2026-01-15,cartola
67,CL,CLP,1872119,59,Baja,compra en tarragona,12204,alimentacion,2026-01-16,natural
67,CL,CLP,1872119,59,Baja,viaje en costanera norte,24316,transporte,2026-01-07,natural
67,CL,CLP,1872119,59,Baja,pago sencillito cuentas recaudacion,119286,servicios,2026-01-27,cartola
67,CL,CLP,1872119,59,Baja,compra redcompra imperial,46762,vivienda,2026-01-29,cartola
67,CL,CLP,1872119,59,Baja,pago aguas del altiplano,10891,servicios,2026-01-24,natural
67,CL,CLP,1872119,59,Baja,transbank pedro juan y diego,12267,alimentacion,2026-01-12,cartola
67,CL,CLP,1872119,59,Baja,compra en clínica indisa,63253,salud,2026-01-28,natural
67,CL,CLP,1872119,59,Baja,pago aguas de antofagasta,49960,servicios,2026-01-19,natural
67,CL,CLP,1872119,59,Baja,compra webpay uber,14799,transporte,2026-01-28,cartola
67,CL,CLP,1872119,59,Baja,transbank fuente alemana,27040,alimentacion,2026-01-06,cartola
67,CL,CLP,1872119,59,Baja,pago servipag cuentas,104903,servicios,2026-01-12,natural
67,CL,CLP,1872119,59,Baja,compra en papa johns,23732,alimentacion,2026-01-18,natural
67,CL,CLP,1872119,59,Baja,pago servipag cuentas,147780,servicios,2026-01-16,natural
67,CL,CLP,1872119,59,Baja,compra webpay tottus,51661,alimentacion,2026-01-08,cartola
67,CL,CLP,1872119,59,Baja,carga bencina en ruta del itata,15080,transporte,2026-01-17,natural
67,CL,CLP,1872119,59,Baja,pago imperial,102115,vivienda,2026-01-15,natural
67,CL,CLP,1872119,59,Baja,maderas encofrados compra,38434,vivienda,2026-01-15,cartola
67,CL,CLP,1872119,59,Baja,transbank melt pizzas,29625,alimentacion,2026-01-11,cartola
67,CL,CLP,1872119,59,Baja,compra en isapre banmédica,123013,salud,2026-01-20,natural
67,CL,CLP,1872119,59,Baja,entrada a teatro caupolicán,58436,ocio,2026-01-22,natural
67,CL,CLP,1872119,59,Baja,suscripcion a disney plus,14061,streaming,2026-01-10,natural
68,CL,CLP,1730985,30,Alta,compra webpay passline,17558,ocio,2026-01-17,cartola
68,CL,CLP,1730985,30,Alta,transantiago buses metropolitana,9608,transporte,2026-01-29,cartola
68,CL,CLP,1730985,30,Alta,pago abastible,117182,servicios,2026-01-23,natural
68,CL,CLP,1730985,30,Alta,carga bencina en costanera norte,30701,transporte,2026-01-26,natural
68,CL,CLP,1730985,30,Alta,transbank upa!,8957,alimentacion,2026-01-24,cartola
68,CL,CLP,1730985,30,Alta,pat spotify chile,6258,streaming,2026-01-21,cartola
68,CL,CLP,1730985,30,Alta,transbank kfc,15909,alimentacion,2026-01-08,cartola
68,CL,CLP,1730985,30,Alta,editorial santillana chile pat,64093,educacion,2026-01-05,cartola
68,CL,CLP,1730985,30,Alta,suscripcion a bar el barista,20561,ocio,2026-01-14,natural
68,CL,CLP,1730985,30,Alta,megasalud atencion medica,446765,salud,2026-01-09,cartola
68,CL,CLP,1730985,30,Alta,compra en megasalud,48577,salud,2026-01-18,natural
68,CL,CLP,1730985,30,Alta,pago administración jardines de maipú,241556,vivienda,2026-01-05,natural
68,CL,CLP,1730985,30,Alta,compra en ópticas schilling,64018,salud,2026-01-20,natural
68,CL,CLP,1730985,30,Alta,compra redcompra imperial,53117,vivienda,2026-01-10,cartola
68,CL,CLP,1730985,30,Alta,pago cuenta pat gasco,32140,servicios,2026-01-14,cartola
68,CL,CLP,1730985,30,Alta,pago cuenta pat enel distribucion,141100,servicios,2026-01-07,cartola
68,CL,CLP,1730985,30,Alta,pat debito costanera norte,26148,transporte,2026-01-14,cartola
68,CL,CLP,1730985,30,Alta,compra en ok market,30895,alimentacion,2026-01-27,natural
68,CL,CLP,1730985,30,Alta,compra en starbucks,12047,alimentacion,2026-01-06,natural
68,CL,CLP,1730985,30,Alta,pago gasco,37463,servicios,2026-01-29,natural
68,CL,CLP,1730985,30,Alta,pago debito pat chilena consolidada,22011,otros,2026-01-27,cartola
68,CL,CLP,1730985,30,Alta,pago gasco,21301,servicios,2026-01-04,natural
68,CL,CLP,1730985,30,Alta,transbank tommy beans,7086,alimentacion,2026-01-29,cartola
68,CL,CLP,1730985,30,Alta,pago administración jardines de maipú,310266,vivienda,2026-01-14,natural
68,CL,CLP,1730985,30,Alta,transbank emporio la rosa,38305,alimentacion,2026-01-20,cartola
68,CL,CLP,1730985,30,Alta,giro cajavecina almacen pos,174445,otros,2026-01-29,cartola
68,CL,CLP,1730985,30,Alta,pago seguros sura,14710,otros,2026-01-19,natural
68,CL,CLP,1730985,30,Alta,carga bencina en peaje troncal lampa,1380,transporte,2026-01-05,natural
68,CL,CLP,1730985,30,Alta,pat debito vespucio sur,17813,transporte,2026-01-08,cartola
68,CL,CLP,1730985,30,Alta,transbank fuente suiza,33712,alimentacion,2026-01-10,cartola
68,CL,CLP,1730985,30,Alta,pago cuenta pat mundo pacifico,14689,servicios,2026-01-02,cartola
68,CL,CLP,1730985,30,Alta,entrada a steam games,11429,ocio,2026-01-29,natural
68,CL,CLP,1730985,30,Alta,pago sencillito cuentas recaudacion,112538,servicios,2026-01-27,cartola
68,CL,CLP,1730985,30,Alta,compra webpay lider,177803,alimentacion,2026-01-22,cartola
68,CL,CLP,1730985,30,Alta,pago entel fibra,84820,servicios,2026-01-22,natural
68,CL,CLP,1730985,30,Alta,compra en clínica bupa,393530,salud,2026-01-04,natural
68,CL,CLP,1730985,30,Alta,viaje en vespucio sur,17969,transporte,2026-01-07,natural
68,CL,CLP,1730985,30,Alta,transbank botilleria el faro,17579,alimentacion,2026-01-20,cartola
68,CL,CLP,1730985,30,Alta,compra redcompra casaideas,107037,vivienda,2026-01-03,cartola
68,CL,CLP,1730985,30,Alta,compra en schopdog,47959,alimentacion,2026-01-19,natural
68,CL,CLP,1730985,30,Alta,suscripcion a disney plus,12516,streaming,2026-01-11,natural
68,CL,CLP,1730985,30,Alta,viaje en petrobras,48152,transporte,2026-01-13,natural
68,CL,CLP,1730985,30,Alta,pat dmoov chile suc,35893,ocio,2026-01-17,cartola
68,CL,CLP,1730985,30,Alta,pago mundo pacífico,55534,servicios,2026-01-26,natural
68,CL,CLP,1730985,30,Alta,compra en clínica indisa,233530,salud,2026-01-17,natural
68,CL,CLP,1730985,30,Alta,pago lipigas,105814,servicios,2026-01-28,natural
68,CL,CLP,1730985,30,Alta,pago wom fibra,73965,servicios,2026-01-03,natural
68,CL,CLP,1730985,30,Alta,compra en almacén de barrio,36754,alimentacion,2026-01-21,natural
68,CL,CLP,1730985,30,Alta,pat aiep arancel,180591,educacion,2026-01-06,cartola
68,CL,CLP,1730985,30,Alta,compra en tottus,71512,alimentacion,2026-01-11,natural
68,CL,CLP,1730985,30,Alta,pago en kfc,9604,alimentacion,2026-01-23,natural
68,CL,CLP,1730985,30,Alta,integramedica consulta suc,156748,salud,2026-01-03,cartola
68,CL,CLP,1730985,30,Alta,transbank papa johns,7015,alimentacion,2026-01-21,cartola
68,CL,CLP,1730985,30,Alta,compra webpay passline,50844,ocio,2026-01-29,cartola
68,CL,CLP,1730985,30,Alta,pago essbio,55652,servicios,2026-01-03,natural
68,CL,CLP,1730985,30,Alta,suscripcion a spotify,5765,streaming,2026-01-06,natural
68,CL,CLP,1730985,30,Alta,pago cuenta pat abastible,69432,servicios,2026-01-14,cartola
68,CL,CLP,1730985,30,Alta,compra en unimarc,156109,alimentacion,2026-01-05,natural
68,CL,CLP,1730985,30,Alta,compra en telepizza,8808,alimentacion,2026-01-21,natural
68,CL,CLP,1730985,30,Alta,pago cuenta pat metrogas,92951,servicios,2026-01-25,cartola
68,CL,CLP,1730985,30,Alta,viaje en efe trenes,3304,transporte,2026-01-02,natural
68,CL,CLP,1730985,30,Alta,pago instituto profesional santo tomás,589755,educacion,2026-01-28,natural
68,CL,CLP,1730985,30,Alta,pago gasco,118283,servicios,2026-01-22,natural
68,CL,CLP,1730985,30,Alta,pago en ópticas gmo,33341,salud,2026-01-21,natural
68,CL,CLP,1730985,30,Alta,clinica univ de los andes,437312,salud,2026-01-13,cartola
68,CL,CLP,1730985,30,Alta,compra en superbodega acuenta,19716,alimentacion,2026-01-06,natural
68,CL,CLP,1730985,30,Alta,suscripcion a amazon prime video,12346,streaming,2026-01-14,natural
68,CL,CLP,1730985,30,Alta,laboratorio bionet pos,33749,salud,2026-01-11,cartola
68,CL,CLP,1730985,30,Alta,inscripcion en aiep,312063,educacion,2026-01-16,natural
68,CL,CLP,1730985,30,Alta,viaje en ruta 68,22727,transporte,2026-01-17,natural
68,CL,CLP,1730985,30,Alta,transbank domino,12279,alimentacion,2026-01-24,cartola
68,CL,CLP,1730985,30,Alta,pago administración jardines de maipú,308579,vivienda,2026-01-07,natural
68,CL,CLP,1730985,30,Alta,compra en farmacias del dr simi,45406,salud,2026-01-14,natural
68,CL,CLP,1730985,30,Alta,pago cuenta pat wom fibra,75345,servicios,2026-01-05,cartola
68,CL,CLP,1730985,30,Alta,compra webpay uber,6067,transporte,2026-01-07,cartola
68,CL,CLP,1730985,30,Alta,pat netflix chile,7075,streaming,2026-01-27,cartola
68,CL,CLP,1730985,30,Alta,pago condovive copropiedad,210093,vivienda,2026-01-08,natural
68,CL,CLP,1730985,30,Alta,transbank fuente suiza,17362,alimentacion,2026-01-25,cartola
68,CL,CLP,1730985,30,Alta,pago comunidadfeliz gastos comunes,98448,vivienda,2026-01-23,natural
68,CL,CLP,1730985,30,Alta,pat isapre banmedica,119194,salud,2026-01-12,cartola
68,CL,CLP,1730985,30,Alta,fantasilandia entradas,54122,ocio,2026-01-28,cartola
68,CL,CLP,1730985,30,Alta,compra en doggis,6243,alimentacion,2026-01-17,natural
68,CL,CLP,1730985,30,Alta,compra redcompra salcobrand,64490,salud,2026-01-05,cartola
68,CL,CLP,1730985,30,Alta,transantiago buses metropolitana,2102,transporte,2026-01-23,cartola
68,CL,CLP,1730985,30,Alta,transbank mcdonalds,23441,alimentacion,2026-01-04,cartola
68,CL,CLP,1730985,30,Alta,suscripcion a kidzania santiago,90767,ocio,2026-01-16,natural
68,CL,CLP,1730985,30,Alta,transbank kfc,16416,alimentacion,2026-01-14,cartola
68,CL,CLP,1730985,30,Alta,dentalalegre clinica dental,33649,salud,2026-01-02,cartola
68,CL,CLP,1730985,30,Alta,compra webpay tottus,95150,alimentacion,2026-01-06,cartola
68,CL,CLP,1730985,30,Alta,pago aguas de antofagasta,25007,servicios,2026-01-19,natural
68,CL,CLP,1730985,30,Alta,pago cuenta pat aguas andinas,86259,servicios,2026-01-15,cartola
68,CL,CLP,1730985,30,Alta,pago esval,81102,servicios,2026-01-11,natural
68,CL,CLP,1730985,30,Alta,compra redcompra zara chile,38008,otros,2026-01-17,cartola
68,CL,CLP,1730985,30,Alta,carga bencina en tarjeta bip!,7984,transporte,2026-01-10,natural
68,CL,CLP,1730985,30,Alta,pago cuenta pat claro hogar,48235,servicios,2026-01-28,cartola
68,CL,CLP,1730985,30,Alta,transbank wendys,34911,alimentacion,2026-01-25,cartola
68,CL,CLP,1730985,30,Alta,pago en mayorista 10,31703,alimentacion,2026-01-14,natural
68,CL,CLP,1730985,30,Alta,pago en dunkin donuts,16216,alimentacion,2026-01-05,natural
68,CL,CLP,1730985,30,Alta,bar la virgen compra suc,88397,ocio,2026-01-10,cartola
68,CL,CLP,1730985,30,Alta,pago cuenta pat vtr telecom,112474,servicios,2026-01-04,cartola
68,CL,CLP,1730985,30,Alta,pago cuenta pat entel fibra,85136,servicios,2026-01-12,cartola
68,CL,CLP,1730985,30,Alta,pago en burger king,9229,alimentacion,2026-01-20,natural
68,CL,CLP,1730985,30,Alta,pago cuenta pat enel distribucion,122760,servicios,2026-01-12,cartola
68,CL,CLP,1730985,30,Alta,teatro caupolican entradas suc,21552,ocio,2026-01-08,cartola
68,CL,CLP,1730985,30,Alta,pago copropietarios edificio el golf,104644,vivienda,2026-01-22,natural
68,CL,CLP,1730985,30,Alta,centro medico san lorenzo,57757,salud,2026-01-05,cartola
68,CL,CLP,1730985,30,Alta,pago enel distribución,140119,servicios,2026-01-22,natural
68,CL,CLP,1730985,30,Alta,pago ferretería el candado,81576,vivienda,2026-01-16,natural
68,CL,CLP,1730985,30,Alta,suscripcion a netflix chile,6326,streaming,2026-01-02,natural
68,CL,CLP,1730985,30,Alta,viaje en ruta del itata,24149,transporte,2026-01-22,natural
68,CL,CLP,1730985,30,Alta,carga bip webpay,9664,transporte,2026-01-10,cartola
68,CL,CLP,1730985,30,Alta,suscripcion a disney plus,15221,streaming,2026-01-09,natural
68,CL,CLP,1730985,30,Alta,pat isapre banmedica,160256,salud,2026-01-23,cartola
68,CL,CLP,1730985,30,Alta,opticas schilling compra,29609,salud,2026-01-13,cartola
68,CL,CLP,1730985,30,Alta,pago chilquinta,136795,servicios,2026-01-03,natural
68,CL,CLP,1730985,30,Alta,viaje en copec,67111,transporte,2026-01-02,natural
68,CL,CLP,1730985,30,Alta,pago en almacén de barrio,11574,alimentacion,2026-01-19,natural
68,CL,CLP,1730985,30,Alta,inscripcion en antártica libros,20607,educacion,2026-01-07,natural
68,CL,CLP,1730985,30,Alta,inscripcion en universidad de los andes,499720,educacion,2026-01-03,natural
68,CL,CLP,1730985,30,Alta,compra redcompra feria chilena libro,40389,educacion,2026-01-04,cartola
68,CL,CLP,1730985,30,Alta,maderas encofrados compra,101672,vivienda,2026-01-14,cartola
68,CL,CLP,1730985,30,Alta,pago breal propiedades,157735,vivienda,2026-01-11,natural
68,CL,CLP,1730985,30,Alta,transbank sibaritas 87,10216,alimentacion,2026-01-13,cartola
68,CL,CLP,1730985,30,Alta,pago cuenta pat cge distribucion,109937,servicios,2026-01-17,cartola
68,CL,CLP,1730985,30,Alta,pago administración jardines de maipú,63594,vivienda,2026-01-14,natural
69,CL,CLP,1253716,56,Alta,pago paris deco,17669,vivienda,2026-01-23,natural
69,CL,CLP,1253716,56,Alta,pago movistar hogar,97093,servicios,2026-01-26,natural
69,CL,CLP,1253716,56,Alta,pago cuenta pat essbio agua,64963,servicios,2026-01-04,cartola
69,CL,CLP,1253716,56,Alta,transbank carls jr,21926,alimentacion,2026-01-13,cartola
69,CL,CLP,1253716,56,Alta,pago en pedidosya,18037,alimentacion,2026-01-26,natural
69,CL,CLP,1253716,56,Alta,pago cuenta pat saesa,121311,servicios,2026-01-16,cartola
69,CL,CLP,1253716,56,Alta,pat disney plus chile,6006,streaming,2026-01-27,cartola
69,CL,CLP,1253716,56,Alta,transbank la sanguchera,36411,alimentacion,2026-01-08,cartola
69,CL,CLP,1253716,56,Alta,viaje en autopista vespucio oriente avo,18238,transporte,2026-01-07,natural
69,CL,CLP,1253716,56,Alta,pago saesa,91138,servicios,2026-01-21,natural
69,CL,CLP,1253716,56,Alta,viaje en shell,43789,transporte,2026-01-10,natural
69,CL,CLP,1253716,56,Alta,transbank la sanguchera,37304,alimentacion,2026-01-21,cartola
69,CL,CLP,1253716,56,Alta,pat disney plus chile,6850,streaming,2026-01-29,cartola
69,CL,CLP,1253716,56,Alta,entrada a teatro nescafé de las artes,25818,ocio,2026-01-09,natural
69,CL,CLP,1253716,56,Alta,compra webpay falabella suc,319296,otros,2026-01-24,cartola
69,CL,CLP,1253716,56,Alta,pago sencillito cuentas recaudacion,138895,servicios,2026-01-27,cartola
69,CL,CLP,1253716,56,Alta,mercadolibre*compra webpay,109646,otros,2026-01-27,cartola
69,CL,CLP,1253716,56,Alta,pago en mcdonalds,21084,alimentacion,2026-01-06,natural
69,CL,CLP,1253716,56,Alta,pat debito autopista del sol,44080,transporte,2026-01-23,cartola
69,CL,CLP,1253716,56,Alta,pago chilquinta,43465,servicios,2026-01-09,natural
69,CL,CLP,1253716,56,Alta,compra webpay uber,5413,transporte,2026-01-08,cartola
69,CL,CLP,1253716,56,Alta,compra webpay jumbo,136629,alimentacion,2026-01-13,cartola
69,CL,CLP,1253716,56,Alta,pago sencillito cuentas recaudacion,21626,servicios,2026-01-10,cartola
69,CL,CLP,1253716,56,Alta,pago en isapre colmena,108117,salud,2026-01-24,natural
69,CL,CLP,1253716,56,Alta,pat netflix chile,7293,streaming,2026-01-28,cartola
69,CL,CLP,1253716,56,Alta,suscripcion a spotify,8237,streaming,2026-01-19,natural
69,CL,CLP,1253716,56,Alta,pago falabella home,74645,vivienda,2026-01-03,natural
69,CL,CLP,1253716,56,Alta,pago cuenta pat aguas antofagasta,89798,servicios,2026-01-28,cartola
69,CL,CLP,1253716,56,Alta,pago cuenta pat nuevosur agua,135839,servicios,2026-01-18,cartola
69,CL,CLP,1253716,56,Alta,comision mantencion cmr falabella,18012,otros,2026-01-21,cartola
69,CL,CLP,1253716,56,Alta,transbank burger king,9657,alimentacion,2026-01-25,cartola
69,CL,CLP,1253716,56,Alta,pago duoc uc,317019,educacion,2026-01-21,natural
69,CL,CLP,1253716,56,Alta,alipay*aliexpress inter,123014,otros,2026-01-05,cartola
69,CL,CLP,1253716,56,Alta,entrada a cineplanet,20717,ocio,2026-01-10,natural
69,CL,CLP,1253716,56,Alta,pat spotify chile,13352,streaming,2026-01-16,cartola
69,CL,CLP,1253716,56,Alta,suscripcion a ticketmaster chile,65366,ocio,2026-01-19,natural
69,CL,CLP,1253716,56,Alta,transbank burger king,31984,alimentacion,2026-01-03,cartola
69,CL,CLP,1253716,56,Alta,teatro nescafe de las artes entradas,42941,ocio,2026-01-11,cartola
69,CL,CLP,1253716,56,Alta,pago cuenta pat gasco,90894,servicios,2026-01-29,cartola
69,CL,CLP,1253716,56,Alta,compra webpay sodimac,16134,vivienda,2026-01-09,cartola
69,CL,CLP,1253716,56,Alta,pago gasco,143091,servicios,2026-01-10,natural
69,CL,CLP,1253716,56,Alta,pago universidad andrés bello unab,185178,educacion,2026-01-23,natural
69,CL,CLP,1253716,56,Alta,pago inacap,416039,educacion,2026-01-18,natural
69,CL,CLP,1253716,56,Alta,pago h&m chile,41725,otros,2026-01-17,natural
69,CL,CLP,1253716,56,Alta,yolito ferreteria compra,106108,vivienda,2026-01-12,cartola
69,CL,CLP,1253716,56,Alta,condonvive copropiedad transfer,164914,vivienda,2026-01-13,cartola
69,CL,CLP,1253716,56,Alta,clinica las condes pos,70593,salud,2026-01-29,cartola
69,CL,CLP,1253716,56,Alta,pago nuevosur,66718,servicios,2026-01-26,natural
69,CL,CLP,1253716,56,Alta,pago en subway,19634,alimentacion,2026-01-03,natural
69,CL,CLP,1253716,56,Alta,transbank bar el barista,60637,ocio,2026-01-09,cartola
69,CL,CLP,1253716,56,Alta,compra en bravissimo,8527,alimentacion,2026-01-05,natural
69,CL,CLP,1253716,56,Alta,pago scotiabank,12041,otros,2026-01-21,natural
69,CL,CLP,1253716,56,Alta,viaje en metro de santiago,3369,transporte,2026-01-23,natural
69,CL,CLP,1253716,56,Alta,pago en starbucks,11075,alimentacion,2026-01-02,natural
69,CL,CLP,1253716,56,Alta,pago esval,137309,servicios,2026-01-02,natural
69,CL,CLP,1253716,56,Alta,compra en ópticas gmo,41288,salud,2026-01-02,natural
69,CL,CLP,1253716,56,Alta,pat debito autopista central,36905,transporte,2026-01-17,cartola
69,CL,CLP,1253716,56,Alta,transbank alvi,29634,alimentacion,2026-01-10,cartola
69,CL,CLP,1253716,56,Alta,fonasa compra bono,113268,salud,2026-01-15,cartola
69,CL,CLP,1253716,56,Alta,compra redcompra feria chilena libro,18979,educacion,2026-01-27,cartola
69,CL,CLP,1253716,56,Alta,pago cge distribución,121306,servicios,2026-01-20,natural
69,CL,CLP,1253716,56,Alta,suscripcion a cinemark,16986,ocio,2026-01-14,natural
69,CL,CLP,1253716,56,Alta,pago cuenta pat movistar hogar,41364,servicios,2026-01-28,cartola
69,CL,CLP,1253716,56,Alta,pago casaideas,104046,vivienda,2026-01-17,natural
69,CL,CLP,1253716,56,Alta,pago administración jardines de maipú,61898,vivienda,2026-01-24,natural
69,CL,CLP,1253716,56,Alta,pago itaú comisiones,1366,otros,2026-01-20,natural
69,CL,CLP,1253716,56,Alta,entrada a pacific fitness,35681,ocio,2026-01-10,natural
69,CL,CLP,1253716,56,Alta,carga bencina en efe trenes,8818,transporte,2026-01-28,natural
69,CL,CLP,1253716,56,Alta,suscripcion a disney plus,9323,streaming,2026-01-12,natural
69,CL,CLP,1253716,56,Alta,viaje en ruta del maipo,26695,transporte,2026-01-24,natural
69,CL,CLP,1253716,56,Alta,entrada a pacific fitness,33871,ocio,2026-01-02,natural
69,CL,CLP,1253716,56,Alta,pat inacap arancel,145429,educacion,2026-01-14,cartola
69,CL,CLP,1253716,56,Alta,suscripcion a bar la virgen,86829,ocio,2026-01-03,natural
69,CL,CLP,1253716,56,Alta,pago cuenta pat enel distribucion,28757,servicios,2026-01-10,cartola
69,CL,CLP,1253716,56,Alta,pago chilquinta,89487,servicios,2026-01-25,natural
69,CL,CLP,1253716,56,Alta,suscripcion a cinehoyts,18700,ocio,2026-01-20,natural
69,CL,CLP,1253716,56,Alta,pago en doggis,31671,alimentacion,2026-01-13,natural
69,CL,CLP,1253716,56,Alta,carga bencina en pullman bus,1591,transporte,2026-01-03,natural
69,CL,CLP,1253716,56,Alta,pago cuenta pat cge distribucion,15897,servicios,2026-01-15,cartola
69,CL,CLP,1253716,56,Alta,viaje en autopista central,19509,transporte,2026-01-18,natural
69,CL,CLP,1253716,56,Alta,pago cuenta pat metrogas,125532,servicios,2026-01-13,cartola
69,CL,CLP,1253716,56,Alta,compra en clínica las condes,307195,salud,2026-01-29,natural
69,CL,CLP,1253716,56,Alta,pat debito vespucio norte,11817,transporte,2026-01-15,cartola
69,CL,CLP,1253716,56,Alta,transbank upa!,38756,alimentacion,2026-01-17,cartola
69,CL,CLP,1253716,56,Alta,pat sportlife gimnasios,20592,ocio,2026-01-18,cartola
69,CL,CLP,1253716,56,Alta,pago en fuente alemana,10997,alimentacion,2026-01-13,natural
69,CL,CLP,1253716,56,Alta,transbank fuente alemana,28436,alimentacion,2026-01-23,cartola
69,CL,CLP,1253716,56,Alta,pago en bravissimo,25620,alimentacion,2026-01-09,natural
69,CL,CLP,1253716,56,Alta,compra en jumbo,127131,alimentacion,2026-01-26,natural
69,CL,CLP,1253716,56,Alta,compra redcompra construmart,88831,vivienda,2026-01-10,cartola
69,CL,CLP,1253716,56,Alta,pago alquiler propiedades chile,253045,vivienda,2026-01-22,natural
69,CL,CLP,1253716,56,Alta,compra en burger king,31457,alimentacion,2026-01-05,natural
69,CL,CLP,1253716,56,Alta,compra redcompra libreria nacional,33920,educacion,2026-01-13,cartola
69,CL,CLP,1253716,56,Alta,pat debito costanera norte,9530,transporte,2026-01-10,cartola
69,CL,CLP,1253716,56,Alta,pago aguas del altiplano,109542,servicios,2026-01-13,natural
69,CL,CLP,1253716,56,Alta,pago servipag cuentas,142402,servicios,2026-01-10,natural
69,CL,CLP,1253716,56,Alta,suscripcion a netflix chile,15383,streaming,2026-01-18,natural
69,CL,CLP,1253716,56,Alta,pago chilquinta,33073,servicios,2026-01-29,natural
69,CL,CLP,1253716,56,Alta,pago en farmacias knop,39632,salud,2026-01-26,natural
69,CL,CLP,1253716,56,Alta,pago administración jardines de maipú,132375,vivienda,2026-01-25,natural
69,CL,CLP,1253716,56,Alta,suscripcion a netflix chile,16256,streaming,2026-01-18,natural
69,CL,CLP,1253716,56,Alta,pago cuenta pat mundo pacifico,90150,servicios,2026-01-02,cartola
69,CL,CLP,1253716,56,Alta,pat udp arancel academico,321582,educacion,2026-01-26,cartola
69,CL,CLP,1253716,56,Alta,pago cuenta pat aguas del altiplano,116214,servicios,2026-01-27,cartola
69,CL,CLP,1253716,56,Alta,inscripcion en colegio san ignacio,81811,educacion,2026-01-19,natural
69,CL,CLP,1253716,56,Alta,transbank telepizza,30639,alimentacion,2026-01-14,cartola
69,CL,CLP,1253716,56,Alta,transbank bar el barista,70566,ocio,2026-01-10,cartola
69,CL,CLP,1253716,56,Alta,pago cuenta pat entel fibra,63943,servicios,2026-01-03,cartola
69,CL,CLP,1253716,56,Alta,compra webpay pullman bus,3925,transporte,2026-01-20,cartola
69,CL,CLP,1253716,56,Alta,transbank tavelli,33791,alimentacion,2026-01-06,cartola
69,CL,CLP,1253716,56,Alta,pago cuenta pat mundo pacifico,127012,servicios,2026-01-15,cartola
69,CL,CLP,1253716,56,Alta,pago vtr internet,121438,servicios,2026-01-26,natural
69,CL,CLP,1253716,56,Alta,compra en emporio la rosa,9348,alimentacion,2026-01-13,natural
69,CL,CLP,1253716,56,Alta,transbank doña juana,20588,alimentacion,2026-01-20,cartola
69,CL,CLP,1253716,56,Alta,club de baile entradas,35603,ocio,2026-01-15,cartola
69,CL,CLP,1253716,56,Alta,pago entel fibra,14062,servicios,2026-01-15,natural
69,CL,CLP,1253716,56,Alta,pago movistar hogar,93508,servicios,2026-01-22,natural
69,CL,CLP,1253716,56,Alta,compra en isapre consalud,149313,salud,2026-01-27,natural
69,CL,CLP,1253716,56,Alta,pago cuenta pat mundo pacifico,118965,servicios,2026-01-23,cartola
69,CL,CLP,1253716,56,Alta,compra webpay pullman bus,8796,transporte,2026-01-17,cartola
69,CL,CLP,1253716,56,Alta,pago cuenta pat saesa,81222,servicios,2026-01-27,cartola
69,CL,CLP,1253716,56,Alta,maderas encofrados compra,13262,vivienda,2026-01-13,cartola
69,CL,CLP,1253716,56,Alta,compra webpay ripley suc,62853,otros,2026-01-11,cartola
69,CL,CLP,1253716,56,Alta,viaje en tarjeta bip!,2086,transporte,2026-01-16,natural
69,CL,CLP,1253716,56,Alta,pago cuenta pat aguas andinas,107046,servicios,2026-01-22,cartola
70,CL,CLP,1962893,52,Media,viaje en pullman bus,5876,transporte,2026-01-13,natural
70,CL,CLP,1962893,52,Media,compra efe trenes,9256,transporte,2026-01-28,cartola
70,CL,CLP,1962893,52,Media,pago sencillito cuentas recaudacion,117479,servicios,2026-01-28,cartola
70,CL,CLP,1962893,52,Media,compra webpay pullman bus,4510,transporte,2026-01-12,cartola
70,CL,CLP,1962893,52,Media,compra en bravissimo,26378,alimentacion,2026-01-23,natural
70,CL,CLP,1962893,52,Media,clinica univ de los andes,402686,salud,2026-01-18,cartola
70,CL,CLP,1962893,52,Media,discoteca amanda entradas pos,26731,ocio,2026-01-20,cartola
70,CL,CLP,1962893,52,Media,carga bencina en peaje angostura,4607,transporte,2026-01-24,natural
70,CL,CLP,1962893,52,Media,inscripcion en universidad adolfo ibáñez uai,285246,educacion,2026-01-28,natural
70,CL,CLP,1962893,52,Media,compra en dr ahorro,57706,salud,2026-01-27,natural
70,CL,CLP,1962893,52,Media,zoologico metropolitano entradas,68907,ocio,2026-01-11,cartola
70,CL,CLP,1962893,52,Media,compra webpay didi,12354,transporte,2026-01-13,cartola
70,CL,CLP,1962893,52,Media,compra en telepizza,25764,alimentacion,2026-01-15,natural
70,CL,CLP,1962893,52,Media,pago en clínica universidad de los andes,277905,salud,2026-01-23,natural
70,CL,CLP,1962893,52,Media,compra webpay ikea chile,153853,vivienda,2026-01-15,cartola
70,CL,CLP,1962893,52,Media,compra redcompra zara chile,159726,otros,2026-01-08,cartola
70,CL,CLP,1962893,52,Media,pago cuenta pat vtr telecom,97470,servicios,2026-01-28,cartola
70,CL,CLP,1962893,52,Media,suscripcion a spotify,10121,streaming,2026-01-03,natural
70,CL,CLP,1962893,52,Media,transbank tarragona,8423,alimentacion,2026-01-21,cartola
70,CL,CLP,1962893,52,Media,pago easy,259846,vivienda,2026-01-08,natural
70,CL,CLP,1962893,52,Media,transbank fuente alemana,7019,alimentacion,2026-01-04,cartola
70,CL,CLP,1962893,52,Media,compra en panadería san ramón,24176,alimentacion,2026-01-06,natural
70,CL,CLP,1962893,52,Media,estacionamiento saba pos,9369,transporte,2026-01-07,cartola
70,CL,CLP,1962893,52,Media,pago vtr internet,56029,servicios,2026-01-21,natural
70,CL,CLP,1962893,52,Media,peaje lampa pos,1015,transporte,2026-01-14,cartola
70,CL,CLP,1962893,52,Media,suscripcion a ticketmaster chile,54197,ocio,2026-01-05,natural
70,CL,CLP,1962893,52,Media,entrada a playstation network,83020,ocio,2026-01-10,natural
70,CL,CLP,1962893,52,Media,pago en tottus,40043,alimentacion,2026-01-21,natural
70,CL,CLP,1962893,52,Media,pago aguas del altiplano,123939,servicios,2026-01-05,natural
70,CL,CLP,1962893,52,Media,pago sparta,13207,otros,2026-01-20,natural
70,CL,CLP,1962893,52,Media,pago aguas de antofagasta,25613,servicios,2026-01-15,natural
70,CL,CLP,1962893,52,Media,compra webpay ticketmaster,83977,ocio,2026-01-08,cartola
70,CL,CLP,1962893,52,Media,pago universidad diego portales udp,318060,educacion,2026-01-25,natural
70,CL,CLP,1962893,52,Media,pago edipro edificio,133371,vivienda,2026-01-14,natural
70,CL,CLP,1962893,52,Media,pat debito autopista del sol,34414,transporte,2026-01-22,cartola
70,CL,CLP,1962893,52,Media,pago kastor gastos comunes,78159,vivienda,2026-01-28,natural
70,CL,CLP,1962893,52,Media,compra webpay maconline suc,482341,otros,2026-01-06,cartola
70,CL,CLP,1962893,52,Media,suscripcion a netflix chile,11937,streaming,2026-01-14,natural
70,CL,CLP,1962893,52,Media,transbank santa isabel,98509,alimentacion,2026-01-07,cartola
70,CL,CLP,1962893,52,Media,pat isapre banmedica,193944,salud,2026-01-29,cartola
70,CL,CLP,1962893,52,Media,pago servipag cuentas,90014,servicios,2026-01-24,natural
70,CL,CLP,1962893,52,Media,pago breal propiedades,342736,vivienda,2026-01-20,natural
70,CL,CLP,1962893,52,Media,pago aguas de antofagasta,143745,servicios,2026-01-29,natural
70,CL,CLP,1962893,52,Media,pat inacap arancel,577388,educacion,2026-01-18,cartola
70,CL,CLP,1962893,52,Media,pago comunidadfeliz gastos comunes,311023,vivienda,2026-01-21,natural
70,CL,CLP,1962893,52,Media,transbank tommy beans,6590,alimentacion,2026-01-24,cartola
70,CL,CLP,1962893,52,Media,pago essbio,108868,servicios,2026-01-12,natural
70,CL,CLP,1962893,52,Media,transbank almacen,22461,alimentacion,2026-01-12,cartola
70,CL,CLP,1962893,52,Media,pago construmart,93257,vivienda,2026-01-02,natural
70,CL,CLP,1962893,52,Media,carga bencina en pullman bus,2769,transporte,2026-01-16,natural
70,CL,CLP,1962893,52,Media,pago cuenta pat mundo pacifico,28104,servicios,2026-01-26,cartola
70,CL,CLP,1962893,52,Media,pago cuenta pat nuevosur agua,75141,servicios,2026-01-07,cartola
70,CL,CLP,1962893,52,Media,pago en redsalud,295405,salud,2026-01-21,natural
70,CL,CLP,1962893,52,Media,opticas gmo compra suc,29435,salud,2026-01-04,cartola
70,CL,CLP,1962893,52,Media,pago universidad del desarrollo udd,339179,educacion,2026-01-02,natural
70,CL,CLP,1962893,52,Media,pago aguas de antofagasta,94751,servicios,2026-01-14,natural
70,CL,CLP,1962893,52,Media,pago en dr ahorro,16009,salud,2026-01-03,natural
70,CL,CLP,1962893,52,Media,suscripcion a netflix chile,15380,streaming,2026-01-20,natural
70,CL,CLP,1962893,52,Media,transbank melt pizzas,17778,alimentacion,2026-01-02,cartola
70,CL,CLP,1962893,52,Media,pago cuenta pat nuevosur agua,11785,servicios,2026-01-05,cartola
70,CL,CLP,1962893,52,Media,pat amazon prime video,7991,streaming,2026-01-09,cartola
70,CL,CLP,1962893,52,Media,pago cuenta pat entel fibra,21610,servicios,2026-01-29,cartola
70,CL,CLP,1962893,52,Media,pago en fuente alemana,22967,alimentacion,2026-01-07,natural
70,CL,CLP,1962893,52,Media,compra en la picá del gringo,40149,alimentacion,2026-01-29,natural
70,CL,CLP,1962893,52,Media,compra en uber eats,48385,alimentacion,2026-01-02,natural
70,CL,CLP,1962893,52,Media,compra redcompra eco farmacias,72710,salud,2026-01-10,cartola
70,CL,CLP,1962893,52,Media,pago mundo pacífico,121766,servicios,2026-01-07,natural
70,CL,CLP,1962893,52,Media,pago gasco,32284,servicios,2026-01-09,natural
70,CL,CLP,1962893,52,Media,viaje en autopista del sol,5714,transporte,2026-01-04,natural
70,CL,CLP,1962893,52,Media,compra en cory,6027,alimentacion,2026-01-11,natural
70,CL,CLP,1962893,52,Media,bencina petrobras,73601,transporte,2026-01-09,cartola
70,CL,CLP,1962893,52,Media,pago pago de luz municipalidad,39492,servicios,2026-01-21,natural
70,CL,CLP,1962893,52,Media,pago zurich chile,2904,otros,2026-01-17,natural
70,CL,CLP,1962893,52,Media,pago en ópticas schilling,18487,salud,2026-01-27,natural
70,CL,CLP,1962893,52,Media,pago entel fibra,137070,servicios,2026-01-03,natural
70,CL,CLP,1962893,52,Media,pago aguas del altiplano,141707,servicios,2026-01-14,natural
70,CL,CLP,1962893,52,Media,transbank telepizza,17466,alimentacion,2026-01-10,cartola
70,CL,CLP,1962893,52,Media,compra en mamut,30261,alimentacion,2026-01-14,natural
70,CL,CLP,1962893,52,Media,pat uai arancel,644531,educacion,2026-01-05,cartola
70,CL,CLP,1962893,52,Media,pago entel fibra,98476,servicios,2026-01-25,natural
70,CL,CLP,1962893,52,Media,alquiler propiedades chile arriendo,311619,vivienda,2026-01-05,cartola
70,CL,CLP,1962893,52,Media,viaje en peaje troncal lampa,4388,transporte,2026-01-03,natural
70,CL,CLP,1962893,52,Media,pago en megasalud,29042,salud,2026-01-23,natural
70,CL,CLP,1962893,52,Media,pago gasco,102830,servicios,2026-01-19,natural
70,CL,CLP,1962893,52,Media,pago en starbucks,15091,alimentacion,2026-01-03,natural
70,CL,CLP,1962893,52,Media,pat debito autopista del sol,21985,transporte,2026-01-11,cartola
70,CL,CLP,1962893,52,Media,pago aguas del altiplano,46018,servicios,2026-01-26,natural
70,CL,CLP,1962893,52,Media,compra en papa johns,22177,alimentacion,2026-01-18,natural
70,CL,CLP,1962893,52,Media,condonvive copropiedad transfer,72873,vivienda,2026-01-28,cartola
70,CL,CLP,1962893,52,Media,pago en melt pizzas,27924,alimentacion,2026-01-26,natural
70,CL,CLP,1962893,52,Media,pago cuenta pat vtr telecom,143653,servicios,2026-01-21,cartola
70,CL,CLP,1962893,52,Media,pago cuenta pat movistar hogar,21272,servicios,2026-01-10,cartola
70,CL,CLP,1962893,52,Media,compra en uber eats,40925,alimentacion,2026-01-11,natural
70,CL,CLP,1962893,52,Media,compra en lider,128728,alimentacion,2026-01-16,natural
70,CL,CLP,1962893,52,Media,entrada a cinehoyts,20063,ocio,2026-01-09,natural
70,CL,CLP,1962893,52,Media,pat isapre colmena,158838,salud,2026-01-09,cartola
70,CL,CLP,1962893,52,Media,colegio san ignacio cuotas pat,128559,educacion,2026-01-25,cartola
70,CL,CLP,1962893,52,Media,transbank unimarc,94021,alimentacion,2026-01-29,cartola
70,CL,CLP,1962893,52,Media,compra redcompra construmart,48263,vivienda,2026-01-27,cartola
70,CL,CLP,1962893,52,Media,pago sodimac homecenter,50114,vivienda,2026-01-13,natural
70,CL,CLP,1962893,52,Media,pago cuenta pat saesa,11564,servicios,2026-01-16,cartola
70,CL,CLP,1962893,52,Media,pago cuenta pat wom fibra,75646,servicios,2026-01-11,cartola
70,CL,CLP,1962893,52,Media,pago debito pat hdi seguros,15960,otros,2026-01-18,cartola
70,CL,CLP,1962893,52,Media,entrada a gimnasio upgrade,33801,ocio,2026-01-15,natural
70,CL,CLP,1962893,52,Media,pago construmart,85182,vivienda,2026-01-19,natural
70,CL,CLP,1962893,52,Media,pago cuenta pat metrogas,40754,servicios,2026-01-02,cartola
70,CL,CLP,1962893,52,Media,compra redcompra sparta deportes,35031,otros,2026-01-16,cartola
70,CL,CLP,1962893,52,Media,pago debito pat hdi seguros,21386,otros,2026-01-09,cartola
70,CL,CLP,1962893,52,Media,pago en almacén doña juana,34399,alimentacion,2026-01-27,natural
70,CL,CLP,1962893,52,Media,suscripcion a netflix chile,7294,streaming,2026-01-13,natural
70,CL,CLP,1962893,52,Media,inscripcion en universidad adolfo ibáñez uai,420495,educacion,2026-01-20,natural
70,CL,CLP,1962893,52,Media,pat netflix chile,5984,streaming,2026-01-26,cartola
70,CL,CLP,1962893,52,Media,compra en panadería san ramón,30542,alimentacion,2026-01-19,natural
70,CL,CLP,1962893,52,Media,carga bencina en uber chile,3477,transporte,2026-01-06,natural
70,CL,CLP,1962893,52,Media,dentalalegre clinica dental,49134,salud,2026-01-04,cartola
70,CL,CLP,1962893,52,Media,pago servipag cuentas,54145,servicios,2026-01-24,natural
70,CL,CLP,1962893,52,Media,viaje en shell,29842,transporte,2026-01-21,natural
70,CL,CLP,1962893,52,Media,centro medico san lorenzo,46812,salud,2026-01-05,cartola
70,CL,CLP,1962893,52,Media,pago en centro médico san lorenzo,30824,salud,2026-01-24,natural
70,CL,CLP,1962893,52,Media,pago en isapre colmena,141396,salud,2026-01-19,natural
70,CL,CLP,1962893,52,Media,pago cuenta pat aguas antofagasta,60557,servicios,2026-01-03,cartola
70,CL,CLP,1962893,52,Media,pago en buffalo waffles,13978,alimentacion,2026-01-18,natural
70,CL,CLP,1962893,52,Media,pago ikea chile,39778,vivienda,2026-01-12,natural
70,CL,CLP,1962893,52,Media,pago lipigas,22058,servicios,2026-01-14,natural
70,CL,CLP,1962893,52,Media,compra webpay cinemark,26071,ocio,2026-01-27,cartola
71,CL,CLP,1685435,62,Baja,pago esval,140552,servicios,2026-01-22,natural
71,CL,CLP,1685435,62,Baja,pago saesa,24660,servicios,2026-01-15,natural
71,CL,CLP,1685435,62,Baja,compra en megasalud,171549,salud,2026-01-29,natural
71,CL,CLP,1685435,62,Baja,suscripcion a spotify,4947,streaming,2026-01-15,natural
71,CL,CLP,1685435,62,Baja,pago en pedidosya,24524,alimentacion,2026-01-02,natural
71,CL,CLP,1685435,62,Baja,pat amazon prime video,5125,streaming,2026-01-20,cartola
71,CL,CLP,1685435,62,Baja,pago sencillito cuentas recaudacion,74219,servicios,2026-01-21,cartola
71,CL,CLP,1685435,62,Baja,pago cuenta pat metrogas,84095,servicios,2026-01-21,cartola
71,CL,CLP,1685435,62,Baja,pago itaú comisiones,25496,otros,2026-01-03,natural
71,CL,CLP,1685435,62,Baja,bencina copec,23289,transporte,2026-01-18,cartola
71,CL,CLP,1685435,62,Baja,pat inacap arancel,564995,educacion,2026-01-10,cartola
71,CL,CLP,1685435,62,Baja,compra en eco farmacias,4574,salud,2026-01-12,natural
71,CL,CLP,1685435,62,Baja,pago cge distribución,41003,servicios,2026-01-17,natural
71,CL,CLP,1685435,62,Baja,carga bencina en autopista vespucio oriente avo,16746,transporte,2026-01-19,natural
71,CL,CLP,1685435,62,Baja,pat debito avo,23149,transporte,2026-01-07,cartola
71,CL,CLP,1685435,62,Baja,pago pinturas sherwin williams,48664,vivienda,2026-01-07,natural
71,CL,CLP,1685435,62,Baja,compra webpay turbus,4511,transporte,2026-01-24,cartola
71,CL,CLP,1685435,62,Baja,transbank tavelli,27640,alimentacion,2026-01-28,cartola
71,CL,CLP,1685435,62,Baja,compra redcompra ahumada,19344,salud,2026-01-07,cartola
71,CL,CLP,1685435,62,Baja,viaje en petrobras,21020,transporte,2026-01-23,natural
71,CL,CLP,1685435,62,Baja,pago lipigas,13528,servicios,2026-01-08,natural
71,CL,CLP,1685435,62,Baja,pago la polar,145093,otros,2026-01-18,natural
71,CL,CLP,1685435,62,Baja,compra en almacén de barrio,10067,alimentacion,2026-01-06,natural
71,CL,CLP,1685435,62,Baja,compra webpay rappi,4212,alimentacion,2026-01-22,cartola
71,CL,CLP,1685435,62,Baja,pago cuenta pat aguas del altiplano,107958,servicios,2026-01-15,cartola
71,CL,CLP,1685435,62,Baja,pago aiep,233387,educacion,2026-01-17,natural
71,CL,CLP,1685435,62,Baja,pago en isapre banmédica,73115,salud,2026-01-19,natural
71,CL,CLP,1685435,62,Baja,libreria que leo compra suc,20382,educacion,2026-01-18,cartola
71,CL,CLP,1685435,62,Baja,administracion jardines maipu exp,156464,vivienda,2026-01-06,cartola
71,CL,CLP,1685435,62,Baja,entrada a playstation network,34693,ocio,2026-01-03,natural
71,CL,CLP,1685435,62,Baja,pago en eco farmacias,57931,salud,2026-01-04,natural
71,CL,CLP,1685435,62,Baja,transbank doña juana,12067,alimentacion,2026-01-08,cartola
71,CL,CLP,1685435,62,Baja,teatro caupolican entradas suc,88694,ocio,2026-01-22,cartola
71,CL,CLP,1685435,62,Baja,viaje en peaje lateral,1284,transporte,2026-01-14,natural
71,CL,CLP,1685435,62,Baja,pat aiep arancel,345799,educacion,2026-01-15,cartola
71,CL,CLP,1685435,62,Baja,pat debito ruta itata,15776,transporte,2026-01-11,cartola
71,CL,CLP,1685435,62,Baja,pago cuenta pat gasco,83386,servicios,2026-01-15,cartola
71,CL,CLP,1685435,62,Baja,pat arancel unab suc,313021,educacion,2026-01-19,cartola
71,CL,CLP,1685435,62,Baja,pat arancel unab suc,273902,educacion,2026-01-09,cartola
71,CL,CLP,1685435,62,Baja,pago saesa,127374,servicios,2026-01-15,natural
71,CL,CLP,1685435,62,Baja,pago cuenta pat nuevosur agua,22155,servicios,2026-01-02,cartola
71,CL,CLP,1685435,62,Baja,estacionamiento mall center,4943,transporte,2026-01-09,cartola
71,CL,CLP,1685435,62,Baja,suscripcion a spotify,6198,streaming,2026-01-02,natural
71,CL,CLP,1685435,62,Baja,pago gasco,17102,servicios,2026-01-17,natural
71,CL,CLP,1685435,62,Baja,compra en lider,18357,alimentacion,2026-01-26,natural
71,CL,CLP,1685435,62,Baja,pago cuenta pat vtr telecom,109492,servicios,2026-01-11,cartola
71,CL,CLP,1685435,62,Baja,alquiler propiedades chile arriendo,130127,vivienda,2026-01-25,cartola
71,CL,CLP,1685435,62,Baja,pago en barrio chicken,21618,alimentacion,2026-01-15,natural
71,CL,CLP,1685435,62,Baja,peaje angostura pos,1118,transporte,2026-01-17,cartola
71,CL,CLP,1685435,62,Baja,compra en unimarc,157425,alimentacion,2026-01-08,natural
71,CL,CLP,1685435,62,Baja,compra en feria libre pinto,6828,alimentacion,2026-01-04,natural
71,CL,CLP,1685435,62,Baja,teatro nescafe de las artes entradas,79042,ocio,2026-01-16,cartola
71,CL,CLP,1685435,62,Baja,edificio el golf gastos comunes,294691,vivienda,2026-01-18,cartola
71,CL,CLP,1685435,62,Baja,pat amazon prime video,6770,streaming,2026-01-20,cartola
71,CL,CLP,1685435,62,Baja,pago copropietarios edificio el golf,267070,vivienda,2026-01-16,natural
71,CL,CLP,1685435,62,Baja,pago casaideas,72255,vivienda,2026-01-15,natural
71,CL,CLP,1685435,62,Baja,ferreteria prat compra,56752,vivienda,2026-01-14,cartola
71,CL,CLP,1685435,62,Baja,pago abastible,142172,servicios,2026-01-07,natural
71,CL,CLP,1685435,62,Baja,pago easy,171356,vivienda,2026-01-13,natural
71,CL,CLP,1685435,62,Baja,transbank fuente suiza,21449,alimentacion,2026-01-18,cartola
71,CL,CLP,1685435,62,Baja,pago vtr internet,29681,servicios,2026-01-07,natural
71,CL,CLP,1685435,62,Baja,entrada a max hbo,15408,ocio,2026-01-21,natural
71,CL,CLP,1685435,62,Baja,compra redcompra eco farmacias,20162,salud,2026-01-03,cartola
71,CL,CLP,1685435,62,Baja,pago comunidadfeliz gastos comunes,342953,vivienda,2026-01-25,natural
71,CL,CLP,1685435,62,Baja,carga bencina en peaje angostura,2867,transporte,2026-01-28,natural
71,CL,CLP,1685435,62,Baja,pago cuenta pat aguas del altiplano,149980,servicios,2026-01-10,cartola
71,CL,CLP,1685435,62,Baja,pago en ópticas gmo,26861,salud,2026-01-25,natural
71,CL,CLP,1685435,62,Baja,pat energy fitness gimnasio,19962,ocio,2026-01-08,cartola
71,CL,CLP,1685435,62,Baja,transbank juan valdez,14267,alimentacion,2026-01-24,cartola
71,CL,CLP,1685435,62,Baja,laboratorio bionet pos,33198,salud,2026-01-12,cartola
71,CL,CLP,1685435,62,Baja,pago gtd manquehue,134920,servicios,2026-01-09,natural
71,CL,CLP,1685435,62,Baja,suscripcion a kidzania santiago,73365,ocio,2026-01-28,natural
71,CL,CLP,1685435,62,Baja,pat amazon prime video,13085,streaming,2026-01-22,cartola
71,CL,CLP,1685435,62,Baja,pago municipalidad alumbrado luz,73231,servicios,2026-01-06,cartola
71,CL,CLP,1685435,62,Baja,pago en centro médico san lorenzo,63310,salud,2026-01-02,natural
71,CL,CLP,1685435,62,Baja,transantiago buses metropolitana,2815,transporte,2026-01-12,cartola
71,CL,CLP,1685435,62,Baja,edificio el golf gastos comunes,101606,vivienda,2026-01-25,cartola
71,CL,CLP,1685435,62,Baja,fonasa compra bono,55401,salud,2026-01-07,cartola
71,CL,CLP,1685435,62,Baja,pago la polar,131310,otros,2026-01-06,natural
71,CL,CLP,1685435,62,Baja,peaje melipilla pos,3466,transporte,2026-01-25,cartola
71,CL,CLP,1685435,62,Baja,carga metro santiago,3322,transporte,2026-01-19,cartola
71,CL,CLP,1685435,62,Baja,pago en burger king,29671,alimentacion,2026-01-22,natural
71,CL,CLP,1685435,62,Baja,pago cuenta pat entel fibra,117086,servicios,2026-01-03,cartola
71,CL,CLP,1685435,62,Baja,pago sodimac homecenter,238965,vivienda,2026-01-10,natural
71,CL,CLP,1685435,62,Baja,pago cuenta pat saesa,97045,servicios,2026-01-11,cartola
71,CL,CLP,1685435,62,Baja,clinica indisa pos,90831,salud,2026-01-21,cartola
71,CL,CLP,1685435,62,Baja,pat disney plus chile,11503,streaming,2026-01-06,cartola
71,CL,CLP,1685435,62,Baja,compra efe trenes,6426,transporte,2026-01-12,cartola
71,CL,CLP,1685435,62,Baja,compra redcompra dimeiggs,29338,educacion,2026-01-21,cartola
71,CL,CLP,1685435,62,Baja,compra en tarragona,7796,alimentacion,2026-01-06,natural
71,CL,CLP,1685435,62,Baja,pago zurich chile,16472,otros,2026-01-15,natural
71,CL,CLP,1685435,62,Baja,entrada a max hbo,9651,ocio,2026-01-05,natural
71,CL,CLP,1685435,62,Baja,carga bencina en didi taxi,17361,transporte,2026-01-19,natural
71,CL,CLP,1685435,62,Baja,megasalud atencion medica,293573,salud,2026-01-09,cartola
71,CL,CLP,1685435,62,Baja,entrada a passline,78305,ocio,2026-01-06,natural
71,CL,CLP,1685435,62,Baja,transbank la sanguchera,20573,alimentacion,2026-01-18,cartola
71,CL,CLP,1685435,62,Baja,pat spotify chile,13724,streaming,2026-01-15,cartola
71,CL,CLP,1685435,62,Baja,compra redcompra hm chile,65416,otros,2026-01-13,cartola
71,CL,CLP,1685435,62,Baja,edificio el golf gastos comunes,340791,vivienda,2026-01-11,cartola
71,CL,CLP,1685435,62,Baja,carga bencina en ruta del maipo,8190,transporte,2026-01-15,natural
71,CL,CLP,1685435,62,Baja,transbank burger king,26542,alimentacion,2026-01-22,cartola
71,CL,CLP,1685435,62,Baja,compra redcompra ahumada,14112,salud,2026-01-15,cartola
71,CL,CLP,1685435,62,Baja,compra en clínica las condes,222661,salud,2026-01-20,natural
71,CL,CLP,1685435,62,Baja,pago chilquinta,84643,servicios,2026-01-20,natural
71,CL,CLP,1685435,62,Baja,pago cuenta pat chilquinta,11665,servicios,2026-01-05,cartola
71,CL,CLP,1685435,62,Baja,pago en clínica dávila,367179,salud,2026-01-11,natural
71,CL,CLP,1685435,62,Baja,carga bip webpay,5573,transporte,2026-01-05,cartola
71,CL,CLP,1685435,62,Baja,sherwin williams compra suc,119939,vivienda,2026-01-14,cartola
71,CL,CLP,1685435,62,Baja,compra en almacén de barrio,36172,alimentacion,2026-01-27,natural
71,CL,CLP,1685435,62,Baja,pago servipag cuentas recaudacion,92520,servicios,2026-01-24,cartola
71,CL,CLP,1685435,62,Baja,pago en fuente alemana,48222,alimentacion,2026-01-23,natural
71,CL,CLP,1685435,62,Baja,pago cuenta pat esval agua,24810,servicios,2026-01-08,cartola
71,CL,CLP,1685435,62,Baja,transbank subway,19003,alimentacion,2026-01-26,cartola
71,CL,CLP,1685435,62,Baja,pago cuenta pat mundo pacifico,37784,servicios,2026-01-16,cartola
71,CL,CLP,1685435,62,Baja,compra en tavelli,48482,alimentacion,2026-01-29,natural
71,CL,CLP,1685435,62,Baja,transbank starbucks,4527,alimentacion,2026-01-10,cartola
71,CL,CLP,1685435,62,Baja,transbank ok market,27435,alimentacion,2026-01-02,cartola
71,CL,CLP,1685435,62,Baja,pago en redfarma,23358,salud,2026-01-27,natural
71,CL,CLP,1685435,62,Baja,viaje en tarjeta bip!,10925,transporte,2026-01-12,natural
71,CL,CLP,1685435,62,Baja,pago en wendy's,28075,alimentacion,2026-01-03,natural
71,CL,CLP,1685435,62,Baja,pago cuenta pat esval agua,84566,servicios,2026-01-17,cartola
71,CL,CLP,1685435,62,Baja,movistar arena entradas,18424,ocio,2026-01-15,cartola
71,CL,CLP,1685435,62,Baja,pago en juan valdez,9127,alimentacion,2026-01-08,natural
71,CL,CLP,1685435,62,Baja,pat amazon prime video,10125,streaming,2026-01-22,cartola
71,CL,CLP,1685435,62,Baja,pago entel fibra,92949,servicios,2026-01-03,natural
72,CL,CLP,1119895,33,Baja,bencina petrobras,59112,transporte,2026-01-12,cartola
72,CL,CLP,1119895,33,Baja,compra en botillería el faro,38695,alimentacion,2026-01-26,natural
72,CL,CLP,1119895,33,Baja,estacionamiento mall center,3121,transporte,2026-01-10,cartola
72,CL,CLP,1119895,33,Baja,pat netflix chile,15294,streaming,2026-01-06,cartola
72,CL,CLP,1119895,33,Baja,entrada a gimnasio upgrade,33007,ocio,2026-01-22,natural
72,CL,CLP,1119895,33,Baja,pago nuevosur,69742,servicios,2026-01-20,natural
72,CL,CLP,1119895,33,Baja,pat disney plus chile,15626,streaming,2026-01-15,cartola
72,CL,CLP,1119895,33,Baja,pago entel fibra,84021,servicios,2026-01-11,natural
72,CL,CLP,1119895,33,Baja,giro cajavecina almacen pos,125123,otros,2026-01-22,cartola
72,CL,CLP,1119895,33,Baja,pat energy fitness gimnasio,41572,ocio,2026-01-21,cartola
72,CL,CLP,1119895,33,Baja,pago pinturas sherwin williams,33667,vivienda,2026-01-05,natural
72,CL,CLP,1119895,33,Baja,pat matricula u de chile,334995,educacion,2026-01-27,cartola
72,CL,CLP,1119895,33,Baja,compra webpay cineplanet,6713,ocio,2026-01-20,cartola
72,CL,CLP,1119895,33,Baja,compra en clínica las condes,170865,salud,2026-01-20,natural
72,CL,CLP,1119895,33,Baja,pago universidad de santiago usach,318846,educacion,2026-01-05,natural
72,CL,CLP,1119895,33,Baja,transbank oxxo,31765,alimentacion,2026-01-13,cartola
72,CL,CLP,1119895,33,Baja,pago caja vecina almacen,19189,otros,2026-01-11,natural
72,CL,CLP,1119895,33,Baja,compra redcompra construmart,6231,vivienda,2026-01-13,cartola
72,CL,CLP,1119895,33,Baja,ferreteria prat compra,80432,vivienda,2026-01-26,cartola
72,CL,CLP,1119895,33,Baja,pago cuenta pat claro hogar,78430,servicios,2026-01-23,cartola
72,CL,CLP,1119895,33,Baja,pago mapfre,12477,otros,2026-01-26,natural
72,CL,CLP,1119895,33,Baja,carga metro santiago,5845,transporte,2026-01-24,cartola
72,CL,CLP,1119895,33,Baja,pago pago de luz municipalidad,17032,servicios,2026-01-15,natural
72,CL,CLP,1119895,33,Baja,pago esval,28642,servicios,2026-01-20,natural
72,CL,CLP,1119895,33,Baja,pat debito ruta maipo,22166,transporte,2026-01-16,cartola
72,CL,CLP,1119895,33,Baja,pago copropietarios edificio el golf,191286,vivienda,2026-01-25,natural
72,CL,CLP,1119895,33,Baja,pago imperial,26453,vivienda,2026-01-22,natural
72,CL,CLP,1119895,33,Baja,compra webpay tottus,59838,alimentacion,2026-01-22,cartola
72,CL,CLP,1119895,33,Baja,transbank fuente alemana,37480,alimentacion,2026-01-10,cartola
72,CL,CLP,1119895,33,Baja,carga bencina en autopista vespucio oriente avo,39282,transporte,2026-01-26,natural
72,CL,CLP,1119895,33,Baja,maderas encofrados compra,12795,vivienda,2026-01-13,cartola
72,CL,CLP,1119895,33,Baja,pago movistar hogar,16589,servicios,2026-01-22,natural
72,CL,CLP,1119895,33,Baja,compra en farmacias knop,54440,salud,2026-01-16,natural
72,CL,CLP,1119895,33,Baja,compra en clínica alemana,362337,salud,2026-01-06,natural
72,CL,CLP,1119895,33,Baja,redsalud atencion medica,98175,salud,2026-01-26,cartola
72,CL,CLP,1119895,33,Baja,sherwin williams compra suc,12891,vivienda,2026-01-17,cartola
72,CL,CLP,1119895,33,Baja,compra en juan valdez,13182,alimentacion,2026-01-16,natural
72,CL,CLP,1119895,33,Baja,kidzania santiago entradas,73373,ocio,2026-01-12,cartola
72,CL,CLP,1119895,33,Baja,pago en la sanguchera del barrio,16505,alimentacion,2026-01-28,natural
72,CL,CLP,1119895,33,Baja,pago abastible,38530,servicios,2026-01-13,natural
72,CL,CLP,1119895,33,Baja,viaje en uber chile,20869,transporte,2026-01-16,natural
72,CL,CLP,1119895,33,Baja,compra redcompra sparta deportes,144230,otros,2026-01-27,cartola
72,CL,CLP,1119895,33,Baja,transbank tarragona,6585,alimentacion,2026-01-27,cartola
72,CL,CLP,1119895,33,Baja,pago saesa,92753,servicios,2026-01-07,natural
72,CL,CLP,1119895,33,Baja,pago edipro edificio,284007,vivienda,2026-01-05,natural
72,CL,CLP,1119895,33,Baja,clinica santa maria pos,135378,salud,2026-01-08,cartola
72,CL,CLP,1119895,33,Baja,compra en la sanguchera del barrio,33227,alimentacion,2026-01-04,natural
72,CL,CLP,1119895,33,Baja,pago esval,88317,servicios,2026-01-14,natural
72,CL,CLP,1119895,33,Baja,pago gtd manquehue,120892,servicios,2026-01-14,natural
72,CL,CLP,1119895,33,Baja,compra redcompra ahumada,22677,salud,2026-01-02,cartola
72,CL,CLP,1119895,33,Baja,pago cuenta pat cge distribucion,54965,servicios,2026-01-15,cartola
72,CL,CLP,1119895,33,Baja,viaje en peaje melipilla,4158,transporte,2026-01-03,natural
72,CL,CLP,1119895,33,Baja,pago lipigas,41621,servicios,2026-01-09,natural
72,CL,CLP,1119895,33,Baja,pago copropietarios edificio el golf,78000,vivienda,2026-01-08,natural
72,CL,CLP,1119895,33,Baja,compra webpay pedidosya,4183,alimentacion,2026-01-08,cartola
72,CL,CLP,1119895,33,Baja,pago cuenta pat abastible,64576,servicios,2026-01-19,cartola
72,CL,CLP,1119895,33,Baja,pago ferretería prat,114534,vivienda,2026-01-11,natural
72,CL,CLP,1119895,33,Baja,pat energy fitness gimnasio,43385,ocio,2026-01-14,cartola
72,CL,CLP,1119895,33,Baja,pago sencillito cuentas recaudacion,134709,servicios,2026-01-04,cartola
72,CL,CLP,1119895,33,Baja,compra en pedro juan y diego,11358,alimentacion,2026-01-19,natural
72,CL,CLP,1119895,33,Baja,compra webpay sodimac,241031,vivienda,2026-01-21,cartola
72,CL,CLP,1119895,33,Baja,pago en alvi,24347,alimentacion,2026-01-10,natural
72,CL,CLP,1119895,33,Baja,entrada a movistar arena,23078,ocio,2026-01-23,natural
72,CL,CLP,1119895,33,Baja,viaje en ruta 68,40662,transporte,2026-01-07,natural
72,CL,CLP,1119895,33,Baja,suscripcion a bar el barista,34543,ocio,2026-01-20,natural
72,CL,CLP,1119895,33,Baja,pago pago de luz municipalidad,46990,servicios,2026-01-23,natural
72,CL,CLP,1119895,33,Baja,compra en pedro juan y diego,20760,alimentacion,2026-01-23,natural
72,CL,CLP,1119895,33,Baja,kidzania santiago entradas,51438,ocio,2026-01-16,cartola
72,CL,CLP,1119895,33,Baja,compra en fuente suiza,11196,alimentacion,2026-01-13,natural
72,CL,CLP,1119895,33,Baja,compra en superbodega acuenta,6000,alimentacion,2026-01-22,natural
72,CL,CLP,1119895,33,Baja,pago maderas encofrados,23115,vivienda,2026-01-13,natural
72,CL,CLP,1119895,33,Baja,inscripcion en universidad adolfo ibáñez uai,265659,educacion,2026-01-15,natural
72,CL,CLP,1119895,33,Baja,pago en farmacias salcobrand,57501,salud,2026-01-23,natural
72,CL,CLP,1119895,33,Baja,compra en farmacias cruz verde,16090,salud,2026-01-24,natural
72,CL,CLP,1119895,33,Baja,carga bencina en pullman bus,1524,transporte,2026-01-07,natural
72,CL,CLP,1119895,33,Baja,clinica davila pos,197392,salud,2026-01-24,cartola
72,CL,CLP,1119895,33,Baja,viaje en autopista central,30476,transporte,2026-01-13,natural
72,CL,CLP,1119895,33,Baja,pat spotify chile,16380,streaming,2026-01-22,cartola
72,CL,CLP,1119895,33,Baja,pago edipro edificio,93824,vivienda,2026-01-02,natural
72,CL,CLP,1119895,33,Baja,clinica santa maria pos,340074,salud,2026-01-26,cartola
72,CL,CLP,1119895,33,Baja,pago cuenta pat aguas andinas,73256,servicios,2026-01-21,cartola
72,CL,CLP,1119895,33,Baja,pago cuenta pat vtr telecom,58711,servicios,2026-01-24,cartola
72,CL,CLP,1119895,33,Baja,pago sodimac homecenter,227237,vivienda,2026-01-28,natural
72,CL,CLP,1119895,33,Baja,pago colectivo linea 40,9083,transporte,2026-01-28,cartola
72,CL,CLP,1119895,33,Baja,pago gasco,63435,servicios,2026-01-07,natural
72,CL,CLP,1119895,33,Baja,pago sodimac homecenter,265289,vivienda,2026-01-22,natural
72,CL,CLP,1119895,33,Baja,pago vtr internet,49041,servicios,2026-01-20,natural
72,CL,CLP,1119895,33,Baja,pago cuenta pat abastible,39211,servicios,2026-01-03,cartola
72,CL,CLP,1119895,33,Baja,compra webpay easy,234403,vivienda,2026-01-14,cartola
72,CL,CLP,1119895,33,Baja,entrada a puntoticket,64815,ocio,2026-01-03,natural
72,CL,CLP,1119895,33,Baja,bencina shell,32641,transporte,2026-01-16,cartola
72,CL,CLP,1119895,33,Baja,entrada a teatro nescafé de las artes,91857,ocio,2026-01-16,natural
72,CL,CLP,1119895,33,Baja,transbank bar el barista,34572,ocio,2026-01-20,cartola
72,CL,CLP,1119895,33,Baja,pago debito pat zurich chile,15521,otros,2026-01-21,cartola
72,CL,CLP,1119895,33,Baja,compra redcompra ahumada,64448,salud,2026-01-15,cartola
72,CL,CLP,1119895,33,Baja,pago aguas andinas,49210,servicios,2026-01-02,natural
72,CL,CLP,1119895,33,Baja,pago alquiler propiedades chile,333668,vivienda,2026-01-16,natural
72,CL,CLP,1119895,33,Baja,pago wom fibra,143284,servicios,2026-01-10,natural
72,CL,CLP,1119895,33,Baja,pago movistar hogar,101282,servicios,2026-01-19,natural
72,CL,CLP,1119895,33,Baja,suscripcion a spotify,11823,streaming,2026-01-24,natural
72,CL,CLP,1119895,33,Baja,viaje en colectivo linea 40,2085,transporte,2026-01-04,natural
72,CL,CLP,1119895,33,Baja,pago aguas del altiplano,137959,servicios,2026-01-02,natural
72,CL,CLP,1119895,33,Baja,transbank upa!,18161,alimentacion,2026-01-29,cartola
72,CL,CLP,1119895,33,Baja,transbank fuente alemana,9757,alimentacion,2026-01-12,cartola
72,CL,CLP,1119895,33,Baja,compra en ópticas schilling,53964,salud,2026-01-10,natural
72,CL,CLP,1119895,33,Baja,transbank pronto copec,39042,alimentacion,2026-01-11,cartola
72,CL,CLP,1119895,33,Baja,pago abastible,90893,servicios,2026-01-22,natural
72,CL,CLP,1119895,33,Baja,carga bencina en petrobras,42534,transporte,2026-01-20,natural
72,CL,CLP,1119895,33,Baja,carga bencina en ruta del maipo,13988,transporte,2026-01-23,natural
72,CL,CLP,1119895,33,Baja,pago en bravissimo,30759,alimentacion,2026-01-19,natural
72,CL,CLP,1119895,33,Baja,compra en burger king,9871,alimentacion,2026-01-13,natural
72,CL,CLP,1119895,33,Baja,pago en uber eats,8886,alimentacion,2026-01-27,natural
72,CL,CLP,1119895,33,Baja,pat matricula u de chile,133806,educacion,2026-01-16,cartola
72,CL,CLP,1119895,33,Baja,inscripcion en universidad diego portales udp,346601,educacion,2026-01-21,natural
72,CL,CLP,1119895,33,Baja,carga bencina en estacionamiento saba,7187,transporte,2026-01-12,natural
72,CL,CLP,1119895,33,Baja,compra en panadería san ramón,18597,alimentacion,2026-01-17,natural
72,CL,CLP,1119895,33,Baja,pago universidad de santiago usach,158086,educacion,2026-01-15,natural
72,CL,CLP,1119895,33,Baja,pago cuenta pat wom fibra,24246,servicios,2026-01-18,cartola
72,CL,CLP,1119895,33,Baja,pago vtr internet,23102,servicios,2026-01-28,natural
72,CL,CLP,1119895,33,Baja,pago colectivo linea 40,2822,transporte,2026-01-22,cartola
72,CL,CLP,1119895,33,Baja,laboratorio bionet pos,31476,salud,2026-01-17,cartola
72,CL,CLP,1119895,33,Baja,pago sencillito cuentas,49875,servicios,2026-01-07,natural
72,CL,CLP,1119895,33,Baja,pago debito pat zurich chile,29358,otros,2026-01-19,cartola
72,CL,CLP,1119895,33,Baja,pago scotiabank,25260,otros,2026-01-19,natural
72,CL,CLP,1119895,33,Baja,transbank fuente suiza,4763,alimentacion,2026-01-22,cartola
73,CL,CLP,1309016,7,Alta,ferreteria prat compra,98042,vivienda,2026-01-17,cartola
73,CL,CLP,1309016,7,Alta,compra webpay lider,20777,alimentacion,2026-01-08,cartola
73,CL,CLP,1309016,7,Alta,compra en tottus,148295,alimentacion,2026-01-16,natural
73,CL,CLP,1309016,7,Alta,peaje lampa pos,3493,transporte,2026-01-26,cartola
73,CL,CLP,1309016,7,Alta,transbank mamut,44027,alimentacion,2026-01-16,cartola
73,CL,CLP,1309016,7,Alta,pago en isapre consalud,61356,salud,2026-01-29,natural
73,CL,CLP,1309016,7,Alta,pago paris deco,29743,vivienda,2026-01-21,natural
73,CL,CLP,1309016,7,Alta,pat usach cuota academica,125254,educacion,2026-01-29,cartola
73,CL,CLP,1309016,7,Alta,pago cuenta pat nuevosur agua,65640,servicios,2026-01-21,cartola
73,CL,CLP,1309016,7,Alta,pago aguas andinas,126147,servicios,2026-01-24,natural
73,CL,CLP,1309016,7,Alta,pago cuenta pat cge distribucion,149330,servicios,2026-01-11,cartola
73,CL,CLP,1309016,7,Alta,pago essbio,120793,servicios,2026-01-21,natural
73,CL,CLP,1309016,7,Alta,pat smart fit gimnasios,42294,ocio,2026-01-08,cartola
73,CL,CLP,1309016,7,Alta,suscripcion a disney plus,13318,streaming,2026-01-09,natural
73,CL,CLP,1309016,7,Alta,compra webpay sodimac,69440,vivienda,2026-01-22,cartola
73,CL,CLP,1309016,7,Alta,pago entel fibra,116273,servicios,2026-01-23,natural
73,CL,CLP,1309016,7,Alta,pago tricot,61239,otros,2026-01-13,natural
73,CL,CLP,1309016,7,Alta,pago nuevosur,51181,servicios,2026-01-17,natural
73,CL,CLP,1309016,7,Alta,clinica bupa santiago,415459,salud,2026-01-17,cartola
73,CL,CLP,1309016,7,Alta,viaje en vespucio sur,23946,transporte,2026-01-06,natural
73,CL,CLP,1309016,7,Alta,pat spotify chile,6911,streaming,2026-01-10,cartola
73,CL,CLP,1309016,7,Alta,pat netflix chile,16603,streaming,2026-01-13,cartola
73,CL,CLP,1309016,7,Alta,pago cuenta pat entel fibra,123364,servicios,2026-01-15,cartola
73,CL,CLP,1309016,7,Alta,compra webpay lider,140668,alimentacion,2026-01-09,cartola
73,CL,CLP,1309016,7,Alta,pago en farmacias cruz verde,59091,salud,2026-01-26,natural
73,CL,CLP,1309016,7,Alta,viaje en peaje angostura,1181,transporte,2026-01-27,natural
73,CL,CLP,1309016,7,Alta,administracion jardines maipu exp,203409,vivienda,2026-01-29,cartola
73,CL,CLP,1309016,7,Alta,playstation network compra,76077,ocio,2026-01-13,cartola
73,CL,CLP,1309016,7,Alta,pat amazon prime video,16763,streaming,2026-01-08,cartola
73,CL,CLP,1309016,7,Alta,pago cuenta pat aguas antofagasta,128438,servicios,2026-01-15,cartola
73,CL,CLP,1309016,7,Alta,pago essbio,104686,servicios,2026-01-25,natural
73,CL,CLP,1309016,7,Alta,bencina copec,49313,transporte,2026-01-13,cartola
73,CL,CLP,1309016,7,Alta,compra webpay ikea chile,227186,vivienda,2026-01-08,cartola
73,CL,CLP,1309016,7,Alta,pago sencillito cuentas,31677,servicios,2026-01-13,natural
73,CL,CLP,1309016,7,Alta,pago cuenta pat chilquinta,32113,servicios,2026-01-29,cartola
73,CL,CLP,1309016,7,Alta,transbank melt pizzas,30486,alimentacion,2026-01-26,cartola
73,CL,CLP,1309016,7,Alta,viaje en tarjeta bip!,3063,transporte,2026-01-16,natural
73,CL,CLP,1309016,7,Alta,pago kastor gastos comunes,249087,vivienda,2026-01-08,natural
73,CL,CLP,1309016,7,Alta,suscripcion a netflix chile,8372,streaming,2026-01-02,natural
73,CL,CLP,1309016,7,Alta,pago kastor gastos comunes,180114,vivienda,2026-01-27,natural
73,CL,CLP,1309016,7,Alta,compra en ok market,46907,alimentacion,2026-01-23,natural
73,CL,CLP,1309016,7,Alta,pago cuenta pat abastible,96532,servicios,2026-01-25,cartola
73,CL,CLP,1309016,7,Alta,pago en eco farmacias,67795,salud,2026-01-10,natural
73,CL,CLP,1309016,7,Alta,pago cuenta pat gasco,39824,servicios,2026-01-12,cartola
73,CL,CLP,1309016,7,Alta,pago cuenta pat aguas andinas,54310,servicios,2026-01-19,cartola
73,CL,CLP,1309016,7,Alta,pago aliexpress,79564,otros,2026-01-23,natural
73,CL,CLP,1309016,7,Alta,viaje en cabify,21539,transporte,2026-01-05,natural
73,CL,CLP,1309016,7,Alta,bencina shell,44331,transporte,2026-01-23,cartola
73,CL,CLP,1309016,7,Alta,pago abastible,21629,servicios,2026-01-20,natural
73,CL,CLP,1309016,7,Alta,inscripcion en colegio san ignacio,59062,educacion,2026-01-12,natural
73,CL,CLP,1309016,7,Alta,compra en carls jr,27562,alimentacion,2026-01-18,natural
73,CL,CLP,1309016,7,Alta,pat spotify chile,5656,streaming,2026-01-20,cartola
73,CL,CLP,1309016,7,Alta,breal propiedades pago gastos,57712,vivienda,2026-01-07,cartola
73,CL,CLP,1309016,7,Alta,pago condovive copropiedad,309713,vivienda,2026-01-26,natural
73,CL,CLP,1309016,7,Alta,transbank subway,27329,alimentacion,2026-01-02,cartola
73,CL,CLP,1309016,7,Alta,pago en isapre banmédica,122308,salud,2026-01-07,natural
73,CL,CLP,1309016,7,Alta,viaje en shell,59995,transporte,2026-01-04,natural
73,CL,CLP,1309016,7,Alta,compra en barrio chicken,11508,alimentacion,2026-01-23,natural
73,CL,CLP,1309016,7,Alta,pago servicio impuestos internos sii,142050,otros,2026-01-18,natural
73,CL,CLP,1309016,7,Alta,compra webpay lider,132688,alimentacion,2026-01-21,cartola
73,CL,CLP,1309016,7,Alta,pat spotify chile,16034,streaming,2026-01-09,cartola
73,CL,CLP,1309016,7,Alta,pago cuenta pat vtr telecom,144044,servicios,2026-01-22,cartola
73,CL,CLP,1309016,7,Alta,viaje en peaje troncal lampa,3712,transporte,2026-01-27,natural
73,CL,CLP,1309016,7,Alta,pago cuenta pat esval agua,137919,servicios,2026-01-05,cartola
73,CL,CLP,1309016,7,Alta,pago essbio,123123,servicios,2026-01-17,natural
73,CL,CLP,1309016,7,Alta,pago esval,68629,servicios,2026-01-24,natural
73,CL,CLP,1309016,7,Alta,colegio saint george arancel pat,138199,educacion,2026-01-11,cartola
73,CL,CLP,1309016,7,Alta,carga bencina en buses metropolitana,6366,transporte,2026-01-26,natural
73,CL,CLP,1309016,7,Alta,inscripcion en feria chilena del libro,40355,educacion,2026-01-26,natural
73,CL,CLP,1309016,7,Alta,fonasa compra bono,241334,salud,2026-01-05,cartola
73,CL,CLP,1309016,7,Alta,editorial santillana chile pat,14636,educacion,2026-01-18,cartola
73,CL,CLP,1309016,7,Alta,pago cuenta pat entel fibra,83209,servicios,2026-01-21,cartola
73,CL,CLP,1309016,7,Alta,compra webpay pedidosya,18968,alimentacion,2026-01-07,cartola
73,CL,CLP,1309016,7,Alta,pago seguros metlife,21287,otros,2026-01-14,natural
73,CL,CLP,1309016,7,Alta,compra en unimarc,46378,alimentacion,2026-01-06,natural
73,CL,CLP,1309016,7,Alta,transbank dunkin donuts,4856,alimentacion,2026-01-26,cartola
73,CL,CLP,1309016,7,Alta,pago en spacio1 petrobras,20023,alimentacion,2026-01-29,natural
73,CL,CLP,1309016,7,Alta,peaje lampa pos,3258,transporte,2026-01-04,cartola
73,CL,CLP,1309016,7,Alta,administracion jardines maipu exp,137428,vivienda,2026-01-08,cartola
73,CL,CLP,1309016,7,Alta,transbank doggis,9812,alimentacion,2026-01-06,cartola
73,CL,CLP,1309016,7,Alta,pago cuenta pat essbio agua,113872,servicios,2026-01-20,cartola
73,CL,CLP,1309016,7,Alta,transbank bravissimo,26552,alimentacion,2026-01-03,cartola
73,CL,CLP,1309016,7,Alta,transbank pasteleria marmentini,8551,alimentacion,2026-01-23,cartola
73,CL,CLP,1309016,7,Alta,pago cuenta pat gasco,26891,servicios,2026-01-29,cartola
73,CL,CLP,1309016,7,Alta,suscripcion a steam games,33554,ocio,2026-01-04,natural
73,CL,CLP,1309016,7,Alta,pat debito vespucio sur,5096,transporte,2026-01-29,cartola
73,CL,CLP,1309016,7,Alta,inscripcion en editorial santillana,29847,educacion,2026-01-02,natural
73,CL,CLP,1309016,7,Alta,transbank panaderia san ramon,22169,alimentacion,2026-01-14,cartola
73,CL,CLP,1309016,7,Alta,compra en rappi,19480,alimentacion,2026-01-16,natural
73,CL,CLP,1309016,7,Alta,alquiler propiedades chile arriendo,132166,vivienda,2026-01-25,cartola
73,CL,CLP,1309016,7,Alta,carga bencina en shell,60620,transporte,2026-01-15,natural
73,CL,CLP,1309016,7,Alta,suscripcion a spotify,15803,streaming,2026-01-09,natural
73,CL,CLP,1309016,7,Alta,carga metro santiago,7437,transporte,2026-01-14,cartola
73,CL,CLP,1309016,7,Alta,pat amazon prime video,6663,streaming,2026-01-04,cartola
73,CL,CLP,1309016,7,Alta,transbank doña juana,41761,alimentacion,2026-01-05,cartola
73,CL,CLP,1309016,7,Alta,pago easy,198414,vivienda,2026-01-05,natural
73,CL,CLP,1309016,7,Alta,pat debito ruta 68,11229,transporte,2026-01-14,cartola
73,CL,CLP,1309016,7,Alta,compra redcompra ahumada,23638,salud,2026-01-02,cartola
73,CL,CLP,1309016,7,Alta,pago construmart,89587,vivienda,2026-01-20,natural
73,CL,CLP,1309016,7,Alta,pat pacific fitness gimnasio,31594,ocio,2026-01-09,cartola
73,CL,CLP,1309016,7,Alta,pat uss cuota mensual,321269,educacion,2026-01-18,cartola
73,CL,CLP,1309016,7,Alta,pago debito pat hdi seguros,16745,otros,2026-01-09,cartola
73,CL,CLP,1309016,7,Alta,suscripcion a teatro nescafé de las artes,49954,ocio,2026-01-24,natural
73,CL,CLP,1309016,7,Alta,transbank botilleria el faro,40216,alimentacion,2026-01-14,cartola
73,CL,CLP,1309016,7,Alta,transbank carls jr,21995,alimentacion,2026-01-04,cartola
73,CL,CLP,1309016,7,Alta,pat amazon prime video,13011,streaming,2026-01-05,cartola
73,CL,CLP,1309016,7,Alta,carga bencina en autopista central,3356,transporte,2026-01-09,natural
73,CL,CLP,1309016,7,Alta,inscripcion en colegio san ignacio,103037,educacion,2026-01-18,natural
73,CL,CLP,1309016,7,Alta,suscripcion a disney plus,10865,streaming,2026-01-22,natural
73,CL,CLP,1309016,7,Alta,transbank alvi,36899,alimentacion,2026-01-22,cartola
73,CL,CLP,1309016,7,Alta,pago cuenta pat enel distribucion,46816,servicios,2026-01-02,cartola
73,CL,CLP,1309016,7,Alta,compra en pedro juan y diego,9445,alimentacion,2026-01-14,natural
73,CL,CLP,1309016,7,Alta,suscripcion a netflix chile,12472,streaming,2026-01-16,natural
73,CL,CLP,1309016,7,Alta,pago la polar,157616,otros,2026-01-28,natural
73,CL,CLP,1309016,7,Alta,pago entel fibra,102882,servicios,2026-01-14,natural
73,CL,CLP,1309016,7,Alta,transbank papa johns,27217,alimentacion,2026-01-06,cartola
73,CL,CLP,1309016,7,Alta,suscripcion a kidzania santiago,90220,ocio,2026-01-25,natural
73,CL,CLP,1309016,7,Alta,pat pacific fitness gimnasio,29330,ocio,2026-01-25,cartola
73,CL,CLP,1309016,7,Alta,pago wom fibra,140819,servicios,2026-01-02,natural
73,CL,CLP,1309016,7,Alta,pago en lider,79394,alimentacion,2026-01-04,natural
73,CL,CLP,1309016,7,Alta,pago nuevosur,110520,servicios,2026-01-09,natural
73,CL,CLP,1309016,7,Alta,pat debito costanera norte,22356,transporte,2026-01-11,cartola
73,CL,CLP,1309016,7,Alta,pago cuenta pat aguas antofagasta,132949,servicios,2026-01-20,cartola
73,CL,CLP,1309016,7,Alta,pago cuenta pat metrogas,98372,servicios,2026-01-29,cartola
73,CL,CLP,1309016,7,Alta,peaje zapata pos,2508,transporte,2026-01-19,cartola
74,CL,CLP,1761657,34,Alta,pago h&m chile,44049,otros,2026-01-15,natural
74,CL,CLP,1761657,34,Alta,pat disney plus chile,9497,streaming,2026-01-12,cartola
74,CL,CLP,1761657,34,Alta,compra en clínica alemana,88900,salud,2026-01-20,natural
74,CL,CLP,1761657,34,Alta,pat debito vespucio norte,44234,transporte,2026-01-27,cartola
74,CL,CLP,1761657,34,Alta,entrada a teatro nescafé de las artes,76250,ocio,2026-01-12,natural
74,CL,CLP,1761657,34,Alta,transbank dunkin donuts,4907,alimentacion,2026-01-15,cartola
74,CL,CLP,1761657,34,Alta,pat dmoov chile suc,19350,ocio,2026-01-08,cartola
74,CL,CLP,1761657,34,Alta,redsalud atencion medica,172980,salud,2026-01-03,cartola
74,CL,CLP,1761657,34,Alta,pago cuenta pat enel distribucion,53885,servicios,2026-01-07,cartola
74,CL,CLP,1761657,34,Alta,carga metro santiago,2815,transporte,2026-01-25,cartola
74,CL,CLP,1761657,34,Alta,compra en subway,12110,alimentacion,2026-01-20,natural
74,CL,CLP,1761657,34,Alta,bencina petrobras,47229,transporte,2026-01-23,cartola
74,CL,CLP,1761657,34,Alta,pago en carls jr,14104,alimentacion,2026-01-21,natural
74,CL,CLP,1761657,34,Alta,transbank verduleria don lucho,40003,alimentacion,2026-01-07,cartola
74,CL,CLP,1761657,34,Alta,pago antártica libros,15316,educacion,2026-01-26,natural
74,CL,CLP,1761657,34,Alta,pago aguas de antofagasta,116457,servicios,2026-01-02,natural
74,CL,CLP,1761657,34,Alta,pago wom fibra,52895,servicios,2026-01-22,natural
74,CL,CLP,1761657,34,Alta,suscripcion a smart fit,32223,ocio,2026-01-27,natural
74,CL,CLP,1761657,34,Alta,transbank doña juana,29085,alimentacion,2026-01-10,cartola
74,CL,CLP,1761657,34,Alta,pat amazon prime video,10660,streaming,2026-01-19,cartola
74,CL,CLP,1761657,34,Alta,pago cuenta pat abastible,54452,servicios,2026-01-03,cartola
74,CL,CLP,1761657,34,Alta,pago universidad del desarrollo udd,150392,educacion,2026-01-22,natural
74,CL,CLP,1761657,34,Alta,pago metrogas,74962,servicios,2026-01-13,natural
74,CL,CLP,1761657,34,Alta,pago sodimac homecenter,97460,vivienda,2026-01-02,natural
74,CL,CLP,1761657,34,Alta,transbank pedro juan y diego,26599,alimentacion,2026-01-28,cartola
74,CL,CLP,1761657,34,Alta,compra en kfc,23324,alimentacion,2026-01-12,natural
74,CL,CLP,1761657,34,Alta,pat spotify chile,4683,streaming,2026-01-23,cartola
74,CL,CLP,1761657,34,Alta,pago cuenta pat wom fibra,117323,servicios,2026-01-20,cartola
74,CL,CLP,1761657,34,Alta,compra en panadería san ramón,12007,alimentacion,2026-01-26,natural
74,CL,CLP,1761657,34,Alta,peaje angostura pos,4507,transporte,2026-01-21,cartola
74,CL,CLP,1761657,34,Alta,pago cuenta pat cge distribucion,98830,servicios,2026-01-15,cartola
74,CL,CLP,1761657,34,Alta,compra webpay sodimac,291780,vivienda,2026-01-03,cartola
74,CL,CLP,1761657,34,Alta,transantiago buses metropolitana,10139,transporte,2026-01-05,cartola
74,CL,CLP,1761657,34,Alta,suscripcion a amazon prime video,12100,streaming,2026-01-24,natural
74,CL,CLP,1761657,34,Alta,suscripcion a netflix chile,14030,streaming,2026-01-25,natural
74,CL,CLP,1761657,34,Alta,pago en lider,140347,alimentacion,2026-01-03,natural
74,CL,CLP,1761657,34,Alta,entrada a gimnasio upgrade,27608,ocio,2026-01-13,natural
74,CL,CLP,1761657,34,Alta,pago aguas del altiplano,16422,servicios,2026-01-11,natural
74,CL,CLP,1761657,34,Alta,pat debito vespucio sur,31441,transporte,2026-01-19,cartola
74,CL,CLP,1761657,34,Alta,entrada a puntoticket,23262,ocio,2026-01-25,natural
74,CL,CLP,1761657,34,Alta,pago cuenta pat vtr telecom,139850,servicios,2026-01-12,cartola
74,CL,CLP,1761657,34,Alta,compra webpay antartica libros,43955,educacion,2026-01-14,cartola
74,CL,CLP,1761657,34,Alta,transbank subway,13424,alimentacion,2026-01-17,cartola
74,CL,CLP,1761657,34,Alta,compra webpay pullman bus,5241,transporte,2026-01-03,cartola
74,CL,CLP,1761657,34,Alta,transbank sibaritas 87,44357,alimentacion,2026-01-23,cartola
74,CL,CLP,1761657,34,Alta,comision mantencion itau suc,14404,otros,2026-01-12,cartola
74,CL,CLP,1761657,34,Alta,pat netflix chile,8850,streaming,2026-01-09,cartola
74,CL,CLP,1761657,34,Alta,bencina copec,73509,transporte,2026-01-18,cartola
74,CL,CLP,1761657,34,Alta,entrada a puntoticket,27701,ocio,2026-01-14,natural
74,CL,CLP,1761657,34,Alta,pago wom fibra,32504,servicios,2026-01-03,natural
74,CL,CLP,1761657,34,Alta,pago aguas de antofagasta,32740,servicios,2026-01-27,natural
74,CL,CLP,1761657,34,Alta,transbank fuente suiza,21565,alimentacion,2026-01-09,cartola
74,CL,CLP,1761657,34,Alta,compra redcompra dr ahorro,61859,salud,2026-01-23,cartola
74,CL,CLP,1761657,34,Alta,compra webpay turbus,10250,transporte,2026-01-08,cartola
74,CL,CLP,1761657,34,Alta,comision mantencion banco chile,7316,otros,2026-01-08,cartola
74,CL,CLP,1761657,34,Alta,viaje en ruta 68,34558,transporte,2026-01-25,natural
74,CL,CLP,1761657,34,Alta,compra redcompra dimeiggs,11148,educacion,2026-01-25,cartola
74,CL,CLP,1761657,34,Alta,pago tarjeta cencosud,13509,otros,2026-01-02,natural
74,CL,CLP,1761657,34,Alta,compra en clínica alemana,259834,salud,2026-01-25,natural
74,CL,CLP,1761657,34,Alta,viaje en uber chile,12193,transporte,2026-01-13,natural
74,CL,CLP,1761657,34,Alta,pago cuenta pat vtr telecom,90037,servicios,2026-01-08,cartola
74,CL,CLP,1761657,34,Alta,pago en alvi,29980,alimentacion,2026-01-20,natural
74,CL,CLP,1761657,34,Alta,transbank papa johns,13582,alimentacion,2026-01-25,cartola
74,CL,CLP,1761657,34,Alta,pago en tavelli,46409,alimentacion,2026-01-09,natural
74,CL,CLP,1761657,34,Alta,compra webpay easy,73313,vivienda,2026-01-23,cartola
74,CL,CLP,1761657,34,Alta,compra en clínica bupa,403771,salud,2026-01-14,natural
74,CL,CLP,1761657,34,Alta,compra en integramédica,23124,salud,2026-01-23,natural
74,CL,CLP,1761657,34,Alta,pago aguas del altiplano,27964,servicios,2026-01-26,natural
74,CL,CLP,1761657,34,Alta,pago cuenta pat aguas andinas,83741,servicios,2026-01-14,cartola
74,CL,CLP,1761657,34,Alta,pago essbio,148112,servicios,2026-01-04,natural
74,CL,CLP,1761657,34,Alta,pago comunidadfeliz gasto comun,247936,vivienda,2026-01-27,cartola
74,CL,CLP,1761657,34,Alta,pago paris deco,106152,vivienda,2026-01-04,natural
74,CL,CLP,1761657,34,Alta,carga bencina en metro de santiago,3034,transporte,2026-01-16,natural
74,CL,CLP,1761657,34,Alta,pago aguas andinas,62801,servicios,2026-01-11,natural
74,CL,CLP,1761657,34,Alta,pat debito ruta maipo,18021,transporte,2026-01-22,cartola
74,CL,CLP,1761657,34,Alta,pago falabella home,42331,vivienda,2026-01-14,natural
74,CL,CLP,1761657,34,Alta,viaje en vespucio norte,19716,transporte,2026-01-08,natural
74,CL,CLP,1761657,34,Alta,pago dimeiggs,39371,educacion,2026-01-09,natural
74,CL,CLP,1761657,34,Alta,pago entel fibra,44470,servicios,2026-01-22,natural
74,CL,CLP,1761657,34,Alta,pago yolito ferretería,19535,vivienda,2026-01-13,natural
74,CL,CLP,1761657,34,Alta,pago sencillito cuentas recaudacion,58602,servicios,2026-01-18,cartola
74,CL,CLP,1761657,34,Alta,compra webpay easy,99701,vivienda,2026-01-14,cartola
74,CL,CLP,1761657,34,Alta,pago ferretería el candado,12730,vivienda,2026-01-18,natural
74,CL,CLP,1761657,34,Alta,viaje en autopista del sol,34035,transporte,2026-01-14,natural
74,CL,CLP,1761657,34,Alta,transbank juan valdez,11079,alimentacion,2026-01-02,cartola
74,CL,CLP,1761657,34,Alta,pago ferretería el candado,96560,vivienda,2026-01-02,natural
74,CL,CLP,1761657,34,Alta,viaje en copec,31264,transporte,2026-01-17,natural
74,CL,CLP,1761657,34,Alta,pago casaideas,75610,vivienda,2026-01-16,natural
74,CL,CLP,1761657,34,Alta,entrada a puntoticket,86870,ocio,2026-01-22,natural
74,CL,CLP,1761657,34,Alta,pago pontificia universidad católica,527421,educacion,2026-01-27,natural
74,CL,CLP,1761657,34,Alta,compra en melt pizzas,27176,alimentacion,2026-01-10,natural
74,CL,CLP,1761657,34,Alta,compra en clínica dávila,149034,salud,2026-01-28,natural
74,CL,CLP,1761657,34,Alta,pago mundo pacífico,145419,servicios,2026-01-26,natural
74,CL,CLP,1761657,34,Alta,pago en melt pizzas,11485,alimentacion,2026-01-05,natural
74,CL,CLP,1761657,34,Alta,pago cuenta pat chilquinta,99302,servicios,2026-01-23,cartola
74,CL,CLP,1761657,34,Alta,pago essbio,70607,servicios,2026-01-17,natural
74,CL,CLP,1761657,34,Alta,inscripcion en universidad de santiago usach,476081,educacion,2026-01-17,natural
74,CL,CLP,1761657,34,Alta,compra en mayorista 10,22150,alimentacion,2026-01-29,natural
74,CL,CLP,1761657,34,Alta,compra webpay lider,78931,alimentacion,2026-01-05,cartola
74,CL,CLP,1761657,34,Alta,pago pc factory,50952,otros,2026-01-26,natural
74,CL,CLP,1761657,34,Alta,clinica las condes pos,305571,salud,2026-01-18,cartola
74,CL,CLP,1761657,34,Alta,viaje en didi taxi,10014,transporte,2026-01-24,natural
74,CL,CLP,1761657,34,Alta,pago en burger king,32312,alimentacion,2026-01-16,natural
74,CL,CLP,1761657,34,Alta,pago ripley,236111,otros,2026-01-21,natural
74,CL,CLP,1761657,34,Alta,pago sencillito cuentas,96985,servicios,2026-01-15,natural
74,CL,CLP,1761657,34,Alta,libreria que leo compra suc,6226,educacion,2026-01-26,cartola
74,CL,CLP,1761657,34,Alta,compra redcompra construmart,97493,vivienda,2026-01-19,cartola
74,CL,CLP,1761657,34,Alta,compra webpay turbus,8302,transporte,2026-01-24,cartola
74,CL,CLP,1761657,34,Alta,viaje en turbus,9292,transporte,2026-01-15,natural
74,CL,CLP,1761657,34,Alta,pago cuenta pat claro hogar,81397,servicios,2026-01-12,cartola
74,CL,CLP,1761657,34,Alta,pago alquiler propiedades chile,310029,vivienda,2026-01-20,natural
74,CL,CLP,1761657,34,Alta,compra en emporio la rosa,22125,alimentacion,2026-01-15,natural
74,CL,CLP,1761657,34,Alta,compra en fuente suiza,37623,alimentacion,2026-01-16,natural
74,CL,CLP,1761657,34,Alta,carga bencina en peaje troncal lampa,4588,transporte,2026-01-08,natural
74,CL,CLP,1761657,34,Alta,pago cuenta pat abastible,19838,servicios,2026-01-10,cartola
74,CL,CLP,1761657,34,Alta,bencina copec,26954,transporte,2026-01-29,cartola
74,CL,CLP,1761657,34,Alta,pat isapre consalud,51315,salud,2026-01-17,cartola
74,CL,CLP,1761657,34,Alta,pago essbio,97258,servicios,2026-01-14,natural
74,CL,CLP,1761657,34,Alta,pago aguas de antofagasta,10882,servicios,2026-01-25,natural
74,CL,CLP,1761657,34,Alta,compra en ópticas schilling,16606,salud,2026-01-09,natural
74,CL,CLP,1761657,34,Alta,pago cuenta pat claro hogar,18113,servicios,2026-01-17,cartola
74,CL,CLP,1761657,34,Alta,pat debito ruta maipo,13273,transporte,2026-01-28,cartola
74,CL,CLP,1761657,34,Alta,pago sodimac homecenter,276701,vivienda,2026-01-12,natural
74,CL,CLP,1761657,34,Alta,pago cuenta pat enel distribucion,147365,servicios,2026-01-29,cartola
74,CL,CLP,1761657,34,Alta,transbank pasteleria marmentini,42901,alimentacion,2026-01-02,cartola
75,CL,CLP,1061829,5,Baja,pago cuenta pat aguas antofagasta,141711,servicios,2026-01-27,cartola
75,CL,CLP,1061829,5,Baja,bencina petrobras,30395,transporte,2026-01-11,cartola
75,CL,CLP,1061829,5,Baja,pago en fuente suiza,34864,alimentacion,2026-01-07,natural
75,CL,CLP,1061829,5,Baja,pago en farmacias ahumada,12645,salud,2026-01-13,natural
75,CL,CLP,1061829,5,Baja,clinica davila pos,185427,salud,2026-01-18,cartola
75,CL,CLP,1061829,5,Baja,compra en isapre consalud,73918,salud,2026-01-23,natural
75,CL,CLP,1061829,5,Baja,pago entel fibra,10834,servicios,2026-01-03,natural
75,CL,CLP,1061829,5,Baja,pago cuenta pat gasco,92456,servicios,2026-01-18,cartola
75,CL,CLP,1061829,5,Baja,pat disney plus chile,6397,streaming,2026-01-14,cartola
75,CL,CLP,1061829,5,Baja,compra en jumbo,125138,alimentacion,2026-01-15,natural
75,CL,CLP,1061829,5,Baja,pago sencillito cuentas,27521,servicios,2026-01-04,natural
75,CL,CLP,1061829,5,Baja,compra en clínica indisa,28929,salud,2026-01-11,natural
75,CL,CLP,1061829,5,Baja,carga bencina en autopista central,27681,transporte,2026-01-18,natural
75,CL,CLP,1061829,5,Baja,pago en mcdonalds,13541,alimentacion,2026-01-29,natural
75,CL,CLP,1061829,5,Baja,pat dmoov chile suc,28752,ocio,2026-01-29,cartola
75,CL,CLP,1061829,5,Baja,pago aguas del altiplano,113074,servicios,2026-01-19,natural
75,CL,CLP,1061829,5,Baja,transbank verduleria don lucho,15839,alimentacion,2026-01-13,cartola
75,CL,CLP,1061829,5,Baja,transbank dunkin donuts,11954,alimentacion,2026-01-22,cartola
75,CL,CLP,1061829,5,Baja,viaje en ruta del itata,41588,transporte,2026-01-14,natural
75,CL,CLP,1061829,5,Baja,pat netflix chile,12919,streaming,2026-01-12,cartola
75,CL,CLP,1061829,5,Baja,compra webpay easy,159229,vivienda,2026-01-22,cartola
75,CL,CLP,1061829,5,Baja,pago en subway,13309,alimentacion,2026-01-10,natural
75,CL,CLP,1061829,5,Baja,compra webpay cabify,15790,transporte,2026-01-20,cartola
75,CL,CLP,1061829,5,Baja,pago movistar hogar,24817,servicios,2026-01-22,natural
75,CL,CLP,1061829,5,Baja,suscripcion a spotify,4860,streaming,2026-01-11,natural
75,CL,CLP,1061829,5,Baja,bencina petrobras,59990,transporte,2026-01-27,cartola
75,CL,CLP,1061829,5,Baja,transbank feria pinto,25203,alimentacion,2026-01-16,cartola
75,CL,CLP,1061829,5,Baja,entrada a club de baile,12004,ocio,2026-01-07,natural
75,CL,CLP,1061829,5,Baja,pat debito costanera norte,39504,transporte,2026-01-09,cartola
75,CL,CLP,1061829,5,Baja,pago en la sanguchera del barrio,17745,alimentacion,2026-01-16,natural
75,CL,CLP,1061829,5,Baja,pago esval,125883,servicios,2026-01-05,natural
75,CL,CLP,1061829,5,Baja,compra redcompra hm chile,80663,otros,2026-01-14,cartola
75,CL,CLP,1061829,5,Baja,pago alquiler propiedades chile,249043,vivienda,2026-01-27,natural
75,CL,CLP,1061829,5,Baja,libreria el sembrador compra,45189,educacion,2026-01-06,cartola
75,CL,CLP,1061829,5,Baja,suscripcion a spotify,8945,streaming,2026-01-17,natural
75,CL,CLP,1061829,5,Baja,bencina petrobras,53623,transporte,2026-01-12,cartola
75,CL,CLP,1061829,5,Baja,carga bencina en vespucio sur,41182,transporte,2026-01-02,natural
75,CL,CLP,1061829,5,Baja,pago cuenta pat metrogas,97682,servicios,2026-01-02,cartola
75,CL,CLP,1061829,5,Baja,pago wom fibra,82831,servicios,2026-01-19,natural
75,CL,CLP,1061829,5,Baja,pago cuenta pat claro hogar,46240,servicios,2026-01-20,cartola
75,CL,CLP,1061829,5,Baja,compra en isapre colmena,108093,salud,2026-01-23,natural
75,CL,CLP,1061829,5,Baja,pago en clínica universidad de los andes,159314,salud,2026-01-28,natural
75,CL,CLP,1061829,5,Baja,pago ferretería prat,57229,vivienda,2026-01-18,natural
75,CL,CLP,1061829,5,Baja,pago cuenta pat claro hogar,121116,servicios,2026-01-04,cartola
75,CL,CLP,1061829,5,Baja,pago bci seguros,5004,otros,2026-01-12,natural
75,CL,CLP,1061829,5,Baja,inscripcion en instituto profesional santo tomás,194790,educacion,2026-01-27,natural
75,CL,CLP,1061829,5,Baja,pat debito vespucio sur,21273,transporte,2026-01-03,cartola
75,CL,CLP,1061829,5,Baja,condonvive copropiedad transfer,207368,vivienda,2026-01-25,cartola
75,CL,CLP,1061829,5,Baja,transbank cory,30998,alimentacion,2026-01-21,cartola
75,CL,CLP,1061829,5,Baja,viaje en vespucio sur,13689,transporte,2026-01-03,natural
75,CL,CLP,1061829,5,Baja,compra redcompra construmart,86431,vivienda,2026-01-05,cartola
75,CL,CLP,1061829,5,Baja,pago cuenta pat abastible,11911,servicios,2026-01-19,cartola
75,CL,CLP,1061829,5,Baja,transbank cory,6030,alimentacion,2026-01-15,cartola
75,CL,CLP,1061829,5,Baja,pago administración jardines de maipú,110371,vivienda,2026-01-19,natural
75,CL,CLP,1061829,5,Baja,pat smart fit gimnasios,35528,ocio,2026-01-16,cartola
75,CL,CLP,1061829,5,Baja,compra webpay uber eats,34781,alimentacion,2026-01-05,cartola
75,CL,CLP,1061829,5,Baja,compra en la sanguchera del barrio,48062,alimentacion,2026-01-12,natural
75,CL,CLP,1061829,5,Baja,pago en redsalud,338842,salud,2026-01-24,natural
75,CL,CLP,1061829,5,Baja,pago sencillito cuentas,113393,servicios,2026-01-26,natural
75,CL,CLP,1061829,5,Baja,pago caja vecina almacen,23576,otros,2026-01-15,natural
75,CL,CLP,1061829,5,Baja,redsalud atencion medica,294572,salud,2026-01-14,cartola
75,CL,CLP,1061829,5,Baja,pago cuenta pat nuevosur agua,112846,servicios,2026-01-19,cartola
75,CL,CLP,1061829,5,Baja,compra webpay lider,63873,alimentacion,2026-01-27,cartola
75,CL,CLP,1061829,5,Baja,pago en clínica las condes,340422,salud,2026-01-02,natural
75,CL,CLP,1061829,5,Baja,pat energy fitness gimnasio,30992,ocio,2026-01-28,cartola
75,CL,CLP,1061829,5,Baja,pat debito avo,32655,transporte,2026-01-12,cartola
75,CL,CLP,1061829,5,Baja,carga bencina en tarjeta bip!,5907,transporte,2026-01-28,natural
75,CL,CLP,1061829,5,Baja,peaje zapata pos,3661,transporte,2026-01-05,cartola
75,CL,CLP,1061829,5,Baja,transbank la sanguchera,34479,alimentacion,2026-01-03,cartola
75,CL,CLP,1061829,5,Baja,pago servipag cuentas,18232,servicios,2026-01-29,natural
75,CL,CLP,1061829,5,Baja,pago falabella home,39379,vivienda,2026-01-19,natural
75,CL,CLP,1061829,5,Baja,compra webpay jumbo,166460,alimentacion,2026-01-02,cartola
75,CL,CLP,1061829,5,Baja,clinica dental cumbre pos,31252,salud,2026-01-11,cartola
75,CL,CLP,1061829,5,Baja,pat energy fitness gimnasio,35191,ocio,2026-01-15,cartola
75,CL,CLP,1061829,5,Baja,pat arancel univ catolica,363108,educacion,2026-01-07,cartola
75,CL,CLP,1061829,5,Baja,pago esval,33455,servicios,2026-01-06,natural
75,CL,CLP,1061829,5,Baja,pago enel distribución,81403,servicios,2026-01-12,natural
75,CL,CLP,1061829,5,Baja,suscripcion a bar la virgen,75374,ocio,2026-01-16,natural
75,CL,CLP,1061829,5,Baja,compra en integramédica,66861,salud,2026-01-17,natural
75,CL,CLP,1061829,5,Baja,compra en laboratorio bionet,61176,salud,2026-01-27,natural
75,CL,CLP,1061829,5,Baja,compra webpay turbus,6885,transporte,2026-01-28,cartola
75,CL,CLP,1061829,5,Baja,steam games compra inter,10611,ocio,2026-01-10,cartola
75,CL,CLP,1061829,5,Baja,compra efe trenes,8835,transporte,2026-01-14,cartola
75,CL,CLP,1061829,5,Baja,pago en pastelería marmentini,47809,alimentacion,2026-01-03,natural
75,CL,CLP,1061829,5,Baja,pat disney plus chile,5570,streaming,2026-01-04,cartola
75,CL,CLP,1061829,5,Baja,pago construmart,89403,vivienda,2026-01-09,natural
75,CL,CLP,1061829,5,Baja,compra webpay ticketmaster,61469,ocio,2026-01-06,cartola
75,CL,CLP,1061829,5,Baja,pat debito ruta maipo,31051,transporte,2026-01-13,cartola
75,CL,CLP,1061829,5,Baja,pat debito autopista del sol,7164,transporte,2026-01-23,cartola
75,CL,CLP,1061829,5,Baja,pago nuevosur,83517,servicios,2026-01-16,natural
75,CL,CLP,1061829,5,Baja,pat pacific fitness gimnasio,26529,ocio,2026-01-03,cartola
75,CL,CLP,1061829,5,Baja,compra en tarragona,32938,alimentacion,2026-01-24,natural
75,CL,CLP,1061829,5,Baja,pago la polar,84663,otros,2026-01-08,natural
75,CL,CLP,1061829,5,Baja,peaje lateral cash,3623,transporte,2026-01-07,cartola
75,CL,CLP,1061829,5,Baja,pat debito ruta itata,31165,transporte,2026-01-19,cartola
75,CL,CLP,1061829,5,Baja,suscripcion a pacific fitness,44414,ocio,2026-01-17,natural
75,CL,CLP,1061829,5,Baja,pat netflix chile,16929,streaming,2026-01-18,cartola
75,CL,CLP,1061829,5,Baja,carga bencina en ruta del itata,32793,transporte,2026-01-09,natural
75,CL,CLP,1061829,5,Baja,pat disney plus chile,17191,streaming,2026-01-23,cartola
75,CL,CLP,1061829,5,Baja,viaje en petrobras,47963,transporte,2026-01-02,natural
75,CL,CLP,1061829,5,Baja,compra en centro médico san lorenzo,41106,salud,2026-01-23,natural
75,CL,CLP,1061829,5,Baja,viaje en estacionamiento saba,7165,transporte,2026-01-26,natural
75,CL,CLP,1061829,5,Baja,pat debito ruta itata,26024,transporte,2026-01-03,cartola
75,CL,CLP,1061829,5,Baja,compra redcompra cruz verde,60460,salud,2026-01-21,cartola
75,CL,CLP,1061829,5,Baja,pago aguas de antofagasta,101430,servicios,2026-01-08,natural
75,CL,CLP,1061829,5,Baja,steam games compra inter,51017,ocio,2026-01-02,cartola
75,CL,CLP,1061829,5,Baja,compra efe trenes,10267,transporte,2026-01-11,cartola
75,CL,CLP,1061829,5,Baja,viaje en estacionamiento saba,11263,transporte,2026-01-28,natural
75,CL,CLP,1061829,5,Baja,pago wom fibra,14305,servicios,2026-01-23,natural
75,CL,CLP,1061829,5,Baja,compra en schopdog,14807,alimentacion,2026-01-05,natural
75,CL,CLP,1061829,5,Baja,pat arancel univ catolica,370567,educacion,2026-01-17,cartola
75,CL,CLP,1061829,5,Baja,carga bencina en buses metropolitana,7107,transporte,2026-01-29,natural
75,CL,CLP,1061829,5,Baja,compra en panadería san ramón,21797,alimentacion,2026-01-07,natural
75,CL,CLP,1061829,5,Baja,pat spotify chile,10863,streaming,2026-01-12,cartola
75,CL,CLP,1061829,5,Baja,pat disney plus chile,16081,streaming,2026-01-25,cartola
75,CL,CLP,1061829,5,Baja,compra redcompra sparta deportes,138380,otros,2026-01-17,cartola
75,CL,CLP,1061829,5,Baja,pago en ópticas gmo,28616,salud,2026-01-19,natural
75,CL,CLP,1061829,5,Baja,pat spotify chile,14236,streaming,2026-01-20,cartola
75,CL,CLP,1061829,5,Baja,pago cuenta pat esval agua,28780,servicios,2026-01-23,cartola
75,CL,CLP,1061829,5,Baja,pago en megasalud,282547,salud,2026-01-19,natural
75,CL,CLP,1061829,5,Baja,compra en redfarma,73382,salud,2026-01-23,natural
75,CL,CLP,1061829,5,Baja,pago cuenta pat gasco,136431,servicios,2026-01-29,cartola
75,CL,CLP,1061829,5,Baja,pago nuevosur,126837,servicios,2026-01-23,natural
75,CL,CLP,1061829,5,Baja,pago wom fibra,123289,servicios,2026-01-14,natural
75,CL,CLP,1061829,5,Baja,pago servipag cuentas,14646,servicios,2026-01-12,natural
76,CL,CLP,1923518,12,Baja,pago essbio,93724,servicios,2026-01-22,natural
76,CL,CLP,1923518,12,Baja,compra webpay paris deco,26518,vivienda,2026-01-19,cartola
76,CL,CLP,1923518,12,Baja,pago cuenta pat claro hogar,127244,servicios,2026-01-16,cartola
76,CL,CLP,1923518,12,Baja,pago cge distribución,18353,servicios,2026-01-17,natural
76,CL,CLP,1923518,12,Baja,pat debito ruta 68,11314,transporte,2026-01-14,cartola
76,CL,CLP,1923518,12,Baja,pago mundo pacífico,22319,servicios,2026-01-08,natural
76,CL,CLP,1923518,12,Baja,inscripcion en colegio san ignacio,110569,educacion,2026-01-17,natural
76,CL,CLP,1923518,12,Baja,compra redcompra reifschneider,655697,otros,2026-01-06,cartola
76,CL,CLP,1923518,12,Baja,viaje en estacionamiento mall center,5684,transporte,2026-01-02,natural
76,CL,CLP,1923518,12,Baja,pat spotify chile,14911,streaming,2026-01-17,cartola
76,CL,CLP,1923518,12,Baja,compra en tavelli,46776,alimentacion,2026-01-05,natural
76,CL,CLP,1923518,12,Baja,pago en unimarc,63343,alimentacion,2026-01-07,natural
76,CL,CLP,1923518,12,Baja,entrada a ticketmaster chile,17439,ocio,2026-01-06,natural
76,CL,CLP,1923518,12,Baja,pago cuenta pat chilquinta,112840,servicios,2026-01-15,cartola
76,CL,CLP,1923518,12,Baja,bencina petrobras,16913,transporte,2026-01-20,cartola
76,CL,CLP,1923518,12,Baja,compra webpay didi,17515,transporte,2026-01-13,cartola
76,CL,CLP,1923518,12,Baja,compra en pedidosya,5634,alimentacion,2026-01-23,natural
76,CL,CLP,1923518,12,Baja,pago esval,12997,servicios,2026-01-25,natural
76,CL,CLP,1923518,12,Baja,compra en isapre consalud,261962,salud,2026-01-04,natural
76,CL,CLP,1923518,12,Baja,peaje zapata pos,4829,transporte,2026-01-28,cartola
76,CL,CLP,1923518,12,Baja,pago banco santander seguro,3276,otros,2026-01-14,natural
76,CL,CLP,1923518,12,Baja,suscripcion a disney plus,7953,streaming,2026-01-02,natural
76,CL,CLP,1923518,12,Baja,pago cuenta pat aguas andinas,71640,servicios,2026-01-17,cartola
76,CL,CLP,1923518,12,Baja,transbank oxxo,23706,alimentacion,2026-01-25,cartola
76,CL,CLP,1923518,12,Baja,compra webpay pullman bus,9269,transporte,2026-01-14,cartola
76,CL,CLP,1923518,12,Baja,transbank papa johns,8008,alimentacion,2026-01-22,cartola
76,CL,CLP,1923518,12,Baja,carga bencina en vespucio sur,37626,transporte,2026-01-04,natural
76,CL,CLP,1923518,12,Baja,peaje lampa pos,1482,transporte,2026-01-16,cartola
76,CL,CLP,1923518,12,Baja,pago en tarragona,6833,alimentacion,2026-01-17,natural
76,CL,CLP,1923518,12,Baja,suscripcion a fantasilandia,14093,ocio,2026-01-16,natural
76,CL,CLP,1923518,12,Baja,transbank pedro juan y diego,31146,alimentacion,2026-01-16,cartola
76,CL,CLP,1923518,12,Baja,entrada a bar el barista,64172,ocio,2026-01-16,natural
76,CL,CLP,1923518,12,Baja,pago movistar hogar,15580,servicios,2026-01-14,natural
76,CL,CLP,1923518,12,Baja,entrada a gimnasio sportlife,28492,ocio,2026-01-26,natural
76,CL,CLP,1923518,12,Baja,pago administración jardines de maipú,93577,vivienda,2026-01-28,natural
76,CL,CLP,1923518,12,Baja,inscripcion en instituto profesional santo tomás,348007,educacion,2026-01-18,natural
76,CL,CLP,1923518,12,Baja,pat debito ruta itata,29359,transporte,2026-01-08,cartola
76,CL,CLP,1923518,12,Baja,pago cuenta pat wom fibra,11168,servicios,2026-01-28,cartola
76,CL,CLP,1923518,12,Baja,compra webpay pullman bus,4973,transporte,2026-01-21,cartola
76,CL,CLP,1923518,12,Baja,pago essbio,16826,servicios,2026-01-02,natural
76,CL,CLP,1923518,12,Baja,transbank papa johns,31206,alimentacion,2026-01-12,cartola
76,CL,CLP,1923518,12,Baja,viaje en autopista central,16259,transporte,2026-01-27,natural
76,CL,CLP,1923518,12,Baja,carga bencina en ruta del itata,8856,transporte,2026-01-18,natural
76,CL,CLP,1923518,12,Baja,transbank mayorista 10,10822,alimentacion,2026-01-28,cartola
76,CL,CLP,1923518,12,Baja,transbank sibaritas 87,17259,alimentacion,2026-01-28,cartola
76,CL,CLP,1923518,12,Baja,pago cuenta pat claro hogar,52953,servicios,2026-01-27,cartola
76,CL,CLP,1923518,12,Baja,pago mapfre,8376,otros,2026-01-19,natural
76,CL,CLP,1923518,12,Baja,pago cge distribución,77694,servicios,2026-01-19,natural
76,CL,CLP,1923518,12,Baja,pago claro hogar,122522,servicios,2026-01-05,natural
76,CL,CLP,1923518,12,Baja,transbank buffalo waffles,22453,alimentacion,2026-01-11,cartola
76,CL,CLP,1923518,12,Baja,pat spotify chile,5484,streaming,2026-01-12,cartola
76,CL,CLP,1923518,12,Baja,pat amazon prime video,12425,streaming,2026-01-05,cartola
76,CL,CLP,1923518,12,Baja,compra en alvi,30520,alimentacion,2026-01-20,natural
76,CL,CLP,1923518,12,Baja,pago imperial,117546,vivienda,2026-01-15,natural
76,CL,CLP,1923518,12,Baja,pago cuenta pat nuevosur agua,106325,servicios,2026-01-12,cartola
76,CL,CLP,1923518,12,Baja,transbank subway,21859,alimentacion,2026-01-22,cartola
76,CL,CLP,1923518,12,Baja,compra redcompra construmart,7637,vivienda,2026-01-02,cartola
76,CL,CLP,1923518,12,Baja,pago wom fibra,117584,servicios,2026-01-10,natural
76,CL,CLP,1923518,12,Baja,laboratorio bionet pos,60491,salud,2026-01-11,cartola
76,CL,CLP,1923518,12,Baja,pago falabella home,51864,vivienda,2026-01-15,natural
76,CL,CLP,1923518,12,Baja,pago kastor gastos comunes,150364,vivienda,2026-01-07,natural
76,CL,CLP,1923518,12,Baja,compra efe trenes,9026,transporte,2026-01-14,cartola
76,CL,CLP,1923518,12,Baja,pago ferretería prat,89896,vivienda,2026-01-27,natural
76,CL,CLP,1923518,12,Baja,pago sencillito cuentas recaudacion,108022,servicios,2026-01-22,cartola
76,CL,CLP,1923518,12,Baja,pago cge distribución,68865,servicios,2026-01-23,natural
76,CL,CLP,1923518,12,Baja,compra webpay sodimac,60349,vivienda,2026-01-25,cartola
76,CL,CLP,1923518,12,Baja,compra en emporio la rosa,27130,alimentacion,2026-01-23,natural
76,CL,CLP,1923518,12,Baja,pat isapre consalud,247524,salud,2026-01-22,cartola
76,CL,CLP,1923518,12,Baja,pago tricot,168787,otros,2026-01-25,natural
76,CL,CLP,1923518,12,Baja,pat sportlife gimnasios,25290,ocio,2026-01-03,cartola
76,CL,CLP,1923518,12,Baja,pat gimnasio upgrade pos,47847,ocio,2026-01-12,cartola
76,CL,CLP,1923518,12,Baja,suscripcion a amazon prime video,5733,streaming,2026-01-22,natural
76,CL,CLP,1923518,12,Baja,pago seguros metlife,23501,otros,2026-01-09,natural
76,CL,CLP,1923518,12,Baja,pago cuenta pat claro hogar,86339,servicios,2026-01-06,cartola
76,CL,CLP,1923518,12,Baja,pago sencillito cuentas recaudacion,14537,servicios,2026-01-19,cartola
76,CL,CLP,1923518,12,Baja,suscripcion a netflix chile,9757,streaming,2026-01-14,natural
76,CL,CLP,1923518,12,Baja,transbank doña juana,16649,alimentacion,2026-01-20,cartola
76,CL,CLP,1923518,12,Baja,pago condovive copropiedad,93960,vivienda,2026-01-10,natural
76,CL,CLP,1923518,12,Baja,pago cuenta pat aguas del altiplano,63695,servicios,2026-01-12,cartola
76,CL,CLP,1923518,12,Baja,compra redcompra ahumada,72459,salud,2026-01-21,cartola
76,CL,CLP,1923518,12,Baja,zoologico metropolitano entradas,40614,ocio,2026-01-06,cartola
76,CL,CLP,1923518,12,Baja,pat debito ruta itata,20077,transporte,2026-01-15,cartola
76,CL,CLP,1923518,12,Baja,pago ikea chile,57460,vivienda,2026-01-25,natural
76,CL,CLP,1923518,12,Baja,bencina copec,55451,transporte,2026-01-17,cartola
76,CL,CLP,1923518,12,Baja,peaje melipilla pos,3622,transporte,2026-01-14,cartola
76,CL,CLP,1923518,12,Baja,pago edipro gastos comunes,323936,vivienda,2026-01-21,cartola
76,CL,CLP,1923518,12,Baja,suscripcion a spotify,14063,streaming,2026-01-15,natural
76,CL,CLP,1923518,12,Baja,fantasilandia entradas,85231,ocio,2026-01-11,cartola
76,CL,CLP,1923518,12,Baja,peaje angostura pos,4234,transporte,2026-01-06,cartola
76,CL,CLP,1923518,12,Baja,centro medico san lorenzo,19482,salud,2026-01-29,cartola
76,CL,CLP,1923518,12,Baja,pago cuenta pat gasco,146632,servicios,2026-01-23,cartola
76,CL,CLP,1923518,12,Baja,pago cuenta pat wom fibra,131887,servicios,2026-01-14,cartola
76,CL,CLP,1923518,12,Baja,viaje en copec,31784,transporte,2026-01-29,natural
76,CL,CLP,1923518,12,Baja,pat disney plus chile,12161,streaming,2026-01-24,cartola
76,CL,CLP,1923518,12,Baja,transbank verduleria don lucho,12457,alimentacion,2026-01-29,cartola
76,CL,CLP,1923518,12,Baja,suscripcion a kidzania santiago,51394,ocio,2026-01-15,natural
76,CL,CLP,1923518,12,Baja,pat usach cuota academica,619818,educacion,2026-01-16,cartola
76,CL,CLP,1923518,12,Baja,pago en buffalo waffles,28533,alimentacion,2026-01-12,natural
76,CL,CLP,1923518,12,Baja,viaje en vespucio sur,4911,transporte,2026-01-02,natural
76,CL,CLP,1923518,12,Baja,entrada a smart fit,44397,ocio,2026-01-23,natural
76,CL,CLP,1923518,12,Baja,peaje angostura pos,1178,transporte,2026-01-15,cartola
76,CL,CLP,1923518,12,Baja,pat debito vespucio sur,36925,transporte,2026-01-09,cartola
76,CL,CLP,1923518,12,Baja,compra webpay falabella home,21590,vivienda,2026-01-15,cartola
76,CL,CLP,1923518,12,Baja,transbank tavelli,19392,alimentacion,2026-01-21,cartola
76,CL,CLP,1923518,12,Baja,viaje en didi taxi,7179,transporte,2026-01-06,natural
76,CL,CLP,1923518,12,Baja,viaje en estacionamiento mall center,10365,transporte,2026-01-29,natural
76,CL,CLP,1923518,12,Baja,pago en upa!,27893,alimentacion,2026-01-05,natural
76,CL,CLP,1923518,12,Baja,condonvive copropiedad transfer,213264,vivienda,2026-01-27,cartola
76,CL,CLP,1923518,12,Baja,carga bencina en uber chile,21962,transporte,2026-01-22,natural
76,CL,CLP,1923518,12,Baja,compra en fuente suiza,34308,alimentacion,2026-01-22,natural
76,CL,CLP,1923518,12,Baja,compra en bravissimo,37190,alimentacion,2026-01-27,natural
76,CL,CLP,1923518,12,Baja,carga bencina en pullman bus,6115,transporte,2026-01-23,natural
76,CL,CLP,1923518,12,Baja,transbank pizza hut,21559,alimentacion,2026-01-16,cartola
76,CL,CLP,1923518,12,Baja,compra redcompra tricot suc,90329,otros,2026-01-18,cartola
76,CL,CLP,1923518,12,Baja,compra redcompra reifschneider,642796,otros,2026-01-20,cartola
76,CL,CLP,1923518,12,Baja,transbank melt pizzas,15233,alimentacion,2026-01-20,cartola
76,CL,CLP,1923518,12,Baja,pago aguas del altiplano,13672,servicios,2026-01-23,natural
76,CL,CLP,1923518,12,Baja,compra en botillería el faro,39249,alimentacion,2026-01-07,natural
76,CL,CLP,1923518,12,Baja,pat arancel univ catolica,541900,educacion,2026-01-05,cartola
76,CL,CLP,1923518,12,Baja,zoologico metropolitano entradas,58995,ocio,2026-01-25,cartola
76,CL,CLP,1923518,12,Baja,compra webpay cabify,21515,transporte,2026-01-15,cartola
76,CL,CLP,1923518,12,Baja,viaje en cabify,16630,transporte,2026-01-06,natural
76,CL,CLP,1923518,12,Baja,pago casaideas,37195,vivienda,2026-01-12,natural
76,CL,CLP,1923518,12,Baja,compra en integramédica,40936,salud,2026-01-13,natural
76,CL,CLP,1923518,12,Baja,pago universidad de chile,245959,educacion,2026-01-02,natural
77,CL,CLP,741348,9,Media,pat netflix chile,4507,streaming,2026-01-08,cartola
77,CL,CLP,741348,9,Media,pago ikea chile,151171,vivienda,2026-01-22,natural
77,CL,CLP,741348,9,Media,compra en uber eats,46968,alimentacion,2026-01-03,natural
77,CL,CLP,741348,9,Media,pago cuenta pat esval agua,12642,servicios,2026-01-03,cartola
77,CL,CLP,741348,9,Media,pago zara chile,117175,otros,2026-01-07,natural
77,CL,CLP,741348,9,Media,pat debito ruta itata,41687,transporte,2026-01-22,cartola
77,CL,CLP,741348,9,Media,compra redcompra dr simi,52008,salud,2026-01-13,cartola
77,CL,CLP,741348,9,Media,pago pago de luz municipalidad,27763,servicios,2026-01-16,natural
77,CL,CLP,741348,9,Media,pago en verdulería don lucho,48496,alimentacion,2026-01-25,natural
77,CL,CLP,741348,9,Media,pago en fuente alemana,14922,alimentacion,2026-01-29,natural
77,CL,CLP,741348,9,Media,pago cuenta pat aguas andinas,117190,servicios,2026-01-19,cartola
77,CL,CLP,741348,9,Media,pago nuevosur,90308,servicios,2026-01-08,natural
77,CL,CLP,741348,9,Media,colegio san ignacio cuotas pat,147717,educacion,2026-01-22,cartola
77,CL,CLP,741348,9,Media,carga bencina en efe trenes,7253,transporte,2026-01-21,natural
77,CL,CLP,741348,9,Media,pago en verdulería don lucho,19053,alimentacion,2026-01-13,natural
77,CL,CLP,741348,9,Media,pago cuenta pat claro hogar,101340,servicios,2026-01-06,cartola
77,CL,CLP,741348,9,Media,pago servipag cuentas recaudacion,67950,servicios,2026-01-22,cartola
77,CL,CLP,741348,9,Media,viaje en peaje angostura,4342,transporte,2026-01-04,natural
77,CL,CLP,741348,9,Media,compra webpay cinemark,17473,ocio,2026-01-19,cartola
77,CL,CLP,741348,9,Media,pago paris deco,8431,vivienda,2026-01-20,natural
77,CL,CLP,741348,9,Media,compra en clínica alemana,206632,salud,2026-01-27,natural
77,CL,CLP,741348,9,Media,pago cuenta pat gtd manquehue,88028,servicios,2026-01-16,cartola
77,CL,CLP,741348,9,Media,pago colegio san ignacio,47111,educacion,2026-01-16,natural
77,CL,CLP,741348,9,Media,pago librería subsuelo,43313,educacion,2026-01-10,natural
77,CL,CLP,741348,9,Media,compra webpay pullman bus,10370,transporte,2026-01-04,cartola
77,CL,CLP,741348,9,Media,pat santo tomas arancel,151716,educacion,2026-01-07,cartola
77,CL,CLP,741348,9,Media,pago kastor gastos comunes,255311,vivienda,2026-01-10,natural
77,CL,CLP,741348,9,Media,pago pontificia universidad católica,131563,educacion,2026-01-15,natural
77,CL,CLP,741348,9,Media,pago en verdulería don lucho,37866,alimentacion,2026-01-25,natural
77,CL,CLP,741348,9,Media,compra webpay sodimac,240068,vivienda,2026-01-07,cartola
77,CL,CLP,741348,9,Media,pago h&m chile,152131,otros,2026-01-13,natural
77,CL,CLP,741348,9,Media,pago sodimac homecenter,29058,vivienda,2026-01-11,natural
77,CL,CLP,741348,9,Media,pago sencillito cuentas recaudacion,94358,servicios,2026-01-23,cartola
77,CL,CLP,741348,9,Media,transbank emporio la rosa,12444,alimentacion,2026-01-28,cartola
77,CL,CLP,741348,9,Media,pago lipigas,120537,servicios,2026-01-15,natural
77,CL,CLP,741348,9,Media,pago cuenta pat aguas antofagasta,13476,servicios,2026-01-12,cartola
77,CL,CLP,741348,9,Media,suscripcion a netflix chile,6592,streaming,2026-01-29,natural
77,CL,CLP,741348,9,Media,compra webpay rappi,16270,alimentacion,2026-01-22,cartola
77,CL,CLP,741348,9,Media,pago seguro pat santander,26713,otros,2026-01-03,cartola
77,CL,CLP,741348,9,Media,compra en pedro juan y diego,9804,alimentacion,2026-01-14,natural
77,CL,CLP,741348,9,Media,pago cuenta pat movistar hogar,46432,servicios,2026-01-10,cartola
77,CL,CLP,741348,9,Media,pago cge distribución,104251,servicios,2026-01-24,natural
77,CL,CLP,741348,9,Media,compra redcompra casaideas,115790,vivienda,2026-01-17,cartola
77,CL,CLP,741348,9,Media,maderas encofrados compra,56638,vivienda,2026-01-03,cartola
77,CL,CLP,741348,9,Media,pago cuenta pat wom fibra,65738,servicios,2026-01-06,cartola
77,CL,CLP,741348,9,Media,suscripcion a club de baile,11881,ocio,2026-01-29,natural
77,CL,CLP,741348,9,Media,pago cge distribución,19687,servicios,2026-01-09,natural
77,CL,CLP,741348,9,Media,carga bencina en vespucio sur,23145,transporte,2026-01-18,natural
77,CL,CLP,741348,9,Media,transbank doggis,31391,alimentacion,2026-01-23,cartola
77,CL,CLP,741348,9,Media,transbank upa!,5009,alimentacion,2026-01-29,cartola
77,CL,CLP,741348,9,Media,pat udd arancel,239717,educacion,2026-01-26,cartola
77,CL,CLP,741348,9,Media,pago wom fibra,59082,servicios,2026-01-14,natural
77,CL,CLP,741348,9,Media,viaje en vespucio sur,26587,transporte,2026-01-06,natural
77,CL,CLP,741348,9,Media,pat debito vespucio norte,39532,transporte,2026-01-14,cartola
77,CL,CLP,741348,9,Media,pago lipigas,16414,servicios,2026-01-26,natural
77,CL,CLP,741348,9,Media,pago en clínica bupa,143030,salud,2026-01-11,natural
77,CL,CLP,741348,9,Media,pago cuenta pat claro hogar,133987,servicios,2026-01-03,cartola
77,CL,CLP,741348,9,Media,transbank spacio1 petrobras,26505,alimentacion,2026-01-14,cartola
77,CL,CLP,741348,9,Media,bar la virgen compra suc,40679,ocio,2026-01-16,cartola
77,CL,CLP,741348,9,Media,entrada a smart fit,22464,ocio,2026-01-11,natural
77,CL,CLP,741348,9,Media,pago edipro edificio,81002,vivienda,2026-01-13,natural
77,CL,CLP,741348,9,Media,transbank fuente alemana,29273,alimentacion,2026-01-08,cartola
77,CL,CLP,741348,9,Media,pago ferretería el candado,85083,vivienda,2026-01-29,natural
77,CL,CLP,741348,9,Media,transbank alvi,42701,alimentacion,2026-01-05,cartola
77,CL,CLP,741348,9,Media,pago en la sanguchera del barrio,32893,alimentacion,2026-01-22,natural
77,CL,CLP,741348,9,Media,bar la virgen compra suc,81904,ocio,2026-01-07,cartola
77,CL,CLP,741348,9,Media,pat arancel unab suc,170057,educacion,2026-01-22,cartola
77,CL,CLP,741348,9,Media,pago en tottus,173480,alimentacion,2026-01-29,natural
77,CL,CLP,741348,9,Media,comision mantencion tarjeta cencosud,24553,otros,2026-01-18,cartola
77,CL,CLP,741348,9,Media,transbank alvi,49452,alimentacion,2026-01-24,cartola
77,CL,CLP,741348,9,Media,pago cuenta pat metrogas,60771,servicios,2026-01-28,cartola
77,CL,CLP,741348,9,Media,viaje en peaje melipilla,1010,transporte,2026-01-21,natural
77,CL,CLP,741348,9,Media,transbank alvi,20927,alimentacion,2026-01-15,cartola
77,CL,CLP,741348,9,Media,pat uai arancel,243293,educacion,2026-01-21,cartola
77,CL,CLP,741348,9,Media,viaje en ruta del maipo,23038,transporte,2026-01-24,natural
77,CL,CLP,741348,9,Media,pago wom fibra,65636,servicios,2026-01-04,natural
77,CL,CLP,741348,9,Media,pago en laboratorio bionet,11942,salud,2026-01-27,natural
77,CL,CLP,741348,9,Media,pago edipro gastos comunes,240624,vivienda,2026-01-23,cartola
77,CL,CLP,741348,9,Media,transbank tommy beans,12194,alimentacion,2026-01-21,cartola
77,CL,CLP,741348,9,Media,pago en clínica santa maría,60615,salud,2026-01-28,natural
77,CL,CLP,741348,9,Media,pago pontificia universidad católica,127260,educacion,2026-01-23,natural
77,CL,CLP,741348,9,Media,transbank subway,6650,alimentacion,2026-01-24,cartola
77,CL,CLP,741348,9,Media,pago cuenta pat metrogas,26283,servicios,2026-01-22,cartola
77,CL,CLP,741348,9,Media,pago bci seguros,12010,otros,2026-01-15,natural
77,CL,CLP,741348,9,Media,inscripcion en universidad del desarrollo udd,144660,educacion,2026-01-18,natural
77,CL,CLP,741348,9,Media,pago en santa isabel,142022,alimentacion,2026-01-29,natural
77,CL,CLP,741348,9,Media,carga bencina en estacionamiento mall center,10023,transporte,2026-01-13,natural
77,CL,CLP,741348,9,Media,pat udp arancel academico,148603,educacion,2026-01-09,cartola
77,CL,CLP,741348,9,Media,pago aguas del altiplano,95926,servicios,2026-01-08,natural
77,CL,CLP,741348,9,Media,compra en buffalo waffles,28709,alimentacion,2026-01-11,natural
77,CL,CLP,741348,9,Media,peaje lateral cash,3047,transporte,2026-01-05,cartola
77,CL,CLP,741348,9,Media,pago cuenta pat essbio agua,131957,servicios,2026-01-08,cartola
77,CL,CLP,741348,9,Media,viaje en estacionamiento mall center,6136,transporte,2026-01-08,natural
77,CL,CLP,741348,9,Media,compra webpay pedidosya,7585,alimentacion,2026-01-05,cartola
77,CL,CLP,741348,9,Media,edificio el golf gastos comunes,58728,vivienda,2026-01-25,cartola
77,CL,CLP,741348,9,Media,pago en carls jr,6094,alimentacion,2026-01-14,natural
77,CL,CLP,741348,9,Media,carga bip webpay,5985,transporte,2026-01-10,cartola
77,CL,CLP,741348,9,Media,entrada a cinemark,11946,ocio,2026-01-08,natural
77,CL,CLP,741348,9,Media,pat debito autopista central,29088,transporte,2026-01-24,cartola
77,CL,CLP,741348,9,Media,compra redcompra redfarma,68922,salud,2026-01-07,cartola
77,CL,CLP,741348,9,Media,carga bencina en uber chile,14796,transporte,2026-01-10,natural
77,CL,CLP,741348,9,Media,suscripcion a gimnasio sportlife,25463,ocio,2026-01-17,natural
77,CL,CLP,741348,9,Media,transbank upa!,47814,alimentacion,2026-01-18,cartola
77,CL,CLP,741348,9,Media,pago en clínica alemana,209423,salud,2026-01-19,natural
77,CL,CLP,741348,9,Media,compra en clínica indisa,31445,salud,2026-01-28,natural
77,CL,CLP,741348,9,Media,pat spotify chile,9969,streaming,2026-01-17,cartola
77,CL,CLP,741348,9,Media,transbank pronto copec,20808,alimentacion,2026-01-12,cartola
77,CL,CLP,741348,9,Media,pago cuenta pat lipigas,72169,servicios,2026-01-14,cartola
77,CL,CLP,741348,9,Media,pago saesa,69162,servicios,2026-01-10,natural
77,CL,CLP,741348,9,Media,pago en clínica bupa,257269,salud,2026-01-13,natural
77,CL,CLP,741348,9,Media,pago cuenta pat essbio agua,61464,servicios,2026-01-18,cartola
77,CL,CLP,741348,9,Media,pago condovive copropiedad,159793,vivienda,2026-01-09,natural
77,CL,CLP,741348,9,Media,pat debito autopista central,29335,transporte,2026-01-13,cartola
77,CL,CLP,741348,9,Media,inscripcion en universidad de santiago usach,257839,educacion,2026-01-08,natural
77,CL,CLP,741348,9,Media,zoologico metropolitano entradas,65509,ocio,2026-01-27,cartola
77,CL,CLP,741348,9,Media,megasalud atencion medica,29099,salud,2026-01-13,cartola
77,CL,CLP,741348,9,Media,suscripcion a amazon prime video,16156,streaming,2026-01-18,natural
77,CL,CLP,741348,9,Media,transbank emporio la rosa,12242,alimentacion,2026-01-14,cartola
77,CL,CLP,741348,9,Media,transbank fuente suiza,22935,alimentacion,2026-01-10,cartola
77,CL,CLP,741348,9,Media,condonvive copropiedad transfer,56875,vivienda,2026-01-27,cartola
77,CL,CLP,741348,9,Media,viaje en efe trenes,8256,transporte,2026-01-13,natural
77,CL,CLP,741348,9,Media,pago claro hogar,20200,servicios,2026-01-19,natural
77,CL,CLP,741348,9,Media,pago mundo pacífico,140242,servicios,2026-01-07,natural
77,CL,CLP,741348,9,Media,carga bip webpay,4476,transporte,2026-01-09,cartola
77,CL,CLP,741348,9,Media,compra en papa johns,13834,alimentacion,2026-01-29,natural
78,CL,CLP,748598,70,Baja,compra en wendy's,33937,alimentacion,2026-01-25,natural
78,CL,CLP,748598,70,Baja,pago cuenta pat abastible,73485,servicios,2026-01-04,cartola
78,CL,CLP,748598,70,Baja,pago chilquinta,88963,servicios,2026-01-28,natural
78,CL,CLP,748598,70,Baja,compra en almacén doña juana,14091,alimentacion,2026-01-06,natural
78,CL,CLP,748598,70,Baja,pago esval,51344,servicios,2026-01-10,natural
78,CL,CLP,748598,70,Baja,pago en verdulería don lucho,12624,alimentacion,2026-01-11,natural
78,CL,CLP,748598,70,Baja,compra en doggis,30190,alimentacion,2026-01-11,natural
78,CL,CLP,748598,70,Baja,carga bencina en cabify,10583,transporte,2026-01-02,natural
78,CL,CLP,748598,70,Baja,transbank upa!,12481,alimentacion,2026-01-21,cartola
78,CL,CLP,748598,70,Baja,transbank fuente alemana,48045,alimentacion,2026-01-23,cartola
78,CL,CLP,748598,70,Baja,viaje en shell,56988,transporte,2026-01-20,natural
78,CL,CLP,748598,70,Baja,transbank burger king,16998,alimentacion,2026-01-07,cartola
78,CL,CLP,748598,70,Baja,entrada a energy fitness,21819,ocio,2026-01-15,natural
78,CL,CLP,748598,70,Baja,pago en juan maestro,30134,alimentacion,2026-01-15,natural
78,CL,CLP,748598,70,Baja,pat amazon prime video,9183,streaming,2026-01-26,cartola
78,CL,CLP,748598,70,Baja,administracion jardines maipu exp,169093,vivienda,2026-01-13,cartola
78,CL,CLP,748598,70,Baja,bencina petrobras,74316,transporte,2026-01-19,cartola
78,CL,CLP,748598,70,Baja,transbank la sanguchera,34470,alimentacion,2026-01-03,cartola
78,CL,CLP,748598,70,Baja,centro medico san lorenzo,21563,salud,2026-01-06,cartola
78,CL,CLP,748598,70,Baja,pago paris deco,21988,vivienda,2026-01-15,natural
78,CL,CLP,748598,70,Baja,compra redcompra casaideas,61233,vivienda,2026-01-25,cartola
78,CL,CLP,748598,70,Baja,pago cuenta pat esval agua,122544,servicios,2026-01-06,cartola
78,CL,CLP,748598,70,Baja,viaje en estacionamiento mall center,11301,transporte,2026-01-24,natural
78,CL,CLP,748598,70,Baja,pago maderas encofrados,31622,vivienda,2026-01-24,natural
78,CL,CLP,748598,70,Baja,peaje angostura pos,1639,transporte,2026-01-15,cartola
78,CL,CLP,748598,70,Baja,transbank pronto copec,14862,alimentacion,2026-01-07,cartola
78,CL,CLP,748598,70,Baja,pago nuevosur,61588,servicios,2026-01-08,natural
78,CL,CLP,748598,70,Baja,pago kastor gastos comunes,96295,vivienda,2026-01-12,natural
78,CL,CLP,748598,70,Baja,compra webpay cinemark,18608,ocio,2026-01-23,cartola
78,CL,CLP,748598,70,Baja,compra en schopdog,23088,alimentacion,2026-01-25,natural
78,CL,CLP,748598,70,Baja,pat disney plus chile,9403,streaming,2026-01-11,cartola
78,CL,CLP,748598,70,Baja,carga bencina en didi taxi,9079,transporte,2026-01-10,natural
78,CL,CLP,748598,70,Baja,pago abastible,126070,servicios,2026-01-20,natural
78,CL,CLP,748598,70,Baja,pat disney plus chile,5066,streaming,2026-01-07,cartola
78,CL,CLP,748598,70,Baja,suscripcion a spotify,7721,streaming,2026-01-10,natural
78,CL,CLP,748598,70,Baja,compra en upa!,26413,alimentacion,2026-01-08,natural
78,CL,CLP,748598,70,Baja,suscripcion a amazon prime video,12830,streaming,2026-01-27,natural
78,CL,CLP,748598,70,Baja,suscripcion a gimnasio sportlife,47676,ocio,2026-01-12,natural
78,CL,CLP,748598,70,Baja,viaje en shell,52965,transporte,2026-01-12,natural
78,CL,CLP,748598,70,Baja,pat udd arancel,210588,educacion,2026-01-24,cartola
78,CL,CLP,748598,70,Baja,pago seguros metlife,27496,otros,2026-01-09,natural
78,CL,CLP,748598,70,Baja,compra webpay pedidosya,48623,alimentacion,2026-01-02,cartola
78,CL,CLP,748598,70,Baja,pago yolito ferretería,61229,vivienda,2026-01-19,natural
78,CL,CLP,748598,70,Baja,pago en dentalalegre,25890,salud,2026-01-14,natural
78,CL,CLP,748598,70,Baja,suscripcion a disney plus,12141,streaming,2026-01-07,natural
78,CL,CLP,748598,70,Baja,suscripcion a netflix chile,8905,streaming,2026-01-22,natural
78,CL,CLP,748598,70,Baja,pago en clínica dávila,28836,salud,2026-01-20,natural
78,CL,CLP,748598,70,Baja,transbank doña juana,13135,alimentacion,2026-01-29,cartola
78,CL,CLP,748598,70,Baja,pago cuenta pat enel distribucion,55275,servicios,2026-01-06,cartola
78,CL,CLP,748598,70,Baja,entrada a smart fit,44307,ocio,2026-01-22,natural
78,CL,CLP,748598,70,Baja,transbank superbodega acuenta,47774,alimentacion,2026-01-26,cartola
78,CL,CLP,748598,70,Baja,pago cuenta pat lipigas,117604,servicios,2026-01-11,cartola
78,CL,CLP,748598,70,Baja,pago sparta,116839,otros,2026-01-15,natural
78,CL,CLP,748598,70,Baja,pago claro hogar,16860,servicios,2026-01-03,natural
78,CL,CLP,748598,70,Baja,pat amazon prime video,9451,streaming,2026-01-09,cartola
78,CL,CLP,748598,70,Baja,peaje lateral cash,2092,transporte,2026-01-11,cartola
78,CL,CLP,748598,70,Baja,pago gasco,62063,servicios,2026-01-02,natural
78,CL,CLP,748598,70,Baja,compra en clínica alemana,240913,salud,2026-01-06,natural
78,CL,CLP,748598,70,Baja,pago zara chile,83314,otros,2026-01-29,natural
78,CL,CLP,748598,70,Baja,transbank fuente alemana,17615,alimentacion,2026-01-13,cartola
78,CL,CLP,748598,70,Baja,transbank doña juana,21464,alimentacion,2026-01-05,cartola
78,CL,CLP,748598,70,Baja,pago en tottus,99857,alimentacion,2026-01-19,natural
78,CL,CLP,748598,70,Baja,viaje en copec,55573,transporte,2026-01-09,natural
78,CL,CLP,748598,70,Baja,suscripcion a netflix chile,16746,streaming,2026-01-13,natural
78,CL,CLP,748598,70,Baja,transbank verduleria don lucho,30335,alimentacion,2026-01-16,cartola
78,CL,CLP,748598,70,Baja,peaje lampa pos,2898,transporte,2026-01-16,cartola
78,CL,CLP,748598,70,Baja,transbank bar el barista,57982,ocio,2026-01-07,cartola
78,CL,CLP,748598,70,Baja,edificio el golf gastos comunes,111015,vivienda,2026-01-23,cartola
78,CL,CLP,748598,70,Baja,pat amazon prime video,13088,streaming,2026-01-03,cartola
78,CL,CLP,748598,70,Baja,pat netflix chile,6288,streaming,2026-01-28,cartola
78,CL,CLP,748598,70,Baja,compra webpay falabella suc,115496,otros,2026-01-22,cartola
78,CL,CLP,748598,70,Baja,compra webpay cabify,6433,transporte,2026-01-18,cartola
78,CL,CLP,748598,70,Baja,ferreteria prat compra,91578,vivienda,2026-01-10,cartola
78,CL,CLP,748598,70,Baja,bencina petrobras,69173,transporte,2026-01-26,cartola
78,CL,CLP,748598,70,Baja,suscripcion a amazon prime video,7277,streaming,2026-01-25,natural
78,CL,CLP,748598,70,Baja,pago metrogas,55347,servicios,2026-01-20,natural
78,CL,CLP,748598,70,Baja,compra webpay cinemark,19574,ocio,2026-01-10,cartola
78,CL,CLP,748598,70,Baja,compra webpay tottus,27465,alimentacion,2026-01-23,cartola
78,CL,CLP,748598,70,Baja,pago sencillito cuentas recaudacion,64249,servicios,2026-01-27,cartola
78,CL,CLP,748598,70,Baja,estacionamiento mall center,1652,transporte,2026-01-13,cartola
78,CL,CLP,748598,70,Baja,pat amazon prime video,13505,streaming,2026-01-14,cartola
78,CL,CLP,748598,70,Baja,opticas schilling compra,34223,salud,2026-01-27,cartola
78,CL,CLP,748598,70,Baja,compra redcompra dr simi,39032,salud,2026-01-18,cartola
78,CL,CLP,748598,70,Baja,bencina petrobras,36766,transporte,2026-01-20,cartola
78,CL,CLP,748598,70,Baja,clinica alemana santiago,206580,salud,2026-01-16,cartola
78,CL,CLP,748598,70,Baja,compra webpay ikea chile,25049,vivienda,2026-01-09,cartola
78,CL,CLP,748598,70,Baja,pago imperial,19725,vivienda,2026-01-05,natural
78,CL,CLP,748598,70,Baja,compra webpay rappi,32470,alimentacion,2026-01-25,cartola
78,CL,CLP,748598,70,Baja,compra redcompra imperial,39561,vivienda,2026-01-13,cartola
78,CL,CLP,748598,70,Baja,movistar arena entradas,22662,ocio,2026-01-05,cartola
78,CL,CLP,748598,70,Baja,pat pacific fitness gimnasio,28669,ocio,2026-01-10,cartola
78,CL,CLP,748598,70,Baja,pago giro cajero redbanc,54961,otros,2026-01-08,natural
78,CL,CLP,748598,70,Baja,compra webpay pedidosya,6361,alimentacion,2026-01-17,cartola
78,CL,CLP,748598,70,Baja,pago cuenta pat essbio agua,48174,servicios,2026-01-06,cartola
78,CL,CLP,748598,70,Baja,viaje en shell,50765,transporte,2026-01-12,natural
78,CL,CLP,748598,70,Baja,pago cuenta pat aguas antofagasta,56346,servicios,2026-01-02,cartola
78,CL,CLP,748598,70,Baja,pago ferretería el candado,100268,vivienda,2026-01-23,natural
78,CL,CLP,748598,70,Baja,inscripcion en universidad de los andes,180354,educacion,2026-01-03,natural
78,CL,CLP,748598,70,Baja,compra en lider,164651,alimentacion,2026-01-27,natural
78,CL,CLP,748598,70,Baja,pago en schopdog,10447,alimentacion,2026-01-26,natural
78,CL,CLP,748598,70,Baja,compra en la picá del gringo,42999,alimentacion,2026-01-07,natural
78,CL,CLP,748598,70,Baja,pago gtd manquehue,128402,servicios,2026-01-27,natural
78,CL,CLP,748598,70,Baja,inscripcion en colegio saint george,54426,educacion,2026-01-29,natural
78,CL,CLP,748598,70,Baja,pago cuenta pat aguas antofagasta,30152,servicios,2026-01-20,cartola
78,CL,CLP,748598,70,Baja,pago aguas del altiplano,49327,servicios,2026-01-22,natural
78,CL,CLP,748598,70,Baja,compra en rappi,25677,alimentacion,2026-01-14,natural
78,CL,CLP,748598,70,Baja,pat isapre consalud,80537,salud,2026-01-19,cartola
78,CL,CLP,748598,70,Baja,pago vtr internet,113209,servicios,2026-01-19,natural
78,CL,CLP,748598,70,Baja,transbank mayorista 10,6459,alimentacion,2026-01-26,cartola
78,CL,CLP,748598,70,Baja,pago en sibaritas 87,12891,alimentacion,2026-01-06,natural
78,CL,CLP,748598,70,Baja,pago esval,15041,servicios,2026-01-17,natural
78,CL,CLP,748598,70,Baja,pago pinturas sherwin williams,36615,vivienda,2026-01-16,natural
78,CL,CLP,748598,70,Baja,compra webpay sodimac,137281,vivienda,2026-01-24,cartola
78,CL,CLP,748598,70,Baja,pago aguas del altiplano,24105,servicios,2026-01-22,natural
78,CL,CLP,748598,70,Baja,compra en fonasa,217089,salud,2026-01-08,natural
78,CL,CLP,748598,70,Baja,pat netflix chile,10323,streaming,2026-01-07,cartola
78,CL,CLP,748598,70,Baja,transbank spacio1 petrobras,48029,alimentacion,2026-01-15,cartola
78,CL,CLP,748598,70,Baja,dentalalegre clinica dental,52561,salud,2026-01-07,cartola
78,CL,CLP,748598,70,Baja,compra en melt pizzas,33075,alimentacion,2026-01-20,natural
78,CL,CLP,748598,70,Baja,pago gasco,40706,servicios,2026-01-22,natural
78,CL,CLP,748598,70,Baja,pago abastible,25190,servicios,2026-01-20,natural
78,CL,CLP,748598,70,Baja,compra en farmacias del dr simi,15460,salud,2026-01-19,natural
78,CL,CLP,748598,70,Baja,carga bencina en ruta 68,18687,transporte,2026-01-23,natural
78,CL,CLP,748598,70,Baja,suscripcion a gimnasio upgrade,30814,ocio,2026-01-26,natural
78,CL,CLP,748598,70,Baja,opticas schilling compra,40644,salud,2026-01-27,cartola
79,CL,CLP,1184009,67,Baja,viaje en peaje lateral,3388,transporte,2026-01-03,natural
79,CL,CLP,1184009,67,Baja,pago en fonasa,141011,salud,2026-01-15,natural
79,CL,CLP,1184009,67,Baja,compra webpay rappi,26306,alimentacion,2026-01-18,cartola
79,CL,CLP,1184009,67,Baja,compra webpay ticketmaster,12838,ocio,2026-01-03,cartola
79,CL,CLP,1184009,67,Baja,compra webpay cinehoyts,23969,ocio,2026-01-15,cartola
79,CL,CLP,1184009,67,Baja,playstation network compra,55278,ocio,2026-01-24,cartola
79,CL,CLP,1184009,67,Baja,libreria subsuelo compra,5336,educacion,2026-01-13,cartola
79,CL,CLP,1184009,67,Baja,pago metrogas,91691,servicios,2026-01-26,natural
79,CL,CLP,1184009,67,Baja,transbank oxxo,21121,alimentacion,2026-01-04,cartola
79,CL,CLP,1184009,67,Baja,compra en clínica dávila,24737,salud,2026-01-16,natural
79,CL,CLP,1184009,67,Baja,compra en isapre colmena,65841,salud,2026-01-25,natural
79,CL,CLP,1184009,67,Baja,pago cuenta pat metrogas,65179,servicios,2026-01-18,cartola
79,CL,CLP,1184009,67,Baja,bencina copec,30532,transporte,2026-01-04,cartola
79,CL,CLP,1184009,67,Baja,compra en clínica alemana,313431,salud,2026-01-05,natural
79,CL,CLP,1184009,67,Baja,pago cuenta pat vtr telecom,125051,servicios,2026-01-02,cartola
79,CL,CLP,1184009,67,Baja,compra webpay paris suc,164316,otros,2026-01-17,cartola
79,CL,CLP,1184009,67,Baja,carga bencina en colectivo linea 40,4761,transporte,2026-01-12,natural
79,CL,CLP,1184009,67,Baja,pago lipigas,44674,servicios,2026-01-03,natural
79,CL,CLP,1184009,67,Baja,suscripcion a spotify,17988,streaming,2026-01-08,natural
79,CL,CLP,1184009,67,Baja,pago cuenta pat cge distribucion,65812,servicios,2026-01-11,cartola
79,CL,CLP,1184009,67,Baja,inscripcion en antártica libros,26597,educacion,2026-01-13,natural
79,CL,CLP,1184009,67,Baja,pago gasco,29663,servicios,2026-01-10,natural
79,CL,CLP,1184009,67,Baja,pat gimnasio upgrade pos,27321,ocio,2026-01-06,cartola
79,CL,CLP,1184009,67,Baja,sherwin williams compra suc,19717,vivienda,2026-01-16,cartola
79,CL,CLP,1184009,67,Baja,compra webpay sodimac,116783,vivienda,2026-01-04,cartola
79,CL,CLP,1184009,67,Baja,pago cuenta pat saesa,10801,servicios,2026-01-06,cartola
79,CL,CLP,1184009,67,Baja,pago cuenta pat enel distribucion,141800,servicios,2026-01-09,cartola
79,CL,CLP,1184009,67,Baja,compra webpay uber,16271,transporte,2026-01-23,cartola
79,CL,CLP,1184009,67,Baja,teatro nescafe de las artes entradas,68822,ocio,2026-01-24,cartola
79,CL,CLP,1184009,67,Baja,pago condovive copropiedad,109648,vivienda,2026-01-04,natural
79,CL,CLP,1184009,67,Baja,compra redcompra feria chilena libro,28968,educacion,2026-01-10,cartola
79,CL,CLP,1184009,67,Baja,pago cuenta pat cge distribucion,83582,servicios,2026-01-20,cartola
79,CL,CLP,1184009,67,Baja,viaje en ruta 68,29127,transporte,2026-01-22,natural
79,CL,CLP,1184009,67,Baja,pago en pedidosya,15069,alimentacion,2026-01-06,natural
79,CL,CLP,1184009,67,Baja,compra redcompra cruz verde,48627,salud,2026-01-22,cartola
79,CL,CLP,1184009,67,Baja,pago cge distribución,54400,servicios,2026-01-25,natural
79,CL,CLP,1184009,67,Baja,pago claro hogar,89239,servicios,2026-01-13,natural
79,CL,CLP,1184009,67,Baja,suscripcion a spotify,5991,streaming,2026-01-14,natural
79,CL,CLP,1184009,67,Baja,pago breal propiedades,181163,vivienda,2026-01-29,natural
79,CL,CLP,1184009,67,Baja,pago en schopdog,33477,alimentacion,2026-01-08,natural
79,CL,CLP,1184009,67,Baja,pago cuenta pat chilquinta,149523,servicios,2026-01-09,cartola
79,CL,CLP,1184009,67,Baja,yolito ferreteria compra,63788,vivienda,2026-01-27,cartola
79,CL,CLP,1184009,67,Baja,teatro caupolican entradas suc,41425,ocio,2026-01-24,cartola
79,CL,CLP,1184009,67,Baja,pago sencillito cuentas,125649,servicios,2026-01-26,natural
79,CL,CLP,1184009,67,Baja,suscripcion a cinehoyts,26331,ocio,2026-01-18,natural
79,CL,CLP,1184009,67,Baja,viaje en efe trenes,5149,transporte,2026-01-21,natural
79,CL,CLP,1184009,67,Baja,pat debito costanera norte,17160,transporte,2026-01-24,cartola
79,CL,CLP,1184009,67,Baja,carga bencina en pullman bus,4444,transporte,2026-01-02,natural
79,CL,CLP,1184009,67,Baja,pago en schopdog,14875,alimentacion,2026-01-07,natural
79,CL,CLP,1184009,67,Baja,pago metrogas,114725,servicios,2026-01-12,natural
79,CL,CLP,1184009,67,Baja,pago en pronto copec,11298,alimentacion,2026-01-17,natural
79,CL,CLP,1184009,67,Baja,pago en farmacias cruz verde,72556,salud,2026-01-03,natural
79,CL,CLP,1184009,67,Baja,pago en carls jr,19998,alimentacion,2026-01-18,natural
79,CL,CLP,1184009,67,Baja,discoteca amanda entradas pos,48689,ocio,2026-01-13,cartola
79,CL,CLP,1184009,67,Baja,pago lipigas,44287,servicios,2026-01-19,natural
79,CL,CLP,1184009,67,Baja,pago aguas del altiplano,20880,servicios,2026-01-25,natural
79,CL,CLP,1184009,67,Baja,viaje en efe trenes,1791,transporte,2026-01-08,natural
79,CL,CLP,1184009,67,Baja,compra webpay paris deco,103845,vivienda,2026-01-14,cartola
79,CL,CLP,1184009,67,Baja,compra webpay cinemark,23143,ocio,2026-01-10,cartola
79,CL,CLP,1184009,67,Baja,carga bencina en peaje angostura,2602,transporte,2026-01-21,natural
79,CL,CLP,1184009,67,Baja,pat disney plus chile,8188,streaming,2026-01-19,cartola
79,CL,CLP,1184009,67,Baja,pat spotify chile,5757,streaming,2026-01-08,cartola
79,CL,CLP,1184009,67,Baja,compra en jumbo,134236,alimentacion,2026-01-21,natural
79,CL,CLP,1184009,67,Baja,pago en tommy beans,29116,alimentacion,2026-01-18,natural
79,CL,CLP,1184009,67,Baja,compra redcompra cruz verde,13922,salud,2026-01-18,cartola
79,CL,CLP,1184009,67,Baja,suscripcion a spotify,8411,streaming,2026-01-27,natural
79,CL,CLP,1184009,67,Baja,compra webpay didi,20295,transporte,2026-01-22,cartola
79,CL,CLP,1184009,67,Baja,suscripcion a disney plus,8978,streaming,2026-01-08,natural
79,CL,CLP,1184009,67,Baja,pago cuenta pat wom fibra,146544,servicios,2026-01-22,cartola
79,CL,CLP,1184009,67,Baja,pago edipro edificio,125867,vivienda,2026-01-16,natural
79,CL,CLP,1184009,67,Baja,pago metrogas,68293,servicios,2026-01-03,natural
79,CL,CLP,1184009,67,Baja,pago gtd manquehue,103204,servicios,2026-01-22,natural
79,CL,CLP,1184009,67,Baja,suscripcion a netflix chile,11762,streaming,2026-01-16,natural
79,CL,CLP,1184009,67,Baja,pago cuenta pat gasco,10153,servicios,2026-01-12,cartola
79,CL,CLP,1184009,67,Baja,transbank almacen,24885,alimentacion,2026-01-29,cartola
79,CL,CLP,1184009,67,Baja,pat energy fitness gimnasio,41362,ocio,2026-01-09,cartola
79,CL,CLP,1184009,67,Baja,redsalud atencion medica,127564,salud,2026-01-14,cartola
79,CL,CLP,1184009,67,Baja,transbank spacio1 petrobras,20593,alimentacion,2026-01-04,cartola
79,CL,CLP,1184009,67,Baja,pago corona,119914,otros,2026-01-21,natural
79,CL,CLP,1184009,67,Baja,carga bencina en vespucio norte,7219,transporte,2026-01-24,natural
79,CL,CLP,1184009,67,Baja,compra webpay turbus,8325,transporte,2026-01-12,cartola
79,CL,CLP,1184009,67,Baja,pago en dunkin donuts,5653,alimentacion,2026-01-25,natural
79,CL,CLP,1184009,67,Baja,pago paris deco,13887,vivienda,2026-01-10,natural
79,CL,CLP,1184009,67,Baja,pago cuenta pat abastible,17728,servicios,2026-01-23,cartola
79,CL,CLP,1184009,67,Baja,bencina petrobras,54024,transporte,2026-01-02,cartola
79,CL,CLP,1184009,67,Baja,pago cge distribución,26096,servicios,2026-01-12,natural
79,CL,CLP,1184009,67,Baja,pago en clínica bupa,124040,salud,2026-01-21,natural
79,CL,CLP,1184009,67,Baja,pat pacific fitness gimnasio,45164,ocio,2026-01-18,cartola
79,CL,CLP,1184009,67,Baja,estacionamiento mall center,10623,transporte,2026-01-17,cartola
79,CL,CLP,1184009,67,Baja,clinica alemana santiago,18077,salud,2026-01-11,cartola
79,CL,CLP,1184009,67,Baja,pago cuenta pat entel fibra,41826,servicios,2026-01-05,cartola
79,CL,CLP,1184009,67,Baja,pago movistar hogar,81446,servicios,2026-01-26,natural
79,CL,CLP,1184009,67,Baja,transbank la sanguchera,14707,alimentacion,2026-01-13,cartola
79,CL,CLP,1184009,67,Baja,pago servipag cuentas,123125,servicios,2026-01-20,natural
79,CL,CLP,1184009,67,Baja,pat debito ruta 68,27669,transporte,2026-01-14,cartola
79,CL,CLP,1184009,67,Baja,transbank buffalo waffles,30957,alimentacion,2026-01-23,cartola
79,CL,CLP,1184009,67,Baja,pago enel distribución,71437,servicios,2026-01-21,natural
79,CL,CLP,1184009,67,Baja,pat isapre banmedica,128855,salud,2026-01-14,cartola
79,CL,CLP,1184009,67,Baja,compra webpay ticketmaster,30218,ocio,2026-01-03,cartola
79,CL,CLP,1184009,67,Baja,pago cuenta pat aguas del altiplano,124828,servicios,2026-01-10,cartola
79,CL,CLP,1184009,67,Baja,pago cuenta pat entel fibra,114259,servicios,2026-01-24,cartola
79,CL,CLP,1184009,67,Baja,suscripcion a netflix chile,5615,streaming,2026-01-14,natural
79,CL,CLP,1184009,67,Baja,pago gtd manquehue,53090,servicios,2026-01-10,natural
79,CL,CLP,1184009,67,Baja,pago claro hogar,96811,servicios,2026-01-29,natural
79,CL,CLP,1184009,67,Baja,pago movistar hogar,26456,servicios,2026-01-26,natural
79,CL,CLP,1184009,67,Baja,suscripcion a spotify,8946,streaming,2026-01-09,natural
79,CL,CLP,1184009,67,Baja,pago en pastelería marmentini,42207,alimentacion,2026-01-24,natural
79,CL,CLP,1184009,67,Baja,compra efe trenes,6591,transporte,2026-01-29,cartola
79,CL,CLP,1184009,67,Baja,transbank juan maestro,7988,alimentacion,2026-01-26,cartola
79,CL,CLP,1184009,67,Baja,viaje en buses metropolitana,10275,transporte,2026-01-24,natural
79,CL,CLP,1184009,67,Baja,compra en clínica bupa,219974,salud,2026-01-19,natural
79,CL,CLP,1184009,67,Baja,suscripcion a amazon prime video,7766,streaming,2026-01-23,natural
79,CL,CLP,1184009,67,Baja,transbank pronto copec,24141,alimentacion,2026-01-16,cartola
79,CL,CLP,1184009,67,Baja,compra en pedro juan y diego,20595,alimentacion,2026-01-17,natural
79,CL,CLP,1184009,67,Baja,pago cuenta pat wom fibra,32302,servicios,2026-01-15,cartola
79,CL,CLP,1184009,67,Baja,transbank papa johns,11139,alimentacion,2026-01-17,cartola
79,CL,CLP,1184009,67,Baja,pat debito avo,8623,transporte,2026-01-18,cartola
79,CL,CLP,1184009,67,Baja,pat spotify chile,5533,streaming,2026-01-24,cartola
79,CL,CLP,1184009,67,Baja,suscripcion a passline,17878,ocio,2026-01-14,natural
79,CL,CLP,1184009,67,Baja,pago en clínica dental cumbre,56775,salud,2026-01-07,natural
79,CL,CLP,1184009,67,Baja,viaje en ruta 68,29025,transporte,2026-01-17,natural
79,CL,CLP,1184009,67,Baja,pago abastible,55165,servicios,2026-01-18,natural
79,CL,CLP,1184009,67,Baja,compra en mamut,34437,alimentacion,2026-01-06,natural
79,CL,CLP,1184009,67,Baja,pat debito costanera norte,39178,transporte,2026-01-03,cartola
79,CL,CLP,1184009,67,Baja,comision mantencion tarjeta cencosud,4358,otros,2026-01-16,cartola
80,CL,CLP,1730855,21,Alta,pago en juan maestro,23000,alimentacion,2026-01-16,natural
80,CL,CLP,1730855,21,Alta,suscripcion a bar la virgen,67782,ocio,2026-01-08,natural
80,CL,CLP,1730855,21,Alta,pago sparta,162671,otros,2026-01-27,natural
80,CL,CLP,1730855,21,Alta,teatro caupolican entradas suc,17198,ocio,2026-01-16,cartola
80,CL,CLP,1730855,21,Alta,compra efe trenes,5913,transporte,2026-01-11,cartola
80,CL,CLP,1730855,21,Alta,compra redcompra imperial,14583,vivienda,2026-01-12,cartola
80,CL,CLP,1730855,21,Alta,compra redcompra casaideas,118393,vivienda,2026-01-04,cartola
80,CL,CLP,1730855,21,Alta,libreria que leo compra suc,24839,educacion,2026-01-04,cartola
80,CL,CLP,1730855,21,Alta,pago enel distribución,128213,servicios,2026-01-16,natural
80,CL,CLP,1730855,21,Alta,pago ferretería el candado,93486,vivienda,2026-01-08,natural
80,CL,CLP,1730855,21,Alta,pago en feria libre pinto,29637,alimentacion,2026-01-12,natural
80,CL,CLP,1730855,21,Alta,carga metro santiago,4664,transporte,2026-01-11,cartola
80,CL,CLP,1730855,21,Alta,pago en barrio chicken,6265,alimentacion,2026-01-09,natural
80,CL,CLP,1730855,21,Alta,carga bencina en autopista del sol,14457,transporte,2026-01-03,natural
80,CL,CLP,1730855,21,Alta,pago en dominó,15827,alimentacion,2026-01-12,natural
80,CL,CLP,1730855,21,Alta,pago cuenta pat gtd manquehue,28090,servicios,2026-01-20,cartola
80,CL,CLP,1730855,21,Alta,entrada a smart fit,45822,ocio,2026-01-17,natural
80,CL,CLP,1730855,21,Alta,transbank alvi,35463,alimentacion,2026-01-15,cartola
80,CL,CLP,1730855,21,Alta,pago ikea chile,201824,vivienda,2026-01-03,natural
80,CL,CLP,1730855,21,Alta,pago en juan maestro,32267,alimentacion,2026-01-11,natural
80,CL,CLP,1730855,21,Alta,opticas gmo compra suc,62638,salud,2026-01-14,cartola
80,CL,CLP,1730855,21,Alta,pago gtd manquehue,143770,servicios,2026-01-15,natural
80,CL,CLP,1730855,21,Alta,pago falabella home,60965,vivienda,2026-01-23,natural
80,CL,CLP,1730855,21,Alta,carga bencina en tarjeta bip!,10995,transporte,2026-01-02,natural
80,CL,CLP,1730855,21,Alta,entrada a passline,25339,ocio,2026-01-26,natural
80,CL,CLP,1730855,21,Alta,transbank oxxo,45534,alimentacion,2026-01-28,cartola
80,CL,CLP,1730855,21,Alta,pat netflix chile,9001,streaming,2026-01-20,cartola
80,CL,CLP,1730855,21,Alta,carga bencina en peaje melipilla,3497,transporte,2026-01-04,natural
80,CL,CLP,1730855,21,Alta,playstation network compra,42911,ocio,2026-01-08,cartola
80,CL,CLP,1730855,21,Alta,compra webpay ticketmaster,52721,ocio,2026-01-21,cartola
80,CL,CLP,1730855,21,Alta,fantasilandia entradas,30214,ocio,2026-01-20,cartola
80,CL,CLP,1730855,21,Alta,suscripcion a amazon prime video,6701,streaming,2026-01-06,natural
80,CL,CLP,1730855,21,Alta,pago cuenta pat esval agua,144113,servicios,2026-01-20,cartola
80,CL,CLP,1730855,21,Alta,suscripcion a passline,85007,ocio,2026-01-05,natural
80,CL,CLP,1730855,21,Alta,pago en farmacias cruz verde,52175,salud,2026-01-17,natural
80,CL,CLP,1730855,21,Alta,pago corona,119921,otros,2026-01-25,natural
80,CL,CLP,1730855,21,Alta,pat energy fitness gimnasio,34805,ocio,2026-01-09,cartola
80,CL,CLP,1730855,21,Alta,compra webpay uber eats,6018,alimentacion,2026-01-12,cartola
80,CL,CLP,1730855,21,Alta,suscripcion a disney plus,11381,streaming,2026-01-27,natural
80,CL,CLP,1730855,21,Alta,suscripcion a spotify,6441,streaming,2026-01-08,natural
80,CL,CLP,1730855,21,Alta,pago vtr internet,10254,servicios,2026-01-10,natural
80,CL,CLP,1730855,21,Alta,transbank alvi,11059,alimentacion,2026-01-13,cartola
80,CL,CLP,1730855,21,Alta,carga bencina en efe trenes,11649,transporte,2026-01-20,natural
80,CL,CLP,1730855,21,Alta,compra en fuente suiza,35062,alimentacion,2026-01-21,natural
80,CL,CLP,1730855,21,Alta,compra en centro médico san lorenzo,46734,salud,2026-01-21,natural
80,CL,CLP,1730855,21,Alta,pago cuenta pat nuevosur agua,109424,servicios,2026-01-17,cartola
80,CL,CLP,1730855,21,Alta,bar la virgen compra suc,82577,ocio,2026-01-28,cartola
80,CL,CLP,1730855,21,Alta,pago mundo pacífico,89332,servicios,2026-01-27,natural
80,CL,CLP,1730855,21,Alta,compra en centro médico san lorenzo,43356,salud,2026-01-15,natural
80,CL,CLP,1730855,21,Alta,pago enel distribución,38158,servicios,2026-01-28,natural
80,CL,CLP,1730855,21,Alta,pat sportlife gimnasios,31643,ocio,2026-01-14,cartola
80,CL,CLP,1730855,21,Alta,peaje melipilla pos,2226,transporte,2026-01-29,cartola
80,CL,CLP,1730855,21,Alta,cargo giro cajero bancoestado,20915,otros,2026-01-06,cartola
80,CL,CLP,1730855,21,Alta,transbank feria pinto,42233,alimentacion,2026-01-05,cartola
80,CL,CLP,1730855,21,Alta,compra en clínica santa maría,123623,salud,2026-01-13,natural
80,CL,CLP,1730855,21,Alta,carga bencina en estacionamiento mall center,7134,transporte,2026-01-11,natural
80,CL,CLP,1730855,21,Alta,suscripcion a fantasilandia,79668,ocio,2026-01-29,natural
80,CL,CLP,1730855,21,Alta,pago cuenta pat gtd manquehue,139880,servicios,2026-01-15,cartola
80,CL,CLP,1730855,21,Alta,transantiago buses metropolitana,6914,transporte,2026-01-05,cartola
80,CL,CLP,1730855,21,Alta,suscripcion a spotify,7170,streaming,2026-01-28,natural
80,CL,CLP,1730855,21,Alta,viaje en estacionamiento saba,11963,transporte,2026-01-05,natural
80,CL,CLP,1730855,21,Alta,transbank sibaritas 87,41076,alimentacion,2026-01-08,cartola
80,CL,CLP,1730855,21,Alta,colegio san ignacio cuotas pat,6385,educacion,2026-01-22,cartola
80,CL,CLP,1730855,21,Alta,pago chilquinta,113926,servicios,2026-01-17,natural
80,CL,CLP,1730855,21,Alta,compra redcompra cruz verde,51221,salud,2026-01-18,cartola
80,CL,CLP,1730855,21,Alta,pago gasco,142196,servicios,2026-01-18,natural
80,CL,CLP,1730855,21,Alta,pago cge distribución,78461,servicios,2026-01-21,natural
80,CL,CLP,1730855,21,Alta,peaje zapata pos,1057,transporte,2026-01-27,cartola
80,CL,CLP,1730855,21,Alta,pago pinturas sherwin williams,82935,vivienda,2026-01-26,natural
80,CL,CLP,1730855,21,Alta,pago cuenta pat wom fibra,95054,servicios,2026-01-27,cartola
80,CL,CLP,1730855,21,Alta,compra webpay rappi,39673,alimentacion,2026-01-17,cartola
80,CL,CLP,1730855,21,Alta,transbank melt pizzas,21449,alimentacion,2026-01-04,cartola
80,CL,CLP,1730855,21,Alta,pago en buffalo waffles,24080,alimentacion,2026-01-20,natural
80,CL,CLP,1730855,21,Alta,teatro caupolican entradas suc,76073,ocio,2026-01-24,cartola
80,CL,CLP,1730855,21,Alta,transbank doggis,23055,alimentacion,2026-01-19,cartola
80,CL,CLP,1730855,21,Alta,pago en upa!,20799,alimentacion,2026-01-24,natural
80,CL,CLP,1730855,21,Alta,movistar arena entradas,9868,ocio,2026-01-25,cartola
80,CL,CLP,1730855,21,Alta,pago en alvi,19909,alimentacion,2026-01-04,natural
80,CL,CLP,1730855,21,Alta,compra webpay easy,9234,vivienda,2026-01-10,cartola
80,CL,CLP,1730855,21,Alta,pago condovive copropiedad,209603,vivienda,2026-01-25,natural
80,CL,CLP,1730855,21,Alta,pago aguas de antofagasta,45432,servicios,2026-01-18,natural
80,CL,CLP,1730855,21,Alta,pago enel distribución,84559,servicios,2026-01-12,natural
80,CL,CLP,1730855,21,Alta,compra webpay turbus,10874,transporte,2026-01-12,cartola
80,CL,CLP,1730855,21,Alta,pago cuenta pat vtr telecom,30530,servicios,2026-01-05,cartola
80,CL,CLP,1730855,21,Alta,pago sencillito cuentas recaudacion,126771,servicios,2026-01-28,cartola
80,CL,CLP,1730855,21,Alta,transbank upa!,47341,alimentacion,2026-01-12,cartola
80,CL,CLP,1730855,21,Alta,transbank doggis,9534,alimentacion,2026-01-15,cartola
80,CL,CLP,1730855,21,Alta,compra en alvi,24178,alimentacion,2026-01-07,natural
80,CL,CLP,1730855,21,Alta,viaje en ruta del itata,5476,transporte,2026-01-26,natural
80,CL,CLP,1730855,21,Alta,compra en fuente suiza,30956,alimentacion,2026-01-05,natural
80,CL,CLP,1730855,21,Alta,pago en ópticas gmo,33061,salud,2026-01-18,natural
80,CL,CLP,1730855,21,Alta,compra webpay pedidosya,45753,alimentacion,2026-01-04,cartola
80,CL,CLP,1730855,21,Alta,compra webpay rappi,17568,alimentacion,2026-01-24,cartola
80,CL,CLP,1730855,21,Alta,pago en subway,20901,alimentacion,2026-01-12,natural
80,CL,CLP,1730855,21,Alta,pago debito pat mapfre seguros,22316,otros,2026-01-09,cartola
80,CL,CLP,1730855,21,Alta,compra en cory,46410,alimentacion,2026-01-14,natural
80,CL,CLP,1730855,21,Alta,compra redcompra imperial,44460,vivienda,2026-01-11,cartola
80,CL,CLP,1730855,21,Alta,compra en redfarma,26965,salud,2026-01-25,natural
80,CL,CLP,1730855,21,Alta,administracion jardines maipu exp,79246,vivienda,2026-01-08,cartola
80,CL,CLP,1730855,21,Alta,pago ferretería prat,108065,vivienda,2026-01-25,natural
80,CL,CLP,1730855,21,Alta,entrada a cinemark,26144,ocio,2026-01-07,natural
80,CL,CLP,1730855,21,Alta,pago construmart,63146,vivienda,2026-01-06,natural
80,CL,CLP,1730855,21,Alta,pat debito vespucio sur,35232,transporte,2026-01-02,cartola
80,CL,CLP,1730855,21,Alta,pat amazon prime video,7531,streaming,2026-01-05,cartola
80,CL,CLP,1730855,21,Alta,pago debito pat hdi seguros,20103,otros,2026-01-13,cartola
80,CL,CLP,1730855,21,Alta,pat netflix chile,10613,streaming,2026-01-04,cartola
80,CL,CLP,1730855,21,Alta,inscripcion en librería qué leo,26415,educacion,2026-01-07,natural
80,CL,CLP,1730855,21,Alta,suscripcion a movistar arena,40350,ocio,2026-01-06,natural
80,CL,CLP,1730855,21,Alta,compra en upa!,12402,alimentacion,2026-01-10,natural
80,CL,CLP,1730855,21,Alta,pago entel fibra,54976,servicios,2026-01-23,natural
80,CL,CLP,1730855,21,Alta,transbank ok market,44450,alimentacion,2026-01-16,cartola
80,CL,CLP,1730855,21,Alta,pago mapfre,11300,otros,2026-01-25,natural
80,CL,CLP,1730855,21,Alta,viaje en shell,35471,transporte,2026-01-18,natural
80,CL,CLP,1730855,21,Alta,pago cuenta pat nuevosur agua,37968,servicios,2026-01-26,cartola
80,CL,CLP,1730855,21,Alta,pago cuenta pat aguas andinas,107747,servicios,2026-01-08,cartola
80,CL,CLP,1730855,21,Alta,compra en oxxo,22391,alimentacion,2026-01-02,natural
80,CL,CLP,1730855,21,Alta,transbank superbodega acuenta,17823,alimentacion,2026-01-15,cartola
80,CL,CLP,1730855,21,Alta,carga bip webpay,4529,transporte,2026-01-09,cartola
80,CL,CLP,1730855,21,Alta,pago alquiler propiedades chile,313283,vivienda,2026-01-29,natural
80,CL,CLP,1730855,21,Alta,compra en isapre cruz blanca,273117,salud,2026-01-17,natural
80,CL,CLP,1730855,21,Alta,compra webpay ripley suc,84524,otros,2026-01-25,cartola
80,CL,CLP,1730855,21,Alta,viaje en vespucio sur,29181,transporte,2026-01-21,natural
80,CL,CLP,1730855,21,Alta,inscripcion en librería subsuelo,32483,educacion,2026-01-14,natural
80,CL,CLP,1730855,21,Alta,suscripcion a pacific fitness,39232,ocio,2026-01-04,natural
80,CL,CLP,1730855,21,Alta,bencina copec,70970,transporte,2026-01-15,cartola
