user_id,pais,moneda,ingreso_mensual,nivel_endeudamiento,frecuencia_ahorro,descripcion,valor,categoria,fecha,tipo_texto
1,AR,ARS,201958,56,Alta,compra en optica pförtner,833.0,salud,2026-06-23,natural
1,AR,ARS,201958,56,Alta,pago a almacen de barrio,173.0,alimentacion,2026-04-24,natural
1,AR,ARS,201958,56,Alta,pago a chevallier,347.0,transporte,2026-10-15,natural
1,AR,ARS,201958,56,Alta,pago a edersa rio negro,290.0,servicios,2026-12-08,natural
1,AR,ARS,201958,56,Alta,ATM EDET TUCUMAN,300.0,servicios,2026-05-07,cartola
1,AR,ARS,201958,56,Alta,transferencia a ypf,610.0,transporte,2026-06-04,natural
1,AR,ARS,201958,56,Alta,POS TRX UNIVERSIDAD TECNOLOGICA NACIONAL UTN,529.0,educacion,2026-09-30,cartola
1,AR,ARS,201958,56,Alta,TER* CRUNCHYROLL 3266,941.0,streaming,2026-04-14,cartola
1,AR,ARS,201958,56,Alta,SUC. VITAL MAYORISTA,251.0,alimentacion,2026-10-26,cartola
1,AR,ARS,201958,56,Alta,transferencia a movistar arena argentina,223.0,ocio,2026-09-03,natural
1,AR,ARS,201958,56,Alta,compra en solo deportes,325.0,otros,2026-02-08,natural
1,AR,ARS,201958,56,Alta,gasto en club de la birra,197.0,alimentacion,2026-06-19,natural
1,AR,ARS,201958,56,Alta,NF* PEAJE DEBENEDETTI,652.0,transporte,2026-09-04,cartola
1,AR,ARS,201958,56,Alta,NATURGY,413.0,servicios,2026-01-26,cartola
1,AR,ARS,201958,56,Alta,gasto en camuzzi gas pampeana,248.0,servicios,2026-11-02,natural
1,AR,ARS,201958,56,Alta,ARGENPROP,234.0,vivienda,2026-01-13,cartola
1,AR,ARS,201958,56,Alta,compra en uala,226.0,otros,2026-11-12,natural
1,AR,ARS,201958,56,Alta,ARGENPROP,951.0,vivienda,2026-11-09,cartola
1,AR,ARS,201958,56,Alta,AGUAS CORDOBESAS,994.0,servicios,2026-02-05,cartola
1,AR,ARS,201958,56,Alta,compra en vea,322.0,alimentacion,2026-01-20,natural
1,AR,ARS,201958,56,Alta,FERRETERIA EL PROGRESO,4864.0,vivienda,2026-11-17,cartola
1,AR,ARS,201958,56,Alta,transferencia a kentucky pizzeria,248.0,alimentacion,2026-09-21,natural
1,AR,ARS,201958,56,Alta,pago a gas nea,2998.0,servicios,2026-05-22,natural
1,AR,ARS,201958,56,Alta,gasto en omint,423.0,salud,2026-05-23,natural
1,AR,ARS,201958,56,Alta,EASY,241.0,vivienda,2026-12-20,cartola
1,AR,ARS,201958,56,Alta,PINTURERIAS REX,338.0,vivienda,2026-11-18,cartola
1,AR,ARS,201958,56,Alta,LIBRERIA SCHOLASTICA,803.0,educacion,2026-10-15,cartola
1,AR,ARS,201958,56,Alta,FIAMBRERIA EL GALPON,911.0,alimentacion,2026-08-03,cartola
1,AR,ARS,201958,56,Alta,transferencia a tea connection,604.0,alimentacion,2026-12-08,natural
1,AR,ARS,201958,56,Alta,SUC. FERRETERIA EL PUENTE,474.0,vivienda,2026-02-20,cartola
1,AR,ARS,201958,56,Alta,GALENO,643.0,salud,2026-06-02,cartola
1,AR,ARS,201958,56,Alta,MERCADO LIBRE,717.0,otros,2026-07-05,cartola
1,AR,ARS,201958,56,Alta,WEBPAY PROVINCIA NET,212.0,servicios,2026-07-09,cartola
1,AR,ARS,201958,56,Alta,BONAFIDE,368.0,alimentacion,2026-05-05,cartola
1,AR,ARS,201958,56,Alta,compra en aguas bonaerenses,221.0,servicios,2026-05-30,natural
1,AR,ARS,201958,56,Alta,compra en giro cajero banelco,1297.0,otros,2026-11-10,natural
1,AR,ARS,201958,56,Alta,TELECENTRO,507.0,servicios,2026-02-27,cartola
1,AR,ARS,201958,56,Alta,FARMACIAS VANTAGE,3273.0,salud,2026-12-08,cartola
1,AR,ARS,201958,56,Alta,transferencia a peaje dellepiane,406.0,transporte,2026-11-01,natural
1,AR,ARS,201958,56,Alta,transferencia a multiplex cines,1353.0,ocio,2026-06-29,natural
1,AR,ARS,201958,56,Alta,compra en aubasa,1278.0,transporte,2026-06-19,natural
1,AR,ARS,201958,56,Alta,pago a rappi,219.0,alimentacion,2026-09-28,natural
1,AR,ARS,201958,56,Alta,compra en administracion san martin,567.0,vivienda,2026-02-23,natural
1,AR,ARS,201958,56,Alta,ATM STEAM GAMES ARGENTINA,950.0,ocio,2026-04-11,cartola
1,AR,ARS,201958,56,Alta,transferencia a administracion consorcio palermo,1560.0,vivienda,2026-09-21,natural
1,AR,ARS,201958,56,Alta,SODIMAC,315.0,vivienda,2026-02-22,cartola
1,AR,ARS,201958,56,Alta,SUC. CHEVALLIER,199.0,transporte,2026-03-01,cartola
1,AR,ARS,201958,56,Alta,,991.0,transporte,2026-04-18,natural
1,AR,ARS,201958,56,Alta,compra en libreria kel,1324.0,educacion,2026-01-05,natural
1,AR,ARS,201958,56,Alta,PEAJE HUDSON,342.0,transporte,2026-04-13,cartola
1,AR,ARS,201958,56,Alta,POS TRX TELECENTRO,345.0,servicios,2026-09-19,cartola
1,AR,ARS,201958,56,Alta,compra en libreria sbs,2253.0,educacion,2026-12-31,natural
1,AR,ARS,201958,56,Alta,compra en easy,405.0,vivienda,2026-12-16,natural
1,AR,ARS,201958,56,Alta,POS TRX EL CLUB DE LA MILANESA,582.0,alimentacion,2026-02-16,cartola
1,AR,ARS,201958,56,Alta,SUBE,1452.0,transporte,2026-12-21,cartola
1,AR,ARS,201958,56,Alta,gasto en movistar hogar argentina,899.0,servicios,2026-11-07,natural
1,AR,ARS,201958,56,Alta,LITORAL GAS,1061.0,servicios,2026-11-04,cartola
1,AR,ARS,201958,56,Alta,gasto en yaguar,187.0,alimentacion,2026-05-24,natural
1,AR,ARS,201958,56,Alta,compra en galeno,622.0,salud,2026-09-26,natural
1,AR,ARS,201958,56,Alta,pago a epec,950.0,servicios,2026-05-04,natural
1,AR,ARS,201958,56,Alta,pago a claro hogar argentina,207.0,servicios,2026-04-16,natural
1,AR,ARS,201958,56,Alta,EL CUARTITO,154.0,alimentacion,2026-06-07,cartola
1,AR,ARS,201958,56,Alta,EL CLUB DE LA MILANESA,3215.0,alimentacion,2026-05-27,cartola
1,AR,ARS,201958,56,Alta,transferencia a medicus,580.0,salud,2026-05-25,natural
1,AR,ARS,201958,56,Alta,pago mensual de hbo max,241.0,streaming,2026-04-30,natural
1,AR,ARS,201958,56,Alta,compra en edesur,4460.0,servicios,2026-11-15,natural
1,AR,ARS,201958,56,Alta,transferencia a edenor,2686.0,servicios,2026-10-02,natural
1,AR,ARS,201958,56,Alta,gasto en edet tucuman,652.0,servicios,2026-04-02,natural
1,AR,ARS,201958,56,Alta,WEBPAY PARQUE DE LA COSTA,1710.0,ocio,2026-02-27,cartola
1,AR,ARS,201958,56,Alta,NATURGY,167.0,servicios,2026-12-12,cartola
1,AR,ARS,201958,56,Alta,COMPRA WEB EMOVA SUBTE,261.0,transporte,2026-08-17,cartola
1,AR,ARS,201958,56,Alta,gasto en williamsburg,962.0,alimentacion,2026-04-27,natural
1,AR,ARS,201958,56,Alta,gasto en avalian,1497.0,salud,2026-11-14,natural
1,AR,ARS,201958,56,Alta,pago a heisenburger,1549.0,alimentacion,2026-10-06,natural
1,AR,ARS,201958,56,Alta,FEDERACION PATRONAL SEGUROS,414.0,otros,2026-05-07,cartola
1,AR,ARS,201958,56,Alta,PAGO TC PARAMOUNT+ 4114,1746.0,streaming,2026-05-09,cartola
1,AR,ARS,201958,56,Alta,MULTIPLEX CINES,1519.0,ocio,2026-02-27,cartola
1,AR,ARS,201958,56,Alta,pago a sportclub,2190.0,ocio,2026-05-02,natural
1,AR,ARS,201958,56,Alta,gasto en club de la birra,1228.0,alimentacion,2026-01-01,natural
1,AR,ARS,201958,56,Alta,MOVISTAR ARENA ARGENTINA,883.0,ocio,2026-08-27,cartola
1,AR,ARS,201958,56,Alta,AMAZON PRIME ARGENTINA,694.0,ocio,2026-10-17,cartola
1,AR,ARS,201958,56,Alta,transferencia a carniceria el ombu,372.0,alimentacion,2026-04-06,natural
1,AR,ARS,201958,56,Alta,gasto en aguas cordobesas,2248.0,servicios,2026-05-06,natural
1,AR,ARS,201958,56,Alta,NATURGY,2903.0,servicios,2026-04-28,cartola
1,AR,ARS,201958,56,Alta,PONTIFICIA UNIVERSIDAD CATOLICA UCA,267.0,educacion,2026-02-17,cartola
1,AR,ARS,201958,56,Alta,pago a consorcio edificio belgrano,291.0,vivienda,2026-03-30,natural
1,AR,ARS,201958,56,Alta,gasto en emova subte,531.0,transporte,2026-08-25,natural
1,AR,ARS,201958,56,Alta,BANCO BBVA,475.0,otros,2026-09-29,cartola
1,AR,ARS,201958,56,Alta,PERSICCO,4147.0,alimentacion,2026-07-08,cartola
1,AR,ARS,201958,56,Alta,PAC CRUNCHYROLL 7291,154.0,streaming,2026-07-11,cartola
1,AR,ARS,201958,56,Alta,compra en ypf,340.0,transporte,2026-03-10,natural
1,AR,ARS,201958,56,Alta,transferencia a aguas bonaerenses,544.0,servicios,2026-10-05,natural
1,AR,ARS,201958,56,Alta,transferencia a rapipago,157.0,servicios,2026-12-15,natural
1,AR,ARS,201958,56,Alta,transferencia a peaje larena,364.0,transporte,2026-09-04,natural
1,AR,ARS,201958,56,Alta,gasto en alquileres argentina,1088.0,vivienda,2026-03-17,natural
1,AR,ARS,201958,56,Alta,transferencia a telecentro,1019.0,servicios,2026-06-03,natural
1,AR,ARS,201958,56,Alta,transferencia a sodimac,294.0,vivienda,2026-05-24,natural
1,AR,ARS,201958,56,Alta,cargo de amazon prime,624.0,streaming,2026-03-27,natural
1,AR,ARS,201958,56,Alta,PEAJE PARQUE AVELLANEDA,568.0,transporte,2026-07-04,cartola
1,AR,ARS,201958,56,Alta,pago a autopistas del sol ausol,807.0,transporte,2026-10-12,natural
1,AR,ARS,201958,56,Alta,OSDE,230.0,salud,2026-08-08,cartola
1,AR,ARS,201958,56,Alta,TER* PEAJE ILLIA,712.0,transporte,2026-03-10,cartola
1,AR,ARS,201958,56,Alta,cargo de netflix,3080.0,streaming,2026-02-16,natural
1,AR,ARS,201958,56,Alta,PROVINCIA NET,532.0,servicios,2026-04-04,cartola
1,AR,ARS,201958,56,Alta,pago a rapipago,1888.0,servicios,2026-08-26,natural
1,AR,ARS,201958,56,Alta,PEAJE PARQUE AVELLANEDA,455.0,transporte,2026-07-23,cartola
1,AR,ARS,201958,56,Alta,pago mensual de apple music,344.0,streaming,2026-08-06,natural
1,AR,ARS,201958,56,Alta,compra en ferreteria industrial,827.0,vivienda,2026-12-07,natural
1,AR,ARS,201958,56,Alta,pago a medicus,882.0,salud,2026-02-08,natural
1,AR,ARS,201958,56,Alta,OPTICAS LOF,1594.0,salud,2026-04-10,cartola
1,AR,ARS,201958,56,Alta,transferencia a clinica mater dei,209.0,salud,2026-10-16,natural
1,AR,ARS,201958,56,Alta,MAKRO,552.0,alimentacion,2026-09-11,cartola
1,AR,ARS,201958,56,Alta,compra en peaje dock sud,677.0,transporte,2026-08-10,natural
1,AR,ARS,201958,56,Alta,CARGO AUT TELECENTRO,1168.0,servicios,2026-12-23,cartola
1,AR,ARS,201958,56,Alta,ADMINISTRACION SAN MARTIN,172.0,vivienda,2026-09-07,cartola
1,AR,ARS,201958,56,Alta,CHEVALLIER,4161.0,transporte,2026-01-10,cartola
1,AR,ARS,201958,56,Alta,pago a netflix argentina,507.0,ocio,2026-09-03,natural
1,AR,ARS,201958,56,Alta,PANADERIA SAN JOSE,262.0,alimentacion,2026-11-21,cartola
1,AR,ARS,201958,56,Alta,ZARA ARGENTINA,1716.0,otros,2026-04-10,cartola
1,AR,ARS,201958,56,Alta,compra en puntoticket argentina,1099.0,ocio,2026-10-17,natural
1,AR,ARS,201958,56,Alta,compra en peaje illia,2442.0,transporte,2026-06-29,natural
1,AR,ARS,201958,56,Alta,ADMINISTRACION CONSORCIO PALERMO,321.0,vivienda,2026-08-11,cartola
1,AR,ARS,201958,56,Alta,compra en mi barrio hamburgueseria,642.0,alimentacion,2026-09-07,natural
1,AR,ARS,201958,56,Alta,PAGOMISCUENTAS,678.0,servicios,2026-05-27,cartola
1,AR,ARS,201958,56,Alta,transferencia a movistar hogar argentina,3136.0,servicios,2026-04-06,natural
1,AR,ARS,201958,56,Alta,transferencia a consorcio edificio belgrano,150.0,vivienda,2026-11-21,natural
1,AR,ARS,201958,56,Alta,gasto en aguas cordobesas,291.0,servicios,2026-01-04,natural
1,AR,ARS,201958,56,Alta,MOVISTAR HOGAR ARGENTINA,169.0,servicios,2026-01-16,cartola
1,AR,ARS,201958,56,Alta,transferencia a maderas ramos,250.0,vivienda,2026-10-07,natural
1,AR,ARS,201958,56,Alta,ZONAPROP,530.0,vivienda,2026-12-02,cartola
1,AR,ARS,201958,56,Alta,TELEPASE AUTOPISTAS,372.0,transporte,2026-09-04,cartola
1,AR,ARS,201958,56,Alta,pago a consorcio edificio belgrano,401.0,vivienda,2026-09-15,natural
1,AR,ARS,201958,56,Alta,DISNEY PLUS ARGENTINA,1484.0,ocio,2026-06-09,cartola
1,AR,ARS,201958,56,Alta,UNIVERSIDAD DE BUENOS AIRES UBA,2123.0,educacion,2026-12-06,cartola
2,AR,ARS,211932,19,Baja,SHOWCASE CINEMAS,1062.0,ocio,2026-05-02,cartola
2,AR,ARS,211932,19,Baja,EXPENSAS ONLINE,800.0,vivienda,2026-12-14,cartola
2,AR,ARS,211932,19,Baja,PUNTOTICKET ARGENTINA,313.0,ocio,2026-03-31,cartola
2,AR,ARS,211932,19,Baja,WENDY'S,1566.0,alimentacion,2026-05-16,cartola
2,AR,ARS,211932,19,Baja,ANTARES,1614.0,alimentacion,2026-07-05,cartola
2,AR,ARS,211932,19,Baja,gasto en coppel,924.0,otros,2026-11-12,natural
2,AR,ARS,211932,19,Baja,PERSONAL FLOW,1613.0,servicios,2026-06-27,cartola
2,AR,ARS,211932,19,Baja,NF* DISNEY PLUS ARGENTINA,990.0,ocio,2026-01-28,cartola
2,AR,ARS,211932,19,Baja,MOVISTAR ARENA ARGENTINA,217.0,ocio,2026-08-08,cartola
2,AR,ARS,211932,19,Baja,transferencia a pagomiscuentas,301.0,servicios,2026-12-23,natural
2,AR,ARS,211932,19,Baja,gasto en didi argentina,227.0,transporte,2026-02-10,natural
2,AR,ARS,211932,19,Baja,transferencia a maderas ramos,445.0,vivienda,2026-08-16,natural
2,AR,ARS,211932,19,Baja,pago a sodimac,341.0,vivienda,2026-05-25,natural
2,AR,ARS,211932,19,Baja,FERRETERIA INDUSTRIAL,904.0,vivienda,2026-07-20,cartola
2,AR,ARS,211932,19,Baja,pago mensual de crunchyroll,385.0,streaming,2026-07-31,natural
2,AR,ARS,211932,19,Baja,gasto en farmacity,1002.0,salud,2026-08-08,natural
2,AR,ARS,211932,19,Baja,BANCO PROVINCIA,457.0,otros,2026-08-28,cartola
2,AR,ARS,211932,19,Baja,pago mensual de hbo max,1075.0,streaming,2026-02-15,natural
2,AR,ARS,211932,19,Baja,VEA,391.0,alimentacion,2026-02-04,cartola
2,AR,ARS,211932,19,Baja,transferencia a farmacias vantage,284.0,salud,2026-09-10,natural
2,AR,ARS,211932,19,Baja,transferencia a peaje alberti,644.0,transporte,2026-03-23,natural
2,AR,ARS,211932,19,Baja,PLUSMAR,1109.0,transporte,2026-09-13,cartola
2,AR,ARS,211932,19,Baja,PAC LITORAL GAS,402.0,servicios,2026-07-16,cartola
2,AR,ARS,211932,19,Baja,compra en metrogas,2591.0,servicios,2026-10-30,natural
2,AR,ARS,211932,19,Baja,renovación de crunchyroll,302.0,streaming,2026-01-10,natural
2,AR,ARS,211932,19,Baja,FERRETERIA EL PUENTE,508.0,vivienda,2026-11-08,cartola
2,AR,ARS,211932,19,Baja,MADERAS RAMOS,3221.0,vivienda,2026-10-13,cartola
2,AR,ARS,211932,19,Baja,suscripción a netflix,746.0,streaming,2026-08-30,natural
2,AR,ARS,211932,19,Baja,compra en luna park,517.0,ocio,2026-09-08,natural
2,AR,ARS,211932,19,Baja,CARGO AUT PLAYSTATION NETWORK AR,789.0,ocio,2026-12-31,cartola
2,AR,ARS,211932,19,Baja,pago a boliche input,806.0,ocio,2026-01-05,natural
2,AR,ARS,211932,19,Baja,compra en clinica mater dei,1236.0,salud,2026-04-29,natural
2,AR,ARS,211932,19,Baja,CARGO AUT SANATORIO FINOCHIETTO,182.0,salud,2026-03-06,cartola
2,AR,ARS,211932,19,Baja,MOVISTAR ARENA ARGENTINA,270.0,ocio,2026-05-26,cartola
2,AR,ARS,211932,19,Baja,CONSORCIO EDIFICIO BELGRANO,816.0,vivienda,2026-08-12,cartola
2,AR,ARS,211932,19,Baja,COMISIONES BANCO GALICIA,1896.0,otros,2026-08-27,cartola
2,AR,ARS,211932,19,Baja,transferencia a disney plus argentina,775.0,ocio,2026-06-26,natural
2,AR,ARS,211932,19,Baja,transferencia a pinturas alba,256.0,vivienda,2026-09-24,natural
2,AR,ARS,211932,19,Baja,CARGO AUT PARAMOUNT+ 8178,1070.0,streaming,2026-12-07,cartola
2,AR,ARS,211932,19,Baja,MADERAS RAMOS,1265.0,vivienda,2026-10-09,cartola
2,AR,ARS,211932,19,Baja,TER* BAR EL BARISTA ARGENTINA,256.0,ocio,2026-03-04,cartola
2,AR,ARS,211932,19,Baja,transferencia a impuestos afip,446.0,otros,2026-08-05,natural
2,AR,ARS,211932,19,Baja,COLEGIO CHAMPAGNAT,718.0,educacion,2026-12-08,cartola
2,AR,ARS,211932,19,Baja,DISCOTECA KIKA,645.0,ocio,2026-11-11,cartola
2,AR,ARS,211932,19,Baja,ATM SODIMAC,464.0,vivienda,2026-10-10,cartola
2,AR,ARS,211932,19,Baja,gasto en telecom fibertel,332.0,servicios,2026-06-26,natural
2,AR,ARS,211932,19,Baja,NATURGY,354.0,servicios,2026-04-08,cartola
2,AR,ARS,211932,19,Baja,transferencia a wendy's,254.0,alimentacion,2026-04-09,natural
2,AR,ARS,211932,19,Baja,SANATORIO OTAMENDI,2990.0,salud,2026-11-07,cartola
2,AR,ARS,211932,19,Baja,pago a laboratorio stamboulian,1764.0,salud,2026-01-06,natural
2,AR,ARS,211932,19,Baja,PEAJE PACHECO,412.0,transporte,2026-07-16,cartola
2,AR,ARS,211932,19,Baja,TRENES ARGENTINOS,2951.0,transporte,2026-12-17,cartola
2,AR,ARS,211932,19,Baja,pago a banco provincia,1061.0,otros,2026-05-13,natural
2,AR,ARS,211932,19,Baja,gasto en disco,619.0,alimentacion,2026-12-24,natural
2,AR,ARS,211932,19,Baja,MOVISTAR HOGAR ARGENTINA,638.0,servicios,2026-09-16,cartola
2,AR,ARS,211932,19,Baja,SMART FIT ARGENTINA,330.0,ocio,2026-01-23,cartola
2,AR,ARS,211932,19,Baja,gasto en pinturerias prestigio,202.0,vivienda,2026-06-14,natural
2,AR,ARS,211932,19,Baja,GALENO,866.0,salud,2026-07-21,cartola
2,AR,ARS,211932,19,Baja,transferencia a ferreteria el puente,758.0,vivienda,2026-03-24,natural
2,AR,ARS,211932,19,Baja,MAKRO,225.0,alimentacion,2026-05-25,cartola
2,AR,ARS,211932,19,Baja,transferencia a arba impuestos,2745.0,otros,2026-03-26,natural
2,AR,ARS,211932,19,Baja,cargo de spotify,1428.0,streaming,2026-03-19,natural
2,AR,ARS,211932,19,Baja,PEAJE ILLIA,350.0,transporte,2026-01-01,cartola
2,AR,ARS,211932,19,Baja,CLINICA SUIZO ARGENTINA,2510.0,salud,2026-02-20,cartola
2,AR,ARS,211932,19,Baja,ATM STEAM GAMES ARGENTINA,3437.0,ocio,2026-06-22,cartola
2,AR,ARS,211932,19,Baja,UNIVERSIDAD DE BUENOS AIRES UBA,5170.0,educacion,2026-07-24,cartola
2,AR,ARS,211932,19,Baja,,153.0,vivienda,2026-10-15,cartola
2,AR,ARS,211932,19,Baja,pago a aguas bonaerenses,1255.0,servicios,2026-02-03,natural
2,AR,ARS,211932,19,Baja,gasto en naturgy,742.0,servicios,2026-12-14,natural
2,AR,ARS,211932,19,Baja,AVALIAN,1149.0,salud,2026-04-05,cartola
2,AR,ARS,211932,19,Baja,CENTRO ROSSI,3252.0,salud,2026-03-13,cartola
2,AR,ARS,211932,19,Baja,gasto en esay,1094.0,vivienda,2026-02-08,natural
2,AR,ARS,211932,19,Baja,CLINICA MATER DEI,1704.0,salud,2026-06-03,cartola
2,AR,ARS,211932,19,Baja,transferencia a federacion patronal seguros,1894.0,otros,2026-09-07,natural
2,AR,ARS,211932,19,Baja,pago a provincia net,1712.0,servicios,2026-06-11,natural
2,AR,ARS,211932,19,Baja,gasto en farmacias central oeste,522.0,salud,2026-04-28,natural
2,AR,ARS,211932,19,Baja,pago a sportclub,236.0,ocio,2026-09-16,natural
2,AR,ARS,211932,19,Baja,gasto en edenor,475.0,servicios,2026-11-02,natural
2,AR,ARS,211932,19,Baja,SUB*MAKRO,2090.0,alimentacion,2026-09-25,cartola
2,AR,ARS,211932,19,Baja,HOSPITAL BRITANICO,342.0,salud,2026-02-23,cartola
2,AR,ARS,211932,19,Baja,gasto en laboratorio stamboulian,676.0,salud,2026-08-24,natural
2,AR,ARS,211932,19,Baja,transferencia a emova subte,249.0,transporte,2026-08-10,natural
2,AR,ARS,211932,19,Baja,compra en trenes argentinos,818.0,transporte,2026-09-08,natural
2,AR,ARS,211932,19,Baja,pago a le pain quotidien,1868.0,alimentacion,2026-11-09,natural
2,AR,ARS,211932,19,Baja,gasto en luna park,1994.0,ocio,2026-04-22,natural
2,AR,ARS,211932,19,Baja,COMPRA WEB OSECAC,254.0,salud,2026-09-12,cartola
2,AR,ARS,211932,19,Baja,gasto en steam games argentina,2238.0,ocio,2026-10-30,natural
2,AR,ARS,211932,19,Baja,PEAJE SARANDI,842.0,transporte,2026-07-26,cartola
2,AR,ARS,211932,19,Baja,WEBPAY EDESUR,405.0,servicios,2026-08-17,cartola
2,AR,ARS,211932,19,Baja,NF* YPF,1157.0,transporte,2026-12-07,cartola
2,AR,ARS,211932,19,Baja,CONSORCIOABIERTO,617.0,vivienda,2026-03-07,cartola
2,AR,ARS,211932,19,Baja,transferencia a ferreteria industrial,446.0,vivienda,2026-03-16,natural
2,AR,ARS,211932,19,Baja,compra en luna park,1147.0,ocio,2026-04-13,natural
2,AR,ARS,211932,19,Baja,gasto en coelgio san martin,269.0,educacion,2026-07-11,natural
2,AR,ARS,211932,19,Baja,PEAJE SAMBOROMBON,377.0,transporte,2026-09-09,cartola
2,AR,ARS,211932,19,Baja,BANCO NACION,535.0,otros,2026-08-14,cartola
2,AR,ARS,211932,19,Baja,ALMACEN DE BARRIO,275.0,alimentacion,2026-10-21,cartola
2,AR,ARS,211932,19,Baja,EDET TUCUMAN,488.0,servicios,2026-11-02,cartola
2,AR,ARS,211932,19,Baja,BANCO MACRO,796.0,otros,2026-04-08,cartola
2,AR,ARS,211932,19,Baja,PAC PARAMOUNT+ 4817,1269.0,streaming,2026-12-04,cartola
2,AR,ARS,211932,19,Baja,compra en tea connection,1369.0,alimentacion,2026-10-13,natural
2,AR,ARS,211932,19,Baja,gasto en giro cajero banelco,1625.0,otros,2026-12-01,natural
2,AR,ARS,211932,19,Baja,,1281.0,alimentacion,2026-12-13,natural
2,AR,ARS,211932,19,Baja,NF* YOUTUBE PREMIUM 2/3,1073.0,streaming,2026-11-04,cartola
2,AR,ARS,211932,19,Baja,transferencia a pinturerias rex,255.0,vivienda,2026-09-06,natural
2,AR,ARS,211932,19,Baja,transferencia a diagnostico maipu,480.0,salud,2026-06-15,natural
2,AR,ARS,211932,19,Baja,PAGOMISCUENTAS,610.0,servicios,2026-12-01,cartola
2,AR,ARS,211932,19,Baja,CONSORCIO CABALLITO,179.0,vivienda,2026-09-04,cartola
2,AR,ARS,211932,19,Baja,ZONAPROP,706.0,vivienda,2026-04-16,cartola
2,AR,ARS,211932,19,Baja,ATM NATURGY,538.0,servicios,2026-02-20,cartola
2,AR,ARS,211932,19,Baja,gasto en makro,1522.0,alimentacion,2026-03-22,natural
2,AR,ARS,211932,19,Baja,PINTURAS ALBA,3581.0,vivienda,2026-05-13,cartola
2,AR,ARS,211932,19,Baja,PAC PARAMOUNT+ 4743,763.0,streaming,2026-10-12,cartola
2,AR,ARS,211932,19,Baja,EDERSA RIO NEGRO,366.0,servicios,2026-05-18,cartola
2,AR,ARS,211932,19,Baja,CHEVALLIER,333.0,transporte,2026-11-26,cartola
2,AR,ARS,211932,19,Baja,TER* ALQUILERES ARGENTINA,2428.0,vivienda,2026-09-30,cartola
2,AR,ARS,211932,19,Baja,suscripción a paramount+,2362.0,streaming,2026-12-06,natural
2,AR,ARS,211932,19,Baja,COMPRA WEB CONSORCIOABIERTO,274.0,vivienda,2026-03-10,cartola
2,AR,ARS,211932,19,Baja,EDESAL SAN LUIS,1117.0,servicios,2026-02-03,cartola
2,AR,ARS,211932,19,Baja,POS TRX PEAJE ILLIA,155.0,transporte,2026-02-22,cartola
2,AR,ARS,211932,19,Baja,POS TRX DISNEY PLUS ARGENTINA,171.0,ocio,2026-07-24,cartola
2,AR,ARS,211932,19,Baja,suscripción a max,230.0,streaming,2026-05-06,natural
2,AR,ARS,211932,19,Baja,compra en disney plus argentina,328.0,ocio,2026-08-23,natural
2,AR,ARS,211932,19,Baja,,5147.0,ocio,2026-02-12,cartola
2,AR,ARS,211932,19,Baja,transferencia a aguas bonaerenses,1121.0,servicios,2026-08-28,natural
2,AR,ARS,211932,19,Baja,pago mensual de spotify,455.0,streaming,2026-04-21,natural
2,AR,ARS,211932,19,Baja,ARGENPROP,1255.0,vivienda,2026-09-06,cartola
2,AR,ARS,211932,19,Baja,compra en aguas bonaerenses,2318.0,servicios,2026-05-31,natural
2,AR,ARS,211932,19,Baja,SUB*SPOTIFY 7947,2993.0,streaming,2026-07-02,cartola
2,AR,ARS,211932,19,Baja,FARMACIA AZUL,229.0,salud,2026-04-05,cartola
2,AR,ARS,211932,19,Baja,GALENO,471.0,salud,2026-01-08,cartola
2,AR,ARS,211932,19,Baja,DISNEY PLUS ARGENTINA,281.0,ocio,2026-12-26,cartola
2,AR,ARS,211932,19,Baja,TEA CONNECTION,384.0,alimentacion,2026-07-03,cartola
3,AR,ARS,199879,65,Baja,CHEVALLIER,2554.0,transporte,2026-09-27,cartola
3,AR,ARS,199879,65,Baja,gasto en hospital aleman,723.0,salud,2026-11-12,natural
3,AR,ARS,199879,65,Baja,PAGO TC EDET TUCUMAN,1239.0,servicios,2026-10-13,cartola
3,AR,ARS,199879,65,Baja,transferencia a consorcio caballito,213.0,vivienda,2026-10-18,natural
3,AR,ARS,199879,65,Baja,pago a farmacias central oeste,240.0,salud,2026-08-01,natural
3,AR,ARS,199879,65,Baja,gasto en universidad de san andres,314.0,educacion,2026-01-05,natural
3,AR,ARS,199879,65,Baja,AYSA,208.0,servicios,2026-12-05,cartola
3,AR,ARS,199879,65,Baja,SANATORIO FINOCHIETTO,367.0,salud,2026-03-19,cartola
3,AR,ARS,199879,65,Baja,compra en starbucks,219.0,alimentacion,2026-03-03,natural
3,AR,ARS,199879,65,Baja,gasto en club de la birra,281.0,alimentacion,2026-03-30,natural
3,AR,ARS,199879,65,Baja,pago a camuzzi gas pampeana,191.0,servicios,2026-03-30,natural
3,AR,ARS,199879,65,Baja,SUC. AXION ENERGY,695.0,transporte,2026-10-23,cartola
3,AR,ARS,199879,65,Baja,transferencia a federacion patronal seguros,260.0,otros,2026-11-24,natural
3,AR,ARS,199879,65,Baja,SUC. CRUNCHYROLL 6295,510.0,streaming,2026-10-22,cartola
3,AR,ARS,199879,65,Baja,WEBPAY LIBRERIAS CUSPIDE,787.0,educacion,2026-04-14,cartola
3,AR,ARS,199879,65,Baja,suscripción a youtube premium,1319.0,streaming,2026-01-14,natural
3,AR,ARS,199879,65,Baja,PINTURAS ALBA,181.0,vivienda,2026-06-28,cartola
3,AR,ARS,199879,65,Baja,transferencia a pago facil,1807.0,servicios,2026-05-05,natural
3,AR,ARS,199879,65,Baja,compra en ferreteria el progreso,1112.0,vivienda,2026-12-19,natural
3,AR,ARS,199879,65,Baja,gasto en epec,172.0,servicios,2026-03-04,natural
3,AR,ARS,199879,65,Baja,transferencia a easy,2326.0,vivienda,2026-05-23,natural
3,AR,ARS,199879,65,Baja,LITORAL GAS,2853.0,servicios,2026-06-02,cartola
3,AR,ARS,199879,65,Baja,MOSTAZA,294.0,alimentacion,2026-08-13,cartola
3,AR,ARS,199879,65,Baja,PINTURERIAS REX,365.0,vivienda,2026-11-05,cartola
3,AR,ARS,199879,65,Baja,ACCORD SALUD,1846.0,salud,2026-04-14,cartola
3,AR,ARS,199879,65,Baja,SUC. LIBRERIAS CUSPIDE,1552.0,educacion,2026-04-14,cartola
3,AR,ARS,199879,65,Baja,pago a plusmar,229.0,transporte,2026-02-08,natural
3,AR,ARS,199879,65,Baja,FERRETERIA EL PUENTE,264.0,vivienda,2026-07-17,cartola
3,AR,ARS,199879,65,Baja,PLAYSTATION NETWORK AR,521.0,ocio,2026-05-14,cartola
3,AR,ARS,199879,65,Baja,YPF,745.0,transporte,2026-03-08,cartola
3,AR,ARS,199879,65,Baja,compra en puntoticket argentina,1083.0,ocio,2026-06-28,natural
3,AR,ARS,199879,65,Baja,SANATORIO FINOCHIETTO,518.0,salud,2026-02-11,cartola
3,AR,ARS,199879,65,Baja,transferencia a plusmar,698.0,transporte,2026-01-15,natural
3,AR,ARS,199879,65,Baja,GIRO CAJERO BANELCO,1548.0,otros,2026-04-21,cartola
3,AR,ARS,199879,65,Baja,compra en pinturerias prestigio,306.0,vivienda,2026-10-16,natural
3,AR,ARS,199879,65,Baja,transferencia a edersa rio negro,327.0,servicios,2026-08-19,natural
3,AR,ARS,199879,65,Baja,pago a jumbo,1405.0,alimentacion,2026-06-06,natural
3,AR,ARS,199879,65,Baja,DANDY,2537.0,alimentacion,2026-02-07,cartola
3,AR,ARS,199879,65,Baja,transferencia a editorial santillana argentina,806.0,educacion,2026-04-07,natural
3,AR,ARS,199879,65,Baja,transferencia a peaje sarandi,854.0,transporte,2026-10-16,natural
3,AR,ARS,199879,65,Baja,transferencia a rappi,345.0,alimentacion,2026-03-27,natural
3,AR,ARS,199879,65,Baja,PEAJE PARQUE AVELLANEDA,667.0,transporte,2026-11-18,cartola
3,AR,ARS,199879,65,Baja,pago a litoral gas,856.0,servicios,2026-01-10,natural
3,AR,ARS,199879,65,Baja,PERSICCO,312.0,alimentacion,2026-01-05,cartola
3,AR,ARS,199879,65,Baja,compra en movistar arena argentina,353.0,ocio,2026-05-03,natural
3,AR,ARS,199879,65,Baja,CARGO AUT PARAMOUNT+ 2502,533.0,streaming,2026-11-26,cartola
3,AR,ARS,199879,65,Baja,LFECHA BUS,246.0,transporte,2026-04-28,cartola
3,AR,ARS,199879,65,Baja,SANATORIO OTAMENDI,437.0,salud,2026-10-21,cartola
3,AR,ARS,199879,65,Baja,SUC. PEAJE DELLEPIANE,267.0,transporte,2026-06-08,cartola
3,AR,ARS,199879,65,Baja,DANDY,446.0,alimentacion,2026-10-30,cartola
3,AR,ARS,199879,65,Baja,transferencia a edesur,258.0,servicios,2026-08-04,natural
3,AR,ARS,199879,65,Baja,EL CLUB DE LA MILANESA,2488.0,alimentacion,2026-07-03,cartola
3,AR,ARS,199879,65,Baja,transferencia a administracion san martin,1013.0,vivienda,2026-01-15,natural
3,AR,ARS,199879,65,Baja,TER* METROVIAS,1279.0,transporte,2026-06-06,cartola
3,AR,ARS,199879,65,Baja,LIBRERIA KEL,1751.0,educacion,2026-05-16,cartola
3,AR,ARS,199879,65,Baja,pago a pinturerias prestigio,776.0,vivienda,2026-09-18,natural
3,AR,ARS,199879,65,Baja,TELEPASE AUTOPISTAS,306.0,transporte,2026-02-16,cartola
3,AR,ARS,199879,65,Baja,gasto en mi barrio hamburgueseria,866.0,alimentacion,2026-11-20,natural
3,AR,ARS,199879,65,Baja,compra en pinturerias prestigio,994.0,vivienda,2026-11-28,natural
3,AR,ARS,199879,65,Baja,gasto en ligier pinturerias,1539.0,vivienda,2026-06-22,natural
3,AR,ARS,199879,65,Baja,gasto en el club de la milanesa,636.0,alimentacion,2026-05-10,natural
3,AR,ARS,199879,65,Baja,PARQUE DE LA COSTA,154.0,ocio,2026-04-05,cartola
3,AR,ARS,199879,65,Baja,MOSTAZA,375.0,alimentacion,2026-04-25,cartola
3,AR,ARS,199879,65,Baja,transferencia a edesur,507.0,servicios,2026-08-31,natural
3,AR,ARS,199879,65,Baja,EDENOR,1168.0,servicios,2026-10-19,cartola
3,AR,ARS,199879,65,Baja,NF* PEAJE DOCK SUD,951.0,transporte,2026-10-09,cartola
3,AR,ARS,199879,65,Baja,PEAJE LARENA,495.0,transporte,2026-10-26,cartola
3,AR,ARS,199879,65,Baja,gasto en fiambreria el galpon,4844.0,alimentacion,2026-10-10,natural
3,AR,ARS,199879,65,Baja,renovación de youtube premium,1047.0,streaming,2026-03-10,natural
3,AR,ARS,199879,65,Baja,transferencia a centro rossi,305.0,salud,2026-05-28,natural
3,AR,ARS,199879,65,Baja,transferencia a avalian,160.0,salud,2026-09-11,natural
3,AR,ARS,199879,65,Baja,gasto en clinica mater dei,187.0,salud,2026-11-26,natural
3,AR,ARS,199879,65,Baja,SHOWCASE CINEMAS,318.0,ocio,2026-12-26,cartola
3,AR,ARS,199879,65,Baja,SUC. MADERAS RAMOS,197.0,vivienda,2026-02-07,cartola
3,AR,ARS,199879,65,Baja,pago a farmacias central oeste,232.0,salud,2026-05-14,natural
3,AR,ARS,199879,65,Baja,SANATORIO OTAMENDI,377.0,salud,2026-07-19,cartola
3,AR,ARS,199879,65,Baja,ALLIANZ SEGUROS,214.0,otros,2026-01-23,cartola
3,AR,ARS,199879,65,Baja,gasto en makro,2554.0,alimentacion,2026-10-30,natural
3,AR,ARS,199879,65,Baja,CAGRO AUT NETFLIX 8179,239.0,streaming,2026-10-29,cartola
3,AR,ARS,199879,65,Baja,gasto en peaje dellepiane,836.0,transporte,2026-12-29,natural
3,AR,ARS,199879,65,Baja,transferencia a octavo piso saas,594.0,vivienda,2026-08-06,natural
3,AR,ARS,199879,65,Baja,pago a medicus,4543.0,salud,2026-05-21,natural
3,AR,ARS,199879,65,Baja,pago a diagnostico maipu,253.0,salud,2026-07-29,natural
3,AR,ARS,199879,65,Baja,DANDY,571.0,alimentacion,2026-04-21,cartola
3,AR,ARS,199879,65,Baja,transferencia a subway,3925.0,alimentacion,2026-04-14,natural
3,AR,ARS,199879,65,Baja,transferencia a colegio northlands,2257.0,educacion,2026-11-12,natural
3,AR,ARS,199879,65,Baja,WEBPAY PERSICCO,1911.0,alimentacion,2026-06-20,cartola
3,AR,ARS,199879,65,Baja,gasto en edesur,336.0,servicios,2026-12-22,natural
3,AR,ARS,199879,65,Baja,gasto en cinemark hoyts,211.0,ocio,2026-11-20,natural
3,AR,ARS,199879,65,Baja,pago a aguas bonaerenses,1242.0,servicios,2026-05-13,natural
3,AR,ARS,199879,65,Baja,FERRETERIA INDUSTRIAL,2981.0,vivienda,2026-10-20,cartola
3,AR,ARS,199879,65,Baja,ATM PARAMOUNT+ 3126,915.0,streaming,2026-11-24,cartola
3,AR,ARS,199879,65,Baja,TEA CONNECTION,954.0,alimentacion,2026-05-07,cartola
3,AR,ARS,199879,65,Baja,compra en easy,369.0,vivienda,2026-04-16,natural
3,AR,ARS,199879,65,Baja,AUBASA,1651.0,transporte,2026-04-02,cartola
3,AR,ARS,199879,65,Baja,pago a almacen de barrio,233.0,alimentacion,2026-10-14,natural
3,AR,ARS,199879,65,Baja,compra en supermercados dia,440.0,alimentacion,2026-02-20,natural
3,AR,ARS,199879,65,Baja,PAC CONSORCIO CABALLITO,623.0,vivienda,2026-01-29,cartola
3,AR,ARS,199879,65,Baja,compra en aguas bonaerenses,797.0,servicios,2026-10-23,natural
3,AR,ARS,199879,65,Baja,pago a universidad tecnologica nacional utn,312.0,educacion,2026-10-24,natural
3,AR,ARS,199879,65,Baja,COLEGIO SAN ANDRES,363.0,educacion,2026-09-24,cartola
3,AR,ARS,199879,65,Baja,PINTURAS ALBA,1061.0,vivienda,2026-09-14,cartola
3,AR,ARS,199879,65,Baja,compra en peaje parque avellaneda,383.0,transporte,2026-10-29,natural
3,AR,ARS,199879,65,Baja,DANDY,979.0,alimentacion,2026-04-11,cartola
3,AR,ARS,199879,65,Baja,transferencia a parque de la costa,189.0,ocio,2026-12-12,natural
3,AR,ARS,199879,65,Baja,gasto en panaderia san jose,738.0,alimentacion,2026-04-20,natural
3,AR,ARS,199879,65,Baja,PEAJE PACHECO,855.0,transporte,2026-07-01,cartola
3,AR,ARS,199879,65,Baja,pago a zonaprop,364.0,vivienda,2026-11-09,natural
3,AR,ARS,199879,65,Baja,ARGENPROP,462.0,vivienda,2026-01-01,cartola
3,AR,ARS,199879,65,Baja,gasto en multiplex cines,162.0,ocio,2026-11-15,natural
3,AR,ARS,199879,65,Baja,SUPERMERCADOS DIA,331.0,alimentacion,2026-02-24,cartola
3,AR,ARS,199879,65,Baja,FERRETERIA EL PROGRESO,5176.0,vivienda,2026-05-29,cartola
3,AR,ARS,199879,65,Baja,PEAJE DELLEPIANE,438.0,transporte,2026-11-05,cartola
3,AR,ARS,199879,65,Baja,CLARO HOGAR ARGENTINA,1867.0,servicios,2026-05-17,cartola
3,AR,ARS,199879,65,Baja,transferencia a puma energy,331.0,transporte,2026-07-21,natural
3,AR,ARS,199879,65,Baja,transferencia a octavo piso sasa,1287.0,vivienda,2026-11-09,natural
3,AR,ARS,199879,65,Baja,FARMACIAS VANTAGE,1606.0,salud,2026-04-27,cartola
3,AR,ARS,199879,65,Baja,HEISENBURGER,1018.0,alimentacion,2026-06-03,cartola
3,AR,ARS,199879,65,Baja,PAGO TC NICETO CLUB,717.0,ocio,2026-10-18,cartola
3,AR,ARS,199879,65,Baja,transferencia a camuzzi gas pampeana,597.0,servicios,2026-03-04,natural
3,AR,ARS,199879,65,Baja,pago a osde,483.0,salud,2026-09-01,natural
3,AR,ARS,199879,65,Baja,CABIFY,2984.0,transporte,2026-01-25,cartola
3,AR,ARS,199879,65,Baja,compra en movistar hogar argentina,1997.0,servicios,2026-03-31,natural
3,AR,ARS,199879,65,Baja,KFC,3772.0,alimentacion,2026-03-16,cartola
3,AR,ARS,199879,65,Baja,GALENO,187.0,salud,2026-07-29,cartola
3,AR,ARS,199879,65,Baja,KENTUCKY PIZZERIA,1476.0,alimentacion,2026-12-13,cartola
3,AR,ARS,199879,65,Baja,MADERAS RAMOS,3134.0,vivienda,2026-01-17,cartola
3,AR,ARS,199879,65,Baja,EPEN NEUQUEN,225.0,servicios,2026-05-08,cartola
3,AR,ARS,199879,65,Baja,transferencia a aguas cordobesas,320.0,servicios,2026-12-30,natural
3,AR,ARS,199879,65,Baja,gasto en didi argentina,1520.0,transporte,2026-09-08,natural
3,AR,ARS,199879,65,Baja,STARBUCKS,961.0,alimentacion,2026-06-28,cartola
3,AR,ARS,199879,65,Baja,transferencia a edenor,2074.0,servicios,2026-07-01,natural
3,AR,ARS,199879,65,Baja,pago a la trastienda,169.0,ocio,2026-06-01,natural
3,AR,ARS,199879,65,Baja,MADERAS RAMOS,1784.0,vivienda,2026-01-25,cartola
4,AR,ARS,287892,79,Alta,compra en vea,369.0,alimentacion,2026-08-25,natural
4,AR,ARS,287892,79,Alta,PUNTOTICKET ARGENTINA,202.0,ocio,2026-06-22,cartola
4,AR,ARS,287892,79,Alta,FARMACITY,762.0,salud,2026-07-09,cartola
4,AR,ARS,287892,79,Alta,compra en sodimac,3094.0,vivienda,2026-05-02,natural
4,AR,ARS,287892,79,Alta,transferencia a octavo piso saas,664.0,vivienda,2026-02-15,natural
4,AR,ARS,287892,79,Alta,AUTOPISTAS DEL SOL AUSOL,507.0,transporte,2026-03-05,cartola
4,AR,ARS,287892,79,Alta,gasto en sanatorio finochietto,488.0,salud,2026-05-10,natural
4,AR,ARS,287892,79,Alta,STARBUCKS,1477.0,alimentacion,2026-11-06,cartola
4,AR,ARS,287892,79,Alta,MEGATONE,7572.0,otros,2026-12-29,cartola
4,AR,ARS,287892,79,Alta,PARQUE DE LA COSTA,1254.0,ocio,2026-07-12,cartola
4,AR,ARS,287892,79,Alta,ATM SPOTIFY 7220,1663.0,streaming,2026-11-03,cartola
4,AR,ARS,287892,79,Alta,PREVENCION SALUD,4021.0,salud,2026-06-30,cartola
4,AR,ARS,287892,79,Alta,compra en disco,1563.0,alimentacion,2026-10-19,natural
4,AR,ARS,287892,79,Alta,FARMACITY,416.0,salud,2026-10-09,cartola
4,AR,ARS,287892,79,Alta,gasto en argenprop,727.0,vivienda,2026-01-29,natural
4,AR,ARS,287892,79,Alta,pago a editorial santillana argentina,757.0,educacion,2026-05-29,natural
4,AR,ARS,287892,79,Alta,PAGO FACIL,1033.0,servicios,2026-09-24,cartola
4,AR,ARS,287892,79,Alta,CABIFY,1136.0,transporte,2026-10-23,cartola
4,AR,ARS,287892,79,Alta,pago a uala,3282.0,otros,2026-01-11,natural
4,AR,ARS,287892,79,Alta,transferencia a gas nea,877.0,servicios,2026-06-13,natural
4,AR,ARS,287892,79,Alta,SUC. AMAZON PRIME 25/2,1289.0,streaming,2026-04-23,cartola
4,AR,ARS,287892,79,Alta,compra en peaje dock sud,2001.0,transporte,2026-07-06,natural
4,AR,ARS,287892,79,Alta,pago a diarco,968.0,alimentacion,2026-10-22,natural
4,AR,ARS,287892,79,Alta,transferencia a bonafide,3696.0,alimentacion,2026-08-20,natural
4,AR,ARS,287892,79,Alta,,1807.0,streaming,2026-08-15,natural
4,AR,ARS,287892,79,Alta,PINTURAS ALBA,711.0,vivienda,2026-11-06,cartola
4,AR,ARS,287892,79,Alta,transferencia a banco icbc,2555.0,otros,2026-04-08,natural
4,AR,ARS,287892,79,Alta,gasto en jumbo,1530.0,alimentacion,2026-02-24,natural
4,AR,ARS,287892,79,Alta,LA CONTINENTAL,1560.0,alimentacion,2026-04-21,cartola
4,AR,ARS,287892,79,Alta,gasto en havanna,1339.0,alimentacion,2026-06-01,natural
4,AR,ARS,287892,79,Alta,TER* MAX 2421,1402.0,streaming,2026-09-03,cartola
4,AR,ARS,287892,79,Alta,transferencia a vital mayorista,2958.0,alimentacion,2026-03-10,natural
4,AR,ARS,287892,79,Alta,TRENES ARGENTINOS,222.0,transporte,2026-11-08,cartola
4,AR,ARS,287892,79,Alta,,831.0,otros,2026-10-16,cartola
4,AR,ARS,287892,79,Alta,compra en disney plus argentina,160.0,ocio,2026-09-07,natural
4,AR,ARS,287892,79,Alta,PINTURAS ALBA,2855.0,vivienda,2026-02-05,cartola
4,AR,ARS,287892,79,Alta,compra en aguas cordobesas,649.0,servicios,2026-08-27,natural
4,AR,ARS,287892,79,Alta,AGUAS CORDOBESAS,4647.0,servicios,2026-05-28,cartola
4,AR,ARS,287892,79,Alta,EASY,1526.0,vivienda,2026-08-15,cartola
4,AR,ARS,287892,79,Alta,pago a niceto club,3292.0,ocio,2026-09-01,natural
4,AR,ARS,287892,79,Alta,compra en steam games argentina,7876.0,ocio,2026-12-03,natural
4,AR,ARS,287892,79,Alta,ADMINISTRACION CONSORCIO PALERMO,3737.0,vivienda,2026-12-31,cartola
4,AR,ARS,287892,79,Alta,pago a edesur,4117.0,servicios,2026-07-20,natural
4,AR,ARS,287892,79,Alta,LA MEZZETTA,1070.0,alimentacion,2026-06-03,cartola
4,AR,ARS,287892,79,Alta,compra en peaje alberti,1637.0,transporte,2026-03-14,natural
4,AR,ARS,287892,79,Alta,TER* HOSPITAL BRITANICO,598.0,salud,2026-07-20,cartola
4,AR,ARS,287892,79,Alta,LAS CUARTETAS,445.0,alimentacion,2026-10-23,cartola
4,AR,ARS,287892,79,Alta,pago a laboratorio stamboulian,1437.0,salud,2026-01-17,natural
4,AR,ARS,287892,79,Alta,NF* DANDY,1845.0,alimentacion,2026-05-09,cartola
4,AR,ARS,287892,79,Alta,compra en jumbo,846.0,alimentacion,2026-08-05,natural
4,AR,ARS,287892,79,Alta,EL CLUB DE LA MILANESA,1720.0,alimentacion,2026-03-02,cartola
4,AR,ARS,287892,79,Alta,STOCK CENTER,4457.0,otros,2026-04-14,cartola
4,AR,ARS,287892,79,Alta,SUC. MOVISTAR HOGAR ARGENTINA,1660.0,servicios,2026-02-11,cartola
4,AR,ARS,287892,79,Alta,compra en panaderia san jose,2603.0,alimentacion,2026-01-25,natural
4,AR,ARS,287892,79,Alta,pago a pinturerias prestigio,3339.0,vivienda,2026-02-08,natural
4,AR,ARS,287892,79,Alta,cargo de apple music,9153.0,streaming,2026-10-18,natural
4,AR,ARS,287892,79,Alta,EPEC,1886.0,servicios,2026-05-11,cartola
4,AR,ARS,287892,79,Alta,compra en claro hogara rgentina,3355.0,servicios,2026-08-17,natural
4,AR,ARS,287892,79,Alta,compra en avalian,6708.0,salud,2026-04-18,natural
4,AR,ARS,287892,79,Alta,transferencia a el club de la milanesa,5897.0,alimentacion,2026-06-21,natural
4,AR,ARS,287892,79,Alta,PARQUE DE LA COSTA,310.0,ocio,2026-04-12,cartola
4,AR,ARS,287892,79,Alta,PEAJE HUDSON,1064.0,transporte,2026-12-20,cartola
4,AR,ARS,287892,79,Alta,SODIMAC,799.0,vivienda,2026-01-12,cartola
4,AR,ARS,287892,79,Alta,gasto en ypf,186.0,transporte,2026-10-02,natural
4,AR,ARS,287892,79,Alta,pago a edet tucuman,2047.0,servicios,2026-04-11,natural
4,AR,ARS,287892,79,Alta,pago a peaje larena,2717.0,transporte,2026-02-13,natural
4,AR,ARS,287892,79,Alta,SANCOR SALUD,3846.0,salud,2026-11-01,cartola
4,AR,ARS,287892,79,Alta,gasto en spotify argentina,267.0,ocio,2026-01-17,natural
4,AR,ARS,287892,79,Alta,POS TRX CENTRO ROSSI,4267.0,salud,2026-11-26,cartola
4,AR,ARS,287892,79,Alta,EDESAL SAN LUIS,2101.0,servicios,2026-02-26,cartola
4,AR,ARS,287892,79,Alta,transferencia a edesal san luis,2484.0,servicios,2026-11-07,natural
4,AR,ARS,287892,79,Alta,CHANGOMAS,4928.0,alimentacion,2026-10-30,cartola
4,AR,ARS,287892,79,Alta,compra en provincia net,2000.0,servicios,2026-01-12,natural
4,AR,ARS,287892,79,Alta,EPEC,835.0,servicios,2026-11-14,cartola
4,AR,ARS,287892,79,Alta,CARNICERIA EL OMBU,3558.0,alimentacion,2026-03-21,cartola
4,AR,ARS,287892,79,Alta,PARQUE DE LA COSTA,920.0,ocio,2026-08-04,cartola
4,AR,ARS,287892,79,Alta,pago a flecha bus,232.0,transporte,2026-09-21,natural
4,AR,ARS,287892,79,Alta,SOLO DEPORTES,3624.0,otros,2026-05-29,cartola
4,AR,ARS,287892,79,Alta,pago a peaje dellepiane,864.0,transporte,2026-03-22,natural
4,AR,ARS,287892,79,Alta,EMOVA SUBTE,3033.0,transporte,2026-08-03,cartola
4,AR,ARS,287892,79,Alta,UNIVERSIDAD DE PALERMO UP,919.0,educacion,2026-07-17,cartola
4,AR,ARS,287892,79,Alta,transferencia a ligier pinturerias,4028.0,vivienda,2026-07-19,natural
4,AR,ARS,287892,79,Alta,AUBASA,506.0,transporte,2026-01-25,cartola
4,AR,ARS,287892,79,Alta,compra en telecentro,7491.0,servicios,2026-03-30,natural
4,AR,ARS,287892,79,Alta,transferencia a edesal san luis,3087.0,servicios,2026-09-25,natural
4,AR,ARS,287892,79,Alta,PERSICCO,248.0,alimentacion,2026-05-23,cartola
4,AR,ARS,287892,79,Alta,gasto en administracion san martin,1702.0,vivienda,2026-02-28,natural
4,AR,ARS,287892,79,Alta,transferencia a personal flow,8620.0,servicios,2026-12-31,natural
4,AR,ARS,287892,79,Alta,POS TRX DISNEY PLUS 9882,1300.0,streaming,2026-01-26,cartola
4,AR,ARS,287892,79,Alta,compra en banco provincia,410.0,otros,2026-02-16,natural
4,AR,ARS,287892,79,Alta,transferencia a luna park,1353.0,ocio,2026-10-15,natural
4,AR,ARS,287892,79,Alta,PAC COLEGIO SAN MARTIN,1466.0,educacion,2026-09-23,cartola
4,AR,ARS,287892,79,Alta,transferencia a sanatorio otamendi,2762.0,salud,2026-01-16,natural
4,AR,ARS,287892,79,Alta,,2449.0,alimentacion,2026-07-18,natural
4,AR,ARS,287892,79,Alta,,1051.0,vivienda,2026-10-09,cartola
4,AR,ARS,287892,79,Alta,pago a edet tucuman,502.0,servicios,2026-03-27,natural
4,AR,ARS,287892,79,Alta,POS TRX ALMACEN DE PIZZAS,2114.0,alimentacion,2026-09-07,cartola
4,AR,ARS,287892,79,Alta,compra en osde,1118.0,salud,2026-09-27,natural
4,AR,ARS,287892,79,Alta,pago a avalian,290.0,salud,2026-12-01,natural
4,AR,ARS,287892,79,Alta,EPEN NEUQUEN,4710.0,servicios,2026-04-27,cartola
4,AR,ARS,287892,79,Alta,ALMACEN DE BARRIO,2398.0,alimentacion,2026-01-07,cartola
4,AR,ARS,287892,79,Alta,compra en colegio san martin,2345.0,educacion,2026-05-17,natural
4,AR,ARS,287892,79,Alta,compra en laboratorio stamboulian,3529.0,salud,2026-06-25,natural
4,AR,ARS,287892,79,Alta,RAPIPAGO,1539.0,servicios,2026-11-24,cartola
4,AR,ARS,287892,79,Alta,FERRETERIA INDUSTRIAL,3444.0,vivienda,2026-11-11,cartola
4,AR,ARS,287892,79,Alta,compra en peaje pacheco,1407.0,transporte,2026-08-03,natural
4,AR,ARS,287892,79,Alta,EDERSA RIO NEGRO,370.0,servicios,2026-03-23,cartola
4,AR,ARS,287892,79,Alta,compra en naturgy,1060.0,servicios,2026-08-11,natural
4,AR,ARS,287892,79,Alta,transferencia a blaisten,1404.0,vivienda,2026-04-13,natural
4,AR,ARS,287892,79,Alta,PINTURAS ALBA,2599.0,vivienda,2026-09-30,cartola
4,AR,ARS,287892,79,Alta,FITER GIMNASIOS,230.0,ocio,2026-01-14,cartola
4,AR,ARS,287892,79,Alta,ATM DISCO,308.0,alimentacion,2026-06-08,cartola
4,AR,ARS,287892,79,Alta,FEDERACINO PATRONAL SEGUROS,625.0,otros,2026-06-01,cartola
4,AR,ARS,287892,79,Alta,COMPRA WEB HBO MAX 7150,632.0,streaming,2026-04-18,cartola
4,AR,ARS,287892,79,Alta,compra en amazon prime argentina,2688.0,ocio,2026-07-07,natural
4,AR,ARS,287892,79,Alta,SUB*CABIFY,589.0,transporte,2026-10-28,cartola
5,AR,ARS,167498,28,Media,gasto en colegio ward,2369.0,educacion,2026-08-04,natural
5,AR,ARS,167498,28,Media,transferencia a antares,827.0,alimentacion,2026-05-27,natural
5,AR,ARS,167498,28,Media,WEBPAY AXION ENERGY,637.0,transporte,2026-12-02,cartola
5,AR,ARS,167498,28,Media,POS TRX OCTAVO PISO SAAS,568.0,vivienda,2026-06-17,cartola
5,AR,ARS,167498,28,Media,ZONAPROP,930.0,vivienda,2026-04-02,cartola
5,AR,ARS,167498,28,Media,SANATORIO FINOCHIETTO,1785.0,salud,2026-12-19,cartola
5,AR,ARS,167498,28,Media,pago a solo deportes,847.0,otros,2026-02-28,natural
5,AR,ARS,167498,28,Media,CLUB DE LA BIRRA,1187.0,alimentacion,2026-02-28,cartola
5,AR,ARS,167498,28,Media,EL CLUB DE LA MILANESA,1466.0,alimentacion,2026-10-31,cartola
5,AR,ARS,167498,28,Media,transferencia a farmacias central oeste,804.0,salud,2026-06-18,natural
5,AR,ARS,167498,28,Media,ROTISERIA LA QUERENCIA,609.0,alimentacion,2026-09-26,cartola
5,AR,ARS,167498,28,Media,gasto en uber argentina,2292.0,transporte,2026-12-29,natural
5,AR,ARS,167498,28,Media,pago a farmacity,592.0,salud,2026-02-14,natural
5,AR,ARS,167498,28,Media,transferencia a universidad de buenos aires uba,679.0,educacion,2026-12-11,natural
5,AR,ARS,167498,28,Media,gasto en banco macro,5081.0,otros,2026-06-30,natural
5,AR,ARS,167498,28,Media,pago a colegio cardinal newman,319.0,educacion,2026-12-22,natural
5,AR,ARS,167498,28,Media,gasto en cabify,225.0,transporte,2026-07-10,natural
5,AR,ARS,167498,28,Media,pago a argenprop,531.0,vivienda,2026-06-04,natural
5,AR,ARS,167498,28,Media,transferencia a easy,2953.0,vivienda,2026-07-07,natural
5,AR,ARS,167498,28,Media,compra en autopistas del oeste,156.0,transporte,2026-05-13,natural
5,AR,ARS,167498,28,Media,CARGO AUT APPLE MUSIC 4965,194.0,streaming,2026-11-10,cartola
5,AR,ARS,167498,28,Media,DIARCO,180.0,alimentacion,2026-01-23,cartola
5,AR,ARS,167498,28,Media,transferencia a ferreteria el puente,319.0,vivienda,2026-06-09,natural
5,AR,ARS,167498,28,Media,ATM PARAMOUNT+ 2392,256.0,streaming,2026-06-07,cartola
5,AR,ARS,167498,28,Media,pago a plusmar,716.0,transporte,2026-02-08,natural
5,AR,ARS,167498,28,Media,transferencia a starbucks,952.0,alimentacion,2026-03-23,natural
5,AR,ARS,167498,28,Media,,347.0,transporte,2026-12-22,natural
5,AR,ARS,167498,28,Media,pago a ypf,556.0,transporte,2026-09-15,natural
5,AR,ARS,167498,28,Media,pago a clinica mater dei,355.0,salud,2026-03-18,natural
5,AR,ARS,167498,28,Media,BONAFIDE,449.0,alimentacion,2026-01-12,cartola
5,AR,ARS,167498,28,Media,pago a vital mayorista,810.0,alimentacion,2026-10-22,natural
5,AR,ARS,167498,28,Media,transferencia a trenes argentinos,1443.0,transporte,2026-08-12,natural
5,AR,ARS,167498,28,Media,transferencia a diarco,162.0,alimentacion,2026-02-15,natural
5,AR,ARS,167498,28,Media,compr aen cabify,690.0,transporte,2026-06-04,natural
5,AR,ARS,167498,28,Media,pago a libreria cp67,386.0,educacion,2026-04-23,natural
5,AR,ARS,167498,28,Media,pago mensual de paramount+,2098.0,streaming,2026-08-21,natural
5,AR,ARS,167498,28,Media,SANCOR SALUD,1377.0,salud,2026-01-17,cartola
5,AR,ARS,167498,28,Media,transferencia a rapip,974.0,alimentacion,2026-12-26,natural
5,AR,ARS,167498,28,Media,,356.0,servicios,2026-08-11,cartola
5,AR,ARS,167498,28,Media,PEAJE PARQUE AVELLANEDA,2641.0,transporte,2026-12-20,cartola
5,AR,ARS,167498,28,Media,pago a administracion consorcio palermo,337.0,vivienda,2026-12-10,natural
5,AR,ARS,167498,28,Media,PERSICCO,258.0,alimentacion,2026-06-12,cartola
5,AR,ARS,167498,28,Media,BANCO PATAGONIA,544.0,otros,2026-11-22,cartola
5,AR,ARS,167498,28,Media,COTO,360.0,alimentacion,2026-03-15,cartola
5,AR,ARS,167498,28,Media,compra en movistar arena argentina,3431.0,ocio,2026-08-21,natural
5,AR,ARS,167498,28,Media,COMPRA WEB PEAJE HUDSON,1752.0,transporte,2026-08-12,cartola
5,AR,ARS,167498,28,Media,TER* SODIMAC,328.0,vivienda,2026-11-15,cartola
5,AR,ARS,167498,28,Media,pago a octavo piso saas,973.0,vivienda,2026-03-01,natural
5,AR,ARS,167498,28,Media,EASY,4420.0,vivienda,2026-12-01,cartola
5,AR,ARS,167498,28,Media,CARGO AUT EL CLUB DE LA MILANESA,2361.0,alimentacion,2026-08-10,cartola
5,AR,ARS,167498,28,Media,transferencia a farmacias selma,1006.0,salud,2026-02-06,natural
5,AR,ARS,167498,28,Media,transferencia a consorcioabierto,2563.0,vivienda,2026-10-05,natural
5,AR,ARS,167498,28,Media,PANADERIA SAN JOSE,4957.0,alimentacion,2026-07-15,cartola
5,AR,ARS,167498,28,Media,pago a aubasa,1489.0,transporte,2026-12-18,natural
5,AR,ARS,167498,28,Media,transferencia a pinturerias rex,217.0,vivienda,2026-08-07,natural
5,AR,ARS,167498,28,Media,MI BARRIO HAMBURGUESERIA,562.0,alimentacion,2026-07-11,cartola
5,AR,ARS,167498,28,Media,compra en osecac,1992.0,salud,2026-01-17,natural
5,AR,ARS,167498,28,Media,AVALIAN,287.0,salud,2026-01-12,cartola
5,AR,ARS,167498,28,Media,SPOTIFY RAGENTINA,1945.0,ocio,2026-07-12,cartola
5,AR,ARS,167498,28,Media,transferencia a peaje illia,171.0,transporte,2026-04-30,natural
5,AR,ARS,167498,28,Media,pago a mostaza,359.0,alimentacion,2026-11-02,natural
5,AR,ARS,167498,28,Media,SODIMAC,531.0,vivienda,2026-09-27,cartola
5,AR,ARS,167498,28,Media,CARNICERIA EL OMBU,341.0,alimentacion,2026-06-24,cartola
5,AR,ARS,167498,28,Media,SUPERMERCADOS DIA,3453.0,alimentacion,2026-10-12,cartola
5,AR,ARS,167498,28,Media,gasto en peaje larena,1916.0,transporte,2026-07-23,natural
5,AR,ARS,167498,28,Media,compra en banco nacion,1767.0,otros,2026-06-13,natural
5,AR,ARS,167498,28,Media,SUB*NETFLIX 3078,1088.0,streaming,2026-09-08,cartola
5,AR,ARS,167498,28,Media,WILLIAMSBURG,267.0,alimentacion,2026-08-15,cartola
5,AR,ARS,167498,28,Media,SUC. EDESAL SAN LUIS,800.0,servicios,2026-01-07,cartola
5,AR,ARS,167498,28,Media,CLINICA MATER DEI,996.0,salud,2026-01-29,cartola
5,AR,ARS,167498,28,Media,gasto en changomas,815.0,alimentacion,2026-02-02,natural
5,AR,ARS,167498,28,Media,PROVINCIA NET,330.0,servicios,2026-05-14,cartola
5,AR,ARS,167498,28,Media,compra en epec,793.0,servicios,2026-03-20,natural
5,AR,ARS,167498,28,Media,gasto en administracion san martin,740.0,vivienda,2026-02-27,natural
5,AR,ARS,167498,28,Media,PAC MAX 6289,6143.0,streaming,2026-01-26,cartola
5,AR,ARS,167498,28,Media,transferencia a flecha bus,2494.0,transporte,2026-08-14,natural
5,AR,ARS,167498,28,Media,compra en metrogas,682.0,servicios,2026-10-12,natural
5,AR,ARS,167498,28,Media,CARGO AUT SPOTIFY 1011,1068.0,streaming,2026-01-04,cartola
5,AR,ARS,167498,28,Media,pago a medife,1509.0,salud,2026-04-09,natural
5,AR,ARS,167498,28,Media,gasto en trenes argentinos,290.0,transporte,2026-02-08,natural
5,AR,ARS,167498,28,Media,DIAGNOSTICO MAIPU,2467.0,salud,2026-09-28,cartola
5,AR,ARS,167498,28,Media,pago a dandy,2154.0,alimentacion,2026-10-12,natural
5,AR,ARS,167498,28,Media,SUBWAY,670.0,alimentacion,2026-06-06,cartola
5,AR,ARS,167498,28,Media,,543.0,vivienda,2026-03-16,natural
5,AR,ARS,167498,28,Media,transferencia a luna park,349.0,ocio,2026-10-15,natural
5,AR,ARS,167498,28,Media,PAGO TC ADMINISTRACION SAN MARTIN,709.0,vivienda,2026-05-10,cartola
5,AR,ARS,167498,28,Media,HOSPITAL ALEMAN,324.0,salud,2026-03-25,cartola
5,AR,ARS,167498,28,Media,pago a aguas bonaerenses,2094.0,servicios,2026-01-22,natural
5,AR,ARS,167498,28,Media,pago a ferreteria industrial,352.0,vivienda,2026-01-27,natural
5,AR,ARS,167498,28,Media,pago a luna park,437.0,ocio,2026-07-14,natural
5,AR,ARS,167498,28,Media,COLEGIO SAN MARTIN,2937.0,educacion,2026-12-03,cartola
5,AR,ARS,167498,28,Media,GRIDO HELADOS,1455.0,alimentacion,2026-08-24,cartola
5,AR,ARS,167498,28,Media,pago a sancor salud,362.0,salud,2026-04-02,natural
5,AR,ARS,167498,28,Media,gasto en almacen de barrio,319.0,alimentacion,2026-01-21,natural
5,AR,ARS,167498,28,Media,gasto en teatro opera,196.0,ocio,2026-12-23,natural
5,AR,ARS,167498,28,Media,UNIVERSIDAD DE SAN ANDRES,1303.0,educacion,2026-03-25,cartola
5,AR,ARS,167498,28,Media,cargo de hbo max,155.0,streaming,2026-05-27,natural
5,AR,ARS,167498,28,Media,compra en peaje illia,833.0,transporte,2026-09-14,natural
5,AR,ARS,167498,28,Media,gasto en giro cajero banelco,3585.0,otros,2026-02-27,natural
5,AR,ARS,167498,28,Media,gasto en provincia net,273.0,servicios,2026-01-15,natural
5,AR,ARS,167498,28,Media,EL CUARTITO,2463.0,alimentacion,2026-06-11,cartola
5,AR,ARS,167498,28,Media,PINTURERIAS REX,5218.0,vivienda,2026-06-12,cartola
5,AR,ARS,167498,28,Media,RAPIPAGO,213.0,servicios,2026-10-08,cartola
5,AR,ARS,167498,28,Media,PAGO TC MAX 9808,2349.0,streaming,2026-10-07,cartola
5,AR,ARS,167498,28,Media,PEAJE PACHECO,795.0,transporte,2026-01-12,cartola
5,AR,ARS,167498,28,Media,transferencia a edersa rio negro,2595.0,servicios,2026-10-01,natural
5,AR,ARS,167498,28,Media,renovación de spotify,928.0,streaming,2026-09-28,natural
5,AR,ARS,167498,28,Media,compra en multiplex cines,1188.0,ocio,2026-07-27,natural
5,AR,ARS,167498,28,Media,CAMUZZI GAS PAMPEANA,859.0,servicios,2026-01-27,cartola
5,AR,ARS,167498,28,Media,pago a fiter gimnasios,2189.0,ocio,2026-03-13,natural
5,AR,ARS,167498,28,Media,pago a discoteca kika,1450.0,ocio,2026-03-01,natural
6,AR,ARS,121090,26,Baja,gasto en consorcio caballito,167.0,vivienda,2026-02-09,natural
6,AR,ARS,121090,26,Baja,gasto en bonafide,170.0,alimentacion,2026-08-13,natural
6,AR,ARS,121090,26,Baja,gasto en rotiseria la querencia,248.0,alimentacion,2026-10-09,natural
6,AR,ARS,121090,26,Baja,AUTOPISTAS DEL SOL AUSOL,397.0,transporte,2026-01-08,cartola
6,AR,ARS,121090,26,Baja,CAFE MARTINEZ,496.0,alimentacion,2026-04-10,cartola
6,AR,ARS,121090,26,Baja,ARGENPROP,371.0,vivienda,2026-03-28,cartola
6,AR,ARS,121090,26,Baja,pago a ferreteria el progreso,1045.0,vivienda,2026-10-25,natural
6,AR,ARS,121090,26,Baja,compra en el club de la milanesa,229.0,alimentacion,2026-01-14,natural
6,AR,ARS,121090,26,Baja,NF* SODIMAC,1593.0,vivienda,2026-11-30,cartola
6,AR,ARS,121090,26,Baja,transferencia a camuzzi gas pampeana,2248.0,servicios,2026-01-02,natural
6,AR,ARS,121090,26,Baja,gasto en uber argentina,268.0,transporte,2026-10-20,natural
6,AR,ARS,121090,26,Baja,KENTUCKY PIZZERIA,407.0,alimentacion,2026-11-21,cartola
6,AR,ARS,121090,26,Baja,compra en kentucky pizzeria,315.0,alimentacion,2026-02-10,natural
6,AR,ARS,121090,26,Baja,SUPERMERCADOS DIA,598.0,alimentacion,2026-11-14,cartola
6,AR,ARS,121090,26,Baja,compra en metrovias,613.0,transporte,2026-11-12,natural
6,AR,ARS,121090,26,Baja,pago a cabify,187.0,transporte,2026-04-21,natural
6,AR,ARS,121090,26,Baja,ARGENPROP,536.0,vivienda,2026-01-14,cartola
6,AR,ARS,121090,26,Baja,pago a gas nea,168.0,servicios,2026-08-19,natural
6,AR,ARS,121090,26,Baja,LITORAL GAS,366.0,servicios,2026-03-25,cartola
6,AR,ARS,121090,26,Baja,ON FIT,692.0,ocio,2026-05-10,cartola
6,AR,ARS,121090,26,Baja,gasto en farmacia azul,259.0,salud,2026-08-19,natural
6,AR,ARS,121090,26,Baja,FERRETERIA EL PUENTE,585.0,vivienda,2026-11-22,cartola
6,AR,ARS,121090,26,Baja,compra en banco santander rio,373.0,otros,2026-05-25,natural
6,AR,ARS,121090,26,Baja,transferencia a plusmar,2727.0,transporte,2026-12-11,natural
6,AR,ARS,121090,26,Baja,compra en diagnostico maipu,177.0,salud,2026-03-07,natural
6,AR,ARS,121090,26,Baja,transferencia a argenprop,410.0,vivienda,2026-06-12,natural
6,AR,ARS,121090,26,Baja,CONSORCIO EDIFICIO BELGRANO,748.0,vivienda,2026-08-17,cartola
6,AR,ARS,121090,26,Baja,CORREDORES VIALES,330.0,transporte,2026-09-18,cartola
6,AR,ARS,121090,26,Baja,PAC AMAZON PRIME 7/3,2412.0,streaming,2026-06-13,cartola
6,AR,ARS,121090,26,Baja,WEBPAY BLAISTEN,840.0,vivienda,2026-10-28,cartola
6,AR,ARS,121090,26,Baja,MCDONALD'S,702.0,alimentacion,2026-10-30,cartola
6,AR,ARS,121090,26,Baja,compra en pinturerias prestigio,928.0,vivienda,2026-10-14,natural
6,AR,ARS,121090,26,Baja,compra en disney plus argentina,2001.0,ocio,2026-01-10,natural
6,AR,ARS,121090,26,Baja,EPEC,1564.0,servicios,2026-07-14,cartola
6,AR,ARS,121090,26,Baja,FARMACIAS CENTRAL OESTE,845.0,salud,2026-04-28,cartola
6,AR,ARS,121090,26,Baja,transferencia a le pain quotidien,907.0,alimentacion,2026-09-27,natural
6,AR,ARS,121090,26,Baja,CARGO AUT EASY,229.0,vivienda,2026-04-03,cartola
6,AR,ARS,121090,26,Baja,pago a rappi,159.0,alimentacion,2026-11-28,natural
6,AR,ARS,121090,26,Baja,GAS NEA,555.0,servicios,2026-12-16,cartola
6,AR,ARS,121090,26,Baja,ADIMNISTRACION CONSORCIO PALERMO,254.0,vivienda,2026-09-14,cartola
6,AR,ARS,121090,26,Baja,pago a persicco,432.0,alimentacion,2026-05-13,natural
6,AR,ARS,121090,26,Baja,compra en telecom fibertel,155.0,servicios,2026-10-03,natural
6,AR,ARS,121090,26,Baja,SODIMAC,279.0,vivienda,2026-09-21,cartola
6,AR,ARS,121090,26,Baja,HOSPITAL BRITANICO,981.0,salud,2026-06-20,cartola
6,AR,ARS,121090,26,Baja,PEAJE HUDSON,1859.0,transporte,2026-01-01,cartola
6,AR,ARS,121090,26,Baja,pago a carrefour,206.0,alimentacion,2026-03-05,natural
6,AR,ARS,121090,26,Baja,transferencia a octavo piso saas,501.0,vivienda,2026-10-11,natural
6,AR,ARS,121090,26,Baja,POS TRX TRENES ARGENTINOS,1405.0,transporte,2026-05-01,cartola
6,AR,ARS,121090,26,Baja,compra en banco provincia,256.0,otros,2026-06-24,natural
6,AR,ARS,121090,26,Baja,WEBPAY PARAMOUNT+ 9231,1142.0,streaming,2026-07-23,cartola
6,AR,ARS,121090,26,Baja,METRVOIAS,291.0,transporte,2026-06-14,cartola
6,AR,ARS,121090,26,Baja,gasto en panaderia san jose,255.0,alimentacion,2026-11-01,natural
6,AR,ARS,121090,26,Baja,compra en banco macro,2488.0,otros,2026-04-30,natural
6,AR,ARS,121090,26,Baja,compra en telepase autopistas,193.0,transporte,2026-11-08,natural
6,AR,ARS,121090,26,Baja,transferencia a epec,775.0,servicios,2026-06-05,natural
6,AR,ARS,121090,26,Baja,pago a claro hogar argentina,1130.0,servicios,2026-07-26,natural
6,AR,ARS,121090,26,Baja,gasto en axion energy,283.0,transporte,2026-04-18,natural
6,AR,ARS,121090,26,Baja,pago a el club de la milanesa,728.0,alimentacion,2026-09-08,natural
6,AR,ARS,121090,26,Baja,transferencia a las cuartetas,1986.0,alimentacion,2026-11-30,natural
6,AR,ARS,121090,26,Baja,ATM MOSTAZA,279.0,alimentacion,2026-10-20,cartola
6,AR,ARS,121090,26,Baja,SODIMAC,1486.0,vivienda,2026-01-20,cartola
6,AR,ARS,121090,26,Baja,gasto en carniceria el ombu,593.0,alimentacion,2026-10-09,natural
6,AR,ARS,121090,26,Baja,pago a supermercados dia,629.0,alimentacion,2026-10-12,natural
6,AR,ARS,121090,26,Baja,compra en aguas bonaerenses,623.0,servicios,2026-01-01,natural
6,AR,ARS,121090,26,Baja,SUB*NATURGY,233.0,servicios,2026-04-29,cartola
6,AR,ARS,121090,26,Baja,transferencia a arba impuestos,1795.0,otros,2026-02-04,natural
6,AR,ARS,121090,26,Baja,pago a banco nacion,1931.0,otros,2026-07-17,natural
6,AR,ARS,121090,26,Baja,gasto en easy,644.0,vivienda,2026-09-02,natural
6,AR,ARS,121090,26,Baja,EASY,1004.0,vivienda,2026-02-28,cartola
6,AR,ARS,121090,26,Baja,transferencia a changomas,622.0,alimentacion,2026-11-21,natural
6,AR,ARS,121090,26,Baja,renovación de disney plus,435.0,streaming,2026-06-10,natural
6,AR,ARS,121090,26,Baja,COPPEL,709.0,otros,2026-06-28,cartola
6,AR,ARS,121090,26,Baja,pago a carniceria el ombu,528.0,alimentacion,2026-07-25,natural
6,AR,ARS,121090,26,Baja,compra en peaje debenedetti,597.0,transporte,2026-01-12,natural
6,AR,ARS,121090,26,Baja,gasto en movistar arena argentina,1005.0,ocio,2026-10-03,natural
6,AR,ARS,121090,26,Baja,SUB*UBER ARGENTINA,430.0,transporte,2026-06-30,cartola
6,AR,ARS,121090,26,Baja,LA TRASTIENDA,365.0,ocio,2026-09-08,cartola
6,AR,ARS,121090,26,Baja,VERDULERIA DON CARLOS,192.0,alimentacion,2026-05-06,cartola
6,AR,ARS,121090,26,Baja,pago a medicus,379.0,salud,2026-08-05,natural
6,AR,ARS,121090,26,Baja,gasto enl e pain quotidien,847.0,alimentacion,2026-11-02,natural
6,AR,ARS,121090,26,Baja,TER* BANCO ICBC,590.0,otros,2026-10-12,cartola
6,AR,ARS,121090,26,Baja,compra en subway,689.0,alimentacion,2026-07-04,natural
6,AR,ARS,121090,26,Baja,compra en banco bbva,428.0,otros,2026-02-08,natural
6,AR,ARS,121090,26,Baja,transferencia a luna park,627.0,ocio,2026-08-11,natural
6,AR,ARS,121090,26,Baja,POS TRX PIZZERIA GUERRIN,262.0,alimentacion,2026-07-03,cartola
6,AR,ARS,121090,26,Baja,CINEMARK HOYTS,417.0,ocio,2026-06-27,cartola
6,AR,ARS,121090,26,Baja,transferencia a bonafide,895.0,alimentacion,2026-10-21,natural
6,AR,ARS,121090,26,Baja,SANATORIO OTAMENDI,1348.0,salud,2026-12-06,cartola
6,AR,ARS,121090,26,Baja,CARGO AUT COLEGIO SAN MARTIN,373.0,educacion,2026-05-31,cartola
6,AR,ARS,121090,26,Baja,TER* TARJETA NARANJA,277.0,otros,2026-05-06,cartola
6,AR,ARS,121090,26,Baja,TELECENTRO,194.0,servicios,2026-11-04,cartola
6,AR,ARS,121090,26,Baja,NF* SANCOR SALUD,229.0,salud,2026-08-22,cartola
6,AR,ARS,121090,26,Baja,LIGIER PINTURERIAS,695.0,vivienda,2026-01-08,cartola
6,AR,ARS,121090,26,Baja,renovación de spotify,265.0,streaming,2026-12-07,natural
6,AR,ARS,121090,26,Baja,pago a medife,513.0,salud,2026-05-09,natural
6,AR,ARS,121090,26,Baja,transferencia a aguas bonaerenses,446.0,servicios,2026-09-21,natural
6,AR,ARS,121090,26,Baja,pago a megatlon,306.0,ocio,2026-12-18,natural
6,AR,ARS,121090,26,Baja,compra en la mezzetta,339.0,alimentacion,2026-12-24,natural
6,AR,ARS,121090,26,Baja,pago a provincia net,163.0,servicios,2026-01-05,natural
6,AR,ARS,121090,26,Baja,PAC DISNEY PLUS 3067,356.0,streaming,2026-03-27,cartola
6,AR,ARS,121090,26,Baja,pago a dandy,324.0,alimentacion,2026-10-17,natural
6,AR,ARS,121090,26,Baja,gasto en colegio san martin,1204.0,educacion,2026-07-12,natural
6,AR,ARS,121090,26,Baja,compra en passline argentina,204.0,ocio,2026-04-29,natural
6,AR,ARS,121090,26,Baja,MEDICUS,2125.0,salud,2026-08-06,cartola
6,AR,ARS,121090,26,Baja,transferencia a edersa rio negro,353.0,servicios,2026-04-24,natural
6,AR,ARS,121090,26,Baja,compra en almacen de barrio,1228.0,alimentacion,2026-05-25,natural
6,AR,ARS,121090,26,Baja,BLAISTEN,650.0,vivienda,2026-01-26,cartola
6,AR,ARS,121090,26,Baja,PEAJE DOCK SUD,872.0,transporte,2026-05-16,cartola
6,AR,ARS,121090,26,Baja,UNIVERSIDAD TORCUATO DI TELLA UTDT,958.0,educacion,2026-10-30,cartola
6,AR,ARS,121090,26,Baja,compra en colegio st georges,461.0,educacion,2026-08-20,natural
6,AR,ARS,121090,26,Baja,compra en claro hogar argentina,514.0,servicios,2026-03-17,natural
6,AR,ARS,121090,26,Baja,compra en aysa,473.0,servicios,2026-11-24,natural
6,AR,ARS,121090,26,Baja,SUC. APPLE MUSIC 28/4,582.0,streaming,2026-12-11,cartola
6,AR,ARS,121090,26,Baja,ZARA ARGENTINA,195.0,otros,2026-10-16,cartola
6,AR,ARS,121090,26,Baja,pago a centro rossi,330.0,salud,2026-01-01,natural
6,AR,ARS,121090,26,Baja,PAGOMISCUENTAS,611.0,servicios,2026-05-27,cartola
6,AR,ARS,121090,26,Baja,OPTICA PFÖRTNER,597.0,salud,2026-10-14,cartola
6,AR,ARS,121090,26,Baja,AMAZON PRIME ARGENTINA,1033.0,ocio,2026-05-22,cartola
6,AR,ARS,121090,26,Baja,ADMINISTRACION CONSORCIO PALERMO,698.0,vivienda,2026-02-22,cartola
6,AR,ARS,121090,26,Baja,COMPRA WEB CHANGOMAS,3179.0,alimentacion,2026-10-31,cartola
6,AR,ARS,121090,26,Baja,transferencia a peaje debenedetti,219.0,transporte,2026-03-10,natural
6,AR,ARS,121090,26,Baja,HAVANNA,292.0,alimentacion,2026-12-27,cartola
6,AR,ARS,121090,26,Baja,gasto en kentucky pizzeria,318.0,alimentacion,2026-03-31,natural
7,AR,ARS,144820,6,Baja,compra en axion energy,970.0,transporte,2026-03-11,natural
7,AR,ARS,144820,6,Baja,OPTICAS LOF,6729.0,salud,2026-07-15,cartola
7,AR,ARS,144820,6,Baja,pago a aysa,162.0,servicios,2026-02-18,natural
7,AR,ARS,144820,6,Baja,SANATORIO FINOCHIETTO,3418.0,salud,2026-11-12,cartola
7,AR,ARS,144820,6,Baja,pago a starbucks,472.0,alimentacion,2026-05-10,natural
7,AR,ARS,144820,6,Baja,CLUB DE LA BIRRA,1850.0,alimentacion,2026-01-05,cartola
7,AR,ARS,144820,6,Baja,transferencia a arba impuestos,1379.0,otros,2026-01-27,natural
7,AR,ARS,144820,6,Baja,NATURGY,757.0,servicios,2026-06-09,cartola
7,AR,ARS,144820,6,Baja,,1213.0,vivienda,2026-05-29,natural
7,AR,ARS,144820,6,Baja,gasto en comisiones banco comafi,1906.0,otros,2026-09-21,natural
7,AR,ARS,144820,6,Baja,CONSORCIO EDIFICIO BELGRANO,468.0,vivienda,2026-08-18,cartola
7,AR,ARS,144820,6,Baja,EMOVA SUBTE,358.0,transporte,2026-07-19,cartola
7,AR,ARS,144820,6,Baja,gasto en teatro colon,996.0,ocio,2026-02-19,natural
7,AR,ARS,144820,6,Baja,ATM LIGIER PINTURERIAS,1492.0,vivienda,2026-03-08,cartola
7,AR,ARS,144820,6,Baja,WEBPAY CABIFY,1299.0,transporte,2026-10-27,cartola
7,AR,ARS,144820,6,Baja,PEAJE ALBERIT,1446.0,transporte,2026-02-27,cartola
7,AR,ARS,144820,6,Baja,gasto en mercado pago,517.0,otros,2026-09-16,natural
7,AR,ARS,144820,6,Baja,transferencia a autopistas del oeste,1540.0,transporte,2026-12-08,natural
7,AR,ARS,144820,6,Baja,pago a on fit,219.0,ocio,2026-05-10,natural
7,AR,ARS,144820,6,Baja,CARGO AUT RAPIPAGO,711.0,servicios,2026-08-03,cartola
7,AR,ARS,144820,6,Baja,pago a luna park,321.0,ocio,2026-09-15,natural
7,AR,ARS,144820,6,Baja,pago a pagomiscuentas,355.0,servicios,2026-04-12,natural
7,AR,ARS,144820,6,Baja,COMPRA WEB YOUTUBE PREMIUM 10/8,413.0,streaming,2026-07-28,cartola
7,AR,ARS,144820,6,Baja,compra en ferreteria el puente,456.0,vivienda,2026-10-18,natural
7,AR,ARS,144820,6,Baja,JUMBO,1075.0,alimentacion,2026-12-20,cartola
7,AR,ARS,144820,6,Baja,pago a farmacity,445.0,salud,2026-10-13,natural
7,AR,ARS,144820,6,Baja,CORREDORES VIALES,538.0,transporte,2026-04-26,cartola
7,AR,ARS,144820,6,Baja,LIGIER PINTURERIAS,245.0,vivienda,2026-09-21,cartola
7,AR,ARS,144820,6,Baja,pago a blaisten,422.0,vivienda,2026-05-30,natural
7,AR,ARS,144820,6,Baja,MCDONALD'S,233.0,alimentacion,2026-10-27,cartola
7,AR,ARS,144820,6,Baja,PINTURERIAS PRESTIGIO,335.0,vivienda,2026-02-05,cartola
7,AR,ARS,144820,6,Baja,PANI,836.0,alimentacion,2026-11-29,cartola
7,AR,ARS,144820,6,Baja,PINTURAS ALBA,998.0,vivienda,2026-10-14,cartola
7,AR,ARS,144820,6,Baja,,874.0,otros,2026-10-30,natural
7,AR,ARS,144820,6,Baja,pago a le pain quotidien,563.0,alimentacion,2026-11-07,natural
7,AR,ARS,144820,6,Baja,PEAJE SARANDI,432.0,transporte,2026-07-27,cartola
7,AR,ARS,144820,6,Baja,gasto en rappi,1800.0,alimentacion,2026-04-16,natural
7,AR,ARS,144820,6,Baja,gasto en pinturas alba,662.0,vivienda,2026-06-07,natural
7,AR,ARS,144820,6,Baja,DISCOTECA KIKA,590.0,ocio,2026-05-01,cartola
7,AR,ARS,144820,6,Baja,NF* MAX 24/3,204.0,streaming,2026-01-12,cartola
7,AR,ARS,144820,6,Baja,compra en la mezzetta,377.0,alimentacion,2026-05-25,natural
7,AR,ARS,144820,6,Baja,BOLICHE INPUT,433.0,ocio,2026-05-16,cartola
7,AR,ARS,144820,6,Baja,PINTURAS ALBA,460.0,vivienda,2026-01-03,cartola
7,AR,ARS,144820,6,Baja,TICKETEK,785.0,ocio,2026-05-24,cartola
7,AR,ARS,144820,6,Baja,transferencia a laboratorio stamboulian,690.0,salud,2026-01-30,natural
7,AR,ARS,144820,6,Baja,compra en peaje pacheco,847.0,transporte,2026-08-25,natural
7,AR,ARS,144820,6,Baja,gasto en showcase cinemas,1309.0,ocio,2026-10-06,natural
7,AR,ARS,144820,6,Baja,PUNTOTICKET ARGENTINA,1516.0,ocio,2026-12-14,cartola
7,AR,ARS,144820,6,Baja,UNIVERSIDAD DE SAN ANDRES,1145.0,educacion,2026-04-25,cartola
7,AR,ARS,144820,6,Baja,pago a libreria el ateneo,2815.0,educacion,2026-04-14,natural
7,AR,ARS,144820,6,Baja,FARMACIA AZUL,267.0,salud,2026-01-05,cartola
7,AR,ARS,144820,6,Baja,,197.0,ocio,2026-12-26,cartola
7,AR,ARS,144820,6,Baja,SUBWAY,257.0,alimentacion,2026-11-17,cartola
7,AR,ARS,144820,6,Baja,compra en epec,943.0,servicios,2026-05-01,natural
7,AR,ARS,144820,6,Baja,MAKRO,2064.0,alimentacion,2026-10-13,cartola
7,AR,ARS,144820,6,Baja,CARGO AUT AXION ENERGY,252.0,transporte,2026-05-29,cartola
7,AR,ARS,144820,6,Baja,AGUAS CORDOBESAS,2367.0,servicios,2026-03-25,cartola
7,AR,ARS,144820,6,Baja,,347.0,alimentacion,2026-08-19,natural
7,AR,ARS,144820,6,Baja,gasto en mostaza,2464.0,alimentacion,2026-10-15,natural
7,AR,ARS,144820,6,Baja,compra en galeno,392.0,salud,2026-06-10,natural
7,AR,ARS,144820,6,Baja,YPF,165.0,transporte,2026-02-07,cartola
7,AR,ARS,144820,6,Baja,transferencia a edet tucuman,602.0,servicios,2026-08-14,natural
7,AR,ARS,144820,6,Baja,compra en colegio marin,268.0,educacion,2026-05-22,natural
7,AR,ARS,144820,6,Baja,pago a puntoticket argentina,303.0,ocio,2026-10-19,natural
7,AR,ARS,144820,6,Baja,RAPIPAGO,332.0,servicios,2026-05-31,cartola
7,AR,ARS,144820,6,Baja,compra en libreria kel,1469.0,educacion,2026-04-24,natural
7,AR,ARS,144820,6,Baja,pago a edesal san luis,701.0,servicios,2026-08-25,natural
7,AR,ARS,144820,6,Baja,transferencia a easy,337.0,vivienda,2026-03-07,natural
7,AR,ARS,144820,6,Baja,CHEVALLIER,852.0,transporte,2026-12-27,cartola
7,AR,ARS,144820,6,Baja,pago mensual de crunchyroll,1139.0,streaming,2026-12-07,natural
7,AR,ARS,144820,6,Baja,MULTIPLEX CINES,288.0,ocio,2026-09-15,cartola
7,AR,ARS,144820,6,Baja,pago a carniceria el ombu,483.0,alimentacion,2026-09-06,natural
7,AR,ARS,144820,6,Baja,pago a parque de la costa,350.0,ocio,2026-11-27,natural
7,AR,ARS,144820,6,Baja,,181.0,vivienda,2026-11-19,natural
7,AR,ARS,144820,6,Baja,transferencia a metrogas,1034.0,servicios,2026-06-29,natural
7,AR,ARS,144820,6,Baja,MOVISTAR HOGAR ARGENTINA,181.0,servicios,2026-07-09,cartola
7,AR,ARS,144820,6,Baja,ZARA ARGENTINA,673.0,otros,2026-06-03,cartola
7,AR,ARS,144820,6,Baja,MEDICUS,1116.0,salud,2026-07-15,cartola
7,AR,ARS,144820,6,Baja,transferencia a diagnostico maipu,359.0,salud,2026-11-07,natural
7,AR,ARS,144820,6,Baja,compra en banco icbc,758.0,otros,2026-09-19,natural
7,AR,ARS,144820,6,Baja,compra en osecac,268.0,salud,2026-05-23,natural
7,AR,ARS,144820,6,Baja,pago mensual de amazon prime,2979.0,streaming,2026-12-08,natural
7,AR,ARS,144820,6,Baja,ARGENPROP,598.0,vivienda,2026-11-12,cartola
7,AR,ARS,144820,6,Baja,EDESUR,1483.0,servicios,2026-04-11,cartola
7,AR,ARS,144820,6,Baja,CINEMARK HOYTS,723.0,ocio,2026-09-01,cartola
7,AR,ARS,144820,6,Baja,TICKETEK,161.0,ocio,2026-08-27,cartola
7,AR,ARS,144820,6,Baja,suscripción a youtube premium,907.0,streaming,2026-02-18,natural
7,AR,ARS,144820,6,Baja,EL CUARTITO,2735.0,alimentacion,2026-02-11,cartola
7,AR,ARS,144820,6,Baja,pago a tea connection,832.0,alimentacion,2026-06-15,natural
7,AR,ARS,144820,6,Baja,TELECENTRO,1547.0,servicios,2026-03-23,cartola
7,AR,ARS,144820,6,Baja,compra en aubasa,1950.0,transporte,2026-10-18,natural
7,AR,ARS,144820,6,Baja,transferencia a gas nea,234.0,servicios,2026-06-07,natural
7,AR,ARS,144820,6,Baja,,215.0,vivienda,2026-08-04,natural
7,AR,ARS,144820,6,Baja,cargo de max,854.0,streaming,2026-06-07,natural
7,AR,ARS,144820,6,Baja,pago mensual de crunchyroll,479.0,streaming,2026-05-14,natural
7,AR,ARS,144820,6,Baja,TEA CONNECTION,1656.0,alimentacion,2026-03-08,cartola
7,AR,ARS,144820,6,Baja,EXPENSAS ONLINE,2082.0,vivienda,2026-12-02,cartola
7,AR,ARS,144820,6,Baja,SUB*YOUTUBE PREMIUM 3185,394.0,streaming,2026-01-07,cartola
7,AR,ARS,144820,6,Baja,gasto en colegio san martin,244.0,educacion,2026-01-14,natural
7,AR,ARS,144820,6,Baja,PINTURERIAS REX,1371.0,vivienda,2026-03-14,cartola
7,AR,ARS,144820,6,Baja,PEAJE DEBENEDETTI,291.0,transporte,2026-06-12,cartola
7,AR,ARS,144820,6,Baja,PAGOMISCUENTAS,1564.0,servicios,2026-03-07,cartola
7,AR,ARS,144820,6,Baja,gasto en le pain quotidien,498.0,alimentacion,2026-12-13,natural
7,AR,ARS,144820,6,Baja,cargo de crunchyroll,996.0,streaming,2026-05-10,natural
7,AR,ARS,144820,6,Baja,transferencia a naturgy,312.0,servicios,2026-07-25,natural
7,AR,ARS,144820,6,Baja,SUC. BLAISTEN,884.0,vivienda,2026-10-03,cartola
7,AR,ARS,144820,6,Baja,gasto en peaje dock sud,544.0,transporte,2026-09-13,natural
7,AR,ARS,144820,6,Baja,PANI,799.0,alimentacion,2026-09-23,cartola
7,AR,ARS,144820,6,Baja,ADMINISTRACION SAN MARTIN,166.0,vivienda,2026-01-25,cartola
7,AR,ARS,144820,6,Baja,pago a max hbo argentina,1207.0,ocio,2026-10-08,natural
7,AR,ARS,144820,6,Baja,ALQUILERES ARGENTINA,1796.0,vivienda,2026-09-10,cartola
7,AR,ARS,144820,6,Baja,transferencia a didi argentina,221.0,transporte,2026-11-06,natural
7,AR,ARS,144820,6,Baja,gasto en zara argentina,182.0,otros,2026-06-13,natural
7,AR,ARS,144820,6,Baja,pago a heisenburger,244.0,alimentacion,2026-09-27,natural
7,AR,ARS,144820,6,Baja,renovación de hbo max,929.0,streaming,2026-11-17,natural
7,AR,ARS,144820,6,Baja,pago a administracion consorcio palermo,845.0,vivienda,2026-04-20,natural
7,AR,ARS,144820,6,Baja,pago a mi barrio hamburgueseria,715.0,alimentacion,2026-12-02,natural
7,AR,ARS,144820,6,Baja,TER* NETFLIX 9/3,239.0,streaming,2026-11-06,cartola
7,AR,ARS,144820,6,Baja,MOVISTAR HOGAR ARGENTINA,448.0,servicios,2026-08-26,cartola
7,AR,ARS,144820,6,Baja,compra en kfc,816.0,alimentacion,2026-01-25,natural
7,AR,ARS,144820,6,Baja,gasto en editorial santillana argentina,621.0,educacion,2026-05-21,natural
7,AR,ARS,144820,6,Baja,ARGENPROP,3983.0,vivienda,2026-04-27,cartola
7,AR,ARS,144820,6,Baja,POS TRX CHEVALLIER,285.0,transporte,2026-01-25,cartola
7,AR,ARS,144820,6,Baja,ZONAPROP,1074.0,vivienda,2026-03-20,cartola
7,AR,ARS,144820,6,Baja,STEAM GAMES ARGENTINA,468.0,ocio,2026-03-09,cartola
7,AR,ARS,144820,6,Baja,UNIVERSIDAD TORCUATO DI TELLA UTDT,505.0,educacion,2026-06-22,cartola
7,AR,ARS,144820,6,Baja,EDITORIAL SANTILLANA ARGENTINA,1143.0,educacion,2026-01-12,cartola
7,AR,ARS,144820,6,Baja,pago a universidad de buenos aires uba,1066.0,educacion,2026-10-15,natural
7,AR,ARS,144820,6,Baja,LA TRASTIENDA,4286.0,ocio,2026-05-08,cartola
7,AR,ARS,144820,6,Baja,gasto en farmaci aazul,245.0,salud,2026-04-02,natural
7,AR,ARS,144820,6,Baja,METROGAS,290.0,servicios,2026-01-31,cartola
7,AR,ARS,144820,6,Baja,pago a supermercados dia,1165.0,alimentacion,2026-11-30,natural
7,AR,ARS,144820,6,Baja,VITAL MAYORISTA,781.0,alimentacion,2026-01-20,cartola
7,AR,ARS,144820,6,Baja,pago a alquileres argentina,290.0,vivienda,2026-05-26,natural
7,AR,ARS,144820,6,Baja,suscripción a max,370.0,streaming,2026-11-12,natural
7,AR,ARS,144820,6,Baja,transferencia a edesur,340.0,servicios,2026-06-09,natural
7,AR,ARS,144820,6,Baja,pago a movistar hogar ragentina,2031.0,servicios,2026-12-15,natural
7,AR,ARS,144820,6,Baja,SUB*PEAJE PACHECO,193.0,transporte,2026-02-12,cartola
7,AR,ARS,144820,6,Baja,OCTAVO PISO SAAS,353.0,vivienda,2026-09-11,cartola
8,AR,ARS,139735,34,Baja,OPTICAS LOF,1080.0,salud,2026-02-18,cartola
8,AR,ARS,139735,34,Baja,compra en universidad de belgrano ub,170.0,educacion,2026-10-19,natural
8,AR,ARS,139735,34,Baja,compra en cafe martinez,275.0,alimentacion,2026-11-20,natural
8,AR,ARS,139735,34,Baja,gasto en luna park,1560.0,ocio,2026-03-19,natural
8,AR,ARS,139735,34,Baja,OSDE,633.0,salud,2026-04-15,cartola
8,AR,ARS,139735,34,Baja,MADERAS RAMOS,318.0,vivienda,2026-08-05,cartola
8,AR,ARS,139735,34,Baja,pago a sodimac,5420.0,vivienda,2026-04-29,natural
8,AR,ARS,139735,34,Baja,gasto en camuzzi gas pampeana,339.0,servicios,2026-09-12,natural
8,AR,ARS,139735,34,Baja,pago a disco,1221.0,alimentacion,2026-09-23,natural
8,AR,ARS,139735,34,Baja,compra en kentucky pizzeria,4231.0,alimentacion,2026-05-29,natural
8,AR,ARS,139735,34,Baja,pago mensual de youtube premium,281.0,streaming,2026-06-13,natural
8,AR,ARS,139735,34,Baja,pago a editorial santillana argentina,158.0,educacion,2026-05-20,natural
8,AR,ARS,139735,34,Baja,SUC. COLEGIO CARDINAL NEWMAN,240.0,educacion,2026-09-15,cartola
8,AR,ARS,139735,34,Baja,transferencia a edesur,372.0,servicios,2026-09-26,natural
8,AR,ARS,139735,34,Baja,gasto en kentucky pizzeria,330.0,alimentacion,2026-06-09,natural
8,AR,ARS,139735,34,Baja,SMART FIT ARGENTINA,1211.0,ocio,2026-12-17,cartola
8,AR,ARS,139735,34,Baja,STEAM GAMES ARGENTINA,293.0,ocio,2026-10-15,cartola
8,AR,ARS,139735,34,Baja,PEAJE DOCK SUD,732.0,transporte,2026-10-15,cartola
8,AR,ARS,139735,34,Baja,gasto en pinturerias rex,5873.0,vivienda,2026-08-14,natural
8,AR,ARS,139735,34,Baja,IMPUESTOS AFIP,1729.0,otros,2026-01-11,cartola
8,AR,ARS,139735,34,Baja,gasto en playstation network ar,982.0,ocio,2026-01-10,natural
8,AR,ARS,139735,34,Baja,transferencia a tea connection,376.0,alimentacion,2026-09-28,natural
8,AR,ARS,139735,34,Baja,DIAGNOSTICO MAIPU,1005.0,salud,2026-09-30,cartola
8,AR,ARS,139735,34,Baja,pago a libreria yenny,770.0,educacion,2026-07-02,natural
8,AR,ARS,139735,34,Baja,compra en la continental,571.0,alimentacion,2026-06-02,natural
8,AR,ARS,139735,34,Baja,compra en provincia net,208.0,servicios,2026-11-30,natural
8,AR,ARS,139735,34,Baja,pago a ligier pinturerias,2238.0,vivienda,2026-05-04,natural
8,AR,ARS,139735,34,Baja,transferencia a blaisten,614.0,vivienda,2026-04-24,natural
8,AR,ARS,139735,34,Baja,MCDONALD'S,223.0,alimentacion,2026-10-05,cartola
8,AR,ARS,139735,34,Baja,TELECENTRO,471.0,servicios,2026-08-01,cartola
8,AR,ARS,139735,34,Baja,FARMACIAS VANTAGE,550.0,salud,2026-06-21,cartola
8,AR,ARS,139735,34,Baja,pago a uala,1807.0,otros,2026-10-15,natural
8,AR,ARS,139735,34,Baja,pago a dandy,1360.0,alimentacion,2026-06-23,natural
8,AR,ARS,139735,34,Baja,MADERAS RAMOS,1508.0,vivienda,2026-04-23,cartola
8,AR,ARS,139735,34,Baja,PAC RAPPI,269.0,alimentacion,2026-05-02,cartola
8,AR,ARS,139735,34,Baja,NF* APPLE MUSIC 21/6,553.0,streaming,2026-02-01,cartola
8,AR,ARS,139735,34,Baja,gasto en comisiones banco comafi,675.0,otros,2026-08-10,natural
8,AR,ARS,139735,34,Baja,pago a plusmar,268.0,transporte,2026-02-08,natural
8,AR,ARS,139735,34,Baja,compra en farmacias dr ahorro,309.0,salud,2026-09-25,natural
8,AR,ARS,139735,34,Baja,transferencia a hospital britanico,1468.0,salud,2026-08-21,natural
8,AR,ARS,139735,34,Baja,NATURGY,152.0,servicios,2026-01-18,cartola
8,AR,ARS,139735,34,Baja,PAGO TC PINTURAS ALBA,788.0,vivienda,2026-05-29,cartola
8,AR,ARS,139735,34,Baja,ATM PEAJE HUDSON,249.0,transporte,2026-05-29,cartola
8,AR,ARS,139735,34,Baja,CARREFOUR,275.0,alimentacion,2026-10-29,cartola
8,AR,ARS,139735,34,Baja,OCTAVO PISO SAAS,284.0,vivienda,2026-12-26,cartola
8,AR,ARS,139735,34,Baja,ATM EDESUR,3829.0,servicios,2026-08-26,cartola
8,AR,ARS,139735,34,Baja,pago a el club de la milanesa,1663.0,alimentacion,2026-05-15,natural
8,AR,ARS,139735,34,Baja,SUBE,3299.0,transporte,2026-05-31,cartola
8,AR,ARS,139735,34,Baja,CONSORCIOABIERTO,688.0,vivienda,2026-08-24,cartola
8,AR,ARS,139735,34,Baja,PEAJE SAMBOROMBON,373.0,transporte,2026-07-22,cartola
8,AR,ARS,139735,34,Baja,GAS NEA,816.0,servicios,2026-09-13,cartola
8,AR,ARS,139735,34,Baja,renovación de disney plus,623.0,streaming,2026-03-27,natural
8,AR,ARS,139735,34,Baja,compra en on fit,1912.0,ocio,2026-05-30,natural
8,AR,ARS,139735,34,Baja,OSECAC,238.0,salud,2026-01-22,cartola
8,AR,ARS,139735,34,Baja,PAGO TC LIGIER PINTURERIAS,689.0,vivienda,2026-12-14,cartola
8,AR,ARS,139735,34,Baja,compra en aguas cordobesas,167.0,servicios,2026-10-12,natural
8,AR,ARS,139735,34,Baja,compra en parque de la costa,404.0,ocio,2026-09-26,natural
8,AR,ARS,139735,34,Baja,cargo de paramount+,1375.0,streaming,2026-09-15,natural
8,AR,ARS,139735,34,Baja,pago a pedidosya,664.0,alimentacion,2026-01-29,natural
8,AR,ARS,139735,34,Baja,gasto en alquileres argentina,485.0,vivienda,2026-08-01,natural
8,AR,ARS,139735,34,Baja,suscripción a crunchyroll,516.0,streaming,2026-10-10,natural
8,AR,ARS,139735,34,Baja,compra en peaje larena,632.0,transporte,2026-02-19,natural
8,AR,ARS,139735,34,Baja,NF* NATURGY,1580.0,servicios,2026-04-05,cartola
8,AR,ARS,139735,34,Baja,ALMACEN DE PIZZAS,2289.0,alimentacion,2026-03-29,cartola
8,AR,ARS,139735,34,Baja,SUC. PEAJE DEBENEDETTI,3196.0,transporte,2026-02-13,cartola
8,AR,ARS,139735,34,Baja,gasto en ypf,1589.0,transporte,2026-10-05,natural
8,AR,ARS,139735,34,Baja,MERCADO LIBRE,390.0,otros,2026-06-20,cartola
8,AR,ARS,139735,34,Baja,CONSORCIO CABALLITO,1198.0,vivienda,2026-07-08,cartola
8,AR,ARS,139735,34,Baja,transferencia a comisiones banco galicia,592.0,otros,2026-12-19,natural
8,AR,ARS,139735,34,Baja,pago a epec,302.0,servicios,2026-07-03,natural
8,AR,ARS,139735,34,Baja,SPORTCLUB,1890.0,ocio,2026-01-03,cartola
8,AR,ARS,139735,34,Baja,compra en peaje debenedetti,340.0,transporte,2026-04-28,natural
8,AR,ARS,139735,34,Baja,CARGO AUT BANCO ICBC,2386.0,otros,2026-01-19,cartola
8,AR,ARS,139735,34,Baja,PONTIFICIA UNIVERSIDAD CATOLICA UCA,636.0,educacion,2026-01-23,cartola
8,AR,ARS,139735,34,Baja,transferencia a libreria el ateneo,1042.0,educacion,2026-01-30,natural
8,AR,ARS,139735,34,Baja,compra en octavo piso saas,1107.0,vivienda,2026-10-22,natural
8,AR,ARS,139735,34,Baja,,2318.0,servicios,2026-04-18,natural
8,AR,ARS,139735,34,Baja,gasto en metrogas,1041.0,servicios,2026-10-08,natural
8,AR,ARS,139735,34,Baja,pago mensual de hbo max,978.0,streaming,2026-05-08,natural
8,AR,ARS,139735,34,Baja,pago a osecac,260.0,salud,2026-05-16,natural
8,AR,ARS,139735,34,Baja,PEAJE SARANDI,751.0,transporte,2026-12-28,cartola
8,AR,ARS,139735,34,Baja,PEAJE SARANDI,167.0,transporte,2026-07-05,cartola
8,AR,ARS,139735,34,Baja,gasto en administracion san martin,1375.0,vivienda,2026-05-24,natural
8,AR,ARS,139735,34,Baja,PERSONAL FLOW,738.0,servicios,2026-03-13,cartola
8,AR,ARS,139735,34,Baja,POS TRX PREVENCION SALUD,1172.0,salud,2026-05-09,cartola
8,AR,ARS,139735,34,Baja,EL CLUB DE LA MILANESA,257.0,alimentacion,2026-09-18,cartola
8,AR,ARS,139735,34,Baja,gasto en stock center,152.0,otros,2026-04-14,natural
8,AR,ARS,139735,34,Baja,pago a tarjeta naranja,1295.0,otros,2026-08-12,natural
8,AR,ARS,139735,34,Baja,COMISIONES BANCO FRANCES,213.0,otros,2026-12-28,cartola
8,AR,ARS,139735,34,Baja,SUC. EL NOBLE,247.0,alimentacion,2026-01-10,cartola
8,AR,ARS,139735,34,Baja,gasto en cabify,298.0,transporte,2026-10-29,natural
8,AR,ARS,139735,34,Baja,gasto en diagnostico maipu,3223.0,salud,2026-08-19,natural
8,AR,ARS,139735,34,Baja,gasto en almacen de pizzas,1375.0,alimentacion,2026-08-07,natural
8,AR,ARS,139735,34,Baja,AGUAS BONAERENSES,448.0,servicios,2026-03-07,cartola
8,AR,ARS,139735,34,Baja,pago a peaje illia,362.0,transporte,2026-04-22,natural
8,AR,ARS,139735,34,Baja,gasto en la mezzetta,442.0,alimentacion,2026-01-13,natural
8,AR,ARS,139735,34,Baja,PEAJE SARANDI,1532.0,transporte,2026-03-27,cartola
8,AR,ARS,139735,34,Baja,transferencia a el cuartito,1113.0,alimentacion,2026-08-22,natural
8,AR,ARS,139735,34,Baja,cargo de netflix,211.0,streaming,2026-03-31,natural
8,AR,ARS,139735,34,Baja,gasto en peaje debenedetti,197.0,transporte,2026-11-10,natural
8,AR,ARS,139735,34,Baja,gasto en fravega,203.0,otros,2026-01-12,natural
8,AR,ARS,139735,34,Baja,TER* PARAMONUT+ 9859,1110.0,streaming,2026-07-28,cartola
8,AR,ARS,139735,34,Baja,pago a opticas lof,1486.0,salud,2026-01-14,natural
8,AR,ARS,139735,34,Baja,gasto en almacen de barrio,317.0,alimentacion,2026-05-01,natural
8,AR,ARS,139735,34,Baja,MAKRO,311.0,alimentacion,2026-01-20,cartola
8,AR,ARS,139735,34,Baja,LIBRERIA SBS,224.0,educacion,2026-08-31,cartola
8,AR,ARS,139735,34,Baja,gasto en ferreteria el progreso,3534.0,vivienda,2026-08-11,natural
8,AR,ARS,139735,34,Baja,SANATORIO GUEMES,360.0,salud,2026-03-11,cartola
8,AR,ARS,139735,34,Baja,HOSPITAL BRITANICO,1508.0,salud,2026-11-08,cartola
8,AR,ARS,139735,34,Baja,gasto en netflix argentina,1007.0,ocio,2026-07-30,natural
8,AR,ARS,139735,34,Baja,pago a octavo piso saas,495.0,vivienda,2026-04-11,natural
9,AR,ARS,279041,68,Alta,pago a vital mayorista,919.0,alimentacion,2026-01-17,natural
9,AR,ARS,279041,68,Alta,gasto en cafe martinez,1191.0,alimentacion,2026-04-08,natural
9,AR,ARS,279041,68,Alta,compra en chevallier,2561.0,transporte,2026-07-17,natural
9,AR,ARS,279041,68,Alta,AMAZON PRIME ARGENTINA,4346.0,ocio,2026-04-08,cartola
9,AR,ARS,279041,68,Alta,LIBRERIA SBS,1798.0,educacion,2026-03-06,cartola
9,AR,ARS,279041,68,Alta,gasto en sodimac,994.0,vivienda,2026-11-26,natural
9,AR,ARS,279041,68,Alta,PREVENCION SALUD,1064.0,salud,2026-12-07,cartola
9,AR,ARS,279041,68,Alta,pago a argenprop,2379.0,vivienda,2026-01-05,natural
9,AR,ARS,279041,68,Alta,YPF,151.0,transporte,2026-01-22,cartola
9,AR,ARS,279041,68,Alta,DIAGNOSTICO MAIPU,1933.0,salud,2026-04-22,cartola
9,AR,ARS,279041,68,Alta,gasto en banco macro,878.0,otros,2026-02-26,natural
9,AR,ARS,279041,68,Alta,COLEGIO CARDINAL NEWMAN,3161.0,educacion,2026-03-07,cartola
9,AR,ARS,279041,68,Alta,CABIFY,195.0,transporte,2026-11-26,cartola
9,AR,ARS,279041,68,Alta,LIBRERIA CP67,1774.0,educacion,2026-04-08,cartola
9,AR,ARS,279041,68,Alta,transferencia a gas nea,1312.0,servicios,2026-05-24,natural
9,AR,ARS,279041,68,Alta,EL NOBLE,2056.0,alimentacion,2026-05-05,cartola
9,AR,ARS,279041,68,Alta,compra en metrogas,316.0,servicios,2026-03-27,natural
9,AR,ARS,279041,68,Alta,FARMACIA AZUL,1735.0,salud,2026-03-17,cartola
9,AR,ARS,279041,68,Alta,compra en bonafide,1649.0,alimentacion,2026-12-10,natural
9,AR,ARS,279041,68,Alta,LIBRERIAS CUSPIDE,1645.0,educacion,2026-10-21,cartola
9,AR,ARS,279041,68,Alta,transferencia a plusmar,1850.0,transporte,2026-02-28,natural
9,AR,ARS,279041,68,Alta,compra en satrbucks,2257.0,alimentacion,2026-05-18,natural
9,AR,ARS,279041,68,Alta,CLARO HOGAR ARGENTINA,3269.0,servicios,2026-04-09,cartola
9,AR,ARS,279041,68,Alta,CONSORCIO EDIFICIO BELGRANO,629.0,vivienda,2026-07-11,cartola
9,AR,ARS,279041,68,Alta,PUNTOTICKET ARGENTINA,3486.0,ocio,2026-08-31,cartola
9,AR,ARS,279041,68,Alta,gasto en libreria sbs,1379.0,educacion,2026-11-15,natural
9,AR,ARS,279041,68,Alta,SUB*BLAISTEN,160.0,vivienda,2026-02-18,cartola
9,AR,ARS,279041,68,Alta,CARGO AUT TRENES ARGENTINOS,341.0,transporte,2026-02-01,cartola
9,AR,ARS,279041,68,Alta,PINTURERIAS PRESTIGIO,814.0,vivienda,2026-10-04,cartola
9,AR,ARS,279041,68,Alta,PINTURERIAS REX,3073.0,vivienda,2026-01-20,cartola
9,AR,ARS,279041,68,Alta,PEAJE DELLEPIANE,2460.0,transporte,2026-06-03,cartola
9,AR,ARS,279041,68,Alta,SUC. LIGIER PINTURERIAS,3108.0,vivienda,2026-03-09,cartola
9,AR,ARS,279041,68,Alta,SANCOR SALUD,1457.0,salud,2026-08-02,cartola
9,AR,ARS,279041,68,Alta,renovación de amazon prime,1160.0,streaming,2026-05-23,natural
9,AR,ARS,279041,68,Alta,PAGO TC ADMINISTRACION SAN MARTIN,319.0,vivienda,2026-08-20,cartola
9,AR,ARS,279041,68,Alta,transferencia a peaje parque avellaneda,796.0,transporte,2026-08-01,natural
9,AR,ARS,279041,68,Alta,NF* LIBRERIA KEL,1138.0,educacion,2026-03-20,cartola
9,AR,ARS,279041,68,Alta,gasto en persicco,186.0,alimentacion,2026-08-02,natural
9,AR,ARS,279041,68,Alta,pago a movistar arena argentina,498.0,ocio,2026-04-26,natural
9,AR,ARS,279041,68,Alta,COTO,1824.0,alimentacion,2026-04-02,cartola
9,AR,ARS,279041,68,Alta,PNITURAS ALBA,2661.0,vivienda,2026-09-27,cartola
9,AR,ARS,279041,68,Alta,compra en aguas bonaerenses,12810.0,servicios,2026-06-17,natural
9,AR,ARS,279041,68,Alta,pago a laboratorio stamboulian,5409.0,salud,2026-02-27,natural
9,AR,ARS,279041,68,Alta,compra en camuzzi gas pampeana,2057.0,servicios,2026-10-11,natural
9,AR,ARS,279041,68,Alta,PAC APPLE MUSIC 1549,1094.0,streaming,2026-01-26,cartola
9,AR,ARS,279041,68,Alta,WEBPAY HBO MAX 6113,2022.0,streaming,2026-03-07,cartola
9,AR,ARS,279041,68,Alta,compra en disco,3080.0,alimentacion,2026-09-05,natural
9,AR,ARS,279041,68,Alta,LIBRERIA EL ATENEO,252.0,educacion,2026-09-11,cartola
9,AR,ARS,279041,68,Alta,PEAJE SAMBOROMBON,1055.0,transporte,2026-02-13,cartola
9,AR,ARS,279041,68,Alta,,3662.0,alimentacion,2026-04-07,cartola
9,AR,ARS,279041,68,Alta,transferencia a subway,968.0,alimentacion,2026-02-11,natural
9,AR,ARS,279041,68,Alta,pago a mi barrio hamburgueseria,1697.0,alimentacion,2026-08-15,natural
9,AR,ARS,279041,68,Alta,compra en makro,1772.0,alimentacion,2026-09-19,natural
9,AR,ARS,279041,68,Alta,compra en colegio ward,408.0,educacion,2026-06-16,natural
9,AR,ARS,279041,68,Alta,gasto en sube,900.0,transporte,2026-10-06,natural
9,AR,ARS,279041,68,Alta,MEDICUS,814.0,salud,2026-03-30,cartola
9,AR,ARS,279041,68,Alta,transferencia a mostaza,272.0,alimentacion,2026-06-27,natural
9,AR,ARS,279041,68,Alta,transferencia a sodimac,320.0,vivienda,2026-07-16,natural
9,AR,ARS,279041,68,Alta,CARNICERIA EL OMBU,3564.0,alimentacion,2026-11-03,cartola
9,AR,ARS,279041,68,Alta,pago a edet tucuman,638.0,servicios,2026-09-24,natural
9,AR,ARS,279041,68,Alta,PERSICCO,1460.0,alimentacion,2026-09-25,cartola
9,AR,ARS,279041,68,Alta,transferencia a fiambreria el galpon,710.0,alimentacion,2026-03-15,natural
9,AR,ARS,279041,68,Alta,gasto en rapipago,5649.0,servicios,2026-01-08,natural
9,AR,ARS,279041,68,Alta,transferencia a peaje debenedetti,600.0,transporte,2026-10-24,natural
9,AR,ARS,279041,68,Alta,pago a cinemark hoyts,1123.0,ocio,2026-06-13,natural
9,AR,ARS,279041,68,Alta,compra en peaje larena,4123.0,transporte,2026-03-26,natural
9,AR,ARS,279041,68,Alta,SHOWCASE CINEMAS,3689.0,ocio,2026-03-13,cartola
9,AR,ARS,279041,68,Alta,NF* DIARCO,412.0,alimentacion,2026-02-24,cartola
9,AR,ARS,279041,68,Alta,gasto en epec,3245.0,servicios,2026-02-16,natural
9,AR,ARS,279041,68,Alta,compra en peaje samborombon,1226.0,transporte,2026-08-26,natural
9,AR,ARS,279041,68,Alta,PEAJE DEBENEDETTI,1319.0,transporte,2026-04-14,cartola
9,AR,ARS,279041,68,Alta,PAGO FACIL,287.0,servicios,2026-07-29,cartola
9,AR,ARS,279041,68,Alta,HOSPITAL BRITANICO,168.0,salud,2026-02-11,cartola
9,AR,ARS,279041,68,Alta,SUB*PEAJE DELLEPIANE,2603.0,transporte,2026-11-12,cartola
9,AR,ARS,279041,68,Alta,compra en emova subte,1372.0,transporte,2026-09-25,natural
9,AR,ARS,279041,68,Alta,OCTAVO PISO SAAS,1148.0,vivienda,2026-09-20,cartola
9,AR,ARS,279041,68,Alta,PONTIFICIA UNIVERSIDAD CATOLICA UCA,2615.0,educacion,2026-12-02,cartola
9,AR,ARS,279041,68,Alta,gasto en dandy,2901.0,alimentacion,2026-12-31,natural
9,AR,ARS,279041,68,Alta,CARGO AUT TEATRO GRAN REX,346.0,ocio,2026-09-16,cartola
9,AR,ARS,279041,68,Alta,transferencia a octavo piso saas,1884.0,vivienda,2026-10-10,natural
9,AR,ARS,279041,68,Alta,gasto en edet tucuman,291.0,servicios,2026-04-24,natural
9,AR,ARS,279041,68,Alta,gasto en sanatorio guemes,2783.0,salud,2026-12-29,natural
9,AR,ARS,279041,68,Alta,ARGENPROP,2140.0,vivienda,2026-02-09,cartola
9,AR,ARS,279041,68,Alta,transferencia a peaje sarandi,6275.0,transporte,2026-08-08,natural
9,AR,ARS,279041,68,Alta,,278.0,alimentacion,2026-01-08,cartola
9,AR,ARS,279041,68,Alta,compra en el cuartito,250.0,alimentacion,2026-06-25,natural
9,AR,ARS,279041,68,Alta,compra en peaje pacheco,663.0,transporte,2026-04-17,natural
9,AR,ARS,279041,68,Alta,pago a telecentro,607.0,servicios,2026-04-11,natural
9,AR,ARS,279041,68,Alta,SODIMAC,567.0,vivienda,2026-09-17,cartola
9,AR,ARS,279041,68,Alta,CABIFY,4734.0,transporte,2026-09-03,cartola
9,AR,ARS,279041,68,Alta,COMPRA WEB ALQUILERES ARGENTINA,574.0,vivienda,2026-10-02,cartola
9,AR,ARS,279041,68,Alta,compra en almacen de pizzas,635.0,alimentacion,2026-02-01,natural
9,AR,ARS,279041,68,Alta,transferencia a peaje pacheco,2849.0,transporte,2026-05-17,natural
9,AR,ARS,279041,68,Alta,gasto en tea connection,1195.0,alimentacion,2026-01-12,natural
9,AR,ARS,279041,68,Alta,compra en osecac,2998.0,salud,2026-10-29,natural
9,AR,ARS,279041,68,Alta,compra en peaje sarandi,268.0,transporte,2026-01-16,natural
9,AR,ARS,279041,68,Alta,COLEGIO SAN MARTIN,1337.0,educacion,2026-05-09,cartola
9,AR,ARS,279041,68,Alta,PINTURERIAS REX,212.0,vivienda,2026-04-19,cartola
9,AR,ARS,279041,68,Alta,transferencia a parque de la costa,268.0,ocio,2026-01-21,natural
9,AR,ARS,279041,68,Alta,FERRETERIA INDUSTRIAL,4738.0,vivienda,2026-06-07,cartola
9,AR,ARS,279041,68,Alta,LE PAIN QUOTIDIEN,300.0,alimentacion,2026-09-26,cartola
9,AR,ARS,279041,68,Alta,ZONAPROP,1520.0,vivienda,2026-06-11,cartola
9,AR,ARS,279041,68,Alta,transferencia a megatlon,1059.0,ocio,2026-09-17,natural
9,AR,ARS,279041,68,Alta,pago a blaisten,853.0,vivienda,2026-04-12,natural
9,AR,ARS,279041,68,Alta,pago a allianz seguros,4602.0,otros,2026-08-11,natural
9,AR,ARS,279041,68,Alta,PAGO TC CRUNCHYROLL 14/7,208.0,streaming,2026-09-04,cartola
9,AR,ARS,279041,68,Alta,DISCO,2180.0,alimentacion,2026-05-08,cartola
9,AR,ARS,279041,68,Alta,LA CONTINENTAL,6615.0,alimentacion,2026-10-10,cartola
9,AR,ARS,279041,68,Alta,UNIVERSIDAD DE BELGRANO UB,1643.0,educacion,2026-11-21,cartola
9,AR,ARS,279041,68,Alta,AMAZON PRIME ARGENTINA,5523.0,ocio,2026-01-25,cartola
9,AR,ARS,279041,68,Alta,,280.0,streaming,2026-12-19,cartola
9,AR,ARS,279041,68,Alta,PUNTOTCIKET ARGENTINA,1085.0,ocio,2026-07-15,cartola
9,AR,ARS,279041,68,Alta,POS TRX PARAMOUNT+ 9991,603.0,streaming,2026-10-08,cartola
9,AR,ARS,279041,68,Alta,,2625.0,ocio,2026-06-03,cartola
9,AR,ARS,279041,68,Alta,compra en zonaprop,7958.0,vivienda,2026-05-13,natural
9,AR,ARS,279041,68,Alta,KFC,593.0,alimentacion,2026-08-15,cartola
9,AR,ARS,279041,68,Alta,compra en ferreteria industrial,2124.0,vivienda,2026-07-08,natural
9,AR,ARS,279041,68,Alta,gasto en peaje debenedetti,442.0,transporte,2026-09-22,natural
9,AR,ARS,279041,68,Alta,transferencia a havanna,1666.0,alimentacion,2026-05-14,natural
9,AR,ARS,279041,68,Alta,compra en galeno,1247.0,salud,2026-07-30,natural
9,AR,ARS,279041,68,Alta,compra en maderas ramos,7151.0,vivienda,2026-03-01,natural
9,AR,ARS,279041,68,Alta,ZNOAPROP,1876.0,vivienda,2026-12-30,cartola
9,AR,ARS,279041,68,Alta,AGUAS CORDOBESAS,860.0,servicios,2026-12-30,cartola
9,AR,ARS,279041,68,Alta,gasto en la continental,242.0,alimentacion,2026-08-01,natural
9,AR,ARS,279041,68,Alta,gasto en cabify,328.0,transporte,2026-08-04,natural
9,AR,ARS,279041,68,Alta,compra en universidad de buenos aires uba,511.0,educacion,2026-08-14,natural
9,AR,ARS,279041,68,Alta,EDESAL SAN LUIS,578.0,servicios,2026-05-11,cartola
9,AR,ARS,279041,68,Alta,pago a freddo,3802.0,alimentacion,2026-03-17,natural
9,AR,ARS,279041,68,Alta,BLAISTEN,1647.0,vivienda,2026-10-13,cartola
9,AR,ARS,279041,68,Alta,MEDIFE,1482.0,salud,2026-10-04,cartola
9,AR,ARS,279041,68,Alta,POS TRX ON FIT,244.0,ocio,2026-06-05,cartola
9,AR,ARS,279041,68,Alta,pago a optica pförtner,3934.0,salud,2026-09-05,natural
9,AR,ARS,279041,68,Alta,POS TRX ADMINISTRACION SAN MARTIN,2566.0,vivienda,2026-08-06,cartola
9,AR,ARS,279041,68,Alta,LA BIRRA BAR,339.0,alimentacion,2026-06-12,cartola
9,AR,ARS,279041,68,Alta,cargo de max,2461.0,streaming,2026-06-29,natural
10,AR,ARS,183355,25,Baja,gasto en telecom fibertel,543.0,servicios,2026-05-12,natural
10,AR,ARS,183355,25,Baja,ATM STARBUCKS,760.0,alimentacion,2026-11-07,cartola
10,AR,ARS,183355,25,Baja,pago a colegio champagnat,1754.0,educacion,2026-12-14,natural
10,AR,ARS,183355,25,Baja,EL CLUB DE LA MILANESA,1337.0,alimentacion,2026-01-28,cartola
10,AR,ARS,183355,25,Baja,NATURGY,1231.0,servicios,2026-09-17,cartola
10,AR,ARS,183355,25,Baja,APC PREVENCION SALUD,551.0,salud,2026-03-17,cartola
10,AR,ARS,183355,25,Baja,pago a camuzzi gas pampeana,2338.0,servicios,2026-03-08,natural
10,AR,ARS,183355,25,Baja,compra en uala,809.0,otros,2026-12-08,natural
10,AR,ARS,183355,25,Baja,BANCO PROVINCIA,4910.0,otros,2026-07-13,cartola
10,AR,ARS,183355,25,Baja,transferencia a aguas cordobesas,1276.0,servicios,2026-06-11,natural
10,AR,ARS,183355,25,Baja,transferencia a vea,171.0,alimentacion,2026-12-13,natural
10,AR,ARS,183355,25,Baja,compra en farmacias vantage,1431.0,salud,2026-12-27,natural
10,AR,ARS,183355,25,Baja,compra en argenprop,499.0,vivienda,2026-09-14,natural
10,AR,ARS,183355,25,Baja,compra en plusmar,1472.0,transporte,2026-03-13,natural
10,AR,ARS,183355,25,Baja,compra en administracion consorcio palermo,236.0,vivienda,2026-09-19,natural
10,AR,ARS,183355,25,Baja,gasto en hospital italiano,244.0,salud,2026-08-02,natural
10,AR,ARS,183355,25,Baja,compra en farmacia azul,2458.0,salud,2026-06-02,natural
10,AR,ARS,183355,25,Baja,PROVINCIA NET,327.0,servicios,2026-07-29,cartola
10,AR,ARS,183355,25,Baja,MADERAS RAMOS,2303.0,vivienda,2026-03-02,cartola
10,AR,ARS,183355,25,Baja,PINTURA SALBA,416.0,vivienda,2026-09-25,cartola
10,AR,ARS,183355,25,Baja,pago a ferreteria el puente,1307.0,vivienda,2026-09-19,natural
10,AR,ARS,183355,25,Baja,JUMBO,1504.0,alimentacion,2026-08-06,cartola
10,AR,ARS,183355,25,Baja,compra en la continental,912.0,alimentacion,2026-10-10,natural
10,AR,ARS,183355,25,Baja,CLINICA MATER DEI,462.0,salud,2026-05-16,cartola
10,AR,ARS,183355,25,Baja,cargo de disney plus,303.0,streaming,2026-12-28,natural
10,AR,ARS,183355,25,Baja,VITAL MAYORISTA,342.0,alimentacion,2026-04-03,cartola
10,AR,ARS,183355,25,Baja,NF* EPEC,460.0,servicios,2026-04-19,cartola
10,AR,ARS,183355,25,Baja,transferencia a autopistas del sol ausol,1344.0,transporte,2026-08-29,natural
10,AR,ARS,183355,25,Baja,,3536.0,alimentacion,2026-12-21,natural
10,AR,ARS,183355,25,Baja,WEBPAY APPLE MUSIC 1094,2602.0,streaming,2026-05-22,cartola
10,AR,ARS,183355,25,Baja,LIGIER PINTURERIAS,1844.0,vivienda,2026-10-18,cartola
10,AR,ARS,183355,25,Baja,compra en sancor salud,1972.0,salud,2026-08-25,natural
10,AR,ARS,183355,25,Baja,pago a easy,1388.0,vivienda,2026-12-06,natural
10,AR,ARS,183355,25,Baja,compra en rappi,383.0,alimentacion,2026-11-08,natural
10,AR,ARS,183355,25,Baja,gasto en la continental,3018.0,alimentacion,2026-06-26,natural
10,AR,ARS,183355,25,Baja,LA MEZZETTA,1410.0,alimentacion,2026-05-21,cartola
10,AR,ARS,183355,25,Baja,pago a shell,1043.0,transporte,2026-07-08,natural
10,AR,ARS,183355,25,Baja,PAGO TC NETFLIX 6289,198.0,streaming,2026-10-29,cartola
10,AR,ARS,183355,25,Baja,PREVENCION SALUD,752.0,salud,2026-07-09,cartola
10,AR,ARS,183355,25,Baja,FLECHA BUS,783.0,transporte,2026-05-16,cartola
10,AR,ARS,183355,25,Baja,pago a administracion san martin,2538.0,vivienda,2026-02-12,natural
10,AR,ARS,183355,25,Baja,compra en carrefour,1004.0,alimentacion,2026-12-19,natural
10,AR,ARS,183355,25,Baja,gasto en fiter gimnasios,608.0,ocio,2026-03-31,natural
10,AR,ARS,183355,25,Baja,EDESUR,4777.0,servicios,2026-10-22,cartola
10,AR,ARS,183355,25,Baja,transferencia a edersa rio negro,234.0,servicios,2026-09-02,natural
10,AR,ARS,183355,25,Baja,ATM UNIVERSIDAD DE SAN ANDRES,697.0,educacion,2026-07-11,cartola
10,AR,ARS,183355,25,Baja,WEBPAY METROVIAS,211.0,transporte,2026-04-16,cartola
10,AR,ARS,183355,25,Baja,transferencia a panaderia san jose,1709.0,alimentacion,2026-12-29,natural
10,AR,ARS,183355,25,Baja,,3176.0,transporte,2026-11-06,natural
10,AR,ARS,183355,25,Baja,TELEPASE AUTOPISTAS,417.0,transporte,2026-08-21,cartola
10,AR,ARS,183355,25,Baja,SUC. FERRETERIA EL PUENTE,2481.0,vivienda,2026-09-22,cartola
10,AR,ARS,183355,25,Baja,compra en osecac,439.0,salud,2026-12-10,natural
10,AR,ARS,183355,25,Baja,transferencia a el cuartito,3067.0,alimentacion,2026-02-06,natural
10,AR,ARS,183355,25,Baja,pago mensual de apple music,1780.0,streaming,2026-11-01,natural
10,AR,ARS,183355,25,Baja,gasto en edet tucuman,2074.0,servicios,2026-02-10,natural
10,AR,ARS,183355,25,Baja,compra en provincia net,166.0,servicios,2026-12-10,natural
10,AR,ARS,183355,25,Baja,gasto en telepase autopistas,4178.0,transporte,2026-10-04,natural
10,AR,ARS,183355,25,Baja,gasto en carniceria el ombu,1646.0,alimentacion,2026-11-03,natural
10,AR,ARS,183355,25,Baja,EDET TUCUMAN,461.0,servicios,2026-02-28,cartola
10,AR,ARS,183355,25,Baja,pago a persicco,2245.0,alimentacion,2026-07-02,natural
10,AR,ARS,183355,25,Baja,gasto en sancor salud,420.0,salud,2026-02-10,natural
10,AR,ARS,183355,25,Baja,EMOVA SUBTE,2617.0,transporte,2026-02-08,cartola
10,AR,ARS,183355,25,Baja,PEAJE DEBENEDETTI,152.0,transporte,2026-07-11,cartola
10,AR,ARS,183355,25,Baja,YPF,1544.0,transporte,2026-09-24,cartola
10,AR,ARS,183355,25,Baja,WEBPAY EDESAL SAN LUIS,988.0,servicios,2026-05-27,cartola
10,AR,ARS,183355,25,Baja,CHANGOMAS,288.0,alimentacion,2026-11-29,cartola
10,AR,ARS,183355,25,Baja,AUTOPISTAS DEL SOL AUSOL,352.0,transporte,2026-05-07,cartola
10,AR,ARS,183355,25,Baja,pago a coppel,195.0,otros,2026-02-14,natural
10,AR,ARS,183355,25,Baja,CARNICERIA EL OMBU,803.0,alimentacion,2026-01-01,cartola
10,AR,ARS,183355,25,Baja,PEAJE DEBENEDETTI,455.0,transporte,2026-06-17,cartola
10,AR,ARS,183355,25,Baja,compra en flecha bus,1158.0,transporte,2026-04-18,natural
10,AR,ARS,183355,25,Baja,AMAZON PRIME ARGENTINA,448.0,ocio,2026-01-19,cartola
10,AR,ARS,183355,25,Baja,SUB*MOVISTAR HOGAR ARGENTINA,453.0,servicios,2026-11-28,cartola
10,AR,ARS,183355,25,Baja,pago mensual de amazon prime,1726.0,streaming,2026-03-13,natural
10,AR,ARS,183355,25,Baja,compra en la birra bar,349.0,alimentacion,2026-04-19,natural
10,AR,ARS,183355,25,Baja,SUB*DIAGNOSTICO MAIPU,2960.0,salud,2026-09-25,cartola
10,AR,ARS,183355,25,Baja,DANDY,2427.0,alimentacion,2026-08-28,cartola
10,AR,ARS,183355,25,Baja,SUBWAY,1399.0,alimentacion,2026-10-28,cartola
10,AR,ARS,183355,25,Baja,PREVENCION SALUD,1142.0,salud,2026-03-31,cartola
10,AR,ARS,183355,25,Baja,transferencia a edet tucuman,2829.0,servicios,2026-04-13,natural
10,AR,ARS,183355,25,Baja,compra en peaje hudson,260.0,transporte,2026-09-07,natural
10,AR,ARS,183355,25,Baja,PAGO TC DISNEY PLUS 8672,346.0,streaming,2026-01-08,cartola
10,AR,ARS,183355,25,Baja,transferencia a peaje sarandi,348.0,transporte,2026-06-02,natural
10,AR,ARS,183355,25,Baja,RAPIPAGO,2009.0,servicios,2026-12-13,cartola
10,AR,ARS,183355,25,Baja,FARMACIAS SELMA,323.0,salud,2026-12-09,cartola
10,AR,ARS,183355,25,Baja,RAPIPAGO,1110.0,servicios,2026-06-07,cartola
10,AR,ARS,183355,25,Baja,GRIDO HELADOS,6842.0,alimentacion,2026-08-03,cartola
10,AR,ARS,183355,25,Baja,compra en aubasa,2457.0,transporte,2026-06-26,natural
10,AR,ARS,183355,25,Baja,LUNA PARK,935.0,ocio,2026-06-24,cartola
10,AR,ARS,183355,25,Baja,PEAJE PARQUE AVELLANEDA,233.0,transporte,2026-12-04,cartola
10,AR,ARS,183355,25,Baja,AUTOPISTAS DEL SOL AUSOL,2260.0,transporte,2026-05-26,cartola
10,AR,ARS,183355,25,Baja,transferencia a peaje pacheco,1160.0,transporte,2026-11-20,natural
10,AR,ARS,183355,25,Baja,pago a avalian,155.0,salud,2026-06-10,natural
10,AR,ARS,183355,25,Baja,transferencia a bar el barista argentina,276.0,ocio,2026-03-23,natural
10,AR,ARS,183355,25,Baja,WEBPAY PINTURAS ALBA,3051.0,vivienda,2026-05-27,cartola
10,AR,ARS,183355,25,Baja,ATM MERCADO PAGO,1404.0,otros,2026-08-27,cartola
10,AR,ARS,183355,25,Baja,LABORATORIO STAMBOULIAN,2244.0,salud,2026-03-25,cartola
10,AR,ARS,183355,25,Baja,compra en rapipago,2681.0,servicios,2026-04-23,natural
10,AR,ARS,183355,25,Baja,PASSLINE ARGENTINA,1077.0,ocio,2026-08-13,cartola
10,AR,ARS,183355,25,Baja,MEDICUS,925.0,salud,2026-11-28,cartola
10,AR,ARS,183355,25,Baja,renovación de max,714.0,streaming,2026-08-31,natural
10,AR,ARS,183355,25,Baja,transferencia a argenprop,484.0,vivienda,2026-05-23,natural
10,AR,ARS,183355,25,Baja,METROGAS,724.0,servicios,2026-02-10,cartola
10,AR,ARS,183355,25,Baja,gasto en supermercados dia,1887.0,alimentacion,2026-09-15,natural
10,AR,ARS,183355,25,Baja,PEAJE LARENA,1169.0,transporte,2026-10-12,cartola
10,AR,ARS,183355,25,Baja,transferencia a colegio st georges,2831.0,educacion,2026-04-15,natural
10,AR,ARS,183355,25,Baja,transferencia a pinturerias prestigio,744.0,vivienda,2026-07-21,natural
10,AR,ARS,183355,25,Baja,gasto en alquileres argentina,1186.0,vivienda,2026-11-03,natural
10,AR,ARS,183355,25,Baja,pago a panaderia san jose,1267.0,alimentacion,2026-11-27,natural
10,AR,ARS,183355,25,Baja,CARNICERIA EL OMBU,1137.0,alimentacion,2026-09-23,cartola
10,AR,ARS,183355,25,Baja,compra en centro rossi,1539.0,salud,2026-07-29,natural
11,AR,ARS,294176,62,Alta,transferencia a pagomiscuentas,4872.0,servicios,2026-07-03,natural
11,AR,ARS,294176,62,Alta,FERRETERIA EL PROGRESO,1889.0,vivienda,2026-01-20,cartola
11,AR,ARS,294176,62,Alta,WEBPAY PEAJE DEBENEDETTI,4123.0,transporte,2026-02-15,cartola
11,AR,ARS,294176,62,Alta,transferencia a axion energy,2565.0,transporte,2026-01-12,natural
11,AR,ARS,294176,62,Alta,WEBPAY FERRETERIA INDUSTRIAL,256.0,vivienda,2026-03-11,cartola
11,AR,ARS,294176,62,Alta,DISCO,4638.0,alimentacion,2026-01-17,cartola
11,AR,ARS,294176,62,Alta,cargo de amazon prime,264.0,streaming,2026-05-27,natural
11,AR,ARS,294176,62,Alta,pago a argenprop,1521.0,vivienda,2026-06-03,natural
11,AR,ARS,294176,62,Alta,renovación de spotify,305.0,streaming,2026-10-31,natural
11,AR,ARS,294176,62,Alta,compra en pago facil,257.0,servicios,2026-08-24,natural
11,AR,ARS,294176,62,Alta,FERRETERIA EL PROGRESO,1092.0,vivienda,2026-11-04,cartola
11,AR,ARS,294176,62,Alta,gasto en uala,697.0,otros,2026-12-18,natural
11,AR,ARS,294176,62,Alta,gasto en smart fit argentina,1326.0,ocio,2026-03-11,natural
11,AR,ARS,294176,62,Alta,ADMINISTRACION CONSORCIO PALERMO,1715.0,vivienda,2026-07-02,cartola
11,AR,ARS,294176,62,Alta,compra en mostaza,251.0,alimentacion,2026-03-16,natural
11,AR,ARS,294176,62,Alta,gasto en diarco,262.0,alimentacion,2026-08-04,natural
11,AR,ARS,294176,62,Alta,LIBRERIA SCHOLASTICA,1630.0,educacion,2026-07-22,cartola
11,AR,ARS,294176,62,Alta,pago a librerias cuspide,838.0,educacion,2026-07-11,natural
11,AR,ARS,294176,62,Alta,SANATORIO FINOCHIETTO,2603.0,salud,2026-09-06,cartola
11,AR,ARS,294176,62,Alta,compra en starbucks,2105.0,alimentacion,2026-08-30,natural
11,AR,ARS,294176,62,Alta,JUMBO,3723.0,alimentacion,2026-06-28,cartola
11,AR,ARS,294176,62,Alta,transferencia a consorcio edificio belgrano,2350.0,vivienda,2026-08-07,natural
11,AR,ARS,294176,62,Alta,pago a clinica mater dei,1120.0,salud,2026-03-23,natural
11,AR,ARS,294176,62,Alta,CAMUZZI GAS PAMPEANA,2227.0,servicios,2026-04-02,cartola
11,AR,ARS,294176,62,Alta,VITAL MAYORISTA,642.0,alimentacion,2026-06-24,cartola
11,AR,ARS,294176,62,Alta,pago a epec,729.0,servicios,2026-08-27,natural
11,AR,ARS,294176,62,Alta,,3100.0,ocio,2026-09-17,cartola
11,AR,ARS,294176,62,Alta,EDERSA RIO NEGRO,1178.0,servicios,2026-12-31,cartola
11,AR,ARS,294176,62,Alta,LA TRASTIENDA,3191.0,ocio,2026-06-12,cartola
11,AR,ARS,294176,62,Alta,COPPEL,3444.0,otros,2026-02-17,cartola
11,AR,ARS,294176,62,Alta,SUC. AUBASA,3883.0,transporte,2026-11-25,cartola
11,AR,ARS,294176,62,Alta,pago a easy,4951.0,vivienda,2026-11-24,natural
11,AR,ARS,294176,62,Alta,ADMINISTRACION SAN MARTIN,1124.0,vivienda,2026-04-26,cartola
11,AR,ARS,294176,62,Alta,compra en la continental,765.0,alimentacion,2026-12-03,natural
11,AR,ARS,294176,62,Alta,WEBPAY LA MEZZETTA,1739.0,alimentacion,2026-12-03,cartola
11,AR,ARS,294176,62,Alta,ATM SHOWCASE CINEMAS,924.0,ocio,2026-08-13,cartola
11,AR,ARS,294176,62,Alta,pago a telecom fibertel,1831.0,servicios,2026-12-18,natural
11,AR,ARS,294176,62,Alta,compra en universidad de palermo up,2436.0,educacion,2026-11-24,natural
11,AR,ARS,294176,62,Alta,LIBRERIA KEL,2323.0,educacion,2026-05-27,cartola
11,AR,ARS,294176,62,Alta,CARGO AUT AGUAS BONAERENSES,935.0,servicios,2026-03-04,cartola
11,AR,ARS,294176,62,Alta,transferencia a sodimac,364.0,vivienda,2026-10-21,natural
11,AR,ARS,294176,62,Alta,PEAJE PACHECO,1122.0,transporte,2026-11-19,cartola
11,AR,ARS,294176,62,Alta,NF* TRENES ARGENTINOS,307.0,transporte,2026-11-21,cartola
11,AR,ARS,294176,62,Alta,AUTOPISTAS DEL OESTE,4400.0,transporte,2026-01-13,cartola
11,AR,ARS,294176,62,Alta,FARMACIAS SELMA,846.0,salud,2026-07-08,cartola
11,AR,ARS,294176,62,Alta,TER* ALMACEN DE BARRIO,334.0,alimentacion,2026-10-14,cartola
11,AR,ARS,294176,62,Alta,gasto en libreria kel,357.0,educacion,2026-04-24,natural
11,AR,ARS,294176,62,Alta,gasto en yaguar,2068.0,alimentacion,2026-01-22,natural
11,AR,ARS,294176,62,Alta,,2019.0,alimentacion,2026-12-15,cartola
11,AR,ARS,294176,62,Alta,COMPRA WEB MI BARRIO HAMBURGUESERIA,830.0,alimentacion,2026-08-02,cartola
11,AR,ARS,294176,62,Alta,transferencia a pinturerias prestigio,320.0,vivienda,2026-11-19,natural
11,AR,ARS,294176,62,Alta,compra en avalian,1050.0,salud,2026-02-23,natural
11,AR,ARS,294176,62,Alta,transferencia a el club de la milanesa,743.0,alimentacion,2026-10-25,natural
11,AR,ARS,294176,62,Alta,gasto en pinturerias prestigio,2253.0,vivienda,2026-11-16,natural
11,AR,ARS,294176,62,Alta,compra en clinica suizo argentina,1855.0,salud,2026-05-06,natural
11,AR,ARS,294176,62,Alta,EDESUR,904.0,servicios,2026-10-04,cartola
11,AR,ARS,294176,62,Alta,YPF,490.0,transporte,2026-07-23,cartola
11,AR,ARS,294176,62,Alta,ON FIT,8819.0,ocio,2026-07-13,cartola
11,AR,ARS,294176,62,Alta,PARQUE DE LA COSTA,1206.0,ocio,2026-06-18,cartola
11,AR,ARS,294176,62,Alta,ATM FIAMBRERIA EL GALPON,2323.0,alimentacion,2026-06-01,cartola
11,AR,ARS,294176,62,Alta,gasto en avalian,302.0,salud,2026-02-04,natural
11,AR,ARS,294176,62,Alta,cmopra en banco nacion,1325.0,otros,2026-07-03,natural
11,AR,ARS,294176,62,Alta,transferencia a ypf,179.0,transporte,2026-02-26,natural
11,AR,ARS,294176,62,Alta,transferencia a edesal san luis,1403.0,servicios,2026-08-10,natural
11,AR,ARS,294176,62,Alta,pago a edesur,6625.0,servicios,2026-10-30,natural
11,AR,ARS,294176,62,Alta,DIARCO,966.0,alimentacion,2026-06-12,cartola
11,AR,ARS,294176,62,Alta,EPEC,168.0,servicios,2026-09-21,cartola
11,AR,ARS,294176,62,Alta,CARNICERIA EL OMBU,175.0,alimentacion,2026-04-23,cartola
11,AR,ARS,294176,62,Alta,OCTAVO PISO SAAS,978.0,vivienda,2026-11-23,cartola
11,AR,ARS,294176,62,Alta,MAKRO,347.0,alimentacion,2026-01-30,cartola
11,AR,ARS,294176,62,Alta,METROGAS,284.0,servicios,2026-03-08,cartola
11,AR,ARS,294176,62,Alta,LA TRASTIENDA,2812.0,ocio,2026-03-06,cartola
11,AR,ARS,294176,62,Alta,pago a verduleria don carlos,1222.0,alimentacion,2026-10-19,natural
11,AR,ARS,294176,62,Alta,CARGO AUT OCTAVO PISO SAAS,680.0,vivienda,2026-01-25,cartola
11,AR,ARS,294176,62,Alta,PAC LE PAIN QUOTIDIEN,4590.0,alimentacion,2026-02-06,cartola
11,AR,ARS,294176,62,Alta,DANDY,246.0,alimentacion,2026-01-01,cartola
11,AR,ARS,294176,62,Alta,PAGO TC APPLE MUSIC 6/2,6220.0,streaming,2026-02-06,cartola
11,AR,ARS,294176,62,Alta,OCTAVO PISO SAAS,751.0,vivienda,2026-05-21,cartola
11,AR,ARS,294176,62,Alta,SUB*ARGENPROP,4370.0,vivienda,2026-08-20,cartola
11,AR,ARS,294176,62,Alta,compra en sanatorio guemes,1841.0,salud,2026-05-16,natural
11,AR,ARS,294176,62,Alta,compra en cinemark hoyts,3493.0,ocio,2026-07-07,natural
11,AR,ARS,294176,62,Alta,POS TRX NETFLIX 4/9,8241.0,streaming,2026-05-08,cartola
11,AR,ARS,294176,62,Alta,pago a colegio san martin,678.0,educacion,2026-07-20,natural
11,AR,ARS,294176,62,Alta,PAGO TC COLEGIO SAN MARTIN,6471.0,educacion,2026-05-07,cartola
11,AR,ARS,294176,62,Alta,transferencia a discoteca kika,983.0,ocio,2026-09-14,natural
11,AR,ARS,294176,62,Alta,compra en grido helados,970.0,alimentacion,2026-06-13,natural
11,AR,ARS,294176,62,Alta,AUBASA,829.0,transporte,2026-02-04,cartola
11,AR,ARS,294176,62,Alta,POS TRX NETFLIX 26/1,1553.0,streaming,2026-07-13,cartola
11,AR,ARS,294176,62,Alta,transferencia a supermercados dia,334.0,alimentacion,2026-07-10,natural
11,AR,ARS,294176,62,Alta,AUTOPISTAS DEL SOL AUSOL,1608.0,transporte,2026-04-14,cartola
11,AR,ARS,294176,62,Alta,PAC SPOTIFY 4276,1555.0,streaming,2026-01-23,cartola
11,AR,ARS,294176,62,Alta,PEAJE ILLIA,2860.0,transporte,2026-09-22,cartola
11,AR,ARS,294176,62,Alta,transferencia a la mezzetta,3574.0,alimentacion,2026-10-17,natural
11,AR,ARS,294176,62,Alta,COMPRA WEB PREVENCION SALUD,1157.0,salud,2026-09-17,cartola
11,AR,ARS,294176,62,Alta,PEAJE PARQUE AVELLANEDA,717.0,transporte,2026-12-24,cartola
11,AR,ARS,294176,62,Alta,transferencia a dandy,598.0,alimentacion,2026-03-16,natural
11,AR,ARS,294176,62,Alta,ATM AMAZON PRIME 26/11,431.0,streaming,2026-12-21,cartola
11,AR,ARS,294176,62,Alta,pago a pagomiscuentas,221.0,servicios,2026-09-16,natural
11,AR,ARS,294176,62,Alta,RAPIPAGO,835.0,servicios,2026-07-07,cartola
11,AR,ARS,294176,62,Alta,EDERSA RIO NEGRO,628.0,servicios,2026-06-22,cartola
11,AR,ARS,294176,62,Alta,PEAJE LARENA,6762.0,transporte,2026-10-17,cartola
11,AR,ARS,294176,62,Alta,,1626.0,vivienda,2026-02-14,cartola
11,AR,ARS,294176,62,Alta,ALLIANZ SEGUROS,850.0,otros,2026-03-02,cartola
11,AR,ARS,294176,62,Alta,transferencia a pani,1731.0,alimentacion,2026-03-24,natural
11,AR,ARS,294176,62,Alta,DISCOTECA KIKA,299.0,ocio,2026-05-03,cartola
11,AR,ARS,294176,62,Alta,pago mensual de max,1170.0,streaming,2026-12-24,natural
11,AR,ARS,294176,62,Alta,,1961.0,transporte,2026-01-16,natural
11,AR,ARS,294176,62,Alta,AMAZON PRIME ARGENTINA,1337.0,ocio,2026-03-07,cartola
11,AR,ARS,294176,62,Alta,transferencia a consorcioabierto,1024.0,vivienda,2026-05-25,natural
11,AR,ARS,294176,62,Alta,EDESAL SAN LUIS,10144.0,servicios,2026-06-11,cartola
11,AR,ARS,294176,62,Alta,compra en maderas ramos,4230.0,vivienda,2026-08-22,natural
11,AR,ARS,294176,62,Alta,gasto en disney plus argentina,1946.0,ocio,2026-05-24,natural
11,AR,ARS,294176,62,Alta,pago a didi argentina,1679.0,transporte,2026-12-24,natural
11,AR,ARS,294176,62,Alta,compra en kfc,1931.0,alimentacion,2026-07-07,natural
11,AR,ARS,294176,62,Alta,TER* MOVISTAR HOGAR ARGENTINA,448.0,servicios,2026-11-18,cartola
11,AR,ARS,294176,62,Alta,POS TRX COLEGIO MARIN,1002.0,educacion,2026-01-13,cartola
11,AR,ARS,294176,62,Alta,pago a pinturas alba,333.0,vivienda,2026-04-21,natural
11,AR,ARS,294176,62,Alta,DIDI ARGENTINA,1286.0,transporte,2026-10-17,cartola
11,AR,ARS,294176,62,Alta,pago a maderas ramos,1560.0,vivienda,2026-10-22,natural
11,AR,ARS,294176,62,Alta,POS TRX AMAZON PRIME 5540,515.0,streaming,2026-08-03,cartola
11,AR,ARS,294176,62,Alta,FARMACIA AZUL,6625.0,salud,2026-04-30,cartola
11,AR,ARS,294176,62,Alta,gasto en consorcio edificio belgrano,4786.0,vivienda,2026-02-24,natural
11,AR,ARS,294176,62,Alta,compra en medicus,2552.0,salud,2026-01-27,natural
11,AR,ARS,294176,62,Alta,EDENOR,1519.0,servicios,2026-04-28,cartola
11,AR,ARS,294176,62,Alta,PAGO TC MERCANTIL ANDINA SEGUROS,4065.0,otros,2026-08-09,cartola
11,AR,ARS,294176,62,Alta,compra en maderas ramos,279.0,vivienda,2026-08-19,natural
11,AR,ARS,294176,62,Alta,pago a coppel,3115.0,otros,2026-02-22,natural
11,AR,ARS,294176,62,Alta,compra en medife,266.0,salud,2026-10-22,natural
12,AR,ARS,239765,53,Alta,GAS NEA,934.0,servicios,2026-09-15,cartola
12,AR,ARS,239765,53,Alta,SANATORIO GUEMES,290.0,salud,2026-12-03,cartola
12,AR,ARS,239765,53,Alta,transferencia a sodimac,249.0,vivienda,2026-05-18,natural
12,AR,ARS,239765,53,Alta,gasto en ferreteria industrial,283.0,vivienda,2026-06-12,natural
12,AR,ARS,239765,53,Alta,UBER ARGENTINA,631.0,transporte,2026-04-21,cartola
12,AR,ARS,239765,53,Alta,KENTUCKY PIZZERIA,1672.0,alimentacion,2026-04-12,cartola
12,AR,ARS,239765,53,Alta,gasto en edenor,244.0,servicios,2026-01-17,natural
12,AR,ARS,239765,53,Alta,pago a supermercados dia,1492.0,alimentacion,2026-09-25,natural
12,AR,ARS,239765,53,Alta,pago a vea,2365.0,alimentacion,2026-07-01,natural
12,AR,ARS,239765,53,Alta,FARMACIAS VANTAGE,710.0,salud,2026-01-24,cartola
12,AR,ARS,239765,53,Alta,UALA,2020.0,otros,2026-01-29,cartola
12,AR,ARS,239765,53,Alta,WEBPAY EASY,949.0,vivienda,2026-06-20,cartola
12,AR,ARS,239765,53,Alta,,1189.0,servicios,2026-08-16,natural
12,AR,ARS,239765,53,Alta,renovación de youtube premium,876.0,streaming,2026-07-07,natural
12,AR,ARS,239765,53,Alta,pago a peaje alberti,729.0,transporte,2026-12-12,natural
12,AR,ARS,239765,53,Alta,gasto en luna park,314.0,ocio,2026-08-18,natural
12,AR,ARS,239765,53,Alta,suscripción a disney plus,424.0,streaming,2026-11-17,natural
12,AR,ARS,239765,53,Alta,transferencia a sanatorio finochietto,402.0,salud,2026-12-06,natural
12,AR,ARS,239765,53,Alta,pago a chevallier,972.0,transporte,2026-04-29,natural
12,AR,ARS,239765,53,Alta,gasto en telepase autopistas,305.0,transporte,2026-09-29,natural
12,AR,ARS,239765,53,Alta,compra en la continental,2916.0,alimentacion,2026-06-24,natural
12,AR,ARS,239765,53,Alta,CLINICA MATER DEI,1496.0,salud,2026-04-14,cartola
12,AR,ARS,239765,53,Alta,transferencia a bonafide,602.0,alimentacion,2026-04-02,natural
12,AR,ARS,239765,53,Alta,AGUAS BONAERENSES,203.0,servicios,2026-07-05,cartola
12,AR,ARS,239765,53,Alta,compra en osecac,2506.0,salud,2026-10-10,natural
12,AR,ARS,239765,53,Alta,transferencia a telecentro,2036.0,servicios,2026-06-30,natural
12,AR,ARS,239765,53,Alta,transferencia a cabify,1500.0,transporte,2026-06-19,natural
12,AR,ARS,239765,53,Alta,compra en farmacias central oeste,372.0,salud,2026-07-06,natural
12,AR,ARS,239765,53,Alta,gasto en axion energy,604.0,transporte,2026-06-24,natural
12,AR,ARS,239765,53,Alta,,371.0,otros,2026-08-21,natural
12,AR,ARS,239765,53,Alta,WEBPAY LIBRERIA EL ATENEO,246.0,educacion,2026-06-11,cartola
12,AR,ARS,239765,53,Alta,TER* DISNEY PLUS 16/1,1792.0,streaming,2026-05-14,cartola
12,AR,ARS,239765,53,Alta,transferencia a peaje parque avellaneda,1472.0,transporte,2026-08-12,natural
12,AR,ARS,239765,53,Alta,SUB*ADMINISTRACION CONSORCIO PALERMO,1056.0,vivienda,2026-06-02,cartola
12,AR,ARS,239765,53,Alta,compra en universidad tecnologica nacional utn,2651.0,educacion,2026-02-02,natural
12,AR,ARS,239765,53,Alta,TELECOM FIBERTEL,1026.0,servicios,2026-02-24,cartola
12,AR,ARS,239765,53,Alta,PEAJE ALBERTI,738.0,transporte,2026-01-07,cartola
12,AR,ARS,239765,53,Alta,transferencia a wendy's,488.0,alimentacion,2026-09-01,natural
12,AR,ARS,239765,53,Alta,transferencia a aguas bonaerenses,3308.0,servicios,2026-11-09,natural
12,AR,ARS,239765,53,Alta,,275.0,servicios,2026-01-12,cartola
12,AR,ARS,239765,53,Alta,pago a peaje pacheco,3133.0,transporte,2026-01-16,natural
12,AR,ARS,239765,53,Alta,SUB*EDESUR,2055.0,servicios,2026-07-27,cartola
12,AR,ARS,239765,53,Alta,compra en colegio st georges,163.0,educacion,2026-02-12,natural
12,AR,ARS,239765,53,Alta,pago a administracion san martin,976.0,vivienda,2026-05-15,natural
12,AR,ARS,239765,53,Alta,ALMACEN DE BARRIO,2362.0,alimentacion,2026-08-16,cartola
12,AR,ARS,239765,53,Alta,gasto en litoral gas,995.0,servicios,2026-04-21,natural
12,AR,ARS,239765,53,Alta,AMAZON PRIME ARGENTINA,2788.0,ocio,2026-11-03,cartola
12,AR,ARS,239765,53,Alta,SUBWAY,3359.0,alimentacion,2026-06-09,cartola
12,AR,ARS,239765,53,Alta,pago a osde,644.0,salud,2026-11-27,natural
12,AR,ARS,239765,53,Alta,POS TRX MAKRO,556.0,alimentacion,2026-09-21,cartola
12,AR,ARS,239765,53,Alta,compra en edet tucuman,3229.0,servicios,2026-08-13,natural
12,AR,ARS,239765,53,Alta,NF* AGUAS CORDOBESAS,1319.0,servicios,2026-08-05,cartola
12,AR,ARS,239765,53,Alta,PEAJE ILLIA,349.0,transporte,2026-02-14,cartola
12,AR,ARS,239765,53,Alta,gasto en ferreteria industrial,363.0,vivienda,2026-02-28,natural
12,AR,ARS,239765,53,Alta,compra en telepase autopistas,975.0,transporte,2026-05-12,natural
12,AR,ARS,239765,53,Alta,EDENOR,3121.0,servicios,2026-04-14,cartola
12,AR,ARS,239765,53,Alta,SUPERMERCADOS DIA,2181.0,alimentacion,2026-07-14,cartola
12,AR,ARS,239765,53,Alta,transferencia a persicco,1321.0,alimentacion,2026-06-06,natural
12,AR,ARS,239765,53,Alta,compra en fiambreria el galpon,176.0,alimentacion,2026-04-08,natural
12,AR,ARS,239765,53,Alta,,344.0,servicios,2026-08-14,cartola
12,AR,ARS,239765,53,Alta,WILLIAMSBURG,2443.0,alimentacion,2026-07-24,cartola
12,AR,ARS,239765,53,Alta,compra en ypf,237.0,transporte,2026-03-20,natural
12,AR,ARS,239765,53,Alta,gasto en edesal san luis,383.0,servicios,2026-05-04,natural
12,AR,ARS,239765,53,Alta,pago a edesur,163.0,servicios,2026-08-06,natural
12,AR,ARS,239765,53,Alta,compra en diarco,1322.0,alimentacion,2026-01-04,natural
12,AR,ARS,239765,53,Alta,pago a multiplex cines,3380.0,ocio,2026-03-31,natural
12,AR,ARS,239765,53,Alta,compra en administracion san martin,367.0,vivienda,2026-04-14,natural
12,AR,ARS,239765,53,Alta,transferencia a edenor,757.0,servicios,2026-04-29,natural
12,AR,ARS,239765,53,Alta,FERRETERIA EL PROGRESO,1180.0,vivienda,2026-05-13,cartola
12,AR,ARS,239765,53,Alta,HOSPITAL BRITANICO,8837.0,salud,2026-11-08,cartola
12,AR,ARS,239765,53,Alta,compra en carniceria el ombu,245.0,alimentacion,2026-11-27,natural
12,AR,ARS,239765,53,Alta,OCTAVO PISO SAAS,809.0,vivienda,2026-05-23,cartola
12,AR,ARS,239765,53,Alta,MAX HBO ARGENTINA,570.0,ocio,2026-10-15,cartola
12,AR,ARS,239765,53,Alta,transferencia a ligier pinturerias,2355.0,vivienda,2026-01-28,natural
12,AR,ARS,239765,53,Alta,transferencia a swiss medical,758.0,salud,2026-10-05,natural
12,AR,ARS,239765,53,Alta,transferencia a subway,166.0,alimentacion,2026-02-28,natural
12,AR,ARS,239765,53,Alta,PREVENCION SALUD,1180.0,salud,2026-03-31,cartola
12,AR,ARS,239765,53,Alta,compra en medicus,1727.0,salud,2026-07-18,natural
12,AR,ARS,239765,53,Alta,compra en sanatorio guemes,255.0,salud,2026-01-26,natural
12,AR,ARS,239765,53,Alta,PERSONAL FLOW,2297.0,servicios,2026-01-25,cartola
12,AR,ARS,239765,53,Alta,transferencia a peaje sarandi,241.0,transporte,2026-10-28,natural
12,AR,ARS,239765,53,Alta,gasto en rapipago,942.0,servicios,2026-12-05,natural
12,AR,ARS,239765,53,Alta,renovación de max,630.0,streaming,2026-09-24,natural
12,AR,ARS,239765,53,Alta,COLEGIO SAN MARTIN,1491.0,educacion,2026-06-30,cartola
12,AR,ARS,239765,53,Alta,WBEPAY AMAZON PRIME 3205,544.0,streaming,2026-12-26,cartola
12,AR,ARS,239765,53,Alta,CARGO AUT PAGOMISCUENTAS,2390.0,servicios,2026-03-09,cartola
12,AR,ARS,239765,53,Alta,LUNA PARK,1538.0,ocio,2026-12-17,cartola
12,AR,ARS,239765,53,Alta,transferencia a supermercados dia,1223.0,alimentacion,2026-11-17,natural
12,AR,ARS,239765,53,Alta,transferencia a autopistas del sol ausol,1866.0,transporte,2026-02-18,natural
12,AR,ARS,239765,53,Alta,compra en ferreteria el progreso,1645.0,vivienda,2026-06-24,natural
12,AR,ARS,239765,53,Alta,TEA CONNECTION,201.0,alimentacion,2026-04-12,cartola
12,AR,ARS,239765,53,Alta,TRENES AREGNTINOS,589.0,transporte,2026-08-04,cartola
12,AR,ARS,239765,53,Alta,PROVINCIA NET,3132.0,servicios,2026-07-07,cartola
12,AR,ARS,239765,53,Alta,transferencia a laboratorio stamboulian,158.0,salud,2026-02-26,natural
12,AR,ARS,239765,53,Alta,transferencia a steam games argentina,1567.0,ocio,2026-02-16,natural
12,AR,ARS,239765,53,Alta,CARREFOUR,4307.0,alimentacion,2026-06-08,cartola
12,AR,ARS,239765,53,Alta,gasto en farmacias vantage,323.0,salud,2026-08-30,natural
12,AR,ARS,239765,53,Alta,LE PAIN QUOTIDIEN,1344.0,alimentacion,2026-10-09,cartola
12,AR,ARS,239765,53,Alta,TER* YOUTUBE PREMIUM 12/6,740.0,streaming,2026-08-29,cartola
12,AR,ARS,239765,53,Alta,ALMACEN DE BARRIO,1015.0,alimentacion,2026-01-05,cartola
12,AR,ARS,239765,53,Alta,gasto en makro,233.0,alimentacion,2026-11-04,natural
12,AR,ARS,239765,53,Alta,compra en supermercados dia,254.0,alimentacion,2026-09-05,natural
12,AR,ARS,239765,53,Alta,transferencia a telecentro,1289.0,servicios,2026-02-23,natural
12,AR,ARS,239765,53,Alta,gasto en discoteca kika,2033.0,ocio,2026-06-10,natural
12,AR,ARS,239765,53,Alta,transferencia a hospital britanico,1786.0,salud,2026-08-14,natural
12,AR,ARS,239765,53,Alta,NETFLIX ARGENTINA,920.0,ocio,2026-01-15,cartola
12,AR,ARS,239765,53,Alta,gasto en didi argentina,373.0,transporte,2026-03-02,natural
12,AR,ARS,239765,53,Alta,compra en cabify,1366.0,transporte,2026-05-02,natural
12,AR,ARS,239765,53,Alta,ATM BLAISTEN,325.0,vivienda,2026-10-04,cartola
12,AR,ARS,239765,53,Alta,compra en peaje illia,2838.0,transporte,2026-02-15,natural
13,AR,ARS,236730,46,Alta,MADERAS RAMOS,1313.0,vivienda,2026-09-28,cartola
13,AR,ARS,236730,46,Alta,SUB*FARMACIAS CENTRAL OESTE,3574.0,salud,2026-07-14,cartola
13,AR,ARS,236730,46,Alta,gasto en plusmar,1936.0,transporte,2026-10-07,natural
13,AR,ARS,236730,46,Alta,transferencia a centro rossi,1071.0,salud,2026-10-10,natural
13,AR,ARS,236730,46,Alta,pago a consorcio edificio belgrano,269.0,vivienda,2026-02-09,natural
13,AR,ARS,236730,46,Alta,transferencia a emova subte,831.0,transporte,2026-07-08,natural
13,AR,ARS,236730,46,Alta,transferencia a editorial santillana argentina,1114.0,educacion,2026-06-13,natural
13,AR,ARS,236730,46,Alta,TEATRO COLON,2700.0,ocio,2026-01-24,cartola
13,AR,ARS,236730,46,Alta,gasto en cabify,889.0,transporte,2026-01-24,natural
13,AR,ARS,236730,46,Alta,compra en optica pförtner,3086.0,salud,2026-01-04,natural
13,AR,ARS,236730,46,Alta,GAS NEA,1519.0,servicios,2026-11-19,cartola
13,AR,ARS,236730,46,Alta,STEAM GAMES ARGENTINA,199.0,ocio,2026-10-17,cartola
13,AR,ARS,236730,46,Alta,gasto en mostaza,7166.0,alimentacion,2026-06-30,natural
13,AR,ARS,236730,46,Alta,PITNURERIAS REX,1014.0,vivienda,2026-09-05,cartola
13,AR,ARS,236730,46,Alta,CORREDORES VIALES,673.0,transporte,2026-04-26,cartola
13,AR,ARS,236730,46,Alta,compra en maderas ramos,1457.0,vivienda,2026-10-06,natural
13,AR,ARS,236730,46,Alta,PINTURAS ALBA,156.0,vivienda,2026-12-31,cartola
13,AR,ARS,236730,46,Alta,transferencia a librerias cuspide,1370.0,educacion,2026-03-10,natural
13,AR,ARS,236730,46,Alta,transferencia a playstation network ar,933.0,ocio,2026-12-17,natural
13,AR,ARS,236730,46,Alta,POS TRX BOLICHE INPUT,707.0,ocio,2026-09-11,cartola
13,AR,ARS,236730,46,Alta,gasto en ferreteria el puente,4139.0,vivienda,2026-06-30,natural
13,AR,ARS,236730,46,Alta,gasto en bonafide,1001.0,alimentacion,2026-11-14,natural
13,AR,ARS,236730,46,Alta,BLAISTEN,335.0,vivienda,2026-06-18,cartola
13,AR,ARS,236730,46,Alta,SUB*OSECAC,831.0,salud,2026-11-09,cartola
13,AR,ARS,236730,46,Alta,transferencia a autopistas del sol ausol,3408.0,transporte,2026-09-06,natural
13,AR,ARS,236730,46,Alta,DISNEY PLUS ARGENTINA,262.0,ocio,2026-07-07,cartola
13,AR,ARS,236730,46,Alta,PEAJE DELLEPIANE,326.0,transporte,2026-02-23,cartola
13,AR,ARS,236730,46,Alta,LIGIER PINTURERIAS,219.0,vivienda,2026-12-23,cartola
13,AR,ARS,236730,46,Alta,AGUAS CORDOBESAS,206.0,servicios,2026-05-18,cartola
13,AR,ARS,236730,46,Alta,pago a rappi,2394.0,alimentacion,2026-06-17,natural
13,AR,ARS,236730,46,Alta,gasto en optica lutz ferrando,1783.0,salud,2026-04-13,natural
13,AR,ARS,236730,46,Alta,pago a steam games argentina,594.0,ocio,2026-03-26,natural
13,AR,ARS,236730,46,Alta,transferencia a hospital aleman,1622.0,salud,2026-11-13,natural
13,AR,ARS,236730,46,Alta,EDESUR,681.0,servicios,2026-07-31,cartola
13,AR,ARS,236730,46,Alta,pago a chevallier,4136.0,transporte,2026-01-03,natural
13,AR,ARS,236730,46,Alta,transferencia a universidad de palermo up,4619.0,educacion,2026-06-28,natural
13,AR,ARS,236730,46,Alta,FLECHA BUS,675.0,transporte,2026-12-08,cartola
13,AR,ARS,236730,46,Alta,cargo de youtube premium,2606.0,streaming,2026-10-30,natural
13,AR,ARS,236730,46,Alta,gasto en telecentro,2008.0,servicios,2026-11-28,natural
13,AR,ARS,236730,46,Alta,gasto en accord salud,502.0,salud,2026-02-07,natural
13,AR,ARS,236730,46,Alta,JUMBO,357.0,alimentacion,2026-08-27,cartola
13,AR,ARS,236730,46,Alta,PAC MAX 6140,830.0,streaming,2026-06-18,cartola
13,AR,ARS,236730,46,Alta,DISCO,2058.0,alimentacion,2026-12-09,cartola
13,AR,ARS,236730,46,Alta,LIBRERIA EL ATENEO,4363.0,educacion,2026-11-10,cartola
13,AR,ARS,236730,46,Alta,LITORAL GAS,1952.0,servicios,2026-11-02,cartola
13,AR,ARS,236730,46,Alta,gasto en yaguar,2616.0,alimentacion,2026-01-30,natural
13,AR,ARS,236730,46,Alta,TER* SUBWAY,1251.0,alimentacion,2026-07-09,cartola
13,AR,ARS,236730,46,Alta,EPEC,2442.0,servicios,2026-12-23,cartola
13,AR,ARS,236730,46,Alta,compra en libreria yenny,2077.0,educacion,2026-01-25,natural
13,AR,ARS,236730,46,Alta,pago a el cuartito,640.0,alimentacion,2026-04-22,natural
13,AR,ARS,236730,46,Alta,pago a editorial santillana argentina,1087.0,educacion,2026-07-25,natural
13,AR,ARS,236730,46,Alta,,2211.0,salud,2026-07-04,natural
13,AR,ARS,236730,46,Alta,transferencia a ferreteria industrial,275.0,vivienda,2026-02-16,natural
13,AR,ARS,236730,46,Alta,SODIMAC,2234.0,vivienda,2026-08-16,cartola
13,AR,ARS,236730,46,Alta,EDENOR,265.0,servicios,2026-02-08,cartola
13,AR,ARS,236730,46,Alta,CLINICA SUIZO ARGENTINA,979.0,salud,2026-01-16,cartola
13,AR,ARS,236730,46,Alta,CARGO AU TPARQUE DE LA COSTA,2236.0,ocio,2026-01-22,cartola
13,AR,ARS,236730,46,Alta,AUBASA,396.0,transporte,2026-08-01,cartola
13,AR,ARS,236730,46,Alta,COLEGIO SAN MARTIN,382.0,educacion,2026-11-06,cartola
13,AR,ARS,236730,46,Alta,BANCO NACION,698.0,otros,2026-05-29,cartola
13,AR,ARS,236730,46,Alta,compra en avalian,3046.0,salud,2026-08-29,natural
13,AR,ARS,236730,46,Alta,HEISENBURGER,165.0,alimentacion,2026-02-28,cartola
13,AR,ARS,236730,46,Alta,,3135.0,otros,2026-10-14,natural
13,AR,ARS,236730,46,Alta,MADERAS RAMOS,226.0,vivienda,2026-07-21,cartola
13,AR,ARS,236730,46,Alta,compra en pizzeria guerrin,6245.0,alimentacion,2026-02-01,natural
13,AR,ARS,236730,46,Alta,gasto en peaje samborombon,4193.0,transporte,2026-06-11,natural
13,AR,ARS,236730,46,Alta,CLUB DE LA BIRRA,924.0,alimentacion,2026-09-12,cartola
13,AR,ARS,236730,46,Alta,SUB*MAKRO,973.0,alimentacion,2026-09-11,cartola
13,AR,ARS,236730,46,Alta,METROGAS,889.0,servicios,2026-01-09,cartola
13,AR,ARS,236730,46,Alta,TER* YOUTUBE PREMIUM 6169,1366.0,streaming,2026-05-19,cartola
13,AR,ARS,236730,46,Alta,transferencia a octavo piso saas,373.0,vivienda,2026-01-10,natural
13,AR,ARS,236730,46,Alta,SUB*LA BIRRA BAR,363.0,alimentacion,2026-09-30,cartola
13,AR,ARS,236730,46,Alta,LIGIER PINTURERIAS,217.0,vivienda,2026-02-17,cartola
13,AR,ARS,236730,46,Alta,transferencia a swiss medical,795.0,salud,2026-04-21,natural
13,AR,ARS,236730,46,Alta,pago a subway,436.0,alimentacion,2026-06-02,natural
13,AR,ARS,236730,46,Alta,pago a havanna,1317.0,alimentacion,2026-05-03,natural
13,AR,ARS,236730,46,Alta,pago mensual de crunchyroll,6612.0,streaming,2026-12-23,natural
13,AR,ARS,236730,46,Alta,pago a banco hsbc,661.0,otros,2026-04-12,natural
13,AR,ARS,236730,46,Alta,compra en diarco,1154.0,alimentacion,2026-08-29,natural
13,AR,ARS,236730,46,Alta,compra en bonafide,727.0,alimentacion,2026-11-17,natural
13,AR,ARS,236730,46,Alta,gasto en ferreteria industrial,2543.0,vivienda,2026-07-10,natural
13,AR,ARS,236730,46,Alta,transferencia a el cuartito,3147.0,alimentacion,2026-08-05,natural
13,AR,ARS,236730,46,Alta,compra en tarjeta naranja,2840.0,otros,2026-02-20,natural
13,AR,ARS,236730,46,Alta,transferencia a grido helados,4959.0,alimentacion,2026-10-19,natural
13,AR,ARS,236730,46,Alta,pago mensual de crunchyroll,230.0,streaming,2026-03-29,natural
13,AR,ARS,236730,46,Alta,gasto en almacen de barrio,2479.0,alimentacion,2026-07-13,natural
13,AR,ARS,236730,46,Alta,cargo de crunchyroll,1886.0,streaming,2026-04-14,natural
13,AR,ARS,236730,46,Alta,AUTOPISTAS DEL SOL AUSOL,351.0,transporte,2026-09-28,cartola
13,AR,ARS,236730,46,Alta,PAPA JOHN'S,4238.0,alimentacion,2026-04-06,cartola
13,AR,ARS,236730,46,Alta,pago a universidad tecnologica nacional utn,217.0,educacion,2026-07-17,natural
13,AR,ARS,236730,46,Alta,EXPENSAS ONLINE,1540.0,vivienda,2026-01-01,cartola
13,AR,ARS,236730,46,Alta,NICETO CLUB,345.0,ocio,2026-06-16,cartola
13,AR,ARS,236730,46,Alta,BLAISTEN,764.0,vivienda,2026-05-06,cartola
13,AR,ARS,236730,46,Alta,PINTURERIAS REX,1719.0,vivienda,2026-11-09,cartola
13,AR,ARS,236730,46,Alta,COLEGIO SAN MARTIN,1121.0,educacion,2026-03-22,cartola
13,AR,ARS,236730,46,Alta,PEAJE ALBERTI,755.0,transporte,2026-09-08,cartola
13,AR,ARS,236730,46,Alta,LE PAIN QUOTIDIEN,535.0,alimentacion,2026-06-18,cartola
13,AR,ARS,236730,46,Alta,EMOVA SUBTE,2478.0,transporte,2026-03-14,cartola
13,AR,ARS,236730,46,Alta,ALMACEN DE BARRIO,210.0,alimentacion,2026-05-21,cartola
13,AR,ARS,236730,46,Alta,PAGO TC BLAISTEN,761.0,vivienda,2026-03-11,cartola
13,AR,ARS,236730,46,Alta,transferencia a pinturas alba,3168.0,vivienda,2026-09-19,natural
13,AR,ARS,236730,46,Alta,gasto en fiter gimnasios,2531.0,ocio,2026-12-06,natural
13,AR,ARS,236730,46,Alta,compra en administracion san martin,694.0,vivienda,2026-11-04,natural
13,AR,ARS,236730,46,Alta,TER* MAX HBO ARGENTINA,1949.0,ocio,2026-09-02,cartola
13,AR,ARS,236730,46,Alta,gasto en farmacias selma,2345.0,salud,2026-01-03,natural
13,AR,ARS,236730,46,Alta,gasto en octavo piso saas,2974.0,vivienda,2026-12-03,natural
13,AR,ARS,236730,46,Alta,pago a telecom fibertel,1064.0,servicios,2026-03-04,natural
13,AR,ARS,236730,46,Alta,cargo de spotify,310.0,streaming,2026-02-18,natural
13,AR,ARS,236730,46,Alta,WEBPAY LE PAIN QUOTIDIEN,399.0,alimentacion,2026-03-17,cartola
13,AR,ARS,236730,46,Alta,transferencia a optica pförtner,474.0,salud,2026-06-24,natural
13,AR,ARS,236730,46,Alta,transferencia a telecom fibertel,1219.0,servicios,2026-04-19,natural
13,AR,ARS,236730,46,Alta,NF* KFC,332.0,alimentacion,2026-07-11,cartola
13,AR,ARS,236730,46,Alta,CHANGOMAS,1368.0,alimentacion,2026-03-06,cartola
13,AR,ARS,236730,46,Alta,pago a peaje debenedetti,613.0,transporte,2026-12-03,natural
14,AR,ARS,229503,64,Baja,CARGO AUT SUPERMERCADOS DIA,1097.0,alimentacion,2026-09-05,cartola
14,AR,ARS,229503,64,Baja,WEBPAY PREVENCION SALUD,1176.0,salud,2026-10-05,cartola
14,AR,ARS,229503,64,Baja,transferencia a uber argentina,815.0,transporte,2026-12-22,natural
14,AR,ARS,229503,64,Baja,transferencia a kentucky pizzeria,3946.0,alimentacion,2026-04-08,natural
14,AR,ARS,229503,64,Baja,gasto ne edenor,307.0,servicios,2026-01-25,natural
14,AR,ARS,229503,64,Baja,transferencia a pinturas alba,2537.0,vivienda,2026-10-11,natural
14,AR,ARS,229503,64,Baja,VEA,221.0,alimentacion,2026-10-28,cartola
14,AR,ARS,229503,64,Baja,transferencia a cabify,2659.0,transporte,2026-03-09,natural
14,AR,ARS,229503,64,Baja,transferencia a libreria cp67,1593.0,educacion,2026-01-07,natural
14,AR,ARS,229503,64,Baja,COMPRA WEB BONAFIDE,3085.0,alimentacion,2026-11-01,cartola
14,AR,ARS,229503,64,Baja,gasto en administracion consorcio palermo,171.0,vivienda,2026-05-17,natural
14,AR,ARS,229503,64,Baja,transferencia a metrogas,1363.0,servicios,2026-06-13,natural
14,AR,ARS,229503,64,Baja,transferencia a peaje alberti,1157.0,transporte,2026-03-24,natural
14,AR,ARS,229503,64,Baja,transferencia a luna park,2039.0,ocio,2026-05-18,natural
14,AR,ARS,229503,64,Baja,gasto en pagomiscuentas,1272.0,servicios,2026-03-14,natural
14,AR,ARS,229503,64,Baja,CARGO AUT TEA CONNECTION,1295.0,alimentacion,2026-08-25,cartola
14,AR,ARS,229503,64,Baja,STARBUCKS,935.0,alimentacion,2026-02-15,cartola
14,AR,ARS,229503,64,Baja,SUB*TELEPASE AUTOPISTAS,615.0,transporte,2026-04-16,cartola
14,AR,ARS,229503,64,Baja,compra en la continental,1096.0,alimentacion,2026-10-15,natural
14,AR,ARS,229503,64,Baja,CORREDORES VIALES,210.0,transporte,2026-09-19,cartola
14,AR,ARS,229503,64,Baja,gasto en ligier pinturerias,5423.0,vivienda,2026-06-25,natural
14,AR,ARS,229503,64,Baja,suscripción a disney plus,2086.0,streaming,2026-06-15,natural
14,AR,ARS,229503,64,Baja,EPEC,5071.0,servicios,2026-05-25,cartola
14,AR,ARS,229503,64,Baja,DIARCO,428.0,alimentacion,2026-11-26,cartola
14,AR,ARS,229503,64,Baja,compra en edersa rio negro,3520.0,servicios,2026-10-10,natural
14,AR,ARS,229503,64,Baja,JUMBO,2754.0,alimentacion,2026-02-23,cartola
14,AR,ARS,229503,64,Baja,transferencia a multiplex cines,1882.0,ocio,2026-06-27,natural
14,AR,ARS,229503,64,Baja,gasto en le pain quotidien,1633.0,alimentacion,2026-09-01,natural
14,AR,ARS,229503,64,Baja,RAPPI,634.0,alimentacion,2026-12-07,cartola
14,AR,ARS,229503,64,Baja,transferencia a rappi,2822.0,alimentacion,2026-05-07,natural
14,AR,ARS,229503,64,Baja,PINTURAS ALBA,1159.0,vivienda,2026-09-28,cartola
14,AR,ARS,229503,64,Baja,pago a hospital aleman,281.0,salud,2026-04-03,natural
14,AR,ARS,229503,64,Baja,pago a sodimac,625.0,vivienda,2026-03-14,natural
14,AR,ARS,229503,64,Baja,HOSPITAL BRITANICO,4558.0,salud,2026-09-05,cartola
14,AR,ARS,229503,64,Baja,WEBPAY NETFLIX 1/12,3166.0,streaming,2026-12-14,cartola
14,AR,ARS,229503,64,Baja,LITORAL GAS,6679.0,servicios,2026-09-30,cartola
14,AR,ARS,229503,64,Baja,LAS CUARTETAS,1646.0,alimentacion,2026-02-12,cartola
14,AR,ARS,229503,64,Baja,compra en universidad torcuato di tella utdt,473.0,educacion,2026-02-10,natural
14,AR,ARS,229503,64,Baja,gasto en mercado pago,296.0,otros,2026-06-19,natural
14,AR,ARS,229503,64,Baja,gasto en edesur,344.0,servicios,2026-07-31,natural
14,AR,ARS,229503,64,Baja,AUTOPISTAS DEL OESTE,317.0,transporte,2026-02-08,cartola
14,AR,ARS,229503,64,Baja,UNIVERSIDAD DE SAN ANDRES,825.0,educacion,2026-09-02,cartola
14,AR,ARS,229503,64,Baja,transferencia a movistar hogar argentina,354.0,servicios,2026-05-31,natural
14,AR,ARS,229503,64,Baja,transferencia a litoral gas,883.0,servicios,2026-04-21,natural
14,AR,ARS,229503,64,Baja,GAS NEA,4550.0,servicios,2026-02-16,cartola
14,AR,ARS,229503,64,Baja,gasto en steam games argentina,937.0,ocio,2026-03-04,natural
14,AR,ARS,229503,64,Baja,FERRETERIA EL PUENTE,3502.0,vivienda,2026-08-13,cartola
14,AR,ARS,229503,64,Baja,gasto en makro,1548.0,alimentacion,2026-03-10,natural
14,AR,ARS,229503,64,Baja,suscripción a paramount+,473.0,streaming,2026-10-26,natural
14,AR,ARS,229503,64,Baja,AGUAS CORDOBESAS,732.0,servicios,2026-10-17,cartola
14,AR,ARS,229503,64,Baja,renovación de apple music,189.0,streaming,2026-07-22,natural
14,AR,ARS,229503,64,Baja,MOSTAZA,675.0,alimentacion,2026-03-02,cartola
14,AR,ARS,229503,64,Baja,pago a sodimac,1884.0,vivienda,2026-11-14,natural
14,AR,ARS,229503,64,Baja,pago a ypf,207.0,transporte,2026-06-10,natural
14,AR,ARS,229503,64,Baja,FERRETERIA EL PUENTE,383.0,vivienda,2026-11-27,cartola
14,AR,ARS,229503,64,Baja,TER* AGUAS BONAERENSES,800.0,servicios,2026-01-16,cartola
14,AR,ARS,229503,64,Baja,FIAMBRERIA EL GALPON,6692.0,alimentacion,2026-12-04,cartola
14,AR,ARS,229503,64,Baja,AVALIAN,2558.0,salud,2026-04-04,cartola
14,AR,ARS,229503,64,Baja,ADMINISTRACION CONSORCIO PALERMO,2201.0,vivienda,2026-10-31,cartola
14,AR,ARS,229503,64,Baja,AVALIAN,206.0,salud,2026-05-18,cartola
14,AR,ARS,229503,64,Baja,pago a mercado libre,2528.0,otros,2026-12-04,natural
14,AR,ARS,229503,64,Baja,CONSORCIO CABALLITO,2561.0,vivienda,2026-02-07,cartola
14,AR,ARS,229503,64,Baja,transferencia a maderas ramos,1530.0,vivienda,2026-05-07,natural
14,AR,ARS,229503,64,Baja,suscripción a youtube premium,7727.0,streaming,2026-10-02,natural
14,AR,ARS,229503,64,Baja,SANATORIO OTAMENDI,655.0,salud,2026-06-13,cartola
14,AR,ARS,229503,64,Baja,CLUB DE LA BIRRA,4719.0,alimentacion,2026-11-15,cartola
14,AR,ARS,229503,64,Baja,pago a ferreteria el progreso,4098.0,vivienda,2026-03-18,natural
14,AR,ARS,229503,64,Baja,gasto en hospital britanico,323.0,salud,2026-12-24,natural
14,AR,ARS,229503,64,Baja,,996.0,transporte,2026-11-17,natural
14,AR,ARS,229503,64,Baja,WEBPAY OCTAVO PISO SAAS,6287.0,vivienda,2026-04-01,cartola
14,AR,ARS,229503,64,Baja,transferencia a octavo piso saas,181.0,vivienda,2026-08-26,natural
14,AR,ARS,229503,64,Baja,pago a multiplex cines,1321.0,ocio,2026-09-21,natural
14,AR,ARS,229503,64,Baja,CONSORCIO EDIFICIO BELGRANO,6428.0,vivienda,2026-06-28,cartola
14,AR,ARS,229503,64,Baja,transferencia a emova subte,1350.0,transporte,2026-07-28,natural
14,AR,ARS,229503,64,Baja,SUC. EDESAL SAN LUIS,350.0,servicios,2026-03-14,cartola
14,AR,ARS,229503,64,Baja,suscripción a disney plus,1453.0,streaming,2026-04-17,natural
14,AR,ARS,229503,64,Baja,suscripción a paramount+,381.0,streaming,2026-12-11,natural
14,AR,ARS,229503,64,Baja,compra en diarco,1221.0,alimentacion,2026-10-22,natural
14,AR,ARS,229503,64,Baja,compra en consorcioabierto,262.0,vivienda,2026-10-11,natural
14,AR,ARS,229503,64,Baja,PAC RAPIPAGO,1548.0,servicios,2026-12-19,cartola
14,AR,ARS,229503,64,Baja,transferencia a luna park,1211.0,ocio,2026-07-01,natural
14,AR,ARS,229503,64,Baja,ALQUILERES ARGENTINA,2243.0,vivienda,2026-02-06,cartola
14,AR,ARS,229503,64,Baja,NF* TELECENTRO,1658.0,servicios,2026-05-17,cartola
14,AR,ARS,229503,64,Baja,PAGO TC AUBASA,1328.0,transporte,2026-12-04,cartola
14,AR,ARS,229503,64,Baja,CABIFY,1948.0,transporte,2026-02-25,cartola
14,AR,ARS,229503,64,Baja,compra en seguros la caja,259.0,otros,2026-07-06,natural
14,AR,ARS,229503,64,Baja,TER* AUTOPISTAS DEL SOL AUSOL,1506.0,transporte,2026-12-07,cartola
14,AR,ARS,229503,64,Baja,gasto en papa john's,314.0,alimentacion,2026-09-15,natural
14,AR,ARS,229503,64,Baja,EDESUR,4324.0,servicios,2026-02-27,cartola
14,AR,ARS,229503,64,Baja,EXPENSAS ONLINE,256.0,vivienda,2026-05-03,cartola
14,AR,ARS,229503,64,Baja,ALMACEN DE BARRIO,937.0,alimentacion,2026-07-07,cartola
14,AR,ARS,229503,64,Baja,BLAISTEN,1981.0,vivienda,2026-08-18,cartola
14,AR,ARS,229503,64,Baja,compra en peaje parque avellaneda,1020.0,transporte,2026-06-17,natural
14,AR,ARS,229503,64,Baja,gasto en consorcio caballito,161.0,vivienda,2026-04-24,natural
14,AR,ARS,229503,64,Baja,pago a farmacias vantage,1342.0,salud,2026-09-09,natural
14,AR,ARS,229503,64,Baja,pago a le pain quotidien,1708.0,alimentacion,2026-04-17,natural
14,AR,ARS,229503,64,Baja,ZONAPROP,2025.0,vivienda,2026-02-06,cartola
14,AR,ARS,229503,64,Baja,ALMACEN DE BARRIO,778.0,alimentacion,2026-12-01,cartola
14,AR,ARS,229503,64,Baja,ALLIANZ SEGUROS,1381.0,otros,2026-04-02,cartola
14,AR,ARS,229503,64,Baja,transferencia a pinturas alba,997.0,vivienda,2026-01-18,natural
14,AR,ARS,229503,64,Baja,TELECENTRO,1856.0,servicios,2026-12-20,cartola
14,AR,ARS,229503,64,Baja,compra en disco,1458.0,alimentacion,2026-03-04,natural
14,AR,ARS,229503,64,Baja,POS TRX HOSPITAL BRITANICO,1242.0,salud,2026-05-30,cartola
14,AR,ARS,229503,64,Baja,AYSA,478.0,servicios,2026-05-19,cartola
14,AR,ARS,229503,64,Baja,gasto en personal flow,335.0,servicios,2026-07-04,natural
14,AR,ARS,229503,64,Baja,DISNEY PLUS ARGENTINA,318.0,ocio,2026-07-24,cartola
14,AR,ARS,229503,64,Baja,,207.0,transporte,2026-09-17,natural
14,AR,ARS,229503,64,Baja,compra en niceto club,992.0,ocio,2026-08-02,natural
14,AR,ARS,229503,64,Baja,POS TRX CLUB DE LA BIRRA,1577.0,alimentacion,2026-09-13,cartola
14,AR,ARS,229503,64,Baja,compra en amazon prime argentina,399.0,ocio,2026-05-15,natural
14,AR,ARS,229503,64,Baja,SUC. LIBRERIAS CUSPIDE,4657.0,educacion,2026-03-02,cartola
14,AR,ARS,229503,64,Baja,transferencia a changomas,256.0,alimentacion,2026-11-06,natural
15,AR,ARS,203855,19,Alta,compra en rotiseria la querencia,3172.0,alimentacion,2026-02-14,natural
15,AR,ARS,203855,19,Alta,NF* CENTRO ROSSI,228.0,salud,2026-01-20,cartola
15,AR,ARS,203855,19,Alta,pago a cinemark hoyts,1751.0,ocio,2026-08-09,natural
15,AR,ARS,203855,19,Alta,UNIVERSIDAD DE BUENOS AIRES UBA,638.0,educacion,2026-05-03,cartola
15,AR,ARS,203855,19,Alta,PINTURAS ALBA,1290.0,vivienda,2026-08-22,cartola
15,AR,ARS,203855,19,Alta,SUC. TEATRO COLON,365.0,ocio,2026-08-09,cartola
15,AR,ARS,203855,19,Alta,transferencia a edesur,210.0,servicios,2026-11-19,natural
15,AR,ARS,203855,19,Alta,pago a kentucky pizzeria,212.0,alimentacion,2026-12-05,natural
15,AR,ARS,203855,19,Alta,BONAFIDE,152.0,alimentacion,2026-07-01,cartola
15,AR,ARS,203855,19,Alta,gasto en autopistas del oeste,249.0,transporte,2026-07-25,natural
15,AR,ARS,203855,19,Alta,gasto en on fit,1322.0,ocio,2026-11-16,natural
15,AR,ARS,203855,19,Alta,RAPIPAGO,2585.0,servicios,2026-02-09,cartola
15,AR,ARS,203855,19,Alta,gasto en luna park,2038.0,ocio,2026-02-28,natural
15,AR,ARS,203855,19,Alta,BANCO SANTANDER RIO,1400.0,otros,2026-03-03,cartola
15,AR,ARS,203855,19,Alta,pago a sanatorio finochietto,281.0,salud,2026-03-01,natural
15,AR,ARS,203855,19,Alta,,413.0,servicios,2026-11-27,natural
15,AR,ARS,203855,19,Alta,JMUBO,449.0,alimentacion,2026-05-02,cartola
15,AR,ARS,203855,19,Alta,PAC MERCADO LIBRE,348.0,otros,2026-04-17,cartola
15,AR,ARS,203855,19,Alta,CORREDORES VILAES,876.0,transporte,2026-04-06,cartola
15,AR,ARS,203855,19,Alta,gasto en camuzzi gas pampeana,929.0,servicios,2026-12-13,natural
15,AR,ARS,203855,19,Alta,PLUSMAR,535.0,transporte,2026-08-23,cartola
15,AR,ARS,203855,19,Alta,pago a epec,529.0,servicios,2026-03-03,natural
15,AR,ARS,203855,19,Alta,cargo de spotify,2136.0,streaming,2026-09-13,natural
15,AR,ARS,203855,19,Alta,COMPRA WEB PANI,1886.0,alimentacion,2026-02-18,cartola
15,AR,ARS,203855,19,Alta,compra en la trastienda,446.0,ocio,2026-12-14,natural
15,AR,ARS,203855,19,Alta,FARMACIAS CENTRAL OESTE,2969.0,salud,2026-06-08,cartola
15,AR,ARS,203855,19,Alta,gasto en puntoticket argentina,3699.0,ocio,2026-05-04,natural
15,AR,ARS,203855,19,Alta,transferencia a optica pförtner,479.0,salud,2026-11-13,natural
15,AR,ARS,203855,19,Alta,compra en administracion san martin,530.0,vivienda,2026-07-26,natural
15,AR,ARS,203855,19,Alta,PINTURAS ALBA,853.0,vivienda,2026-02-17,cartola
15,AR,ARS,203855,19,Alta,compra en discoteca kika,3431.0,ocio,2026-05-16,natural
15,AR,ARS,203855,19,Alta,ATM SHELL,2532.0,transporte,2026-07-20,cartola
15,AR,ARS,203855,19,Alta,pago a alquileres argentina,207.0,vivienda,2026-12-23,natural
15,AR,ARS,203855,19,Alta,PEAJE ALBERTI,604.0,transporte,2026-11-14,cartola
15,AR,ARS,203855,19,Alta,compra en flecha bus,976.0,transporte,2026-10-22,natural
15,AR,ARS,203855,19,Alta,gasto en administracion san martin,847.0,vivienda,2026-11-10,natural
15,AR,ARS,203855,19,Alta,pago a telecentro,261.0,servicios,2026-07-28,natural
15,AR,ARS,203855,19,Alta,LIBRERIA SBS,2371.0,educacion,2026-12-21,cartola
15,AR,ARS,203855,19,Alta,SHOWCASE CINEMAS,1369.0,ocio,2026-07-30,cartola
15,AR,ARS,203855,19,Alta,ALQUILERES ARGENTINA,2204.0,vivienda,2026-07-11,cartola
15,AR,ARS,203855,19,Alta,PAC UNIVERSIDAD DE SAN ANDRES,2371.0,educacion,2026-02-13,cartola
15,AR,ARS,203855,19,Alta,gasto en smart fit argentina,1671.0,ocio,2026-01-29,natural
15,AR,ARS,203855,19,Alta,CONSORCIO EDIFICIO BELGRANO,701.0,vivienda,2026-02-28,cartola
15,AR,ARS,203855,19,Alta,compra en yaguar,1142.0,alimentacion,2026-03-12,natural
15,AR,ARS,203855,19,Alta,pago a movistar hogar argentina,212.0,servicios,2026-04-02,natural
15,AR,ARS,203855,19,Alta,PEAJE PACHECO,1356.0,transporte,2026-09-22,cartola
15,AR,ARS,203855,19,Alta,CLARO HOGAR ARGENTINA,239.0,servicios,2026-08-08,cartola
15,AR,ARS,203855,19,Alta,EL CUARTITO,1434.0,alimentacion,2026-08-03,cartola
15,AR,ARS,203855,19,Alta,EL CLUB DE LA MILANESA,316.0,alimentacion,2026-10-04,cartola
15,AR,ARS,203855,19,Alta,pago a medicus,151.0,salud,2026-03-05,natural
15,AR,ARS,203855,19,Alta,pago a mostaza,219.0,alimentacion,2026-12-12,natural
15,AR,ARS,203855,19,Alta,SUB*SODIMAC,185.0,vivienda,2026-09-02,cartola
15,AR,ARS,203855,19,Alta,transferencia a carniceria el ombu,1536.0,alimentacion,2026-03-03,natural
15,AR,ARS,203855,19,Alta,EDET TUCUMAN,1597.0,servicios,2026-11-28,cartola
15,AR,ARS,203855,19,Alta,POS TRX CLINICA MATER DEI,876.0,salud,2026-06-19,cartola
15,AR,ARS,203855,19,Alta,compra en banco nacion,213.0,otros,2026-09-26,natural
15,AR,ARS,203855,19,Alta,POS TRX RAPIPAGO,160.0,servicios,2026-02-23,cartola
15,AR,ARS,203855,19,Alta,pago a centro rossi,165.0,salud,2026-01-08,natural
15,AR,ARS,203855,19,Alta,renovación de paramount+,219.0,streaming,2026-04-14,natural
15,AR,ARS,203855,19,Alta,PEAJE LARENA,2683.0,transporte,2026-02-28,cartola
15,AR,ARS,203855,19,Alta,transferencia a edesur,335.0,servicios,2026-11-09,natural
15,AR,ARS,203855,19,Alta,DIARCO,530.0,alimentacion,2026-02-09,cartola
15,AR,ARS,203855,19,Alta,gasto en consorcio edificio belgrano,336.0,vivienda,2026-04-04,natural
15,AR,ARS,203855,19,Alta,ADMINISTRACION SAN MARTIN,305.0,vivienda,2026-08-10,cartola
15,AR,ARS,203855,19,Alta,PARQUE DE LA COSTA,887.0,ocio,2026-07-23,cartola
15,AR,ARS,203855,19,Alta,compra en pago facil,1134.0,servicios,2026-05-18,natural
15,AR,ARS,203855,19,Alta,METROGAS,341.0,servicios,2026-10-27,cartola
15,AR,ARS,203855,19,Alta,COMPRA WEB LABORATORIO STAMBOULIAN,288.0,salud,2026-07-26,cartola
15,AR,ARS,203855,19,Alta,gasto en verduleria don carlos,601.0,alimentacion,2026-12-02,natural
15,AR,ARS,203855,19,Alta,transferencia a medicus,323.0,salud,2026-03-22,natural
15,AR,ARS,203855,19,Alta,PEAJE LARENA,300.0,transporte,2026-08-06,cartola
15,AR,ARS,203855,19,Alta,WEBPAY CONSORCIO EDIFICIO BELGRANO,3895.0,vivienda,2026-01-02,cartola
15,AR,ARS,203855,19,Alta,POS TRX UNIVERSIDAD TORCUATO DI TELLA UTDT,1160.0,educacion,2026-06-27,cartola
15,AR,ARS,203855,19,Alta,pago a colegio northlands,986.0,educacion,2026-12-12,natural
15,AR,ARS,203855,19,Alta,PERSICCO,651.0,alimentacion,2026-10-06,cartola
15,AR,ARS,203855,19,Alta,PEAJE HUDSON,679.0,transporte,2026-05-26,cartola
15,AR,ARS,203855,19,Alta,pago a ypf,943.0,transporte,2026-11-14,natural
15,AR,ARS,203855,19,Alta,suscripción a amazon prime,1444.0,streaming,2026-08-12,natural
15,AR,ARS,203855,19,Alta,PEAJE SAMBOROMBON,1467.0,transporte,2026-03-03,cartola
15,AR,ARS,203855,19,Alta,compra en rapipago,228.0,servicios,2026-10-21,natural
15,AR,ARS,203855,19,Alta,pago a alquileres argentina,840.0,vivienda,2026-08-27,natural
15,AR,ARS,203855,19,Alta,pago a peaje samborombon,643.0,transporte,2026-07-14,natural
15,AR,ARS,203855,19,Alta,transferencia a sodimac,2476.0,vivienda,2026-06-15,natural
15,AR,ARS,203855,19,Alta,gasto en ligier pinturerias,1209.0,vivienda,2026-08-10,natural
15,AR,ARS,203855,19,Alta,transferencia a diagnostico maipu,921.0,salud,2026-03-02,natural
15,AR,ARS,203855,19,Alta,gasto en medife,278.0,salud,2026-06-22,natural
15,AR,ARS,203855,19,Alta,AGUAS BONAERENSES,1127.0,servicios,2026-06-05,cartola
15,AR,ARS,203855,19,Alta,MEGATLON,151.0,ocio,2026-04-20,cartola
15,AR,ARS,203855,19,Alta,renovación de paramount+,498.0,streaming,2026-09-26,natural
15,AR,ARS,203855,19,Alta,pago a almacen de barrio,187.0,alimentacion,2026-12-22,natural
15,AR,ARS,203855,19,Alta,MERCADO PAGO,1427.0,otros,2026-10-05,cartola
15,AR,ARS,203855,19,Alta,transferencia a libreria el ateneo,280.0,educacion,2026-03-15,natural
15,AR,ARS,203855,19,Alta,pago a diagnostico maipu,602.0,salud,2026-07-26,natural
15,AR,ARS,203855,19,Alta,gasto en peaje alberti,2738.0,transporte,2026-10-06,natural
15,AR,ARS,203855,19,Alta,compra en le pain quotidien,277.0,alimentacion,2026-11-22,natural
15,AR,ARS,203855,19,Alta,TER* COLEGIO ST GEORGES,859.0,educacion,2026-12-06,cartola
15,AR,ARS,203855,19,Alta,compra en peaje larena,658.0,transporte,2026-12-23,natural
15,AR,ARS,203855,19,Alta,FARMACIAS CENTRAL OESTE,233.0,salud,2026-07-23,cartola
15,AR,ARS,203855,19,Alta,pago a clinica suizo argentina,1906.0,salud,2026-06-10,natural
15,AR,ARS,203855,19,Alta,FERRETERIA EL PROGRESO,177.0,vivienda,2026-09-14,cartola
15,AR,ARS,203855,19,Alta,DISCO,779.0,alimentacion,2026-06-14,cartola
15,AR,ARS,203855,19,Alta,gasto en pinturerias prestigio,996.0,vivienda,2026-03-04,natural
15,AR,ARS,203855,19,Alta,gasto en alquileres argentina,1199.0,vivienda,2026-01-22,natural
15,AR,ARS,203855,19,Alta,GIRO CAJERO LINK,1413.0,otros,2026-03-11,cartola
15,AR,ARS,203855,19,Alta,CABIFY,354.0,transporte,2026-04-06,cartola
15,AR,ARS,203855,19,Alta,SUC. BLAISTEN,312.0,vivienda,2026-03-20,cartola
15,AR,ARS,203855,19,Alta,gasto en maderas ramos,1557.0,vivienda,2026-01-05,natural
15,AR,ARS,203855,19,Alta,transferencia a camuzzi gas pampeana,929.0,servicios,2026-11-12,natural
15,AR,ARS,203855,19,Alta,transferencia a telecom fibertel,2191.0,servicios,2026-04-30,natural
15,AR,ARS,203855,19,Alta,compra en disney plus argentina,2086.0,ocio,2026-10-29,natural
15,AR,ARS,203855,19,Alta,MOVISTAR HOGAR ARGENTINA,2245.0,servicios,2026-06-27,cartola
15,AR,ARS,203855,19,Alta,COLEGIO MARIN,804.0,educacion,2026-06-25,cartola
15,AR,ARS,203855,19,Alta,STEAM GAMES ARGENTINA,492.0,ocio,2026-08-05,cartola
15,AR,ARS,203855,19,Alta,compra en argenprop,1899.0,vivienda,2026-02-25,natural
15,AR,ARS,203855,19,Alta,transferencia a maderas ramos,727.0,vivienda,2026-07-06,natural
15,AR,ARS,203855,19,Alta,transferencia a pumae nergy,245.0,transporte,2026-08-20,natural
15,AR,ARS,203855,19,Alta,transferencia a steam games argentina,2339.0,ocio,2026-09-12,natural
15,AR,ARS,203855,19,Alta,SUB*GALENO,2594.0,salud,2026-04-14,cartola
15,AR,ARS,203855,19,Alta,AGUAS CORDOBESAS,761.0,servicios,2026-03-18,cartola
15,AR,ARS,203855,19,Alta,pago a tea connection,295.0,alimentacion,2026-09-15,natural
15,AR,ARS,203855,19,Alta,OPTICAS LOF,594.0,salud,2026-09-21,cartola
15,AR,ARS,203855,19,Alta,pago a rapipago,1971.0,servicios,2026-11-27,natural
15,AR,ARS,203855,19,Alta,NF* BLAISTEN,2811.0,vivienda,2026-07-01,cartola
15,AR,ARS,203855,19,Alta,SUPERMRECADOS DIA,276.0,alimentacion,2026-09-13,cartola
15,AR,ARS,203855,19,Alta,MEDICUS,187.0,salud,2026-06-25,cartola
15,AR,ARS,203855,19,Alta,compra en fiter gimnasios,2542.0,ocio,2026-01-27,natural
15,AR,ARS,203855,19,Alta,TER* AUTOPISTAS DEL OESTE,598.0,transporte,2026-10-03,cartola
15,AR,ARS,203855,19,Alta,EDESUR,945.0,servicios,2026-05-20,cartola
15,AR,ARS,203855,19,Alta,gasto en clinica mater dei,4172.0,salud,2026-10-26,natural
15,AR,ARS,203855,19,Alta,FITER GIMNASIOS,338.0,ocio,2026-10-14,cartola
15,AR,ARS,203855,19,Alta,pago a provincia net,1266.0,servicios,2026-04-01,natural
15,AR,ARS,203855,19,Alta,gasto en administracion san martin,373.0,vivienda,2026-03-02,natural
15,AR,ARS,203855,19,Alta,MI BARRIO HAMBURGUESERIA,570.0,alimentacion,2026-12-31,cartola
16,AR,ARS,145725,66,Media,TER* UBER ARGENTINA,165.0,transporte,2026-12-10,cartola
16,AR,ARS,145725,66,Media,KENTUCKY PIZZERIA,276.0,alimentacion,2026-10-05,cartola
16,AR,ARS,145725,66,Media,compra en emova subte,316.0,transporte,2026-05-10,natural
16,AR,ARS,145725,66,Media,METROVIAS,180.0,transporte,2026-01-11,cartola
16,AR,ARS,145725,66,Media,pago a vea,369.0,alimentacion,2026-10-29,natural
16,AR,ARS,145725,66,Media,VITAL MAYORISTA,267.0,alimentacion,2026-04-06,cartola
16,AR,ARS,145725,66,Media,pago a epec,914.0,servicios,2026-07-09,natural
16,AR,ARS,145725,66,Media,gasto en colegio champagnat,498.0,educacion,2026-07-11,natural
16,AR,ARS,145725,66,Media,ATM STEAM GAMES ARGENTINA,224.0,ocio,2026-09-23,cartola
16,AR,ARS,145725,66,Media,compra en easy,634.0,vivienda,2026-05-08,natural
16,AR,ARS,145725,66,Media,gasto en colegio san martin,157.0,educacion,2026-08-26,natural
16,AR,ARS,145725,66,Media,CARGO AUT ACCORD SALUD,301.0,salud,2026-12-21,cartola
16,AR,ARS,145725,66,Media,AUTOPISTAS DEL SOL UASOL,862.0,transporte,2026-04-22,cartola
16,AR,ARS,145725,66,Media,FEDERACION PATRONAL SEGUROS,583.0,otros,2026-11-12,cartola
16,AR,ARS,145725,66,Media,compra en chevallier,857.0,transporte,2026-12-09,natural
16,AR,ARS,145725,66,Media,gasto en stock center,294.0,otros,2026-03-06,natural
16,AR,ARS,145725,66,Media,gasto en ypf,1083.0,transporte,2026-09-04,natural
16,AR,ARS,145725,66,Media,pago a ferreteria el puente,577.0,vivienda,2026-08-11,natural
16,AR,ARS,145725,66,Media,AMAZON PRIME ARGENTINA,494.0,ocio,2026-11-09,cartola
16,AR,ARS,145725,66,Media,compra en vital mayorista,585.0,alimentacion,2026-04-16,natural
16,AR,ARS,145725,66,Media,MCDONALD'S,1192.0,alimentacion,2026-06-30,cartola
16,AR,ARS,145725,66,Media,AUTOPISTAS DEL SOL AUSOL,527.0,transporte,2026-07-03,cartola
16,AR,ARS,145725,66,Media,WEBPAY EDERSA RIO NEGRO,519.0,servicios,2026-08-14,cartola
16,AR,ARS,145725,66,Media,PAC LA TRASTIENDA,2789.0,ocio,2026-09-22,cartola
16,AR,ARS,145725,66,Media,pago a ligier pinturerias,843.0,vivienda,2026-10-05,natural
16,AR,ARS,145725,66,Media,TER* YOUTUBE PREMIUM 8712,348.0,streaming,2026-03-30,cartola
16,AR,ARS,145725,66,Media,pago a easy,733.0,vivienda,2026-06-25,natural
16,AR,ARS,145725,66,Media,TER* MAX 5918,294.0,streaming,2026-01-18,cartola
16,AR,ARS,145725,66,Media,gasto en la continental,155.0,alimentacion,2026-04-16,natural
16,AR,ARS,145725,66,Media,PLUSMAR,542.0,transporte,2026-09-28,cartola
16,AR,ARS,145725,66,Media,pago a shell,1571.0,transporte,2026-11-15,natural
16,AR,ARS,145725,66,Media,LA MEZZETTA,1579.0,alimentacion,2026-06-16,cartola
16,AR,ARS,145725,66,Media,transferencia a sodimac,250.0,vivienda,2026-01-13,natural
16,AR,ARS,145725,66,Media,HOSPITAL BRITANICO,448.0,salud,2026-12-03,cartola
16,AR,ARS,145725,66,Media,SANATORIO OTAMENDI,181.0,salud,2026-02-09,cartola
16,AR,ARS,145725,66,Media,SODIMAC,3241.0,vivienda,2026-05-28,cartola
16,AR,ARS,145725,66,Media,transferencia a camuzzi gas pampeana,2368.0,servicios,2026-08-06,natural
16,AR,ARS,145725,66,Media,PREVENCION SALUD,625.0,salud,2026-08-07,cartola
16,AR,ARS,145725,66,Media,AUTOPISTAS DEL OESTE,974.0,transporte,2026-03-23,cartola
16,AR,ARS,145725,66,Media,PASSLINE ARGENTINA,749.0,ocio,2026-11-29,cartola
16,AR,ARS,145725,66,Media,pago a libreria el ateneo,537.0,educacion,2026-07-27,natural
16,AR,ARS,145725,66,Media,,350.0,educacion,2026-11-28,natural
16,AR,ARS,145725,66,Media,cargo de max,362.0,streaming,2026-02-07,natural
16,AR,ARS,145725,66,Media,TARJETA NARANJA,670.0,otros,2026-07-30,cartola
16,AR,ARS,145725,66,Media,MI BARRIO HAMBURGUESERIA,675.0,alimentacion,2026-11-23,cartola
16,AR,ARS,145725,66,Media,gasto en pinturerias prestigio,279.0,vivienda,2026-09-06,natural
16,AR,ARS,145725,66,Media,suscripción a spotify,1696.0,streaming,2026-08-15,natural
16,AR,ARS,145725,66,Media,SUB*DISNEY PLUS 7520,197.0,streaming,2026-01-18,cartola
16,AR,ARS,145725,66,Media,LAS CUARTETAS,414.0,alimentacion,2026-10-22,cartola
16,AR,ARS,145725,66,Media,SUC. MAX 14/3,700.0,streaming,2026-07-15,cartola
16,AR,ARS,145725,66,Media,PEDIDOSYA,713.0,alimentacion,2026-07-06,cartola
16,AR,ARS,145725,66,Media,pago a carniceria el ombu,624.0,alimentacion,2026-12-11,natural
16,AR,ARS,145725,66,Media,SUPERMERCADOS DIA,192.0,alimentacion,2026-08-12,cartola
16,AR,ARS,145725,66,Media,AGUAS BONAERENSES,211.0,servicios,2026-12-31,cartola
16,AR,ARS,145725,66,Media,NATURGY,603.0,servicios,2026-12-03,cartola
16,AR,ARS,145725,66,Media,EMOVA SUBTE,546.0,transporte,2026-08-17,cartola
16,AR,ARS,145725,66,Media,NF* BAR EL BARISTA ARGENTINA,283.0,ocio,2026-03-18,cartola
16,AR,ARS,145725,66,Media,POS TRX HBO MAX 7154,729.0,streaming,2026-07-07,cartola
16,AR,ARS,145725,66,Media,transferencia a mercado libre,362.0,otros,2026-12-12,natural
16,AR,ARS,145725,66,Media,CHEVALLIER,657.0,transporte,2026-09-27,cartola
16,AR,ARS,145725,66,Media,gasto en comisiones banco galicia,1084.0,otros,2026-04-05,natural
16,AR,ARS,145725,66,Media,FARMACIAS CENTRAL OESTE,203.0,salud,2026-05-12,cartola
16,AR,ARS,145725,66,Media,CARNICERIA EL OMBU,188.0,alimentacion,2026-03-13,cartola
16,AR,ARS,145725,66,Media,EDENOR,901.0,servicios,2026-10-08,cartola
16,AR,ARS,145725,66,Media,pago a flecha bus,561.0,transporte,2026-11-29,natural
16,AR,ARS,145725,66,Media,transferencia a pontificia universidad catolica uca,718.0,educacion,2026-06-09,natural
16,AR,ARS,145725,66,Media,LA TRASTIENDA,1086.0,ocio,2026-07-06,cartola
16,AR,ARS,145725,66,Media,compra en emova subte,969.0,transporte,2026-07-10,natural
16,AR,ARS,145725,66,Media,cargo de hbo max,1934.0,streaming,2026-04-30,natural
16,AR,ARS,145725,66,Media,PONTIFICIA UNIVERSIDAD CATOLICA UCA,458.0,educacion,2026-08-08,cartola
16,AR,ARS,145725,66,Media,compra en provincia net,400.0,servicios,2026-02-22,natural
16,AR,ARS,145725,66,Media,POS TRX EMOVA SUBTE,307.0,transporte,2026-08-10,cartola
16,AR,ARS,145725,66,Media,pago mensual de netflix,344.0,streaming,2026-05-11,natural
16,AR,ARS,145725,66,Media,transferencia a persicco,507.0,alimentacion,2026-08-25,natural
16,AR,ARS,145725,66,Media,SANATORIO GUEMES,194.0,salud,2026-09-03,cartola
16,AR,ARS,145725,66,Media,compra en ypf,1517.0,transporte,2026-08-14,natural
16,AR,ARS,145725,66,Media,MEGATONE,522.0,otros,2026-07-27,cartola
16,AR,ARS,145725,66,Media,SANATORIO OTAMENDI,536.0,salud,2026-04-06,cartola
16,AR,ARS,145725,66,Media,pago a stock center,262.0,otros,2026-07-19,natural
16,AR,ARS,145725,66,Media,COLEGIO SAN MARTIN,221.0,educacion,2026-11-14,cartola
16,AR,ARS,145725,66,Media,compra en peaje samborombon,334.0,transporte,2026-01-06,natural
16,AR,ARS,145725,66,Media,transferencia a sancor salud,328.0,salud,2026-07-25,natural
16,AR,ARS,145725,66,Media,pago mensual de max,181.0,streaming,2026-04-09,natural
16,AR,ARS,145725,66,Media,ATM SUPERMERCADOS DIA,557.0,alimentacion,2026-09-13,cartola
16,AR,ARS,145725,66,Media,CARGO AUT YOUTUBE PREMIUM 7229,1270.0,streaming,2026-07-06,cartola
16,AR,ARS,145725,66,Media,PAPA JOHN'S,1280.0,alimentacion,2026-03-17,cartola
16,AR,ARS,145725,66,Media,AGIP RENTAS,642.0,otros,2026-06-26,cartola
16,AR,ARS,145725,66,Media,pago mensual de crunchyroll,208.0,streaming,2026-10-14,natural
16,AR,ARS,145725,66,Media,gasto en almacen de barrio,1186.0,alimentacion,2026-12-15,natural
16,AR,ARS,145725,66,Media,transferencia a rapipago,1296.0,servicios,2026-09-12,natural
16,AR,ARS,145725,66,Media,DANDY,218.0,alimentacion,2026-07-09,cartola
16,AR,ARS,145725,66,Media,RAPIPAGO,798.0,servicios,2026-11-04,cartola
16,AR,ARS,145725,66,Media,PASSLINE ARGENTINA,201.0,ocio,2026-12-11,cartola
16,AR,ARS,145725,66,Media,COLEGIO SAN MARTIN,968.0,educacion,2026-05-07,cartola
16,AR,ARS,145725,66,Media,pago a rotiseria la querencia,3515.0,alimentacion,2026-10-14,natural
16,AR,ARS,145725,66,Media,pago a peaje larena,362.0,transporte,2026-09-07,natural
16,AR,ARS,145725,66,Media,pago a makro,1358.0,alimentacion,2026-03-25,natural
16,AR,ARS,145725,66,Media,ON FIT,581.0,ocio,2026-01-13,cartola
16,AR,ARS,145725,66,Media,PANI,2163.0,alimentacion,2026-02-14,cartola
16,AR,ARS,145725,66,Media,ADMINISTRACION SAN MARTIN,373.0,vivienda,2026-05-07,cartola
16,AR,ARS,145725,66,Media,MAX HBO ARGENTINA,1122.0,ocio,2026-04-24,cartola
16,AR,ARS,145725,66,Media,ALQUILERES ARGENTINA,326.0,vivienda,2026-10-03,cartola
16,AR,ARS,145725,66,Media,PERSONAL FLOW,244.0,servicios,2026-07-24,cartola
16,AR,ARS,145725,66,Media,transferencia a disney plus argentina,230.0,ocio,2026-09-30,natural
16,AR,ARS,145725,66,Media,AUBASA,2209.0,transporte,2026-02-27,cartola
16,AR,ARS,145725,66,Media,PAGO TC CRUNCHYROLL 3418,1013.0,streaming,2026-11-24,cartola
16,AR,ARS,145725,66,Media,pago a federacion patronal seguros,1142.0,otros,2026-08-07,natural
16,AR,ARS,145725,66,Media,pago a mi barrio hamburgueseria,1659.0,alimentacion,2026-04-19,natural
16,AR,ARS,145725,66,Media,gasto en kfc,172.0,alimentacion,2026-06-23,natural
16,AR,ARS,145725,66,Media,transferencia a impuestos afip,291.0,otros,2026-11-24,natural
16,AR,ARS,145725,66,Media,KFC,157.0,alimentacion,2026-11-11,cartola
16,AR,ARS,145725,66,Media,compra en havanna,367.0,alimentacion,2026-04-21,natural
16,AR,ARS,145725,66,Media,gasto en movistar hogar argentina,155.0,servicios,2026-07-06,natural
16,AR,ARS,145725,66,Media,PAGO TC HOSPITAL BRITANICO,378.0,salud,2026-09-26,cartola
16,AR,ARS,145725,66,Media,compra en netflix argentina,187.0,ocio,2026-08-17,natural
16,AR,ARS,145725,66,Media,STOCK CENTER,305.0,otros,2026-07-08,cartola
16,AR,ARS,145725,66,Media,CONSORCIO EDIFICIO BELGRANO,165.0,vivienda,2026-01-02,cartola
16,AR,ARS,145725,66,Media,CABIFY,359.0,transporte,2026-10-13,cartola
16,AR,ARS,145725,66,Media,transferencia a edenor,2157.0,servicios,2026-12-25,natural
16,AR,ARS,145725,66,Media,transferencia a papa john's,850.0,alimentacion,2026-01-13,natural
16,AR,ARS,145725,66,Media,compra en rapipago,2049.0,servicios,2026-04-06,natural
16,AR,ARS,145725,66,Media,compra en axion energy,346.0,transporte,2026-08-09,natural
16,AR,ARS,145725,66,Media,EXPENSAS ONLINE,195.0,vivienda,2026-08-26,cartola
16,AR,ARS,145725,66,Media,VITAL MAYORISTA,955.0,alimentacion,2026-04-04,cartola
16,AR,ARS,145725,66,Media,compra en alquileres argentina,236.0,vivienda,2026-12-04,natural
16,AR,ARS,145725,66,Media,PANADERIA SAN JOSE,212.0,alimentacion,2026-09-26,cartola
16,AR,ARS,145725,66,Media,pago a banco santander rio,158.0,otros,2026-06-20,natural
16,AR,ARS,145725,66,Media,gasto en movistar hogar argentina,362.0,servicios,2026-04-04,natural
16,AR,ARS,145725,66,Media,gasto en sancor salud,177.0,salud,2026-05-29,natural
16,AR,ARS,145725,66,Media,UALA,262.0,otros,2026-04-22,cartola
16,AR,ARS,145725,66,Media,pagoa  vital mayorista,669.0,alimentacion,2026-02-24,natural
16,AR,ARS,145725,66,Media,pago a axion energy,230.0,transporte,2026-04-26,natural
16,AR,ARS,145725,66,Media,ATM PEAJE DELLEPIANE,292.0,transporte,2026-07-20,cartola
16,AR,ARS,145725,66,Media,ADMINISTRACION SAN MARTIN,988.0,vivienda,2026-06-29,cartola
16,AR,ARS,145725,66,Media,transferencia a blaisten,351.0,vivienda,2026-12-30,natural
16,AR,ARS,145725,66,Media,PERSICCO,250.0,alimentacion,2026-02-22,cartola
17,AR,ARS,164654,66,Baja,pago a librerias cuspide,961.0,educacion,2026-11-03,natural
17,AR,ARS,164654,66,Baja,transferencia a kentucky pizzeria,319.0,alimentacion,2026-01-30,natural
17,AR,ARS,164654,66,Baja,BANCO MACRO,1872.0,otros,2026-09-24,cartola
17,AR,ARS,164654,66,Baja,TEATRO COLON,2574.0,ocio,2026-04-18,cartola
17,AR,ARS,164654,66,Baja,pago a edesur,5493.0,servicios,2026-11-28,natural
17,AR,ARS,164654,66,Baja,PEAJE ALBERTI,1552.0,transporte,2026-03-31,cartola
17,AR,ARS,164654,66,Baja,HOSPITAL ALEMAN,1368.0,salud,2026-07-24,cartola
17,AR,ARS,164654,66,Baja,STEAM GAMES ARGENTINA,237.0,ocio,2026-08-08,cartola
17,AR,ARS,164654,66,Baja,gasto en easy,400.0,vivienda,2026-04-04,natural
17,AR,ARS,164654,66,Baja,pago a colegio san martin,612.0,educacion,2026-04-13,natural
17,AR,ARS,164654,66,Baja,POS TRX PARAMOUNT+ 7597,1449.0,streaming,2026-08-11,cartola
17,AR,ARS,164654,66,Baja,FIAMBRERIA EL GALPON,2406.0,alimentacion,2026-07-05,cartola
17,AR,ARS,164654,66,Baja,TEA CONNECTION,205.0,alimentacion,2026-07-03,cartola
17,AR,ARS,164654,66,Baja,pago a luna park,2495.0,ocio,2026-06-11,natural
17,AR,ARS,164654,66,Baja,GALENO,1161.0,salud,2026-09-04,cartola
17,AR,ARS,164654,66,Baja,CONSORCIO EDIFICIO BELGRANO,921.0,vivienda,2026-01-31,cartola
17,AR,ARS,164654,66,Baja,pago a puntoticket argentina,218.0,ocio,2026-02-21,natural
17,AR,ARS,164654,66,Baja,transferencia a camuzzi gas pampeana,238.0,servicios,2026-03-17,natural
17,AR,ARS,164654,66,Baja,compra en aguas bonaerenses,820.0,servicios,2026-10-05,natural
17,AR,ARS,164654,66,Baja,SUB*EPEC,1029.0,servicios,2026-02-09,cartola
17,AR,ARS,164654,66,Baja,transferencia a pinturerias prestigio,231.0,vivienda,2026-04-11,natural
17,AR,ARS,164654,66,Baja,EDERSA RIO NEGRO,794.0,servicios,2026-04-21,cartola
17,AR,ARS,164654,66,Baja,compra en la trastienda,1895.0,ocio,2026-11-17,natural
17,AR,ARS,164654,66,Baja,compra en editorial santillana argentina,1759.0,educacion,2026-09-06,natural
17,AR,ARS,164654,66,Baja,pago a puntoticket argentina,2560.0,ocio,2026-07-10,natural
17,AR,ARS,164654,66,Baja,compra en bar el barista argentina,445.0,ocio,2026-07-01,natural
17,AR,ARS,164654,66,Baja,pago a impuestos afip,374.0,otros,2026-12-01,natural
17,AR,ARS,164654,66,Baja,CLINICA MATER DEI,1351.0,salud,2026-07-28,cartola
17,AR,ARS,164654,66,Baja,ADMINISTRACION CONSORCIO PALERMO,551.0,vivienda,2026-01-22,cartola
17,AR,ARS,164654,66,Baja,compra en showcase cinemas,315.0,ocio,2026-04-09,natural
17,AR,ARS,164654,66,Baja,SUC. ALQUILERES ARGENTINA,325.0,vivienda,2026-07-27,cartola
17,AR,ARS,164654,66,Baja,PEAJE ALBERTI,529.0,transporte,2026-01-08,cartola
17,AR,ARS,164654,66,Baja,LITORAL GAS,338.0,servicios,2026-07-09,cartola
17,AR,ARS,164654,66,Baja,ADMINISTRACION SAN MARTIN,394.0,vivienda,2026-06-24,cartola
17,AR,ARS,164654,66,Baja,LABORATORIO STAMBOULIAN,340.0,salud,2026-09-30,cartola
17,AR,ARS,164654,66,Baja,ACCORD SALUD,166.0,salud,2026-03-31,cartola
17,AR,ARS,164654,66,Baja,,990.0,vivienda,2026-05-21,cartola
17,AR,ARS,164654,66,Baja,TER* APPLE MUSIC 6971,888.0,streaming,2026-05-25,cartola
17,AR,ARS,164654,66,Baja,compra en disco,1034.0,alimentacion,2026-06-15,natural
17,AR,ARS,164654,66,Baja,,209.0,ocio,2026-12-03,cartola
17,AR,ARS,164654,66,Baja,compra en litoral gas,342.0,servicios,2026-03-19,natural
17,AR,ARS,164654,66,Baja,YAGUAR,944.0,alimentacion,2026-09-19,cartola
17,AR,ARS,164654,66,Baja,SUBWAY,894.0,alimentacion,2026-06-12,cartola
17,AR,ARS,164654,66,Baja,PEAJE PACHECO,689.0,transporte,2026-01-14,cartola
17,AR,ARS,164654,66,Baja,MEGATLON,421.0,ocio,2026-08-27,cartola
17,AR,ARS,164654,66,Baja,transferencia a ligier pinturerias,2383.0,vivienda,2026-03-13,natural
17,AR,ARS,164654,66,Baja,pago a agip rentas,405.0,otros,2026-05-23,natural
17,AR,ARS,164654,66,Baja,pago a pinturerias prestigio,594.0,vivienda,2026-11-06,natural
17,AR,ARS,164654,66,Baja,,1107.0,servicios,2026-10-10,cartola
17,AR,ARS,164654,66,Baja,TER* SODIMAC,765.0,vivienda,2026-09-26,cartola
17,AR,ARS,164654,66,Baja,pago a carniceria el ombu,416.0,alimentacion,2026-08-29,natural
17,AR,ARS,164654,66,Baja,SUPERMERCADOS DIA,558.0,alimentacion,2026-09-02,cartola
17,AR,ARS,164654,66,Baja,CLINICA MATER DEI,1545.0,salud,2026-06-12,cartola
17,AR,ARS,164654,66,Baja,pago mensual de hbo max,318.0,streaming,2026-03-01,natural
17,AR,ARS,164654,66,Baja,ALMACEN DE PIZZAS,155.0,alimentacion,2026-07-16,cartola
17,AR,ARS,164654,66,Baja,compra en centro rossi,367.0,salud,2026-02-27,natural
17,AR,ARS,164654,66,Baja,pago a avalian,1849.0,salud,2026-11-01,natural
17,AR,ARS,164654,66,Baja,CLINICA MATER DEI,300.0,salud,2026-08-05,cartola
17,AR,ARS,164654,66,Baja,CHANGOMAS,4677.0,alimentacion,2026-01-26,cartola
17,AR,ARS,164654,66,Baja,pago a autopistas del sol ausol,760.0,transporte,2026-10-30,natural
17,AR,ARS,164654,66,Baja,pago a pizzeria guerrin,4090.0,alimentacion,2026-01-05,natural
17,AR,ARS,164654,66,Baja,transferencia a peaje samborombon,2730.0,transporte,2026-01-20,natural
17,AR,ARS,164654,66,Baja,EDENOR,589.0,servicios,2026-07-17,cartola
17,AR,ARS,164654,66,Baja,pago a makro,216.0,alimentacion,2026-02-28,natural
17,AR,ARS,164654,66,Baja,POS TRX CRUNCHYROLL 4903,176.0,streaming,2026-08-30,cartola
17,AR,ARS,164654,66,Baja,PEAJE DELLEPIANE,268.0,transporte,2026-05-26,cartola
17,AR,ARS,164654,66,Baja,SUC. CRUNCHYROLL 4160,1209.0,streaming,2026-09-30,cartola
17,AR,ARS,164654,66,Baja,NATURGY,311.0,servicios,2026-09-06,cartola
17,AR,ARS,164654,66,Baja,pago a multiplex cines,408.0,ocio,2026-01-14,natural
17,AR,ARS,164654,66,Baja,DANDY,581.0,alimentacion,2026-01-13,cartola
17,AR,ARS,164654,66,Baja,gasto en telecentro,2387.0,servicios,2026-02-13,natural
17,AR,ARS,164654,66,Baja,transferencia a prevencion salud,205.0,salud,2026-01-19,natural
17,AR,ARS,164654,66,Baja,compra en medicus,212.0,salud,2026-08-27,natural
17,AR,ARS,164654,66,Baja,gasto en peaje hudson,312.0,transporte,2026-12-03,natural
17,AR,ARS,164654,66,Baja,pago a argenprop,2296.0,vivienda,2026-04-10,natural
17,AR,ARS,164654,66,Baja,compra en prevencion salud,1018.0,salud,2026-06-12,natural
17,AR,ARS,164654,66,Baja,TER* MAX 4390,311.0,streaming,2026-05-02,cartola
17,AR,ARS,164654,66,Baja,EL CUARTITO,190.0,alimentacion,2026-02-13,cartola
17,AR,ARS,164654,66,Baja,SUB*PARAMOUNT+ 4609,340.0,streaming,2026-12-26,cartola
17,AR,ARS,164654,66,Baja,PEAJE SAMBOROMBON,301.0,transporte,2026-11-13,cartola
17,AR,ARS,164654,66,Baja,gasto en aubasa,2772.0,transporte,2026-05-25,natural
17,AR,ARS,164654,66,Baja,pago a cabify,1497.0,transporte,2026-11-23,natural
17,AR,ARS,164654,66,Baja,PEAJE PARQUE AVELLANEDA,606.0,transporte,2026-12-29,cartola
17,AR,ARS,164654,66,Baja,BANCO MACRO,1955.0,otros,2026-02-19,cartola
17,AR,ARS,164654,66,Baja,PEAJE PACHECO,280.0,transporte,2026-03-06,cartola
17,AR,ARS,164654,66,Baja,compra en agip rentas,1233.0,otros,2026-12-21,natural
17,AR,ARS,164654,66,Baja,pago a trenes argentinos,1893.0,transporte,2026-10-15,natural
17,AR,ARS,164654,66,Baja,compra en almacen de barrio,431.0,alimentacion,2026-06-13,natural
17,AR,ARS,164654,66,Baja,gasto en discoteca kika,1383.0,ocio,2026-05-21,natural
17,AR,ARS,164654,66,Baja,transferencia a libreria el ateneo,341.0,educacion,2026-11-10,natural
17,AR,ARS,164654,66,Baja,transferencia a peaje debenedetti,347.0,transporte,2026-05-08,natural
17,AR,ARS,164654,66,Baja,gasto en peaje alberti,291.0,transporte,2026-08-27,natural
17,AR,ARS,164654,66,Baja,CONSORCIO CABALLITO,566.0,vivienda,2026-11-20,cartola
17,AR,ARS,164654,66,Baja,pago a rotiseria la querencia,1277.0,alimentacion,2026-10-23,natural
17,AR,ARS,164654,66,Baja,TER* ALMACEN DE BARRIO,2750.0,alimentacion,2026-07-06,cartola
17,AR,ARS,164654,66,Baja,MAKRO,904.0,alimentacion,2026-07-27,cartola
17,AR,ARS,164654,66,Baja,LIBRERIA SBS,1942.0,educacion,2026-08-08,cartola
17,AR,ARS,164654,66,Baja,TER* SPOTIFY 2802,1688.0,streaming,2026-07-09,cartola
17,AR,ARS,164654,66,Baja,pago mensual de netflix,186.0,streaming,2026-12-12,natural
17,AR,ARS,164654,66,Baja,,649.0,alimentacion,2026-10-11,cartola
17,AR,ARS,164654,66,Baja,compra en arba impuestos,245.0,otros,2026-08-25,natural
17,AR,ARS,164654,66,Baja,compra en personal flow,1119.0,servicios,2026-07-13,natural
17,AR,ARS,164654,66,Baja,transferencia a consorcioabierto,2923.0,vivienda,2026-10-14,natural
17,AR,ARS,164654,66,Baja,AUBASA,152.0,transporte,2026-09-03,cartola
17,AR,ARS,164654,66,Baja,compra en peaje illia,1292.0,transporte,2026-05-16,natural
17,AR,ARS,164654,66,Baja,CLUB DE LA BIRRA,977.0,alimentacion,2026-10-07,cartola
17,AR,ARS,164654,66,Baja,compra en mi barrio hamburgueseria,855.0,alimentacion,2026-09-28,natural
17,AR,ARS,164654,66,Baja,FARMACIAS VANTAGE,483.0,salud,2026-06-20,cartola
17,AR,ARS,164654,66,Baja,compra en boliche input,428.0,ocio,2026-06-08,natural
17,AR,ARS,164654,66,Baja,SANCOR SEGUROS,350.0,otros,2026-02-14,cartola
17,AR,ARS,164654,66,Baja,HAVANNA,240.0,alimentacion,2026-09-21,cartola
17,AR,ARS,164654,66,Baja,TER* KENTUCKY PIZZERIA,220.0,alimentacion,2026-12-30,cartola
17,AR,ARS,164654,66,Baja,pago a maderas ramos,850.0,vivienda,2026-04-13,natural
17,AR,ARS,164654,66,Baja,gasto en netflix argentina,274.0,ocio,2026-11-09,natural
17,AR,ARS,164654,66,Baja,gasto en supermercados dia,2015.0,alimentacion,2026-10-13,natural
17,AR,ARS,164654,66,Baja,compra en telecentro,723.0,servicios,2026-08-18,natural
17,AR,ARS,164654,66,Baja,pago a aguas cordobesas,1174.0,servicios,2026-05-26,natural
17,AR,ARS,164654,66,Baja,transferencia a medife,517.0,salud,2026-07-16,natural
17,AR,ARS,164654,66,Baja,PAPA JOHN'S,803.0,alimentacion,2026-08-09,cartola
17,AR,ARS,164654,66,Baja,PUMA ENERGY,2791.0,transporte,2026-03-01,cartola
17,AR,ARS,164654,66,Baja,BLAISTEN,247.0,vivienda,2026-06-20,cartola
17,AR,ARS,164654,66,Baja,UNIVERSIDAD DE SAN ANDRES,286.0,educacion,2026-06-22,cartola
17,AR,ARS,164654,66,Baja,transferencia a medicus,1478.0,salud,2026-05-31,natural
17,AR,ARS,164654,66,Baja,GAS NEA,346.0,servicios,2026-12-16,cartola
17,AR,ARS,164654,66,Baja,pago a administracion san martin,283.0,vivienda,2026-05-02,natural
17,AR,ARS,164654,66,Baja,,438.0,transporte,2026-04-18,cartola
17,AR,ARS,164654,66,Baja,compra en pinturerias rex,153.0,vivienda,2026-04-03,natural
17,AR,ARS,164654,66,Baja,pago a peaje pacheco,859.0,transporte,2026-01-06,natural
17,AR,ARS,164654,66,Baja,transferencia a mostaza,250.0,alimentacion,2026-10-15,natural
17,AR,ARS,164654,66,Baja,CARGO AUT EPEN NEUQUEN,2207.0,servicios,2026-04-16,cartola
17,AR,ARS,164654,66,Baja,gasto en mi barrio hamburgueseria,1494.0,alimentacion,2026-05-26,natural
17,AR,ARS,164654,66,Baja,transferencia a la birra bar,1174.0,alimentacion,2026-09-28,natural
18,AR,ARS,199346,59,Baja,,1338.0,alimentacion,2026-12-01,cartola
18,AR,ARS,199346,59,Baja,AGUAS CORDOBESAS,541.0,servicios,2026-05-28,cartola
18,AR,ARS,199346,59,Baja,gasto en vea,3911.0,alimentacion,2026-01-09,natural
18,AR,ARS,199346,59,Baja,,409.0,ocio,2026-10-15,cartola
18,AR,ARS,199346,59,Baja,KENTUCKY PIZZERIA,3639.0,alimentacion,2026-02-19,cartola
18,AR,ARS,199346,59,Baja,BONAFIDE,1383.0,alimentacion,2026-12-04,cartola
18,AR,ARS,199346,59,Baja,LITORAL GAS,2974.0,servicios,2026-01-05,cartola
18,AR,ARS,199346,59,Baja,EASY,2105.0,vivienda,2026-12-09,cartola
18,AR,ARS,199346,59,Baja,PEAJE ALBERTI,2012.0,transporte,2026-05-06,cartola
18,AR,ARS,199346,59,Baja,PAC NETFLIX 2264,661.0,streaming,2026-03-16,cartola
18,AR,ARS,199346,59,Baja,MADERAS RAMOS,449.0,vivienda,2026-06-14,cartola
18,AR,ARS,199346,59,Baja,transferencia a tea connection,400.0,alimentacion,2026-10-05,natural
18,AR,ARS,199346,59,Baja,STARBUCKS,3283.0,alimentacion,2026-11-20,cartola
18,AR,ARS,199346,59,Baja,JUMBO,2897.0,alimentacion,2026-10-27,cartola
18,AR,ARS,199346,59,Baja,gasto en consorcio edificio belgrano,980.0,vivienda,2026-10-17,natural
18,AR,ARS,199346,59,Baja,pago a corredores viales,240.0,transporte,2026-03-18,natural
18,AR,ARS,199346,59,Baja,transferencia a uala,813.0,otros,2026-10-25,natural
18,AR,ARS,199346,59,Baja,compra en plusmar,1629.0,transporte,2026-05-17,natural
18,AR,ARS,199346,59,Baja,pago mensual de paramount+,1022.0,streaming,2026-04-16,natural
18,AR,ARS,199346,59,Baja,SUC. MEDICUS,2556.0,salud,2026-04-05,cartola
18,AR,ARS,199346,59,Baja,compra en farmacias vantage,10192.0,salud,2026-05-15,natural
18,AR,ARS,199346,59,Baja,WEBPAY MAX 1612,358.0,streaming,2026-03-09,cartola
18,AR,ARS,199346,59,Baja,DANDY,1038.0,alimentacion,2026-05-27,cartola
18,AR,ARS,199346,59,Baja,pago a puntoticket argentina,951.0,ocio,2026-06-08,natural
18,AR,ARS,199346,59,Baja,gasto en rappi,613.0,alimentacion,2026-06-12,natural
18,AR,ARS,199346,59,Baja,RAPPI,372.0,alimentacion,2026-12-07,cartola
18,AR,ARS,199346,59,Baja,transferencia a la continental,338.0,alimentacion,2026-12-05,natural
18,AR,ARS,199346,59,Baja,pago a banco icbc,3680.0,otros,2026-04-05,natural
18,AR,ARS,199346,59,Baja,SUB*GIRO CAJERO LINK,918.0,otros,2026-06-30,cartola
18,AR,ARS,199346,59,Baja,compra en banco patagonia,1159.0,otros,2026-10-15,natural
18,AR,ARS,199346,59,Baja,SODIMAC,4197.0,vivienda,2026-11-18,cartola
18,AR,ARS,199346,59,Baja,WEBPAY PINTURAS ALBA,2526.0,vivienda,2026-07-06,cartola
18,AR,ARS,199346,59,Baja,ADMINISTRACION SAN MARTIN,236.0,vivienda,2026-05-18,cartola
18,AR,ARS,199346,59,Baja,CARRFEOUR,1406.0,alimentacion,2026-05-10,cartola
18,AR,ARS,199346,59,Baja,pago a accord salud,985.0,salud,2026-07-13,natural
18,AR,ARS,199346,59,Baja,gasto en easy,2692.0,vivienda,2026-11-12,natural
18,AR,ARS,199346,59,Baja,gasto en puntoticket argentina,2173.0,ocio,2026-09-30,natural
18,AR,ARS,199346,59,Baja,STOCK CENTER,1978.0,otros,2026-12-18,cartola
18,AR,ARS,199346,59,Baja,suscripción a paramount+,702.0,streaming,2026-05-24,natural
18,AR,ARS,199346,59,Baja,PANADERIA SAN JOSE,2757.0,alimentacion,2026-01-16,cartola
18,AR,ARS,199346,59,Baja,compra en aubasa,195.0,transporte,2026-09-02,natural
18,AR,ARS,199346,59,Baja,transferencia a pinturerias rex,293.0,vivienda,2026-04-17,natural
18,AR,ARS,199346,59,Baja,MI BARRIO HAMBURGUESERIA,690.0,alimentacion,2026-03-29,cartola
18,AR,ARS,199346,59,Baja,COMPRA WEB OSECAC,278.0,salud,2026-12-07,cartola
18,AR,ARS,199346,59,Baja,transferencia a ligier pinturerias,452.0,vivienda,2026-01-04,natural
18,AR,ARS,199346,59,Baja,transferencia a pinturas alba,2991.0,vivienda,2026-11-23,natural
18,AR,ARS,199346,59,Baja,transferencia a peaje illia,4995.0,transporte,2026-11-02,natural
18,AR,ARS,199346,59,Baja,transferencia a provincia net,613.0,servicios,2026-04-05,natural
18,AR,ARS,199346,59,Baja,TELEPASE AUTOPISTAS,518.0,transporte,2026-07-28,cartola
18,AR,ARS,199346,59,Baja,SUB*YPF,554.0,transporte,2026-08-13,cartola
18,AR,ARS,199346,59,Baja,transferencia a peaje dock sud,549.0,transporte,2026-12-14,natural
18,AR,ARS,199346,59,Baja,PARQUE DE LA COSTA,373.0,ocio,2026-11-17,cartola
18,AR,ARS,199346,59,Baja,NATURGY,4413.0,servicios,2026-02-16,cartola
18,AR,ARS,199346,59,Baja,EMOVA SUBTE,406.0,transporte,2026-06-30,cartola
18,AR,ARS,199346,59,Baja,gasto en williamsburg,919.0,alimentacion,2026-04-16,natural
18,AR,ARS,199346,59,Baja,pago a easy,348.0,vivienda,2026-04-16,natural
18,AR,ARS,199346,59,Baja,gasto en boliche input,3292.0,ocio,2026-10-07,natural
18,AR,ARS,199346,59,Baja,,2216.0,servicios,2026-09-17,natural
18,AR,ARS,199346,59,Baja,transferencia a provincia net,4947.0,servicios,2026-04-18,natural
18,AR,ARS,199346,59,Baja,transferencia a pizzeria guerrin,2567.0,alimentacion,2026-01-19,natural
18,AR,ARS,199346,59,Baja,pago a sportclub,635.0,ocio,2026-10-23,natural
18,AR,ARS,199346,59,Baja,compra en universidad de buenos aires uba,480.0,educacion,2026-11-02,natural
18,AR,ARS,199346,59,Baja,BANCO ICBC,2018.0,otros,2026-06-20,cartola
18,AR,ARS,199346,59,Baja,HOSPITAL BRITANICO,764.0,salud,2026-11-27,cartola
18,AR,ARS,199346,59,Baja,,1409.0,vivienda,2026-07-14,cartola
18,AR,ARS,199346,59,Baja,compra en aguas cordobesas,161.0,servicios,2026-07-14,natural
18,AR,ARS,199346,59,Baja,UNIVERSIDAD DE PALERMO UP,176.0,educacion,2026-07-01,cartola
18,AR,ARS,199346,59,Baja,gasto en ligier pinturerias,1293.0,vivienda,2026-11-01,natural
18,AR,ARS,199346,59,Baja,ATM DANDY,1408.0,alimentacion,2026-05-24,cartola
18,AR,ARS,199346,59,Baja,OSECAC,2348.0,salud,2026-11-12,cartola
18,AR,ARS,199346,59,Baja,compra en colegio northlands,239.0,educacion,2026-07-01,natural
18,AR,ARS,199346,59,Baja,EDET TUCUMAN,1214.0,servicios,2026-01-30,cartola
18,AR,ARS,199346,59,Baja,SANATORIO GUEMES,365.0,salud,2026-03-25,cartola
18,AR,ARS,199346,59,Baja,DIRACO,165.0,alimentacion,2026-06-15,cartola
18,AR,ARS,199346,59,Baja,AGUAS BONAERENSES,891.0,servicios,2026-10-11,cartola
18,AR,ARS,199346,59,Baja,compra en el club de la milanesa,301.0,alimentacion,2026-10-08,natural
18,AR,ARS,199346,59,Baja,NF* MAX 4668,423.0,streaming,2026-04-06,cartola
18,AR,ARS,199346,59,Baja,gasto en peaje pacheco,644.0,transporte,2026-09-23,natural
18,AR,ARS,199346,59,Baja,FN* HBO MAX 7792,507.0,streaming,2026-10-25,cartola
18,AR,ARS,199346,59,Baja,EL NOBLE,155.0,alimentacion,2026-10-23,cartola
18,AR,ARS,199346,59,Baja,LIGIER PINTURERIAS,159.0,vivienda,2026-08-13,cartola
18,AR,ARS,199346,59,Baja,pago a peaje parque avellaneda,362.0,transporte,2026-11-29,natural
18,AR,ARS,199346,59,Baja,MEDIFE,254.0,salud,2026-02-11,cartola
18,AR,ARS,199346,59,Baja,AGUAS BONAERENSES,1661.0,servicios,2026-10-30,cartola
18,AR,ARS,199346,59,Baja,PEAJE ILLIA,571.0,transporte,2026-09-03,cartola
18,AR,ARS,199346,59,Baja,LA MEZZETTA,554.0,alimentacion,2026-07-27,cartola
18,AR,ARS,199346,59,Baja,pago mensual de paramount+,681.0,streaming,2026-08-25,natural
18,AR,ARS,199346,59,Baja,PEAJE PARQUE AVELLANEDA,1834.0,transporte,2026-01-22,cartola
18,AR,ARS,199346,59,Baja,PINTURERIAS REX,3450.0,vivienda,2026-07-04,cartola
18,AR,ARS,199346,59,Baja,CARREFOUR,2401.0,alimentacion,2026-08-30,cartola
18,AR,ARS,199346,59,Baja,gasto en ferreteria industrial,2193.0,vivienda,2026-12-29,natural
18,AR,ARS,199346,59,Baja,PAC ON FIT,1117.0,ocio,2026-10-10,cartola
18,AR,ARS,199346,59,Baja,EDERSA RIO NEGRO,1996.0,servicios,2026-02-10,cartola
18,AR,ARS,199346,59,Baja,ATM ALMACEN DE BARRIO,1357.0,alimentacion,2026-12-02,cartola
18,AR,ARS,199346,59,Baja,compra en makro,411.0,alimentacion,2026-06-11,natural
18,AR,ARS,199346,59,Baja,compra en peaje dock sud,395.0,transporte,2026-06-09,natural
18,AR,ARS,199346,59,Baja,pago a telecentro,593.0,servicios,2026-03-30,natural
18,AR,ARS,199346,59,Baja,SUC. ADMINISTRACION SAN MARTIN,4077.0,vivienda,2026-11-18,cartola
18,AR,ARS,199346,59,Baja,MAX HBO ARGENTINA,1337.0,ocio,2026-01-12,cartola
18,AR,ARS,199346,59,Baja,CARGO AUT AYSA,2233.0,servicios,2026-03-14,cartola
18,AR,ARS,199346,59,Baja,compra en universidad de san andres,718.0,educacion,2026-03-17,natural
18,AR,ARS,199346,59,Baja,ZARA ARGENTINA,884.0,otros,2026-12-12,cartola
18,AR,ARS,199346,59,Baja,compra en heisenburger,226.0,alimentacion,2026-07-20,natural
18,AR,ARS,199346,59,Baja,LE PAIN QUOTIDIEN,317.0,alimentacion,2026-01-10,cartola
18,AR,ARS,199346,59,Baja,CAMUZZI GAS PAMPEANA,2963.0,servicios,2026-12-18,cartola
18,AR,ARS,199346,59,Baja,pago a didi argentina,1483.0,transporte,2026-08-14,natural
18,AR,ARS,199346,59,Baja,gasto en administracion consorcio palermo,695.0,vivienda,2026-06-25,natural
18,AR,ARS,199346,59,Baja,BOLICHE INPUT,2739.0,ocio,2026-10-03,cartola
18,AR,ARS,199346,59,Baja,gasto en aguas bonaerenses,477.0,servicios,2026-02-08,natural
18,AR,ARS,199346,59,Baja,gasto en steam games argentina,6294.0,ocio,2026-03-01,natural
18,AR,ARS,199346,59,Baja,gasto en kentucky pizzeria,713.0,alimentacion,2026-03-07,natural
18,AR,ARS,199346,59,Baja,transferencia a chevallier,694.0,transporte,2026-11-17,natural
18,AR,ARS,199346,59,Baja,gasto en farmacia azul,631.0,salud,2026-05-04,natural
18,AR,ARS,199346,59,Baja,EDITORIAL SANTILLANA ARGENTINA,220.0,educacion,2026-06-13,cartola
18,AR,ARS,199346,59,Baja,NF* UNIVERSIDAD TORCUATO DI TELLA UTDT,199.0,educacion,2026-06-08,cartola
18,AR,ARS,199346,59,Baja,CABIFY,1762.0,transporte,2026-02-26,cartola
18,AR,ARS,199346,59,Baja,transferencai a giro cajero banelco,3509.0,otros,2026-03-19,natural
19,AR,ARS,146803,68,Baja,MEDIFE,341.0,salud,2026-08-18,cartola
19,AR,ARS,146803,68,Baja,,2742.0,salud,2026-08-08,cartola
19,AR,ARS,146803,68,Baja,pago a smart fit argentina,1067.0,ocio,2026-03-06,natural
19,AR,ARS,146803,68,Baja,suscripción a paramount+,1029.0,streaming,2026-12-21,natural
19,AR,ARS,146803,68,Baja,compra en colegio champagnat,860.0,educacion,2026-08-20,natural
19,AR,ARS,146803,68,Baja,compra en steam games argentina,221.0,ocio,2026-02-21,natural
19,AR,ARS,146803,68,Baja,transferencia a pontificia universidad catolica uca,267.0,educacion,2026-09-20,natural
19,AR,ARS,146803,68,Baja,PEAJE ALBERTI,1139.0,transporte,2026-09-24,cartola
19,AR,ARS,146803,68,Baja,CARGO AUT IMPUESTOS AFIP,517.0,otros,2026-12-25,cartola
19,AR,ARS,146803,68,Baja,NF* MADERAS RAMOS,3091.0,vivienda,2026-11-13,cartola
19,AR,ARS,146803,68,Baja,transferencia a epen neuquen,647.0,servicios,2026-11-20,natural
19,AR,ARS,146803,68,Baja,PAGOMISCUENTAS,192.0,servicios,2026-06-03,cartola
19,AR,ARS,146803,68,Baja,compra en jumbo,1555.0,alimentacion,2026-12-24,natural
19,AR,ARS,146803,68,Baja,LITORAL GAS,431.0,servicios,2026-05-20,cartola
19,AR,ARS,146803,68,Baja,CORREDORES VIALES,924.0,transporte,2026-02-20,cartola
19,AR,ARS,146803,68,Baja,BONAFIDE,1484.0,alimentacion,2026-04-27,cartola
19,AR,ARS,146803,68,Baja,gasto en colegio marin,2859.0,educacion,2026-02-15,natural
19,AR,ARS,146803,68,Baja,MCDONALD'S,1948.0,alimentacion,2026-11-05,cartola
19,AR,ARS,146803,68,Baja,transferencia a comisiones banco galicia,1399.0,otros,2026-03-29,natural
19,AR,ARS,146803,68,Baja,gasto en pani,1412.0,alimentacion,2026-07-27,natural
19,AR,ARS,146803,68,Baja,PINTURAS ALBA,3618.0,vivienda,2026-09-26,cartola
19,AR,ARS,146803,68,Baja,SUB*AGUAS CORDOBESAS,435.0,servicios,2026-03-30,cartola
19,AR,ARS,146803,68,Baja,transferencia a aubasa,274.0,transporte,2026-04-28,natural
19,AR,ARS,146803,68,Baja,RAPPI,394.0,alimentacion,2026-02-23,cartola
19,AR,ARS,146803,68,Baja,transferencia a personal flow,305.0,servicios,2026-04-26,natural
19,AR,ARS,146803,68,Baja,pago a steam games argentina,1345.0,ocio,2026-04-28,natural
19,AR,ARS,146803,68,Baja,gasto en discoteca kika,1245.0,ocio,2026-09-17,natural
19,AR,ARS,146803,68,Baja,SODIMAC,1116.0,vivienda,2026-03-16,cartola
19,AR,ARS,146803,68,Baja,pago a hospital britanico,373.0,salud,2026-11-01,natural
19,AR,ARS,146803,68,Baja,PAGO TC SPOTIFY 1987,1618.0,streaming,2026-01-07,cartola
19,AR,ARS,146803,68,Baja,MOVISTAR ARENA ARGENTINA,485.0,ocio,2026-05-02,cartola
19,AR,ARS,146803,68,Baja,gasto en peaje hudson,1356.0,transporte,2026-01-11,natural
19,AR,ARS,146803,68,Baja,POS TRX PEAJE DELLEPIANE,1009.0,transporte,2026-12-14,cartola
19,AR,ARS,146803,68,Baja,transferencia a dandy,520.0,alimentacion,2026-08-03,natural
19,AR,ARS,146803,68,Baja,transferencia a edesur,179.0,servicios,2026-10-06,natural
19,AR,ARS,146803,68,Baja,AUTOPISTAS DEL OESTE,177.0,transporte,2026-08-23,cartola
19,AR,ARS,146803,68,Baja,UNIVERSIDAD DE SAN ANDRES,2209.0,educacion,2026-11-09,cartola
19,AR,ARS,146803,68,Baja,pago a metrovias,3108.0,transporte,2026-01-26,natural
19,AR,ARS,146803,68,Baja,gasto en consorcio edificio belgrano,1301.0,vivienda,2026-02-23,natural
19,AR,ARS,146803,68,Baja,GAS NEA,178.0,servicios,2026-12-19,cartola
19,AR,ARS,146803,68,Baja,compra en pinturerias rex,638.0,vivienda,2026-06-13,natural
19,AR,ARS,146803,68,Baja,OSDE,1619.0,salud,2026-09-27,cartola
19,AR,ARS,146803,68,Baja,SUB*MAKRO,1877.0,alimentacion,2026-11-30,cartola
19,AR,ARS,146803,68,Baja,LIGIER PINTURERIAS,156.0,vivienda,2026-02-04,cartola
19,AR,ARS,146803,68,Baja,NF* AGIP RENTAS,179.0,otros,2026-12-14,cartola
19,AR,ARS,146803,68,Baja,gasto en peaje illia,1544.0,transporte,2026-09-30,natural
19,AR,ARS,146803,68,Baja,transferencia a libreria scholastica,547.0,educacion,2026-07-27,natural
19,AR,ARS,146803,68,Baja,gasto en telepase autopistas,364.0,transporte,2026-08-26,natural
19,AR,ARS,146803,68,Baja,CARNICERIA EL OMBU,307.0,alimentacion,2026-04-03,cartola
19,AR,ARS,146803,68,Baja,ATM PEAJE DOCK SUD,964.0,transporte,2026-06-22,cartola
19,AR,ARS,146803,68,Baja,pago a peaje larena,2362.0,transporte,2026-03-20,natural
19,AR,ARS,146803,68,Baja,PUNTOTICKET ARGENTINA,3920.0,ocio,2026-04-20,cartola
19,AR,ARS,146803,68,Baja,transferencia a arba impuestos,1034.0,otros,2026-08-05,natural
19,AR,ARS,146803,68,Baja,SUC. WILLIAMSBURG,896.0,alimentacion,2026-12-24,cartola
19,AR,ARS,146803,68,Baja,,255.0,alimentacion,2026-02-16,cartola
19,AR,ARS,146803,68,Baja,NF* EDESAL SAN LUIS,987.0,servicios,2026-06-30,cartola
19,AR,ARS,146803,68,Baja,pago a federacion patronal seguros,593.0,otros,2026-03-05,natural
19,AR,ARS,146803,68,Baja,WEBPAY YOUTUBE PREMIUM 6747,1159.0,streaming,2026-09-03,cartola
19,AR,ARS,146803,68,Baja,,610.0,transporte,2026-09-01,cartola
19,AR,ARS,146803,68,Baja,transferencia a sanatorio otamendi,341.0,salud,2026-11-16,natural
19,AR,ARS,146803,68,Baja,compra en parque de la costa,236.0,ocio,2026-08-05,natural
19,AR,ARS,146803,68,Baja,HOSPITAL ITALIANO,469.0,salud,2026-01-07,cartola
19,AR,ARS,146803,68,Baja,transferencia a fiambreria el galpon,171.0,alimentacion,2026-12-03,natural
19,AR,ARS,146803,68,Baja,SUC. MAX 9/11,241.0,streaming,2026-07-29,cartola
19,AR,ARS,146803,68,Baja,AGUAS CORDOBESAS,5418.0,servicios,2026-06-18,cartola
19,AR,ARS,146803,68,Baja,gasto en trenes argentinos,728.0,transporte,2026-11-26,natural
19,AR,ARS,146803,68,Baja,gasto en diagnostico maipu,941.0,salud,2026-05-18,natural
19,AR,ARS,146803,68,Baja,compra en consorcio edificio belgrano,2565.0,vivienda,2026-11-02,natural
19,AR,ARS,146803,68,Baja,gasto en blaisten,6720.0,vivienda,2026-08-18,natural
19,AR,ARS,146803,68,Baja,BANCO BBVA,1084.0,otros,2026-11-04,cartola
19,AR,ARS,146803,68,Baja,pago a persicco,2076.0,alimentacion,2026-06-10,natural
19,AR,ARS,146803,68,Baja,compra en peaje hudson,491.0,transporte,2026-01-01,natural
19,AR,ARS,146803,68,Baja,compra en ypf,453.0,transporte,2026-08-24,natural
19,AR,ARS,146803,68,Baja,,639.0,transporte,2026-07-07,cartola
19,AR,ARS,146803,68,Baja,PEAJE SAMBOROMBON,1384.0,transporte,2026-01-04,cartola
19,AR,ARS,146803,68,Baja,pago a luna park,1422.0,ocio,2026-05-12,natural
19,AR,ARS,146803,68,Baja,DISCOTECA KIKA,470.0,ocio,2026-08-06,cartola
19,AR,ARS,146803,68,Baja,COMPRA WEB TELECENTRO,177.0,servicios,2026-09-17,cartola
19,AR,ARS,146803,68,Baja,PUNTOTICKET ARGENTINA,1241.0,ocio,2026-01-01,cartola
19,AR,ARS,146803,68,Baja,gasto en gas nea,170.0,servicios,2026-03-12,natural
19,AR,ARS,146803,68,Baja,pago a diagnostico maipu,1071.0,salud,2026-06-27,natural
19,AR,ARS,146803,68,Baja,ALMACEN DE PIZZAS,1466.0,alimentacion,2026-07-08,cartola
19,AR,ARS,146803,68,Baja,transferencia a papa john's,1496.0,alimentacion,2026-10-18,natural
19,AR,ARS,146803,68,Baja,transferencia a avalian,1737.0,salud,2026-01-08,natural
19,AR,ARS,146803,68,Baja,gasto en expensas online,2558.0,vivienda,2026-09-10,natural
19,AR,ARS,146803,68,Baja,PREVENCINO SALUD,859.0,salud,2026-10-19,cartola
19,AR,ARS,146803,68,Baja,compra en el cuartito,1625.0,alimentacion,2026-09-01,natural
19,AR,ARS,146803,68,Baja,LIBRERIA EL ATENEO,1197.0,educacion,2026-05-03,cartola
19,AR,ARS,146803,68,Baja,gasto en carrefour,256.0,alimentacion,2026-10-26,natural
19,AR,ARS,146803,68,Baja,PAGOMISCUENTAS,176.0,servicios,2026-02-01,cartola
19,AR,ARS,146803,68,Baja,suscripción a netflix,415.0,streaming,2026-11-30,natural
19,AR,ARS,146803,68,Baja,gasto en edersa rio negro,726.0,servicios,2026-05-26,natural
19,AR,ARS,146803,68,Baja,gasto en naturgy,1191.0,servicios,2026-06-05,natural
19,AR,ARS,146803,68,Baja,compra en makro,2352.0,alimentacion,2026-01-16,natural
19,AR,ARS,146803,68,Baja,transferencia a pinturas alba,271.0,vivienda,2026-12-21,natural
19,AR,ARS,146803,68,Baja,pago a telecentro,166.0,servicios,2026-02-16,natural
19,AR,ARS,146803,68,Baja,compra en peaje dellepiane,4105.0,transporte,2026-09-08,natural
19,AR,ARS,146803,68,Baja,CARGO AUT LIBRERIA YENNY,336.0,educacion,2026-01-31,cartola
19,AR,ARS,146803,68,Baja,KFC,807.0,alimentacion,2026-09-17,cartola
19,AR,ARS,146803,68,Baja,PAGO TC PERSONAL FLOW,1092.0,servicios,2026-01-17,cartola
19,AR,ARS,146803,68,Baja,CONSORCIOABIERTO,967.0,vivienda,2026-02-08,cartola
19,AR,ARS,146803,68,Baja,transferencia a aubasa,197.0,transporte,2026-02-08,natural
19,AR,ARS,146803,68,Baja,LIBRERIAS CUSPIDE,281.0,educacion,2026-01-30,cartola
19,AR,ARS,146803,68,Baja,pago a camuzzi gas pampeana,307.0,servicios,2026-10-05,natural
19,AR,ARS,146803,68,Baja,AMAZON PRIME ARGENTINA,1092.0,ocio,2026-07-22,cartola
19,AR,ARS,146803,68,Baja,gasto en kfc,975.0,alimentacion,2026-03-07,natural
19,AR,ARS,146803,68,Baja,compra en optica lutz ferrando,330.0,salud,2026-04-18,natural
19,AR,ARS,146803,68,Baja,AGUAS BONAERENSES,1259.0,servicios,2026-09-25,cartola
19,AR,ARS,146803,68,Baja,compra en galeno,2127.0,salud,2026-08-10,natural
19,AR,ARS,146803,68,Baja,compra en movistar hogar argentina,185.0,servicios,2026-01-18,natural
19,AR,ARS,146803,68,Baja,HOSPITAL BRITANICO,855.0,salud,2026-03-31,cartola
20,AR,ARS,196216,7,Baja,pago a vea,183.0,alimentacion,2026-01-14,natural
20,AR,ARS,196216,7,Baja,SUC. SMART FIT ARGENTINA,956.0,ocio,2026-02-14,cartola
20,AR,ARS,196216,7,Baja,transferencia a boliche input,329.0,ocio,2026-08-04,natural
20,AR,ARS,196216,7,Baja,TER* AMAZON PRIME 27/11,3710.0,streaming,2026-08-21,cartola
20,AR,ARS,196216,7,Baja,pago a banco santander rio,332.0,otros,2026-07-12,natural
20,AR,ARS,196216,7,Baja,gasto en metrogas,422.0,servicios,2026-02-20,natural
20,AR,ARS,196216,7,Baja,gasto en peaje alberti,779.0,transporte,2026-08-02,natural
20,AR,ARS,196216,7,Baja,CARGO AUT PROVINCIA NET,1363.0,servicios,2026-05-31,cartola
20,AR,ARS,196216,7,Baja,PLAYSTATION NETWORK AR,534.0,ocio,2026-10-02,cartola
20,AR,ARS,196216,7,Baja,pago a plusmar,463.0,transporte,2026-12-04,natural
20,AR,ARS,196216,7,Baja,transferencia a pagomiscuentas,4580.0,servicios,2026-03-17,natural
20,AR,ARS,196216,7,Baja,GALENO,332.0,salud,2026-08-08,cartola
20,AR,ARS,196216,7,Baja,LITORAL GAS,1900.0,servicios,2026-12-14,cartola
20,AR,ARS,196216,7,Baja,gasto en provincia net,337.0,servicios,2026-07-06,natural
20,AR,ARS,196216,7,Baja,SANATORIO FINOCHIETTO,1299.0,salud,2026-10-16,cartola
20,AR,ARS,196216,7,Baja,VITAL MAYORISTA,811.0,alimentacion,2026-01-28,cartola
20,AR,ARS,196216,7,Baja,PAC PARAMOUNT+ 1/11,353.0,streaming,2026-06-29,cartola
20,AR,ARS,196216,7,Baja,NF* DIARCO,1745.0,alimentacion,2026-09-10,cartola
20,AR,ARS,196216,7,Baja,compra en farmacias vantage,275.0,salud,2026-06-26,natural
20,AR,ARS,196216,7,Baja,transferencia a la trastienda,217.0,ocio,2026-02-06,natural
20,AR,ARS,196216,7,Baja,gasto en axion energy,705.0,transporte,2026-04-09,natural
20,AR,ARS,196216,7,Baja,compra en aguas cordobesas,365.0,servicios,2026-04-08,natural
20,AR,ARS,196216,7,Baja,compra en libreria el ateneo,794.0,educacion,2026-05-07,natural
20,AR,ARS,196216,7,Baja,ADMINISTRACION SAN MARTIN,317.0,vivienda,2026-03-21,cartola
20,AR,ARS,196216,7,Baja,PINTURAS ALBA,187.0,vivienda,2026-11-29,cartola
20,AR,ARS,196216,7,Baja,LITORAL GAS,275.0,servicios,2026-12-09,cartola
20,AR,ARS,196216,7,Baja,PERSICCO,177.0,alimentacion,2026-11-06,cartola
20,AR,ARS,196216,7,Baja,gasto en alquileres argentina,518.0,vivienda,2026-05-30,natural
20,AR,ARS,196216,7,Baja,compra en coto,1175.0,alimentacion,2026-01-16,natural
20,AR,ARS,196216,7,Baja,compra en litroal gas,1988.0,servicios,2026-01-28,natural
20,AR,ARS,196216,7,Baja,PEAJE HUDSON,1520.0,transporte,2026-06-22,cartola
20,AR,ARS,196216,7,Baja,compra en sodimac,185.0,vivienda,2026-02-15,natural
20,AR,ARS,196216,7,Baja,compra en dandy,490.0,alimentacion,2026-11-24,natural
20,AR,ARS,196216,7,Baja,JUMBO,187.0,alimentacion,2026-08-24,cartola
20,AR,ARS,196216,7,Baja,NF* EDERSA RIO NEGRO,259.0,servicios,2026-08-02,cartola
20,AR,ARS,196216,7,Baja,ADMINISTRACION SAN MARTIN,590.0,vivienda,2026-03-26,cartola
20,AR,ARS,196216,7,Baja,suscripción a hbo max,175.0,streaming,2026-08-20,natural
20,AR,ARS,196216,7,Baja,pago a panaderia san jose,207.0,alimentacion,2026-03-26,natural
20,AR,ARS,196216,7,Baja,compra en gas nea,2308.0,servicios,2026-03-06,natural
20,AR,ARS,196216,7,Baja,pago a subway,529.0,alimentacion,2026-05-14,natural
20,AR,ARS,196216,7,Baja,OSDE,497.0,salud,2026-05-31,cartola
20,AR,ARS,196216,7,Baja,TER* GIRO CAJERO LINK,264.0,otros,2026-03-05,cartola
20,AR,ARS,196216,7,Baja,TER* AXION ENERGY,240.0,transporte,2026-12-09,cartola
20,AR,ARS,196216,7,Baja,compra en aguas cordobesas,1696.0,servicios,2026-12-29,natural
20,AR,ARS,196216,7,Baja,compra en las cuartetas,152.0,alimentacion,2026-12-18,natural
20,AR,ARS,196216,7,Baja,COMPRA WEB MOSTAZA,452.0,alimentacion,2026-06-07,cartola
20,AR,ARS,196216,7,Baja,pago a edesur,226.0,servicios,2026-05-26,natural
20,AR,ARS,196216,7,Baja,SUB*ALQUILERES ARGENTINA,548.0,vivienda,2026-12-09,cartola
20,AR,ARS,196216,7,Baja,gasto en peaje dock sud,356.0,transporte,2026-08-13,natural
20,AR,ARS,196216,7,Baja,AGUAS BONAERENSES,1443.0,servicios,2026-11-09,cartola
20,AR,ARS,196216,7,Baja,pago a argenprop,1468.0,vivienda,2026-04-13,natural
20,AR,ARS,196216,7,Baja,compra en emova subte,1306.0,transporte,2026-12-13,natural
20,AR,ARS,196216,7,Baja,transferencia a litoral gas,281.0,servicios,2026-10-28,natural
20,AR,ARS,196216,7,Baja,YPF,1530.0,transporte,2026-03-29,cartola
20,AR,ARS,196216,7,Baja,CARGO AUT YOUTUBE PREMIUM 8/12,660.0,streaming,2026-10-30,cartola
20,AR,ARS,196216,7,Baja,cargo de netflix,394.0,streaming,2026-06-17,natural
20,AR,ARS,196216,7,Baja,gasto en autopistas del sol ausol,827.0,transporte,2026-06-19,natural
20,AR,ARS,196216,7,Baja,PIZZERIA GUERRIN,284.0,alimentacion,2026-02-19,cartola
20,AR,ARS,196216,7,Baja,PAC EPEN NEUQUEN,325.0,servicios,2026-12-06,cartola
20,AR,ARS,196216,7,Baja,gasto en parque de la cotsa,1143.0,ocio,2026-12-13,natural
20,AR,ARS,196216,7,Baja,FLECHA BUS,236.0,transporte,2026-05-14,cartola
20,AR,ARS,196216,7,Baja,pago a metrogas,768.0,servicios,2026-12-13,natural
20,AR,ARS,196216,7,Baja,transferencia a peaje dellepiane,410.0,transporte,2026-05-17,natural
20,AR,ARS,196216,7,Baja,suscripción a netflix,1626.0,streaming,2026-09-02,natural
20,AR,ARS,196216,7,Baja,gasto en comisiones banco comafi,2566.0,otros,2026-04-19,natural
20,AR,ARS,196216,7,Baja,METROGAS,1812.0,servicios,2026-11-09,cartola
20,AR,ARS,196216,7,Baja,CONSORCIO EDIFICIO BELGRANO,266.0,vivienda,2026-10-14,cartola
20,AR,ARS,196216,7,Baja,SUC. TELECENTRO,182.0,servicios,2026-01-21,cartola
20,AR,ARS,196216,7,Baja,HAVANNA,542.0,alimentacion,2026-03-31,cartola
20,AR,ARS,196216,7,Baja,gasto en medicus,189.0,salud,2026-04-22,natural
20,AR,ARS,196216,7,Baja,compra en peaje hudson,194.0,transporte,2026-03-18,natural
20,AR,ARS,196216,7,Baja,ARGENPROP,679.0,vivienda,2026-06-26,cartola
20,AR,ARS,196216,7,Baja,CONSORCIOABIERTO,619.0,vivienda,2026-12-09,cartola
20,AR,ARS,196216,7,Baja,pago a ferreteria industrial,4397.0,vivienda,2026-05-28,natural
20,AR,ARS,196216,7,Baja,CONSORCIO EDIFICIO BELGRANO,190.0,vivienda,2026-04-11,cartola
20,AR,ARS,196216,7,Baja,TARJETA NARANJA,252.0,otros,2026-09-03,cartola
20,AR,ARS,196216,7,Baja,PEAJE SAMBOROMBON,266.0,transporte,2026-04-02,cartola
20,AR,ARS,196216,7,Baja,pago a pagomiscuentas,2103.0,servicios,2026-01-28,natural
20,AR,ARS,196216,7,Baja,transferencia a almacen de barrio,1268.0,alimentacion,2026-01-25,natural
20,AR,ARS,196216,7,Baja,compra en supermercados dia,1456.0,alimentacion,2026-02-27,natural
20,AR,ARS,196216,7,Baja,compra en banco macro,1964.0,otros,2026-10-24,natural
20,AR,ARS,196216,7,Baja,AGUAS BONAERENSES,627.0,servicios,2026-05-14,cartola
20,AR,ARS,196216,7,Baja,PEAJE ILLIA,506.0,transporte,2026-11-27,cartola
20,AR,ARS,196216,7,Baja,TRENES ARGENTINOS,338.0,transporte,2026-09-06,cartola
20,AR,ARS,196216,7,Baja,gasto en prevencion salud,750.0,salud,2026-02-07,natural
20,AR,ARS,196216,7,Baja,gasto en peaje parque avellaneda,510.0,transporte,2026-03-16,natural
20,AR,ARS,196216,7,Baja,MOVISTAR HOGAR ARGENTINA,506.0,servicios,2026-05-22,cartola
20,AR,ARS,196216,7,Baja,CARREFOUR,2329.0,alimentacion,2026-11-18,cartola
20,AR,ARS,196216,7,Baja,FERRETERIA INDUSTRIAL,3486.0,vivienda,2026-06-17,cartola
20,AR,ARS,196216,7,Baja,gasto en on fit,1342.0,ocio,2026-09-16,natural
20,AR,ARS,196216,7,Baja,pago a opticas lof,1191.0,salud,2026-12-21,natural
20,AR,ARS,196216,7,Baja,PAC DEXTER,962.0,otros,2026-08-13,cartola
20,AR,ARS,196216,7,Baja,transferencia a allianz seguros,153.0,otros,2026-06-01,natural
20,AR,ARS,196216,7,Baja,compra en supermercados dia,168.0,alimentacion,2026-05-26,natural
20,AR,ARS,196216,7,Baja,gasto en fiter gimnasios,989.0,ocio,2026-08-29,natural
20,AR,ARS,196216,7,Baja,EDERSA RIO NEGRO,1100.0,servicios,2026-12-10,cartola
20,AR,ARS,196216,7,Baja,COMPRA WEB APPLE MUSIC 2890,184.0,streaming,2026-07-09,cartola
20,AR,ARS,196216,7,Baja,transferencia a farmacias selma,2218.0,salud,2026-01-01,natural
20,AR,ARS,196216,7,Baja,gasto en accord salud,302.0,salud,2026-05-06,natural
20,AR,ARS,196216,7,Baja,ITBA,284.0,educacion,2026-12-11,cartola
20,AR,ARS,196216,7,Baja,EDESAL SAN LUIS,940.0,servicios,2026-08-14,cartola
20,AR,ARS,196216,7,Baja,pago a opticas lof,157.0,salud,2026-08-09,natural
20,AR,ARS,196216,7,Baja,PAGO TC SPOTIFY 9274,296.0,streaming,2026-07-30,cartola
20,AR,ARS,196216,7,Baja,pago a zonaprop,339.0,vivienda,2026-01-25,natural
20,AR,ARS,196216,7,Baja,SUB*PAGOMISCUENTAS,1224.0,servicios,2026-01-16,cartola
20,AR,ARS,196216,7,Baja,NF* BOLICHE INPUT,450.0,ocio,2026-07-01,cartola
20,AR,ARS,196216,7,Baja,POS TRX KFC,892.0,alimentacion,2026-11-25,cartola
20,AR,ARS,196216,7,Baja,gasto en aguas cordobesas,730.0,servicios,2026-05-09,natural
20,AR,ARS,196216,7,Baja,AMAZON PRIME ARGENTINA,191.0,ocio,2026-12-02,cartola
20,AR,ARS,196216,7,Baja,AGUAS BONAERENSES,3766.0,servicios,2026-08-24,cartola
20,AR,ARS,196216,7,Baja,NETFLIX ARGENTINA,253.0,ocio,2026-02-03,cartola
20,AR,ARS,196216,7,Baja,transferencia a aguas cordobesas,2895.0,servicios,2026-12-11,natural
20,AR,ARS,196216,7,Baja,ATM CONSORCIO EDIFICIO BELGRANO,673.0,vivienda,2026-02-14,cartola
20,AR,ARS,196216,7,Baja,AGUAS CORDOBESAS,2782.0,servicios,2026-05-14,cartola
20,AR,ARS,196216,7,Baja,transferencia a medife,170.0,salud,2026-05-02,natural
20,AR,ARS,196216,7,Baja,gasto en papa john's,568.0,alimentacion,2026-03-11,natural
20,AR,ARS,196216,7,Baja,FREDDO,157.0,alimentacion,2026-12-18,cartola
20,AR,ARS,196216,7,Baja,transferencia a metrogas,254.0,servicios,2026-02-17,natural
20,AR,ARS,196216,7,Baja,pago a medife,810.0,salud,2026-02-08,natural
20,AR,ARS,196216,7,Baja,pago a pago facil,196.0,servicios,2026-10-14,natural
20,AR,ARS,196216,7,Baja,gasto en peaje larena,747.0,transporte,2026-01-10,natural
20,AR,ARS,196216,7,Baja,AUTOPISTAS DEL OESTE,179.0,transporte,2026-09-01,cartola
20,AR,ARS,196216,7,Baja,EDESUR,340.0,servicios,2026-10-01,cartola
20,AR,ARS,196216,7,Baja,pago mensual de amazon prime,1282.0,streaming,2026-03-29,natural
20,AR,ARS,196216,7,Baja,apgo a zonaprop,484.0,vivienda,2026-09-01,natural
20,AR,ARS,196216,7,Baja,,833.0,otros,2026-11-25,natural
20,AR,ARS,196216,7,Baja,EPEN NEUQUEN,879.0,servicios,2026-01-15,cartola
20,AR,ARS,196216,7,Baja,pago a sodimac,1564.0,vivienda,2026-01-04,natural
20,AR,ARS,196216,7,Baja,PEAJE DELLEPIANE,331.0,transporte,2026-07-10,cartola
20,AR,ARS,196216,7,Baja,DIAGNOSTICO MAIPU,980.0,salud,2026-06-17,cartola
21,AR,ARS,149092,55,Baja,PAGO TC YOUTUBE PREMIUM 4644,425.0,streaming,2026-04-09,cartola
21,AR,ARS,149092,55,Baja,gasto en peaje alberti,400.0,transporte,2026-04-26,natural
21,AR,ARS,149092,55,Baja,renovación de spotify,356.0,streaming,2026-09-27,natural
21,AR,ARS,149092,55,Baja,EL NOBLE,465.0,alimentacion,2026-09-10,cartola
21,AR,ARS,149092,55,Baja,compra en mostaza,937.0,alimentacion,2026-11-13,natural
21,AR,ARS,149092,55,Baja,COLEGIO SAN MARTIN,1412.0,educacion,2026-04-05,cartola
21,AR,ARS,149092,55,Baja,CORREDORES VIALES,1250.0,transporte,2026-09-30,cartola
21,AR,ARS,149092,55,Baja,SUC. FIAMBRERIA EL GALPON,1896.0,alimentacion,2026-01-24,cartola
21,AR,ARS,149092,55,Baja,,2497.0,otros,2026-04-26,natural
21,AR,ARS,149092,55,Baja,pago a starbucks,1947.0,alimentacion,2026-05-31,natural
21,AR,ARS,149092,55,Baja,transferencia a jumbo,231.0,alimentacion,2026-02-19,natural
21,AR,ARS,149092,55,Baja,YPF,1531.0,transporte,2026-07-25,cartola
21,AR,ARS,149092,55,Baja,gasto en provincia net,269.0,servicios,2026-12-01,natural
21,AR,ARS,149092,55,Baja,gasto en ligier pinturerias,164.0,vivienda,2026-03-20,natural
21,AR,ARS,149092,55,Baja,PLUSMAR,1170.0,transporte,2026-03-11,cartola
21,AR,ARS,149092,55,Baja,COMPRA WEB APPLE MUSIC 14/2,443.0,streaming,2026-01-27,cartola
21,AR,ARS,149092,55,Baja,gasto en comisiones banco galicia,164.0,otros,2026-02-19,natural
21,AR,ARS,149092,55,Baja,transferencia a disney plus argentina,170.0,ocio,2026-10-19,natural
21,AR,ARS,149092,55,Baja,pagoa  epec,157.0,servicios,2026-03-20,natural
21,AR,ARS,149092,55,Baja,transferencia a ligier pinturerias,2686.0,vivienda,2026-07-09,natural
21,AR,ARS,149092,55,Baja,TER* YOUTUBE PREMIUM 8240,196.0,streaming,2026-12-27,cartola
21,AR,ARS,149092,55,Baja,PEAJE SARANDI,270.0,transporte,2026-12-20,cartola
21,AR,ARS,149092,55,Baja,UNIVERSIDAD DE SAN ANDRES,619.0,educacion,2026-12-18,cartola
21,AR,ARS,149092,55,Baja,compra en gas nea,507.0,servicios,2026-07-08,natural
21,AR,ARS,149092,55,Baja,,2792.0,educacion,2026-09-13,cartola
21,AR,ARS,149092,55,Baja,compra en showcase cinemas,371.0,ocio,2026-08-29,natural
21,AR,ARS,149092,55,Baja,CHEVALLIER,826.0,transporte,2026-09-26,cartola
21,AR,ARS,149092,55,Baja,COTO,1312.0,alimentacion,2026-01-01,cartola
21,AR,ARS,149092,55,Baja,LITORAL GAS,3087.0,servicios,2026-02-03,cartola
21,AR,ARS,149092,55,Baja,LAS CUARTETAS,1114.0,alimentacion,2026-03-20,cartola
21,AR,ARS,149092,55,Baja,PEAJE DELLEPIANE,1873.0,transporte,2026-08-24,cartola
21,AR,ARS,149092,55,Baja,transferencia a octavo piso saas,227.0,vivienda,2026-12-15,natural
21,AR,ARS,149092,55,Baja,TRENES ARGENTINOS,561.0,transporte,2026-04-08,cartola
21,AR,ARS,149092,55,Baja,transferencia a el club de la milanesa,539.0,alimentacion,2026-03-23,natural
21,AR,ARS,149092,55,Baja,gasto en disco,2501.0,alimentacion,2026-07-11,natural
21,AR,ARS,149092,55,Baja,transferecnia a almacen de barrio,189.0,alimentacion,2026-09-10,natural
21,AR,ARS,149092,55,Baja,transferencia a panaderia san jose,189.0,alimentacion,2026-02-07,natural
21,AR,ARS,149092,55,Baja,COLEGIO CHAMPAGNAT,458.0,educacion,2026-01-14,cartola
21,AR,ARS,149092,55,Baja,SUBWAY,285.0,alimentacion,2026-12-13,cartola
21,AR,ARS,149092,55,Baja,ON FIT,232.0,ocio,2026-11-06,cartola
21,AR,ARS,149092,55,Baja,transferencia a giro cajero link,3863.0,otros,2026-07-28,natural
21,AR,ARS,149092,55,Baja,,643.0,ocio,2026-12-23,natural
21,AR,ARS,149092,55,Baja,PINTURAS ALBA,1150.0,vivienda,2026-03-30,cartola
21,AR,ARS,149092,55,Baja,LAS CUARTETAS,1489.0,alimentacion,2026-02-25,cartola
21,AR,ARS,149092,55,Baja,PEAJE HUDSON,526.0,transporte,2026-04-04,cartola
21,AR,ARS,149092,55,Baja,compra en telepase autopistas,183.0,transporte,2026-04-03,natural
21,AR,ARS,149092,55,Baja,transferencia a carniceria el ombu,266.0,alimentacion,2026-12-06,natural
21,AR,ARS,149092,55,Baja,SUPERMERCADOS DIA,432.0,alimentacion,2026-03-26,cartola
21,AR,ARS,149092,55,Baja,compra en aguas bonaerenses,1163.0,servicios,2026-09-02,natural
21,AR,ARS,149092,55,Baja,AUBASA,584.0,transporte,2026-01-22,cartola
21,AR,ARS,149092,55,Baja,transferencia a emova subte,184.0,transporte,2026-09-29,natural
21,AR,ARS,149092,55,Baja,PEAJE DEBENEDETTI,852.0,transporte,2026-11-02,cartola
21,AR,ARS,149092,55,Baja,pago a easy,2927.0,vivienda,2026-05-02,natural
21,AR,ARS,149092,55,Baja,compra en boliche input,1923.0,ocio,2026-05-08,natural
21,AR,ARS,149092,55,Baja,NF* FARMACIAS VANTAGE,2006.0,salud,2026-04-23,cartola
21,AR,ARS,149092,55,Baja,PAGO TC APPLE MUSIC 14/8,1823.0,streaming,2026-09-30,cartola
21,AR,ARS,149092,55,Baja,EPEC,450.0,servicios,2026-12-02,cartola
21,AR,ARS,149092,55,Baja,SANATORIO OTAMENDI,1667.0,salud,2026-05-10,cartola
21,AR,ARS,149092,55,Baja,gasto en edenor,178.0,servicios,2026-05-12,natural
21,AR,ARS,149092,55,Baja,pago a hospital italiano,1233.0,salud,2026-03-26,natural
21,AR,ARS,149092,55,Baja,gasto en amazon prime argentina,1180.0,ocio,2026-12-16,natural
21,AR,ARS,149092,55,Baja,PEAJE DELLEPIANE,283.0,transporte,2026-03-22,cartola
21,AR,ARS,149092,55,Baja,pago a puntoticket argentina,1784.0,ocio,2026-11-21,natural
21,AR,ARS,149092,55,Baja,MAX HBO ARGENTINA,2686.0,ocio,2026-03-10,cartola
21,AR,ARS,149092,55,Baja,compra en ligier pinturerias,358.0,vivienda,2026-05-28,natural
21,AR,ARS,149092,55,Baja,transferencia a dandy,1925.0,alimentacion,2026-01-16,natural
21,AR,ARS,149092,55,Baja,COMPRA WEB SUBWAY,200.0,alimentacion,2026-04-15,cartola
21,AR,ARS,149092,55,Baja,PAC EDESAL SAN LUIS,1054.0,servicios,2026-06-14,cartola
21,AR,ARS,149092,55,Baja,gasto en edet tucuman,765.0,servicios,2026-07-20,natural
21,AR,ARS,149092,55,Baja,pago mensual de paramount+,908.0,streaming,2026-07-16,natural
21,AR,ARS,149092,55,Baja,gasto en diarco,2998.0,alimentacion,2026-07-04,natural
21,AR,ARS,149092,55,Baja,CONSORCIOABIERTO,2358.0,vivienda,2026-11-18,cartola
21,AR,ARS,149092,55,Baja,gasto en sanatorio otamendi,1768.0,salud,2026-09-22,natural
21,AR,ARS,149092,55,Baja,pago mensual de apple music,368.0,streaming,2026-12-29,natural
21,AR,ARS,149092,55,Baja,pago mensual de spotify,2793.0,streaming,2026-04-10,natural
21,AR,ARS,149092,55,Baja,NF* EASY,235.0,vivienda,2026-11-16,cartola
21,AR,ARS,149092,55,Baja,PAGOMISCUENTAS,2208.0,servicios,2026-08-02,cartola
21,AR,ARS,149092,55,Baja,TER* MAX 8773,457.0,streaming,2026-10-05,cartola
21,AR,ARS,149092,55,Baja,ATM EDET TUCUMAN,311.0,servicios,2026-06-06,cartola
21,AR,ARS,149092,55,Baja,gasto en banco macro,1273.0,otros,2026-09-08,natural
21,AR,ARS,149092,55,Baja,transferencia a aguas bonaerenses,303.0,servicios,2026-04-07,natural
21,AR,ARS,149092,55,Baja,PEAJE ILLIA,321.0,transporte,2026-01-18,cartola
21,AR,ARS,149092,55,Baja,transferencia a la mezzetta,420.0,alimentacion,2026-11-23,natural
21,AR,ARS,149092,55,Baja,PEAJE SARANDI,342.0,transporte,2026-04-07,cartola
21,AR,ARS,149092,55,Baja,RAPIPAGO,224.0,servicios,2026-01-01,cartola
21,AR,ARS,149092,55,Baja,ALLIANZ SEGUROS,365.0,otros,2026-05-12,cartola
21,AR,ARS,149092,55,Baja,CONSORCIO CABALLITO,678.0,vivienda,2026-09-17,cartola
21,AR,ARS,149092,55,Baja,FERRETERIA INDUSTRIAL,274.0,vivienda,2026-03-23,cartola
21,AR,ARS,149092,55,Baja,COLEGIO SAN MARTIN,1320.0,educacion,2026-10-10,cartola
21,AR,ARS,149092,55,Baja,EMOVA SBUTE,309.0,transporte,2026-06-20,cartola
21,AR,ARS,149092,55,Baja,transferencia a dexter,3306.0,otros,2026-02-28,natural
21,AR,ARS,149092,55,Baja,usscripción a paramount+,2358.0,streaming,2026-02-01,natural
21,AR,ARS,149092,55,Baja,pago a libreria sbs,393.0,educacion,2026-06-10,natural
21,AR,ARS,149092,55,Baja,PANI,1758.0,alimentacion,2026-10-11,cartola
21,AR,ARS,149092,55,Baja,POS TRX COLEGIO ST GEORGES,1870.0,educacion,2026-04-16,cartola
21,AR,ARS,149092,55,Baja,compra en claro hogar argentina,4957.0,servicios,2026-04-15,natural
21,AR,ARS,149092,55,Baja,pago a netflix argentina,1048.0,ocio,2026-08-16,natural
21,AR,ARS,149092,55,Baja,compra en octavo piso saas,337.0,vivienda,2026-03-11,natural
21,AR,ARS,149092,55,Baja,compra en farmacias vantage,1197.0,salud,2026-11-14,natural
21,AR,ARS,149092,55,Baja,gasto en edesal san luis,1128.0,servicios,2026-10-17,natural
21,AR,ARS,149092,55,Baja,POS TRX OPTICAS LOF,1170.0,salud,2026-03-28,cartola
21,AR,ARS,149092,55,Baja,compra en libreria sbs,422.0,educacion,2026-12-28,natural
21,AR,ARS,149092,55,Baja,ZONAPROP,2259.0,vivienda,2026-02-25,cartola
21,AR,ARS,149092,55,Baja,compra en kfc,3687.0,alimentacion,2026-04-23,natural
21,AR,ARS,149092,55,Baja,pago a changomas,282.0,alimentacion,2026-01-13,natural
21,AR,ARS,149092,55,Baja,NF* COLEGIO MARIN,333.0,educacion,2026-01-18,cartola
21,AR,ARS,149092,55,Baja,GALENO,249.0,salud,2026-07-01,cartola
21,AR,ARS,149092,55,Baja,pago a movistar hogar argentina,1976.0,servicios,2026-04-23,natural
21,AR,ARS,149092,55,Baja,SUB*MAX 5/10,1299.0,streaming,2026-08-17,cartola
21,AR,ARS,149092,55,Baja,PUMA ENERGY,1162.0,transporte,2026-06-20,cartola
21,AR,ARS,149092,55,Baja,gasto en telepase autopistas,591.0,transporte,2026-10-22,natural
21,AR,ARS,149092,55,Baja,GALENO,992.0,salud,2026-07-08,cartola
21,AR,ARS,149092,55,Baja,pago a aguas cordoebsas,423.0,servicios,2026-03-20,natural
21,AR,ARS,149092,55,Baja,pago a medife,746.0,salud,2026-05-26,natural
21,AR,ARS,149092,55,Baja,gasto en opticas lof,1812.0,salud,2026-07-01,natural
21,AR,ARS,149092,55,Baja,gasto en netflix argentina,4573.0,ocio,2026-10-13,natural
21,AR,ARS,149092,55,Baja,SUB*APPLE MUSIC 4/9,3100.0,streaming,2026-09-07,cartola
21,AR,ARS,149092,55,Baja,SUPERMERCADOS DIA,3124.0,alimentacion,2026-12-20,cartola
22,AR,ARS,121606,25,Alta,ARGENPROP,266.0,vivienda,2026-06-15,cartola
22,AR,ARS,121606,25,Alta,GAS NEA,910.0,servicios,2026-02-10,cartola
22,AR,ARS,121606,25,Alta,LIBRERIA KEL,213.0,educacion,2026-12-10,cartola
22,AR,ARS,121606,25,Alta,ATM EASY,456.0,vivienda,2026-04-30,cartola
22,AR,ARS,121606,25,Alta,PINTURERIAS REX,181.0,vivienda,2026-04-07,cartola
22,AR,ARS,121606,25,Alta,CORREDORES VIALES,841.0,transporte,2026-05-25,cartola
22,AR,ARS,121606,25,Alta,pago a autopistas del sol ausol,1200.0,transporte,2026-08-04,natural
22,AR,ARS,121606,25,Alta,transferencia a epen neuquen,280.0,servicios,2026-08-17,natural
22,AR,ARS,121606,25,Alta,compra en chevallier,1096.0,transporte,2026-11-09,natural
22,AR,ARS,121606,25,Alta,JUMBO,171.0,alimentacion,2026-05-10,cartola
22,AR,ARS,121606,25,Alta,pago a consorcio edificio belgrano,422.0,vivienda,2026-12-18,natural
22,AR,ARS,121606,25,Alta,compra en corredores viales,1079.0,transporte,2026-11-14,natural
22,AR,ARS,121606,25,Alta,cargo de apple music,217.0,streaming,2026-05-17,natural
22,AR,ARS,121606,25,Alta,VITAL MAYORISTA,1699.0,alimentacion,2026-11-20,cartola
22,AR,ARS,121606,25,Alta,MCDONALD'S,230.0,alimentacion,2026-09-30,cartola
22,AR,ARS,121606,25,Alta,,266.0,transporte,2026-11-02,natural
22,AR,ARS,121606,25,Alta,PANI,1293.0,alimentacion,2026-04-04,cartola
22,AR,ARS,121606,25,Alta,PEAJE DELLEPIANE,317.0,transporte,2026-07-22,cartola
22,AR,ARS,121606,25,Alta,transferencia a axion energy,2655.0,transporte,2026-12-07,natural
22,AR,ARS,121606,25,Alta,SUB*YOUTUBE PREMIUM 7956,1668.0,streaming,2026-05-29,cartola
22,AR,ARS,121606,25,Alta,EASY,295.0,vivienda,2026-07-02,cartola
22,AR,ARS,121606,25,Alta,pago a rappi,425.0,alimentacion,2026-06-01,natural
22,AR,ARS,121606,25,Alta,CLINICA MATER DEI,223.0,salud,2026-12-31,cartola
22,AR,ARS,121606,25,Alta,pago mensual de hbo max,308.0,streaming,2026-10-01,natural
22,AR,ARS,121606,25,Alta,TER* PERSICCO,191.0,alimentacion,2026-07-31,cartola
22,AR,ARS,121606,25,Alta,HOSPITAL BRITANICO,250.0,salud,2026-02-14,cartola
22,AR,ARS,121606,25,Alta,transferencia a coto,249.0,alimentacion,2026-03-23,natural
22,AR,ARS,121606,25,Alta,compra en hospital britanico,318.0,salud,2026-01-17,natural
22,AR,ARS,121606,25,Alta,compra en las cuartetas,2092.0,alimentacion,2026-03-14,natural
22,AR,ARS,121606,25,Alta,pago a laboratorio stamboulian,910.0,salud,2026-01-14,natural
22,AR,ARS,121606,25,Alta,OCTAVO PISO SAAS,737.0,vivienda,2026-06-06,cartola
22,AR,ARS,121606,25,Alta,COMISIONES BANCO COMAFI,425.0,otros,2026-08-11,cartola
22,AR,ARS,121606,25,Alta,transferencia a autopistas del oeste,1011.0,transporte,2026-05-12,natural
22,AR,ARS,121606,25,Alta,renovación de paramount+,229.0,streaming,2026-12-04,natural
22,AR,ARS,121606,25,Alta,ALMACEN DE BARRIO,681.0,alimentacion,2026-02-16,cartola
22,AR,ARS,121606,25,Alta,PANADERIA SAN JOSE,2802.0,alimentacion,2026-04-17,cartola
22,AR,ARS,121606,25,Alta,transferencia a aubasa,208.0,transporte,2026-04-18,natural
22,AR,ARS,121606,25,Alta,PINTURERIAS REX,618.0,vivienda,2026-09-22,cartola
22,AR,ARS,121606,25,Alta,gasto en mi barrio hamburgueseria,1026.0,alimentacion,2026-07-24,natural
22,AR,ARS,121606,25,Alta,FLECHA BUS,1365.0,transporte,2026-03-20,cartola
22,AR,ARS,121606,25,Alta,COMPRA WEB EL CUARTITO,698.0,alimentacion,2026-06-04,cartola
22,AR,ARS,121606,25,Alta,EL CLUB DE LA MILANESA,184.0,alimentacion,2026-09-28,cartola
22,AR,ARS,121606,25,Alta,MEDICUS,218.0,salud,2026-09-04,cartola
22,AR,ARS,121606,25,Alta,MOSTAZA,168.0,alimentacion,2026-12-12,cartola
22,AR,ARS,121606,25,Alta,transferencia a sodimac,789.0,vivienda,2026-01-26,natural
22,AR,ARS,121606,25,Alta,YPF,366.0,transporte,2026-06-03,cartola
22,AR,ARS,121606,25,Alta,EDET TUCUMAN,1103.0,servicios,2026-06-03,cartola
22,AR,ARS,121606,25,Alta,gasto en peaje larena,323.0,transporte,2026-04-02,natural
22,AR,ARS,121606,25,Alta,gasto en fiambreria el galpon,326.0,alimentacion,2026-12-04,natural
22,AR,ARS,121606,25,Alta,PAGO TC MAX 5275,357.0,streaming,2026-06-30,cartola
22,AR,ARS,121606,25,Alta,pago a libreria kel,738.0,educacion,2026-05-11,natural
22,AR,ARS,121606,25,Alta,pago a heisenburger,343.0,alimentacion,2026-10-25,natural
22,AR,ARS,121606,25,Alta,pago a clinica mater dei,320.0,salud,2026-10-02,natural
22,AR,ARS,121606,25,Alta,pago a showcase cinemas,364.0,ocio,2026-09-30,natural
22,AR,ARS,121606,25,Alta,TER* AUTOPISTAS DEL SOL AUSOL,310.0,transporte,2026-03-17,cartola
22,AR,ARS,121606,25,Alta,AXION ENERGY,326.0,transporte,2026-07-03,cartola
22,AR,ARS,121606,25,Alta,CARNICERIA EL OMBU,998.0,alimentacion,2026-11-15,cartola
22,AR,ARS,121606,25,Alta,transferencia a universidad de buenos aires uba,385.0,educacion,2026-05-11,natural
22,AR,ARS,121606,25,Alta,COLEGIO CARDINAL NEWMAN,256.0,educacion,2026-02-18,cartola
22,AR,ARS,121606,25,Alta,FIAMBRERIA EL GALPON,896.0,alimentacion,2026-02-24,cartola
22,AR,ARS,121606,25,Alta,pago a pinturerias rex,2180.0,vivienda,2026-06-03,natural
22,AR,ARS,121606,25,Alta,VERDULERIA DON CARLOS,514.0,alimentacion,2026-12-21,cartola
22,AR,ARS,121606,25,Alta,OCTAVO PISO SAAS,386.0,vivienda,2026-07-19,cartola
22,AR,ARS,121606,25,Alta,gasto en le pain quotidien,1162.0,alimentacion,2026-11-04,natural
22,AR,ARS,121606,25,Alta,NF* APPLE MUSIC 19/3,1681.0,streaming,2026-12-22,cartola
22,AR,ARS,121606,25,Alta,BLAISTEN,775.0,vivienda,2026-04-28,cartola
22,AR,ARS,121606,25,Alta,pago a peaje sarandi,325.0,transporte,2026-09-20,natural
22,AR,ARS,121606,25,Alta,ARGENPROP,495.0,vivienda,2026-02-15,cartola
22,AR,ARS,121606,25,Alta,SUB*SANATORIO GUEMES,666.0,salud,2026-10-29,cartola
22,AR,ARS,121606,25,Alta,transferencia a diarco,249.0,alimentacion,2026-07-08,natural
22,AR,ARS,121606,25,Alta,PREVENCION SALUD,327.0,salud,2026-11-06,cartola
22,AR,ARS,121606,25,Alta,cargo de youtube premium,977.0,streaming,2026-11-14,natural
22,AR,ARS,121606,25,Alta,gasto en farmacias selma,586.0,salud,2026-05-09,natural
22,AR,ARS,121606,25,Alta,pago a sanatorio finochietto,292.0,salud,2026-02-18,natural
22,AR,ARS,121606,25,Alta,transferencia a grido helados,600.0,alimentacion,2026-01-25,natural
22,AR,ARS,121606,25,Alta,PUNTOTICKET ARGENTINA,159.0,ocio,2026-04-28,cartola
22,AR,ARS,121606,25,Alta,PAC FARMACIAS VANTAGE,283.0,salud,2026-05-24,cartola
22,AR,ARS,121606,25,Alta,transferencia a colegio ward,869.0,educacion,2026-07-19,natural
22,AR,ARS,121606,25,Alta,AUTOPISTAS DEL SOL AUSOL,306.0,transporte,2026-12-14,cartola
22,AR,ARS,121606,25,Alta,PAPA JOHN'S,283.0,alimentacion,2026-05-28,cartola
22,AR,ARS,121606,25,Alta,pago a megatlon,1661.0,ocio,2026-12-02,natural
22,AR,ARS,121606,25,Alta,LA MEZZETTA,220.0,alimentacion,2026-08-21,cartola
22,AR,ARS,121606,25,Alta,gasto en provincia net,167.0,servicios,2026-11-30,natural
22,AR,ARS,121606,25,Alta,EL CUARTITO,1927.0,alimentacion,2026-10-26,cartola
22,AR,ARS,121606,25,Alta,STEAM GAMES ARGENTINA,732.0,ocio,2026-06-03,cartola
22,AR,ARS,121606,25,Alta,gasto en consorcio caballito,663.0,vivienda,2026-03-31,natural
22,AR,ARS,121606,25,Alta,PAGOMISCUENTAS,1057.0,servicios,2026-11-30,cartola
22,AR,ARS,121606,25,Alta,cargo de max,348.0,streaming,2026-06-10,natural
22,AR,ARS,121606,25,Alta,ROTISERIA LA QUERENCIA,675.0,alimentacion,2026-01-26,cartola
22,AR,ARS,121606,25,Alta,compra en almacen de barrio,386.0,alimentacion,2026-05-01,natural
22,AR,ARS,121606,25,Alta,METROGAS,975.0,servicios,2026-10-28,cartola
22,AR,ARS,121606,25,Alta,ON FIT,391.0,ocio,2026-07-31,cartola
22,AR,ARS,121606,25,Alta,UNIVERSIDAD TORCUATO DI TELLA UTDT,534.0,educacion,2026-03-04,cartola
22,AR,ARS,121606,25,Alta,compra en edersa rio negro,358.0,servicios,2026-03-09,natural
22,AR,ARS,121606,25,Alta,pago a hospital britanico,359.0,salud,2026-09-10,natural
22,AR,ARS,121606,25,Alta,COMPRA WEB SPOTIFY 2213,806.0,streaming,2026-01-02,cartola
22,AR,ARS,121606,25,Alta,gasto en amazon prime argentina,546.0,ocio,2026-04-18,natural
22,AR,ARS,121606,25,Alta,DISNEY PLUS ARGENTINA,553.0,ocio,2026-10-13,cartola
22,AR,ARS,121606,25,Alta,POS TRX AUBASA,330.0,transporte,2026-02-18,cartola
22,AR,ARS,121606,25,Alta,PEAJE ILLIA,418.0,transporte,2026-05-20,cartola
22,AR,ARS,121606,25,Alta,CAMUZZI GAS PAMPEANA,755.0,servicios,2026-08-06,cartola
22,AR,ARS,121606,25,Alta,OSDE,964.0,salud,2026-02-13,cartola
22,AR,ARS,121606,25,Alta,KFC,658.0,alimentacion,2026-09-26,cartola
22,AR,ARS,121606,25,Alta,CHANGOMAS,1422.0,alimentacion,2026-03-19,cartola
22,AR,ARS,121606,25,Alta,transferencia a peaje debenedetti,947.0,transporte,2026-08-04,natural
22,AR,ARS,121606,25,Alta,pago a aguas cordobesas,455.0,servicios,2026-04-08,natural
22,AR,ARS,121606,25,Alta,transferencia a argenprop,614.0,vivienda,2026-08-24,natural
22,AR,ARS,121606,25,Alta,MADERAS RAMOS,1438.0,vivienda,2026-10-09,cartola
22,AR,ARS,121606,25,Alta,EPEN NEUQUEN,532.0,servicios,2026-05-29,cartola
22,AR,ARS,121606,25,Alta,TELEPASE AUTOPISTAS,961.0,transporte,2026-10-31,cartola
22,AR,ARS,121606,25,Alta,cargo de youtube premium,644.0,streaming,2026-03-07,natural
22,AR,ARS,121606,25,Alta,pago a aguas cordobesas,443.0,servicios,2026-08-22,natural
22,AR,ARS,121606,25,Alta,MEDIFE,153.0,salud,2026-03-28,cartola
22,AR,ARS,121606,25,Alta,CONSORCIO CABALLITO,306.0,vivienda,2026-03-20,cartola
22,AR,ARS,121606,25,Alta,MADERAS RAMOS,1894.0,vivienda,2026-07-24,cartola
22,AR,ARS,121606,25,Alta,BLAISTEN,591.0,vivienda,2026-10-06,cartola
22,AR,ARS,121606,25,Alta,pago a personal flow,458.0,servicios,2026-12-03,natural
22,AR,ARS,121606,25,Alta,ADMINISTRACION CONSORCIO PALERMO,1490.0,vivienda,2026-09-11,cartola
22,AR,ARS,121606,25,Alta,MCDONALD'S,487.0,alimentacion,2026-10-31,cartola
22,AR,ARS,121606,25,Alta,compra en aguas bonaerenses,412.0,servicios,2026-05-10,natural
22,AR,ARS,121606,25,Alta,transferencia a autopistas del oeste,785.0,transporte,2026-03-25,natural
22,AR,ARS,121606,25,Alta,gasto en pinturerias rex,688.0,vivienda,2026-10-03,natural
22,AR,ARS,121606,25,Alta,RAPPI,336.0,alimentacion,2026-02-15,cartola
22,AR,ARS,121606,25,Alta,transferencia a mostaza,352.0,alimentacion,2026-07-02,natural
22,AR,ARS,121606,25,Alta,VITAL MAYORISTA,353.0,alimentacion,2026-09-25,cartola
22,AR,ARS,121606,25,Alta,transferencia a farmacias central oeste,262.0,salud,2026-10-23,natural
22,AR,ARS,121606,25,Alta,PEAJE DELLEPIANE,402.0,transporte,2026-11-18,cartola
22,AR,ARS,121606,25,Alta,PEAJE SARANDI,294.0,transporte,2026-04-10,cartola
22,AR,ARS,121606,25,Alta,gasto en uber argentina,227.0,transporte,2026-09-29,natural
22,AR,ARS,121606,25,Alta,ARGENPROP,293.0,vivienda,2026-12-05,cartola
22,AR,ARS,121606,25,Alta,EDERSA RIO NEGRO,311.0,servicios,2026-02-13,cartola
22,AR,ARS,121606,25,Alta,TER* LIGIER PINTURERIAS,473.0,vivienda,2026-08-26,cartola
22,AR,ARS,121606,25,Alta,gasto en jumbo,1060.0,alimentacion,2026-05-14,natural
22,AR,ARS,121606,25,Alta,FERRETERIA EL PROGRESO,713.0,vivienda,2026-07-11,cartola
22,AR,ARS,121606,25,Alta,gasto en telepase autopistas,246.0,transporte,2026-12-22,natural
23,AR,ARS,291110,22,Alta,pago a smart fit argentina,207.0,ocio,2026-12-05,natural
23,AR,ARS,291110,22,Alta,EL NOBLE,3344.0,alimentacion,2026-10-12,cartola
23,AR,ARS,291110,22,Alta,pago a metrogas,1725.0,servicios,2026-09-16,natural
23,AR,ARS,291110,22,Alta,PINTURERIAS REX,714.0,vivienda,2026-03-31,cartola
23,AR,ARS,291110,22,Alta,LUNA PARK,386.0,ocio,2026-04-14,cartola
23,AR,ARS,291110,22,Alta,PAGOMISCUENTAS,1469.0,servicios,2026-07-05,cartola
23,AR,ARS,291110,22,Alta,EPEN NEUQUEN,1589.0,servicios,2026-09-07,cartola
23,AR,ARS,291110,22,Alta,NF* MAX 6793,420.0,streaming,2026-09-12,cartola
23,AR,ARS,291110,22,Alta,JUMBO,3454.0,alimentacion,2026-03-17,cartola
23,AR,ARS,291110,22,Alta,gasto en ypf,159.0,transporte,2026-04-18,natural
23,AR,ARS,291110,22,Alta,CLINICA MATER DEI,797.0,salud,2026-06-05,cartola
23,AR,ARS,291110,22,Alta,LIGIER PINTURERIAS,2066.0,vivienda,2026-03-23,cartola
23,AR,ARS,291110,22,Alta,AGUAS BONAERENSES,580.0,servicios,2026-03-18,cartola
23,AR,ARS,291110,22,Alta,transferencia a consorcio edificio belgrano,3185.0,vivienda,2026-09-15,natural
23,AR,ARS,291110,22,Alta,transferencia a telecentro,2439.0,servicios,2026-05-07,natural
23,AR,ARS,291110,22,Alta,EDERSA RIO NEGRO,2819.0,servicios,2026-10-09,cartola
23,AR,ARS,291110,22,Alta,FARMACIAS CENTRAL OESTE,230.0,salud,2026-03-29,cartola
23,AR,ARS,291110,22,Alta,compra en farmacias central oeste,274.0,salud,2026-07-23,natural
23,AR,ARS,291110,22,Alta,AGUAS CORDOBESAS,611.0,servicios,2026-01-16,cartola
23,AR,ARS,291110,22,Alta,gasto en movistar hogar argentina,1322.0,servicios,2026-05-31,natural
23,AR,ARS,291110,22,Alta,ADMINISTRACION SAN MARTIN,2497.0,vivienda,2026-09-11,cartola
23,AR,ARS,291110,22,Alta,gasto en steam games argentina,3281.0,ocio,2026-07-07,natural
23,AR,ARS,291110,22,Alta,gasto en la mezzetta,2208.0,alimentacion,2026-11-25,natural
23,AR,ARS,291110,22,Alta,pago a farmacias dr ahorro,4782.0,salud,2026-02-01,natural
23,AR,ARS,291110,22,Alta,ALQUILERES ARGENTINA,2432.0,vivienda,2026-09-28,cartola
23,AR,ARS,291110,22,Alta,BLOICHE INPUT,662.0,ocio,2026-01-05,cartola
23,AR,ARS,291110,22,Alta,LIBRERIA KEL,558.0,educacion,2026-11-26,cartola
23,AR,ARS,291110,22,Alta,AGUAS BONAERENSES,2158.0,servicios,2026-11-04,cartola
23,AR,ARS,291110,22,Alta,gasto en sodimac,388.0,vivienda,2026-11-29,natural
23,AR,ARS,291110,22,Alta,compra en octavo piso saas,176.0,vivienda,2026-06-18,natural
23,AR,ARS,291110,22,Alta,compra en easy,1376.0,vivienda,2026-06-30,natural
23,AR,ARS,291110,22,Alta,cargo de spotify,3123.0,streaming,2026-06-27,natural
23,AR,ARS,291110,22,Alta,transferencia a stock center,194.0,otros,2026-05-23,natural
23,AR,ARS,291110,22,Alta,pago a consorcioabierto,2844.0,vivienda,2026-12-28,natural
23,AR,ARS,291110,22,Alta,gasto en panaderia san jose,3024.0,alimentacion,2026-09-05,natural
23,AR,ARS,291110,22,Alta,suscripción a max,1193.0,streaming,2026-05-07,natural
23,AR,ARS,291110,22,Alta,,156.0,transporte,2026-02-09,natural
23,AR,ARS,291110,22,Alta,PEAJE PACHECO,348.0,transporte,2026-12-21,cartola
23,AR,ARS,291110,22,Alta,MEGATLON,2227.0,ocio,2026-09-12,cartola
23,AR,ARS,291110,22,Alta,pago mensual de youtube premium,2254.0,streaming,2026-05-23,natural
23,AR,ARS,291110,22,Alta,POS TRX EL CLUB DE LA MILANESA,4142.0,alimentacion,2026-08-28,cartola
23,AR,ARS,291110,22,Alta,gasto en edet tucuman,1583.0,servicios,2026-08-16,natural
23,AR,ARS,291110,22,Alta,PEAJE HUDSON,240.0,transporte,2026-12-07,cartola
23,AR,ARS,291110,22,Alta,TELEPASE AUTOPISTAS,234.0,transporte,2026-07-17,cartola
23,AR,ARS,291110,22,Alta,WEBPAY YPF,2313.0,transporte,2026-03-06,cartola
23,AR,ARS,291110,22,Alta,EDET TUCUMAN,368.0,servicios,2026-01-11,cartola
23,AR,ARS,291110,22,Alta,PEAJE LARENA,721.0,transporte,2026-04-18,cartola
23,AR,ARS,291110,22,Alta,suscripción a spotify,1210.0,streaming,2026-01-26,natural
23,AR,ARS,291110,22,Alta,compra en pinturas alba,338.0,vivienda,2026-05-31,natural
23,AR,ARS,291110,22,Alta,gasto en peaje debenedetti,518.0,transporte,2026-08-09,natural
23,AR,ARS,291110,22,Alta,YPF,949.0,transporte,2026-12-07,cartola
23,AR,ARS,291110,22,Alta,,594.0,salud,2026-08-25,cartola
23,AR,ARS,291110,22,Alta,FARMACIAS VANTAGE,266.0,salud,2026-08-25,cartola
23,AR,ARS,291110,22,Alta,SUC. MEDICUS,2359.0,salud,2026-08-07,cartola
23,AR,ARS,291110,22,Alta,COPPEL,3039.0,otros,2026-05-31,cartola
23,AR,ARS,291110,22,Alta,gasto en administracion san martin,539.0,vivienda,2026-05-03,natural
23,AR,ARS,291110,22,Alta,EDENOR,2698.0,servicios,2026-05-24,cartola
23,AR,ARS,291110,22,Alta,pago a makro,882.0,alimentacion,2026-07-08,natural
23,AR,ARS,291110,22,Alta,SUC. HBO MAX 20/7,1280.0,streaming,2026-09-12,cartola
23,AR,ARS,291110,22,Alta,LABORATORIO STAMBOULIAN,3511.0,salud,2026-03-09,cartola
23,AR,ARS,291110,22,Alta,gasto en aguas cordobesas,2511.0,servicios,2026-04-14,natural
23,AR,ARS,291110,22,Alta,LA BIRRA BAR,2963.0,alimentacion,2026-12-02,cartola
23,AR,ARS,291110,22,Alta,gasto en pontificia universidad catolica uca,267.0,educacion,2026-06-08,natural
23,AR,ARS,291110,22,Alta,WEPBAY DANDY,202.0,alimentacion,2026-12-28,cartola
23,AR,ARS,291110,22,Alta,TELECENTRO,4056.0,servicios,2026-10-27,cartola
23,AR,ARS,291110,22,Alta,PAC OCTAVO PISO SAAS,889.0,vivienda,2026-03-31,cartola
23,AR,ARS,291110,22,Alta,COMISIONES BANCO GALICIA,615.0,otros,2026-12-23,cartola
23,AR,ARS,291110,22,Alta,pago a edesur,2337.0,servicios,2026-09-13,natural
23,AR,ARS,291110,22,Alta,PERSONAL FLOW,3280.0,servicios,2026-12-19,cartola
23,AR,ARS,291110,22,Alta,PEAJE SARANDI,3594.0,transporte,2026-08-08,cartola
23,AR,ARS,291110,22,Alta,SMART FIT ARGENTINA,688.0,ocio,2026-01-09,cartola
23,AR,ARS,291110,22,Alta,CONSORCIO EDIFICIO BELGRANO,3464.0,vivienda,2026-01-12,cartola
23,AR,ARS,291110,22,Alta,compra en tea connection,218.0,alimentacion,2026-09-01,natural
23,AR,ARS,291110,22,Alta,pago a peaje samborombon,331.0,transporte,2026-10-11,natural
23,AR,ARS,291110,22,Alta,gasto en el noble,1770.0,alimentacion,2026-11-08,natural
23,AR,ARS,291110,22,Alta,gasto en ligier pinturerias,248.0,vivienda,2026-07-16,natural
23,AR,ARS,291110,22,Alta,SUPERMERCADOS DIA,711.0,alimentacion,2026-08-14,cartola
23,AR,ARS,291110,22,Alta,PERSONAL FLOW,2024.0,servicios,2026-11-29,cartola
23,AR,ARS,291110,22,Alta,CARGO AUT PAPA JOHN'S,745.0,alimentacion,2026-04-13,cartola
23,AR,ARS,291110,22,Alta,,359.0,servicios,2026-04-16,cartola
23,AR,ARS,291110,22,Alta,pago a expensas online,599.0,vivienda,2026-12-31,natural
23,AR,ARS,291110,22,Alta,transferencia a provincia net,1108.0,servicios,2026-02-27,natural
23,AR,ARS,291110,22,Alta,BLAISTEN,1169.0,vivienda,2026-03-19,cartola
23,AR,ARS,291110,22,Alta,gasto en steam games argentina,2768.0,ocio,2026-03-16,natural
23,AR,ARS,291110,22,Alta,RAPIPAGO,2513.0,servicios,2026-02-11,cartola
23,AR,ARS,291110,22,Alta,gasto en ferreteria industrial,1106.0,vivienda,2026-11-20,natural
23,AR,ARS,291110,22,Alta,transferencia a peaje pacheco,3385.0,transporte,2026-06-30,natural
23,AR,ARS,291110,22,Alta,ALLIANZ SEGUROS,220.0,otros,2026-02-02,cartola
23,AR,ARS,291110,22,Alta,gasto en almacen de barrio,534.0,alimentacion,2026-03-12,natural
23,AR,ARS,291110,22,Alta,AXION ENERGY,3189.0,transporte,2026-02-25,cartola
23,AR,ARS,291110,22,Alta,pago a allianz seguros,860.0,otros,2026-04-15,natural
23,AR,ARS,291110,22,Alta,pago a telecentro,7197.0,servicios,2026-07-19,natural
23,AR,ARS,291110,22,Alta,pago a discoteca kika,1137.0,ocio,2026-04-11,natural
23,AR,ARS,291110,22,Alta,pago a hospital britanico,2844.0,salud,2026-09-13,natural
23,AR,ARS,291110,22,Alta,ALQUILERES ARGENTINA,932.0,vivienda,2026-11-03,cartola
23,AR,ARS,291110,22,Alta,pago a amazon prime argentina,1002.0,ocio,2026-03-15,natural
23,AR,ARS,291110,22,Alta,CARNICERIA EL OMBU,874.0,alimentacion,2026-06-20,cartola
23,AR,ARS,291110,22,Alta,pago a edesal san luis,2300.0,servicios,2026-05-23,natural
23,AR,ARS,291110,22,Alta,FEDERACION PATRONAL SEGUROS,1437.0,otros,2026-06-15,cartola
23,AR,ARS,291110,22,Alta,FEDERACION PATRONAL SEGUROS,5215.0,otros,2026-09-18,cartola
23,AR,ARS,291110,22,Alta,OSDE,523.0,salud,2026-08-09,cartola
23,AR,ARS,291110,22,Alta,CABIFY,192.0,transporte,2026-03-24,cartola
23,AR,ARS,291110,22,Alta,compra en peaje illia,905.0,transporte,2026-07-01,natural
23,AR,ARS,291110,22,Alta,CENTRO ROSSI,1737.0,salud,2026-11-03,cartola
23,AR,ARS,291110,22,Alta,pago a aguas cordobesas,3572.0,servicios,2026-01-10,natural
23,AR,ARS,291110,22,Alta,KENTUCKY PIZZERIA,770.0,alimentacion,2026-01-04,cartola
23,AR,ARS,291110,22,Alta,HOSPITAL BRITANICO,1922.0,salud,2026-12-17,cartola
23,AR,ARS,291110,22,Alta,pago a farmacia azul,781.0,salud,2026-12-02,natural
23,AR,ARS,291110,22,Alta,SUPERMERCADOS DIA,1740.0,alimentacion,2026-10-19,cartola
23,AR,ARS,291110,22,Alta,transferencia a consorcio edificio belgrano,3915.0,vivienda,2026-10-08,natural
23,AR,ARS,291110,22,Alta,transferencia a medicus,477.0,salud,2026-08-03,natural
23,AR,ARS,291110,22,Alta,gasto en edenor,938.0,servicios,2026-04-08,natural
23,AR,ARS,291110,22,Alta,EDESAL SAN LUIS,9059.0,servicios,2026-04-11,cartola
23,AR,ARS,291110,22,Alta,WEBPAY COLEGIO SAN MARTIN,3676.0,educacion,2026-01-09,cartola
23,AR,ARS,291110,22,Alta,AXION ENERGY,1507.0,transporte,2026-03-02,cartola
23,AR,ARS,291110,22,Alta,EXPENSAS ONLINE,1317.0,vivienda,2026-11-05,cartola
23,AR,ARS,291110,22,Alta,transferencia a pago facil,607.0,servicios,2026-05-26,natural
23,AR,ARS,291110,22,Alta,gasto en mcdonald's,1319.0,alimentacion,2026-03-04,natural
23,AR,ARS,291110,22,Alta,COLEGIO MARIN,3415.0,educacion,2026-05-01,cartola
23,AR,ARS,291110,22,Alta,OMINT,2094.0,salud,2026-08-14,cartola
23,AR,ARS,291110,22,Alta,PINTURERIAS REX,621.0,vivienda,2026-04-15,cartola
23,AR,ARS,291110,22,Alta,transferencia a tarjeta naranja,408.0,otros,2026-09-17,natural
23,AR,ARS,291110,22,Alta,PROVINCIA NET,558.0,servicios,2026-12-15,cartola
23,AR,ARS,291110,22,Alta,compra en hospital britanico,337.0,salud,2026-09-12,natural
23,AR,ARS,291110,22,Alta,gasto en mi barrio hamburgueseria,182.0,alimentacion,2026-07-26,natural
23,AR,ARS,291110,22,Alta,transferencia a la trastienda,984.0,ocio,2026-01-28,natural
23,AR,ARS,291110,22,Alta,transferencia a kfc,218.0,alimentacion,2026-06-19,natural
23,AR,ARS,291110,22,Alta,transferencia a blaisten,342.0,vivienda,2026-12-02,natural
23,AR,ARS,291110,22,Alta,compra en universidad de san andres,1436.0,educacion,2026-03-17,natural
23,AR,ARS,291110,22,Alta,gasto en subway,326.0,alimentacion,2026-04-26,natural
23,AR,ARS,291110,22,Alta,transferencia a telecom fibertel,218.0,servicios,2026-12-20,natural
24,AR,ARS,221699,64,Baja,LITORAL GAS,552.0,servicios,2026-10-02,cartola
24,AR,ARS,221699,64,Baja,HOSPITAL ITALIANO,1305.0,salud,2026-07-30,cartola
24,AR,ARS,221699,64,Baja,pago a peaje alberti,151.0,transporte,2026-04-28,natural
24,AR,ARS,221699,64,Baja,transferencia a provincia net,3686.0,servicios,2026-07-10,natural
24,AR,ARS,221699,64,Baja,PAGO TC APPLE MUSIC 9818,2403.0,streaming,2026-02-11,cartola
24,AR,ARS,221699,64,Baja,EPEN NEUQUEN,1031.0,servicios,2026-02-11,cartola
24,AR,ARS,221699,64,Baja,gasto en luna park,1343.0,ocio,2026-11-11,natural
24,AR,ARS,221699,64,Baja,pago a libreria yenny,169.0,educacion,2026-11-25,natural
24,AR,ARS,221699,64,Baja,BOLICHE INPUT,496.0,ocio,2026-01-17,cartola
24,AR,ARS,221699,64,Baja,suscripción a youtube premium,1902.0,streaming,2026-10-10,natural
24,AR,ARS,221699,64,Baja,gasto en ligier pinturerias,324.0,vivienda,2026-09-15,natural
24,AR,ARS,221699,64,Baja,BLAISTEN,397.0,vivienda,2026-03-04,cartola
24,AR,ARS,221699,64,Baja,transferencia a mcdonald's,1054.0,alimentacion,2026-03-03,natural
24,AR,ARS,221699,64,Baja,DIARCO,355.0,alimentacion,2026-04-10,cartola
24,AR,ARS,221699,64,Baja,gasto en farmacias vantage,3255.0,salud,2026-01-19,natural
24,AR,ARS,221699,64,Baja,UALA,168.0,otros,2026-01-17,cartola
24,AR,ARS,221699,64,Baja,AXINO ENERGY,1912.0,transporte,2026-11-21,cartola
24,AR,ARS,221699,64,Baja,pago a aguas cordobesas,849.0,servicios,2026-09-03,natural
24,AR,ARS,221699,64,Baja,,1662.0,salud,2026-09-08,natural
24,AR,ARS,221699,64,Baja,PEAJE ILLIA,446.0,transporte,2026-03-22,cartola
24,AR,ARS,221699,64,Baja,pago a clinica mater dei,865.0,salud,2026-02-08,natural
24,AR,ARS,221699,64,Baja,transferencia a litoral gas,2328.0,servicios,2026-02-05,natural
24,AR,ARS,221699,64,Baja,gasto en showcase cinemas,753.0,ocio,2026-07-16,natural
24,AR,ARS,221699,64,Baja,pago a hospital britanico,534.0,salud,2026-06-07,natural
24,AR,ARS,221699,64,Baja,pago a prevencion salud,920.0,salud,2026-07-23,natural
24,AR,ARS,221699,64,Baja,pago a litoral gas,1513.0,servicios,2026-07-15,natural
24,AR,ARS,221699,64,Baja,transferencia a aguas bonaerenses,702.0,servicios,2026-08-04,natural
24,AR,ARS,221699,64,Baja,pago a carrefour,3347.0,alimentacion,2026-10-12,natural
24,AR,ARS,221699,64,Baja,pago a fiter gimnasios,419.0,ocio,2026-07-15,natural
24,AR,ARS,221699,64,Baja,EASY,773.0,vivienda,2026-11-03,cartola
24,AR,ARS,221699,64,Baja,pago a vaalian,1694.0,salud,2026-06-01,natural
24,AR,ARS,221699,64,Baja,ADMINISTRACION SAN MARTIN,1399.0,vivienda,2026-01-14,cartola
24,AR,ARS,221699,64,Baja,compra en almacen de barrio,2386.0,alimentacion,2026-11-21,natural
24,AR,ARS,221699,64,Baja,PEAJE SAMBOROMBNO,6884.0,transporte,2026-05-26,cartola
24,AR,ARS,221699,64,Baja,pago a sancor salud,667.0,salud,2026-02-26,natural
24,AR,ARS,221699,64,Baja,TELEPASE AUTOPISTAS,360.0,transporte,2026-09-25,cartola
24,AR,ARS,221699,64,Baja,transferencia a peaje pacheco,359.0,transporte,2026-01-17,natural
24,AR,ARS,221699,64,Baja,gasto en pinturerias prestigio,1554.0,vivienda,2026-10-13,natural
24,AR,ARS,221699,64,Baja,ARBA IMPUESTOS,2481.0,otros,2026-12-10,cartola
24,AR,ARS,221699,64,Baja,POS TRX SPOTIFY 3641,299.0,streaming,2026-07-22,cartola
24,AR,ARS,221699,64,Baja,pago a peaje illia,207.0,transporte,2026-04-09,natural
24,AR,ARS,221699,64,Baja,compra en mostaza,172.0,alimentacion,2026-07-28,natural
24,AR,ARS,221699,64,Baja,PEDIDOSYA,2072.0,alimentacion,2026-05-09,cartola
24,AR,ARS,221699,64,Baja,EDENOR,447.0,servicios,2026-12-01,cartola
24,AR,ARS,221699,64,Baja,TER* SUPERMERCADOS DIA,615.0,alimentacion,2026-10-15,cartola
24,AR,ARS,221699,64,Baja,CONSORCIO EDIFICIO BELGRANO,837.0,vivienda,2026-09-09,cartola
24,AR,ARS,221699,64,Baja,gasto en banco nacion,2191.0,otros,2026-09-22,natural
24,AR,ARS,221699,64,Baja,ALMACEN DE PIZZAS,1260.0,alimentacion,2026-09-28,cartola
24,AR,ARS,221699,64,Baja,compra en administracion consorcio palermo,1143.0,vivienda,2026-07-07,natural
24,AR,ARS,221699,64,Baja,compra en banco provincia,231.0,otros,2026-08-02,natural
24,AR,ARS,221699,64,Baja,gasto en peaje larena,862.0,transporte,2026-10-10,natural
24,AR,ARS,221699,64,Baja,FEDERACION PATRONAL SEGUROS,1505.0,otros,2026-07-30,cartola
24,AR,ARS,221699,64,Baja,AUTOPISTAS DEL SOL AUSOL,4337.0,transporte,2026-12-31,cartola
24,AR,ARS,221699,64,Baja,transferencia a consorcio edificio belgrano,269.0,vivienda,2026-03-17,natural
24,AR,ARS,221699,64,Baja,WBEPAY EPEN NEUQUEN,297.0,servicios,2026-11-17,cartola
24,AR,ARS,221699,64,Baja,compra en edenor,362.0,servicios,2026-04-19,natural
24,AR,ARS,221699,64,Baja,FLECHA BUS,565.0,transporte,2026-05-09,cartola
24,AR,ARS,221699,64,Baja,transferencia a ferreteria el progreso,2057.0,vivienda,2026-01-10,natural
24,AR,ARS,221699,64,Baja,gasto en carniceria el ombu,196.0,alimentacion,2026-11-11,natural
24,AR,ARS,221699,64,Baja,transferencia a aguas cordobesas,731.0,servicios,2026-04-06,natural
24,AR,ARS,221699,64,Baja,compra en naturgy,478.0,servicios,2026-04-13,natural
24,AR,ARS,221699,64,Baja,DIAGNOSTICO MAIPU,273.0,salud,2026-12-08,cartola
24,AR,ARS,221699,64,Baja,SWISS MEDICAL,717.0,salud,2026-05-26,cartola
24,AR,ARS,221699,64,Baja,compra en telecentro,352.0,servicios,2026-01-27,natural
24,AR,ARS,221699,64,Baja,transferencia a havanna,519.0,alimentacion,2026-08-08,natural
24,AR,ARS,221699,64,Baja,PAC COLEGIO WARD,1465.0,educacion,2026-01-18,cartola
24,AR,ARS,221699,64,Baja,UNIVERSIDAD TECNOLOGICA NACIONAL UTN,883.0,educacion,2026-06-16,cartola
24,AR,ARS,221699,64,Baja,ARGENPROP,159.0,vivienda,2026-03-23,cartola
24,AR,ARS,221699,64,Baja,gasto en consorcioabierto,3898.0,vivienda,2026-03-13,natural
24,AR,ARS,221699,64,Baja,compra en smart fit argentina,1210.0,ocio,2026-11-06,natural
24,AR,ARS,221699,64,Baja,pago a el cuartito,1739.0,alimentacion,2026-09-11,natural
24,AR,ARS,221699,64,Baja,renovación de netflix,311.0,streaming,2026-11-23,natural
24,AR,ARS,221699,64,Baja,transferencia a sanatorio otamendi,313.0,salud,2026-02-07,natural
24,AR,ARS,221699,64,Baja,SODIMAC,336.0,vivienda,2026-07-20,cartola
24,AR,ARS,221699,64,Baja,GAS NEA,251.0,servicios,2026-07-19,cartola
24,AR,ARS,221699,64,Baja,TEATRO OPERA,641.0,ocio,2026-09-12,cartola
24,AR,ARS,221699,64,Baja,UNIVERSIDAD DE SAN ANDRES,3289.0,educacion,2026-06-28,cartola
24,AR,ARS,221699,64,Baja,compra en on fit,731.0,ocio,2026-02-04,natural
24,AR,ARS,221699,64,Baja,gasto en megatlon,411.0,ocio,2026-03-23,natural
24,AR,ARS,221699,64,Baja,gasto en giro cajero banelco,989.0,otros,2026-08-08,natural
24,AR,ARS,221699,64,Baja,PREVENCION SALUD,307.0,salud,2026-01-04,cartola
24,AR,ARS,221699,64,Baja,gasto en peaje parque avellaneda,1126.0,transporte,2026-06-16,natural
24,AR,ARS,221699,64,Baja,gasto en movistar hogar argentina,1006.0,servicios,2026-07-23,natural
24,AR,ARS,221699,64,Baja,transferencia a carrefour,1881.0,alimentacion,2026-07-13,natural
24,AR,ARS,221699,64,Baja,transferencia a pagomiscuentas,5173.0,servicios,2026-08-23,natural
24,AR,ARS,221699,64,Baja,compra en le pain quotidien,346.0,alimentacion,2026-07-25,natural
24,AR,ARS,221699,64,Baja,pago a opticas lof,854.0,salud,2026-05-30,natural
24,AR,ARS,221699,64,Baja,ALMACEN DE BARRIO,2869.0,alimentacion,2026-06-08,cartola
24,AR,ARS,221699,64,Baja,BLAISTEN,1842.0,vivienda,2026-10-06,cartola
24,AR,ARS,221699,64,Baja,gasto en on fit,800.0,ocio,2026-10-31,natural
24,AR,ARS,221699,64,Baja,compra en peaje larena,3482.0,transporte,2026-06-15,natural
24,AR,ARS,221699,64,Baja,pago a sanatorio guemes,204.0,salud,2026-03-09,natural
24,AR,ARS,221699,64,Baja,NF* PINTURERIAS PRESTIGIO,3202.0,vivienda,2026-03-29,cartola
24,AR,ARS,221699,64,Baja,KFC,366.0,alimentacion,2026-01-01,cartola
24,AR,ARS,221699,64,Baja,cargo de hbo max,949.0,streaming,2026-05-15,natural
24,AR,ARS,221699,64,Baja,FARMACIAS VANTAGE,2648.0,salud,2026-07-04,cartola
24,AR,ARS,221699,64,Baja,pago a edesal san luis,365.0,servicios,2026-12-17,natural
24,AR,ARS,221699,64,Baja,CARGO AUT NICETO CLUB,765.0,ocio,2026-05-20,cartola
24,AR,ARS,221699,64,Baja,gasto en federacion patronal seguros,470.0,otros,2026-04-16,natural
24,AR,ARS,221699,64,Baja,TELECOM FIBERTEL,3640.0,servicios,2026-05-13,cartola
24,AR,ARS,221699,64,Baja,ADMINISTRACION CONSORCIO PALERMO,2078.0,vivienda,2026-04-18,cartola
24,AR,ARS,221699,64,Baja,BOLICHE INPUT,1478.0,ocio,2026-06-27,cartola
24,AR,ARS,221699,64,Baja,POS TRX COLEGIO MARIN,1061.0,educacion,2026-10-25,cartola
24,AR,ARS,221699,64,Baja,transferencia a havanna,2058.0,alimentacion,2026-12-24,natural
24,AR,ARS,221699,64,Baja,gasto en kentucky pizzeria,596.0,alimentacion,2026-12-25,natural
24,AR,ARS,221699,64,Baja,MAKRO,711.0,alimentacion,2026-05-26,cartola
24,AR,ARS,221699,64,Baja,compra en zonaprop,1568.0,vivienda,2026-03-15,natural
24,AR,ARS,221699,64,Baja,PAGO TC PARAMOUNT+ 27/8,530.0,streaming,2026-04-18,cartola
24,AR,ARS,221699,64,Baja,UNIVERSIDAD TORCUATO DI TELLA UTDT,271.0,educacion,2026-01-17,cartola
24,AR,ARS,221699,64,Baja,renovación de crunchyroll,345.0,streaming,2026-11-23,natural
24,AR,ARS,221699,64,Baja,GIRO CAJERO BANELCO,211.0,otros,2026-10-24,cartola
24,AR,ARS,221699,64,Baja,SUC. CONSORCIO CABALLITO,2441.0,vivienda,2026-09-09,cartola
24,AR,ARS,221699,64,Baja,DEXTER,765.0,otros,2026-04-29,cartola
24,AR,ARS,221699,64,Baja,CARGO AUT AMAZON PRIME 14/12,1495.0,streaming,2026-06-11,cartola
24,AR,ARS,221699,64,Baja,pago a personal flow,598.0,servicios,2026-07-17,natural
24,AR,ARS,221699,64,Baja,transferencia a medicus,359.0,salud,2026-02-14,natural
24,AR,ARS,221699,64,Baja,ALQUILERES ARGENTINA,511.0,vivienda,2026-11-10,cartola
24,AR,ARS,221699,64,Baja,pago a autopistas del oeste,1893.0,transporte,2026-06-28,natural
24,AR,ARS,221699,64,Baja,PAC AUTOPISTAS DEL OESTE,1175.0,transporte,2026-02-13,cartola
25,AR,ARS,285041,13,Alta,POS TRX APPLE MUSIC 7688,152.0,streaming,2026-03-05,cartola
25,AR,ARS,285041,13,Alta,PEAJE ALBERTI,3790.0,transporte,2026-01-29,cartola
25,AR,ARS,285041,13,Alta,transferencia a ferreteria el puente,1259.0,vivienda,2026-01-11,natural
25,AR,ARS,285041,13,Alta,pago a autopistas del sol ausol,501.0,transporte,2026-04-07,natural
25,AR,ARS,285041,13,Alta,EPE NNEUQUEN,293.0,servicios,2026-12-24,cartola
25,AR,ARS,285041,13,Alta,gasto en diagnostico maipu,6255.0,salud,2026-07-22,natural
25,AR,ARS,285041,13,Alta,transferencia a playstation network ar,154.0,ocio,2026-01-21,natural
25,AR,ARS,285041,13,Alta,LITORAL GAS,453.0,servicios,2026-02-08,cartola
25,AR,ARS,285041,13,Alta,renovación de apple music,873.0,streaming,2026-08-11,natural
25,AR,ARS,285041,13,Alta,suscripción a netflix,1977.0,streaming,2026-04-12,natural
25,AR,ARS,285041,13,Alta,VITAL MAYORISTA,1607.0,alimentacion,2026-02-15,cartola
25,AR,ARS,285041,13,Alta,EPEC,274.0,servicios,2026-03-07,cartola
25,AR,ARS,285041,13,Alta,DIARCO,698.0,alimentacion,2026-04-01,cartola
25,AR,ARS,285041,13,Alta,transferencia a edersa rio negro,557.0,servicios,2026-06-13,natural
25,AR,ARS,285041,13,Alta,POS TRX LA TRASTIENDA,490.0,ocio,2026-04-21,cartola
25,AR,ARS,285041,13,Alta,ATM AGUAS CORDOBESAS,1081.0,servicios,2026-12-04,cartola
25,AR,ARS,285041,13,Alta,gasto en maderas ramos,2485.0,vivienda,2026-05-03,natural
25,AR,ARS,285041,13,Alta,pago a movistar hogar argentina,501.0,servicios,2026-07-12,natural
25,AR,ARS,285041,13,Alta,RAPPI,932.0,alimentacion,2026-04-09,cartola
25,AR,ARS,285041,13,Alta,gasto en pinturas alba,1012.0,vivienda,2026-10-18,natural
25,AR,ARS,285041,13,Alta,ADMINISTRACION CONSORCIO PALERMO,7653.0,vivienda,2026-06-08,cartola
25,AR,ARS,285041,13,Alta,gasto en edesur,6316.0,servicios,2026-04-13,natural
25,AR,ARS,285041,13,Alta,SUB*TELECOM FIBERTEL,3287.0,servicios,2026-10-08,cartola
25,AR,ARS,285041,13,Alta,NATURGY,565.0,servicios,2026-02-12,cartola
25,AR,ARS,285041,13,Alta,gasto en wendy's,233.0,alimentacion,2026-07-10,natural
25,AR,ARS,285041,13,Alta,AGUAS BONAERENSES,778.0,servicios,2026-02-20,cartola
25,AR,ARS,285041,13,Alta,transferencia a carrefour,634.0,alimentacion,2026-07-29,natural
25,AR,ARS,285041,13,Alta,ACCORD SALUD,1439.0,salud,2026-05-06,cartola
25,AR,ARS,285041,13,Alta,EDESUR,3070.0,servicios,2026-03-10,cartola
25,AR,ARS,285041,13,Alta,gasto en colegio st georges,3989.0,educacion,2026-09-22,natural
25,AR,ARS,285041,13,Alta,FARMACIAS SELMA,3804.0,salud,2026-09-15,cartola
25,AR,ARS,285041,13,Alta,CONSORCIOABIERTO,910.0,vivienda,2026-07-07,cartola
25,AR,ARS,285041,13,Alta,compra en banco santander rio,2373.0,otros,2026-08-18,natural
25,AR,ARS,285041,13,Alta,YAGUAR,766.0,alimentacion,2026-07-08,cartola
25,AR,ARS,285041,13,Alta,TELEPASE AUTOPISTAS,308.0,transporte,2026-01-10,cartola
25,AR,ARS,285041,13,Alta,MEGATONE,2468.0,otros,2026-04-24,cartola
25,AR,ARS,285041,13,Alta,SUB*FLECHA BUS,225.0,transporte,2026-06-13,cartola
25,AR,ARS,285041,13,Alta,compra en edet tucuman,1074.0,servicios,2026-03-26,natural
25,AR,ARS,285041,13,Alta,compar en aguas cordobesas,816.0,servicios,2026-02-18,natural
25,AR,ARS,285041,13,Alta,COMPRA WEB EDET TUCUMAN,2413.0,servicios,2026-11-22,cartola
25,AR,ARS,285041,13,Alta,,2967.0,vivienda,2026-06-26,cartola
25,AR,ARS,285041,13,Alta,compra en pedidosya,740.0,alimentacion,2026-08-06,natural
25,AR,ARS,285041,13,Alta,transferencia a universidad de buenos aires uba,3408.0,educacion,2026-07-08,natural
25,AR,ARS,285041,13,Alta,compra en peaje dock sud,710.0,transporte,2026-12-12,natural
25,AR,ARS,285041,13,Alta,compra en persicco,1207.0,alimentacion,2026-08-18,natural
25,AR,ARS,285041,13,Alta,PUNTOTICKET ARGENTINA,2650.0,ocio,2026-09-12,cartola
25,AR,ARS,285041,13,Alta,transferencia a emova subte,2410.0,transporte,2026-08-24,natural
25,AR,ARS,285041,13,Alta,WEBPAY ADMINISTRACION CONSORCIO PALERMO,8924.0,vivienda,2026-01-26,cartola
25,AR,ARS,285041,13,Alta,HEISENBURGER,521.0,alimentacion,2026-03-13,cartola
25,AR,ARS,285041,13,Alta,CARGO AUT HEISENBURGER,2216.0,alimentacion,2026-09-18,cartola
25,AR,ARS,285041,13,Alta,pago a chevallier,1921.0,transporte,2026-09-11,natural
25,AR,ARS,285041,13,Alta,COMPRA WEB SPORTCLUB,5035.0,ocio,2026-09-28,cartola
25,AR,ARS,285041,13,Alta,AXION ENERGY,347.0,transporte,2026-05-03,cartola
25,AR,ARS,285041,13,Alta,pago a sanatorio otamendi,2845.0,salud,2026-05-24,natural
25,AR,ARS,285041,13,Alta,compra en edenor,1715.0,servicios,2026-09-14,natural
25,AR,ARS,285041,13,Alta,BANCO ICBC,656.0,otros,2026-05-24,cartola
25,AR,ARS,285041,13,Alta,FIAMBRERIA EL GALPON,1313.0,alimentacion,2026-09-16,cartola
25,AR,ARS,285041,13,Alta,MOVISTAR HOGAR ARGENTINA,829.0,servicios,2026-02-16,cartola
25,AR,ARS,285041,13,Alta,compra en verduleria don carlos,1768.0,alimentacion,2026-12-17,natural
25,AR,ARS,285041,13,Alta,suscripción a crunchyroll,4488.0,streaming,2026-01-13,natural
25,AR,ARS,285041,13,Alta,MULTIPLEX CINES,1720.0,ocio,2026-07-27,cartola
25,AR,ARS,285041,13,Alta,SWISS MEDICAL,2039.0,salud,2026-11-07,cartola
25,AR,ARS,285041,13,Alta,NF* DISNEY PLUS 7713,1493.0,streaming,2026-08-23,cartola
25,AR,ARS,285041,13,Alta,transferencia a octavo piso saas,298.0,vivienda,2026-11-18,natural
25,AR,ARS,285041,13,Alta,TER* EDET TUCUMAN,541.0,servicios,2026-06-04,cartola
25,AR,ARS,285041,13,Alta,PIZZERIA GUERRIN,1383.0,alimentacion,2026-06-15,cartola
25,AR,ARS,285041,13,Alta,SUC. UNIVERSIDAD DE SAN ANDRES,758.0,educacion,2026-03-31,cartola
25,AR,ARS,285041,13,Alta,pago a bonafide,410.0,alimentacion,2026-07-05,natural
25,AR,ARS,285041,13,Alta,SANATORIO OTMAENDI,1432.0,salud,2026-11-14,cartola
25,AR,ARS,285041,13,Alta,gasto en el cuartito,796.0,alimentacion,2026-12-24,natural
25,AR,ARS,285041,13,Alta,transferencia a alquileres argentina,609.0,vivienda,2026-06-23,natural
25,AR,ARS,285041,13,Alta,TELECENTRO,1273.0,servicios,2026-08-05,cartola
25,AR,ARS,285041,13,Alta,transferencia a el noble,292.0,alimentacion,2026-09-21,natural
25,AR,ARS,285041,13,Alta,transferencia a almacen de barrio,5364.0,alimentacion,2026-04-07,natural
25,AR,ARS,285041,13,Alta,DIAGNOSTICO MAIPU,4129.0,salud,2026-04-27,cartola
25,AR,ARS,285041,13,Alta,transferencia a universidad de san andres,2510.0,educacion,2026-07-18,natural
25,AR,ARS,285041,13,Alta,gasto en ferreteria el progreso,229.0,vivienda,2026-11-16,natural
25,AR,ARS,285041,13,Alta,gasto en edesur,3053.0,servicios,2026-01-21,natural
25,AR,ARS,285041,13,Alta,EXPENSAS ONLINE,3368.0,vivienda,2026-07-19,cartola
25,AR,ARS,285041,13,Alta,gasto en provincia net,2980.0,servicios,2026-12-07,natural
25,AR,ARS,285041,13,Alta,RAPIPAGO,247.0,servicios,2026-09-05,cartola
25,AR,ARS,285041,13,Alta,renovación de disney plus,2108.0,streaming,2026-10-03,natural
25,AR,ARS,285041,13,Alta,pago a consorcio caballito,3670.0,vivienda,2026-09-21,natural
25,AR,ARS,285041,13,Alta,compra en peaje alberti,1758.0,transporte,2026-02-27,natural
25,AR,ARS,285041,13,Alta,COMPRA WEB RAPIPAGO,2122.0,servicios,2026-10-29,cartola
25,AR,ARS,285041,13,Alta,gasto en zonaprop,1252.0,vivienda,2026-01-31,natural
25,AR,ARS,285041,13,Alta,CLINICA MATER DEI,1536.0,salud,2026-09-06,cartola
25,AR,ARS,285041,13,Alta,transferencia a farmacias central oeste,242.0,salud,2026-09-22,natural
25,AR,ARS,285041,13,Alta,LIBRERIA SBS,2080.0,educacion,2026-09-28,cartola
25,AR,ARS,285041,13,Alta,PANI,173.0,alimentacion,2026-04-04,cartola
25,AR,ARS,285041,13,Alta,pago a colegio st georges,1166.0,educacion,2026-06-03,natural
25,AR,ARS,285041,13,Alta,PINTURERIAS PRESTIGIO,707.0,vivienda,2026-10-12,cartola
25,AR,ARS,285041,13,Alta,gasto en kfc,1609.0,alimentacion,2026-03-21,natural
25,AR,ARS,285041,13,Alta,compra en accord salud,292.0,salud,2026-10-19,natural
25,AR,ARS,285041,13,Alta,SUC. CABIFY,2402.0,transporte,2026-03-25,cartola
25,AR,ARS,285041,13,Alta,HEISENBURGER,3235.0,alimentacion,2026-12-31,cartola
25,AR,ARS,285041,13,Alta,transferencia a librerias cuspide,364.0,educacion,2026-02-06,natural
25,AR,ARS,285041,13,Alta,CLUB DE LA BIRRA,225.0,alimentacion,2026-12-08,cartola
25,AR,ARS,285041,13,Alta,NF* ZONAPROP,321.0,vivienda,2026-11-23,cartola
25,AR,ARS,285041,13,Alta,gasto en pagomiscuentas,4280.0,servicios,2026-08-20,natural
25,AR,ARS,285041,13,Alta,TER* MOVISTAR HOGAR ARGENTINA,1533.0,servicios,2026-04-03,cartola
25,AR,ARS,285041,13,Alta,CENTOR ROSSI,1286.0,salud,2026-12-02,cartola
25,AR,ARS,285041,13,Alta,compra en telepase autopistas,230.0,transporte,2026-04-12,natural
25,AR,ARS,285041,13,Alta,pago a kentucky pizzeria,2141.0,alimentacion,2026-06-15,natural
25,AR,ARS,285041,13,Alta,CARGO AUT AGUAS BONAERENSES,4134.0,servicios,2026-06-08,cartola
25,AR,ARS,285041,13,Alta,gasto en puma energy,3596.0,transporte,2026-01-14,natural
25,AR,ARS,285041,13,Alta,transferencia a farmacia azul,2008.0,salud,2026-08-13,natural
25,AR,ARS,285041,13,Alta,LA CONTINENTAL,160.0,alimentacion,2026-03-14,cartola
25,AR,ARS,285041,13,Alta,LIGIER PINTURERIAS,243.0,vivienda,2026-09-06,cartola
25,AR,ARS,285041,13,Alta,pago mensual de hbo max,240.0,streaming,2026-08-04,natural
25,AR,ARS,285041,13,Alta,LA TRASTIENDA,608.0,ocio,2026-03-31,cartola
25,AR,ARS,285041,13,Alta,MADERAS RAMOS,298.0,vivienda,2026-01-29,cartola
25,AR,ARS,285041,13,Alta,COPPEL,615.0,otros,2026-11-01,cartola
25,AR,ARS,285041,13,Alta,UNIVERSIDAD DE SAN ANDRES,993.0,educacion,2026-08-08,cartola
25,AR,ARS,285041,13,Alta,transferencia a vital mayorista,5847.0,alimentacion,2026-11-24,natural
25,AR,ARS,285041,13,Alta,pago a mcdonald's,1924.0,alimentacion,2026-08-03,natural
25,AR,ARS,285041,13,Alta,COMPRA WEB ADMINISTRACION SAN MARTIN,3678.0,vivienda,2026-08-09,cartola
25,AR,ARS,285041,13,Alta,NF* EDESUR,2530.0,servicios,2026-02-11,cartola
25,AR,ARS,285041,13,Alta,COMPRA WEB PARAMOUNT+ 3619,244.0,streaming,2026-05-15,cartola
25,AR,ARS,285041,13,Alta,COMPRA WEB HBO MAX 7432,2718.0,streaming,2026-02-11,cartola
25,AR,ARS,285041,13,Alta,FLECHA BUS,657.0,transporte,2026-06-13,cartola
25,AR,ARS,285041,13,Alta,NF* ADMINISTRACION SAN MARTIN,2081.0,vivienda,2026-12-27,cartola
25,AR,ARS,285041,13,Alta,pago a mi barrio hamburgueseria,851.0,alimentacion,2026-10-10,natural
25,AR,ARS,285041,13,Alta,pago a ligier pinturerias,12377.0,vivienda,2026-02-27,natural
26,AR,ARS,234969,57,Baja,FARMACIA AZUL,688.0,salud,2026-08-19,cartola
26,AR,ARS,234969,57,Baja,PROVINCIA NET,2684.0,servicios,2026-07-27,cartola
26,AR,ARS,234969,57,Baja,AUTOPISTAS DEL SOL AUSOL,1823.0,transporte,2026-03-16,cartola
26,AR,ARS,234969,57,Baja,transferencia a sportclub,152.0,ocio,2026-09-27,natural
26,AR,ARS,234969,57,Baja,LIBRERIAS CUSPIDE,1356.0,educacion,2026-04-24,cartola
26,AR,ARS,234969,57,Baja,pago a telepase autopistas,793.0,transporte,2026-03-03,natural
26,AR,ARS,234969,57,Baja,NF* LA CONTINENTAL,751.0,alimentacion,2026-12-28,cartola
26,AR,ARS,234969,57,Baja,gasto en provincia net,1738.0,servicios,2026-11-16,natural
26,AR,ARS,234969,57,Baja,compra en amazon prime argentina,733.0,ocio,2026-04-12,natural
26,AR,ARS,234969,57,Baja,PLUSMAR,2828.0,transporte,2026-12-28,cartola
26,AR,ARS,234969,57,Baja,NF* MCDONALD'S,359.0,alimentacion,2026-09-12,cartola
26,AR,ARS,234969,57,Baja,AUTOPISTAS DEL SOL AUSOL,2036.0,transporte,2026-01-20,cartola
26,AR,ARS,234969,57,Baja,EDERSA RIO NEGRO,3122.0,servicios,2026-02-27,cartola
26,AR,ARS,234969,57,Baja,LA TRASTIENDA,2106.0,ocio,2026-04-22,cartola
26,AR,ARS,234969,57,Baja,DANDY,1296.0,alimentacion,2026-11-09,cartola
26,AR,ARS,234969,57,Baja,gasto en maderas rmaos,5658.0,vivienda,2026-07-15,natural
26,AR,ARS,234969,57,Baja,pago a easy,672.0,vivienda,2026-12-19,natural
26,AR,ARS,234969,57,Baja,TER* OPTICA LUTZ FERRANDO,241.0,salud,2026-02-21,cartola
26,AR,ARS,234969,57,Baja,compra en clinica mater dei,1066.0,salud,2026-10-20,natural
26,AR,ARS,234969,57,Baja,gasto en banco icbc,157.0,otros,2026-10-27,natural
26,AR,ARS,234969,57,Baja,SHELL,5801.0,transporte,2026-04-08,cartola
26,AR,ARS,234969,57,Baja,compra en la mezzetta,444.0,alimentacion,2026-08-24,natural
26,AR,ARS,234969,57,Baja,transferencia a coto,2932.0,alimentacion,2026-03-10,natural
26,AR,ARS,234969,57,Baja,compra en movistar arena argentina,2808.0,ocio,2026-02-14,natural
26,AR,ARS,234969,57,Baja,LAS CUARTETAS,463.0,alimentacion,2026-05-17,cartola
26,AR,ARS,234969,57,Baja,pago a laboratorio stamboulian,1830.0,salud,2026-08-22,natural
26,AR,ARS,234969,57,Baja,LIBRERIA SBS,181.0,educacion,2026-10-16,cartola
26,AR,ARS,234969,57,Baja,pago a comisiones banco comafi,1246.0,otros,2026-05-06,natural
26,AR,ARS,234969,57,Baja,TER* PARAMOUNT+ 8073,216.0,streaming,2026-01-30,cartola
26,AR,ARS,234969,57,Baja,SUBE,4788.0,transporte,2026-04-24,cartola
26,AR,ARS,234969,57,Baja,pago a consorcioabierto,7037.0,vivienda,2026-07-23,natural
26,AR,ARS,234969,57,Baja,pago a peaje samborombon,474.0,transporte,2026-01-29,natural
26,AR,ARS,234969,57,Baja,pago a pinturerias prestigio,440.0,vivienda,2026-05-11,natural
26,AR,ARS,234969,57,Baja,pago a pinturerias rex,2641.0,vivienda,2026-07-04,natural
26,AR,ARS,234969,57,Baja,compra en osde,551.0,salud,2026-09-10,natural
26,AR,ARS,234969,57,Baja,compra en pinturerias prestigio,4250.0,vivienda,2026-10-13,natural
26,AR,ARS,234969,57,Baja,pago a ligier pinturerias,1608.0,vivienda,2026-03-03,natural
26,AR,ARS,234969,57,Baja,COMPRA WEB YOUTUBE PREMIUM 7471,814.0,streaming,2026-01-03,cartola
26,AR,ARS,234969,57,Baja,EDET TUCUMAN,3370.0,servicios,2026-03-09,cartola
26,AR,ARS,234969,57,Baja,CARGO AUT APPLE MUSIC 4085,1282.0,streaming,2026-01-25,cartola
26,AR,ARS,234969,57,Baja,compra en edesur,4573.0,servicios,2026-06-28,natural
26,AR,ARS,234969,57,Baja,gasto en edenor,4960.0,servicios,2026-05-21,natural
26,AR,ARS,234969,57,Baja,compra en clinica suizo argentina,341.0,salud,2026-08-19,natural
26,AR,ARS,234969,57,Baja,PERSICCO,193.0,alimentacion,2026-06-12,cartola
26,AR,ARS,234969,57,Baja,compra en naturgy,7786.0,servicios,2026-11-07,natural
26,AR,ARS,234969,57,Baja,ARBA IMPUESTOS,4460.0,otros,2026-05-10,cartola
26,AR,ARS,234969,57,Baja,BAR EL BARISTA ARGENTINA,338.0,ocio,2026-09-03,cartola
26,AR,ARS,234969,57,Baja,transferencia a avalian,3374.0,salud,2026-10-24,natural
26,AR,ARS,234969,57,Baja,compra en easy,1154.0,vivienda,2026-06-21,natural
26,AR,ARS,234969,57,Baja,FARMACIAS VANTAGE,565.0,salud,2026-03-05,cartola
26,AR,ARS,234969,57,Baja,renovación de max,3977.0,streaming,2026-01-31,natural
26,AR,ARS,234969,57,Baja,transferencia am ultiplex cines,413.0,ocio,2026-02-16,natural
26,AR,ARS,234969,57,Baja,POS TRX AMAZON PRIME 8/12,5548.0,streaming,2026-05-10,cartola
26,AR,ARS,234969,57,Baja,UNIVERSIDAD DE BUENOS AIRES UBA,434.0,educacion,2026-12-18,cartola
26,AR,ARS,234969,57,Baja,COLEGIO CARDINAL NEWMAN,1793.0,educacion,2026-11-29,cartola
26,AR,ARS,234969,57,Baja,AMAZON PRIME ARGENTINA,476.0,ocio,2026-04-20,cartola
26,AR,ARS,234969,57,Baja,compra en la trastienda,1487.0,ocio,2026-03-10,natural
26,AR,ARS,234969,57,Baja,transferencia a medife,2171.0,salud,2026-02-27,natural
26,AR,ARS,234969,57,Baja,compra en octavo piso saas,398.0,vivienda,2026-04-16,natural
26,AR,ARS,234969,57,Baja,pago a le pain quotidien,1387.0,alimentacion,2026-10-27,natural
26,AR,ARS,234969,57,Baja,AUBASA,1193.0,transporte,2026-11-26,cartola
26,AR,ARS,234969,57,Baja,SUBWAY,205.0,alimentacion,2026-06-20,cartola
26,AR,ARS,234969,57,Baja,OCTAVO PISO SAAS,3215.0,vivienda,2026-06-11,cartola
26,AR,ARS,234969,57,Baja,compra en edet tucuman,771.0,servicios,2026-10-13,natural
26,AR,ARS,234969,57,Baja,transferencia a peaje hudson,1611.0,transporte,2026-03-12,natural
26,AR,ARS,234969,57,Baja,compra en hospital aleman,1363.0,salud,2026-09-12,natural
26,AR,ARS,234969,57,Baja,compra en bonafide,1357.0,alimentacion,2026-02-24,natural
26,AR,ARS,234969,57,Baja,compra en sanatorio otamendi,214.0,salud,2026-11-19,natural
26,AR,ARS,234969,57,Baja,RAPIPAGO,1038.0,servicios,2026-01-03,cartola
26,AR,ARS,234969,57,Baja,TEA CONNECTION,1135.0,alimentacion,2026-01-26,cartola
26,AR,ARS,234969,57,Baja,gasto en grido helados,2494.0,alimentacion,2026-11-09,natural
26,AR,ARS,234969,57,Baja,SODIMAC,3455.0,vivienda,2026-05-06,cartola
26,AR,ARS,234969,57,Baja,PAC ALMACEN DE BARRIO,1484.0,alimentacion,2026-02-22,cartola
26,AR,ARS,234969,57,Baja,SEGUROS LA CAJA,171.0,otros,2026-07-17,cartola
26,AR,ARS,234969,57,Baja,PAGO TC MAX 4805,510.0,streaming,2026-10-26,cartola
26,AR,ARS,234969,57,Baja,,340.0,transporte,2026-07-07,natural
26,AR,ARS,234969,57,Baja,compra en tea connection,251.0,alimentacion,2026-07-05,natural
26,AR,ARS,234969,57,Baja,gasto en trenes argentinos,859.0,transporte,2026-11-01,natural
26,AR,ARS,234969,57,Baja,transferencia a almacen de barrio,491.0,alimentacion,2026-10-25,natural
26,AR,ARS,234969,57,Baja,EL CUARTITO,464.0,alimentacion,2026-07-23,cartola
26,AR,ARS,234969,57,Baja,compra en laboratorio stamboulian,343.0,salud,2026-01-11,natural
26,AR,ARS,234969,57,Baja,compra en carrefour,252.0,alimentacion,2026-12-20,natural
26,AR,ARS,234969,57,Baja,SUC. FRAVEGA,204.0,otros,2026-05-26,cartola
26,AR,ARS,234969,57,Baja,RAPIPAGO,356.0,servicios,2026-03-26,cartola
26,AR,ARS,234969,57,Baja,ROTISERIA LA QUERENCIA,1063.0,alimentacion,2026-04-10,cartola
26,AR,ARS,234969,57,Baja,gasto en almacen de barrio,1347.0,alimentacion,2026-04-14,natural
26,AR,ARS,234969,57,Baja,pago a pontificia universidad catolica uca,286.0,educacion,2026-02-15,natural
26,AR,ARS,234969,57,Baja,transferencia a camuzzi gas pampeana,1042.0,servicios,2026-02-13,natural
26,AR,ARS,234969,57,Baja,POS TRX CRUNCHYROLL 25/2,788.0,streaming,2026-10-05,cartola
26,AR,ARS,234969,57,Baja,CARGO AUT DISCO,382.0,alimentacion,2026-06-30,cartola
26,AR,ARS,234969,57,Baja,LA CONTINENTAL,336.0,alimentacion,2026-04-24,cartola
26,AR,ARS,234969,57,Baja,ARBA IMPUESTOS,1186.0,otros,2026-09-12,cartola
26,AR,ARS,234969,57,Baja,transferencia a personal flow,2181.0,servicios,2026-01-30,natural
26,AR,ARS,234969,57,Baja,pago a farmacias vantage,484.0,salud,2026-09-21,natural
26,AR,ARS,234969,57,Baja,HEISENBURGER,266.0,alimentacion,2026-04-08,cartola
26,AR,ARS,234969,57,Baja,LIBRERIAS CUSPIDE,4111.0,educacion,2026-11-09,cartola
26,AR,ARS,234969,57,Baja,gasto en peaje samborombon,606.0,transporte,2026-11-25,natural
26,AR,ARS,234969,57,Baja,SUB*DIDI ARGENTINA,477.0,transporte,2026-04-25,cartola
26,AR,ARS,234969,57,Baja,gasto en cabify,3667.0,transporte,2026-10-03,natural
26,AR,ARS,234969,57,Baja,pago a optica lutz ferrando,3202.0,salud,2026-10-08,natural
26,AR,ARS,234969,57,Baja,AMAZON PRIME ARGENTINA,1121.0,ocio,2026-10-02,cartola
26,AR,ARS,234969,57,Baja,PINTURAS ALBA,1266.0,vivienda,2026-09-18,cartola
26,AR,ARS,234969,57,Baja,gasto en kentucky pizzeria,463.0,alimentacion,2026-11-27,natural
26,AR,ARS,234969,57,Baja,gasto en chevallier,154.0,transporte,2026-07-26,natural
26,AR,ARS,234969,57,Baja,COLEGIO SAN ANDRES,1606.0,educacion,2026-11-24,cartola
26,AR,ARS,234969,57,Baja,gasto en telepase autopistas,195.0,transporte,2026-07-30,natural
26,AR,ARS,234969,57,Baja,UNIVERSIDAD TORCUATO DI TELLA UTDT,1124.0,educacion,2026-08-03,cartola
26,AR,ARS,234969,57,Baja,SUB*BANCO SANTANDER RIO,5319.0,otros,2026-02-09,cartola
26,AR,ARS,234969,57,Baja,gasto en ferreteria el puente,5757.0,vivienda,2026-01-26,natural
26,AR,ARS,234969,57,Baja,OPTICAS LOF,516.0,salud,2026-01-27,cartola
26,AR,ARS,234969,57,Baja,MADERAS RAMOS,1844.0,vivienda,2026-07-09,cartola
26,AR,ARS,234969,57,Baja,TEA CONNECTION,1211.0,alimentacion,2026-03-24,cartola
26,AR,ARS,234969,57,Baja,POS TRX SUPERMERCADOS DIA,3930.0,alimentacion,2026-06-19,cartola
26,AR,ARS,234969,57,Baja,pgao mensual de max,597.0,streaming,2026-06-16,natural
26,AR,ARS,234969,57,Baja,MCDONALD'S,337.0,alimentacion,2026-06-18,cartola
26,AR,ARS,234969,57,Baja,CLINICA MATER DEI,334.0,salud,2026-10-16,cartola
26,AR,ARS,234969,57,Baja,pago a autopistas del oeste,811.0,transporte,2026-08-17,natural
26,AR,ARS,234969,57,Baja,PINTURERIAS REX,715.0,vivienda,2026-04-07,cartola
26,AR,ARS,234969,57,Baja,GAS NEA,2954.0,servicios,2026-01-16,cartola
26,AR,ARS,234969,57,Baja,gasto en mostaza,2151.0,alimentacion,2026-10-06,natural
26,AR,ARS,234969,57,Baja,VITAL MAYORISTA,671.0,alimentacion,2026-05-15,cartola
26,AR,ARS,234969,57,Baja,pago a itba,1154.0,educacion,2026-01-26,natural
26,AR,ARS,234969,57,Baja,transferencia a la birra bar,189.0,alimentacion,2026-12-18,natural
27,AR,ARS,204243,64,Alta,PAGO TC ACCORD SALUD,521.0,salud,2026-12-07,cartola
27,AR,ARS,204243,64,Alta,MEDICUS,697.0,salud,2026-12-15,cartola
27,AR,ARS,204243,64,Alta,PAC AMAZON PRIME 9053,169.0,streaming,2026-09-12,cartola
27,AR,ARS,204243,64,Alta,POS TRX PAGOMISCUENTAS,1038.0,servicios,2026-11-13,cartola
27,AR,ARS,204243,64,Alta,gasto en claro hogar argentina,1094.0,servicios,2026-02-07,natural
27,AR,ARS,204243,64,Alta,transferencia a la continental,1614.0,alimentacion,2026-05-28,natural
27,AR,ARS,204243,64,Alta,CLINICA MATER DEI,174.0,salud,2026-05-01,cartola
27,AR,ARS,204243,64,Alta,transferencia a amazon prime argentina,937.0,ocio,2026-01-26,natural
27,AR,ARS,204243,64,Alta,BLAISTEN,347.0,vivienda,2026-06-18,cartola
27,AR,ARS,204243,64,Alta,BAR EL BARISTA ARGENTINA,1452.0,ocio,2026-11-19,cartola
27,AR,ARS,204243,64,Alta,AUTOPISTAS DEL SOL AUSOL,374.0,transporte,2026-01-01,cartola
27,AR,ARS,204243,64,Alta,EDERSA RIO NEGRO,2918.0,servicios,2026-11-03,cartola
27,AR,ARS,204243,64,Alta,transferencia a farmacias central oeste,1456.0,salud,2026-09-18,natural
27,AR,ARS,204243,64,Alta,pago a axion energy,851.0,transporte,2026-01-13,natural
27,AR,ARS,204243,64,Alta,BANCO NACION,700.0,otros,2026-02-17,cartola
27,AR,ARS,204243,64,Alta,MOVISTAR HOGAR ARGENTINA,168.0,servicios,2026-11-09,cartola
27,AR,ARS,204243,64,Alta,transferencia a rappi,413.0,alimentacion,2026-10-18,natural
27,AR,ARS,204243,64,Alta,LA CONTINENTAL,2443.0,alimentacion,2026-11-28,cartola
27,AR,ARS,204243,64,Alta,PAGO TC HOSPITAL ALEMAN,2823.0,salud,2026-04-04,cartola
27,AR,ARS,204243,64,Alta,pago a sodimac,154.0,vivienda,2026-10-05,natural
27,AR,ARS,204243,64,Alta,NF* ALQUILERES ARGENTINA,1084.0,vivienda,2026-12-25,cartola
27,AR,ARS,204243,64,Alta,compra en coto,1527.0,alimentacion,2026-07-24,natural
27,AR,ARS,204243,64,Alta,compra en flecha bus,1159.0,transporte,2026-07-04,natural
27,AR,ARS,204243,64,Alta,POS TRX ADMINISTRACION SAN MARTIN,324.0,vivienda,2026-11-05,cartola
27,AR,ARS,204243,64,Alta,PEAJE DELLEPIANE,295.0,transporte,2026-03-10,cartola
27,AR,ARS,204243,64,Alta,OCTAVO PISO SAAS,346.0,vivienda,2026-04-14,cartola
27,AR,ARS,204243,64,Alta,CARGO AUT JUMBO,2142.0,alimentacion,2026-09-03,cartola
27,AR,ARS,204243,64,Alta,COLEGIO ST GEORGES,748.0,educacion,2026-06-10,cartola
27,AR,ARS,204243,64,Alta,pago a administracion san martin,802.0,vivienda,2026-07-19,natural
27,AR,ARS,204243,64,Alta,LIBRERIA EL ATENEO,3284.0,educacion,2026-08-04,cartola
27,AR,ARS,204243,64,Alta,transferencia a peaje samborombon,1218.0,transporte,2026-07-31,natural
27,AR,ARS,204243,64,Alta,transferencia a sancor salud,2752.0,salud,2026-01-16,natural
27,AR,ARS,204243,64,Alta,gasto en pinturerias rex,733.0,vivienda,2026-11-28,natural
27,AR,ARS,204243,64,Alta,transferencia a ferreteria el puente,195.0,vivienda,2026-07-24,natural
27,AR,ARS,204243,64,Alta,PINTURERIAS PRESTIGIO,3196.0,vivienda,2026-12-31,cartola
27,AR,ARS,204243,64,Alta,EDET TUCUMAN,738.0,servicios,2026-02-08,cartola
27,AR,ARS,204243,64,Alta,transferencia a sube,241.0,transporte,2026-03-30,natural
27,AR,ARS,204243,64,Alta,PEAJE ILLIA,433.0,transporte,2026-09-13,cartola
27,AR,ARS,204243,64,Alta,pago a peaje hudson,373.0,transporte,2026-09-11,natural
27,AR,ARS,204243,64,Alta,pago a sodimac,759.0,vivienda,2026-08-04,natural
27,AR,ARS,204243,64,Alta,PAC YPF,2306.0,transporte,2026-10-30,cartola
27,AR,ARS,204243,64,Alta,PEAJE DOCK SUD,3260.0,transporte,2026-06-21,cartola
27,AR,ARS,204243,64,Alta,PEAJE LARENA,3242.0,transporte,2026-05-17,cartola
27,AR,ARS,204243,64,Alta,compra en fiambreria el galpon,161.0,alimentacion,2026-06-27,natural
27,AR,ARS,204243,64,Alta,ALMACEN DE PIZZAS,579.0,alimentacion,2026-03-18,cartola
27,AR,ARS,204243,64,Alta,gasto en centro rossi,337.0,salud,2026-01-15,natural
27,AR,ARS,204243,64,Alta,EASY,2323.0,vivienda,2026-10-19,cartola
27,AR,ARS,204243,64,Alta,HEISENBURGER,534.0,alimentacion,2026-11-15,cartola
27,AR,ARS,204243,64,Alta,CHANGOMAS,1199.0,alimentacion,2026-11-21,cartola
27,AR,ARS,204243,64,Alta,gasto ne diarco,1509.0,alimentacion,2026-08-02,natural
27,AR,ARS,204243,64,Alta,gasto en axion energy,675.0,transporte,2026-07-27,natural
27,AR,ARS,204243,64,Alta,PEAJE SAMBOROMBON,440.0,transporte,2026-06-18,cartola
27,AR,ARS,204243,64,Alta,DIGANOSTICO MAIPU,3938.0,salud,2026-11-26,cartola
27,AR,ARS,204243,64,Alta,BANCO ICBC,4012.0,otros,2026-10-07,cartola
27,AR,ARS,204243,64,Alta,gasto en amazon prime argentina,411.0,ocio,2026-11-01,natural
27,AR,ARS,204243,64,Alta,TER* CRUNCHYROLL 8/1,785.0,streaming,2026-05-26,cartola
27,AR,ARS,204243,64,Alta,VERDULERIA DON CARLOS,4335.0,alimentacion,2026-09-20,cartola
27,AR,ARS,204243,64,Alta,renovación de max,153.0,streaming,2026-03-31,natural
27,AR,ARS,204243,64,Alta,pago a peaje larena,640.0,transporte,2026-03-01,natural
27,AR,ARS,204243,64,Alta,WEBPAY AUBASA,204.0,transporte,2026-01-16,cartola
27,AR,ARS,204243,64,Alta,compra en subway,855.0,alimentacion,2026-08-15,natural
27,AR,ARS,204243,64,Alta,gasto en octavo piso saas,367.0,vivienda,2026-01-29,natural
27,AR,ARS,204243,64,Alta,COMISIONES BANCO GALICIA,628.0,otros,2026-05-31,cartola
27,AR,ARS,204243,64,Alta,EDESUR,300.0,servicios,2026-09-02,cartola
27,AR,ARS,204243,64,Alta,gasto en cinemark hoyts,916.0,ocio,2026-09-27,natural
27,AR,ARS,204243,64,Alta,TER* NETFLIX 6376,6635.0,streaming,2026-03-20,cartola
27,AR,ARS,204243,64,Alta,transferencia a peaje samborombon,1938.0,transporte,2026-10-16,natural
27,AR,ARS,204243,64,Alta,gasto en consorcio edificio belgrano,2246.0,vivienda,2026-06-02,natural
27,AR,ARS,204243,64,Alta,TEA CONNECTION,1212.0,alimentacion,2026-10-04,cartola
27,AR,ARS,204243,64,Alta,compra en peaje samborombon,294.0,transporte,2026-10-06,natural
27,AR,ARS,204243,64,Alta,SODIMAC,278.0,vivienda,2026-02-26,cartola
27,AR,ARS,204243,64,Alta,CABIFY,3115.0,transporte,2026-07-05,cartola
27,AR,ARS,204243,64,Alta,compra en teatro opera,548.0,ocio,2026-04-03,natural
27,AR,ARS,204243,64,Alta,PERSOANL FLOW,169.0,servicios,2026-06-07,cartola
27,AR,ARS,204243,64,Alta,PAPA JOHN'S,1457.0,alimentacion,2026-10-02,cartola
27,AR,ARS,204243,64,Alta,transferencia a agip rentas,428.0,otros,2026-06-30,natural
27,AR,ARS,204243,64,Alta,TRENES ARGENTINOS,376.0,transporte,2026-12-25,cartola
27,AR,ARS,204243,64,Alta,compra en pinturas alba,7457.0,vivienda,2026-03-18,natural
27,AR,ARS,204243,64,Alta,pago a el cuartito,2348.0,alimentacion,2026-05-31,natural
27,AR,ARS,204243,64,Alta,PINTURERIAS REX,630.0,vivienda,2026-08-26,cartola
27,AR,ARS,204243,64,Alta,compra en colegio san martin,4718.0,educacion,2026-10-16,natural
27,AR,ARS,204243,64,Alta,PANADERIA SAN JOSE,1262.0,alimentacion,2026-08-19,cartola
27,AR,ARS,204243,64,Alta,compra en rapipago,1629.0,servicios,2026-01-18,natural
27,AR,ARS,204243,64,Alta,ATM EDERSA RIO NEGRO,222.0,servicios,2026-07-08,cartola
27,AR,ARS,204243,64,Alta,ALMACEN DE BARRIO,156.0,alimentacion,2026-01-17,cartola
27,AR,ARS,204243,64,Alta,transferencia a metrogas,1205.0,servicios,2026-01-19,natural
27,AR,ARS,204243,64,Alta,compra en pinturas alba,2756.0,vivienda,2026-08-07,natural
27,AR,ARS,204243,64,Alta,PEAJE LARENA,1175.0,transporte,2026-11-22,cartola
27,AR,ARS,204243,64,Alta,compra en colegio st georges,173.0,educacion,2026-04-30,natural
27,AR,ARS,204243,64,Alta,CHEVALLIER,250.0,transporte,2026-02-03,cartola
27,AR,ARS,204243,64,Alta,KFC,2235.0,alimentacion,2026-03-25,cartola
27,AR,ARS,204243,64,Alta,transferencia a didi argentina,180.0,transporte,2026-07-15,natural
27,AR,ARS,204243,64,Alta,gasto en telecom fibertel,883.0,servicios,2026-11-26,natural
27,AR,ARS,204243,64,Alta,UABASA,351.0,transporte,2026-12-10,cartola
27,AR,ARS,204243,64,Alta,WEBPAY MADERAS RAMOS,234.0,vivienda,2026-01-11,cartola
27,AR,ARS,204243,64,Alta,DISNEY PLUS ARGENTINA,1341.0,ocio,2026-12-13,cartola
27,AR,ARS,204243,64,Alta,DIDI ARGENTINA,1405.0,transporte,2026-08-06,cartola
27,AR,ARS,204243,64,Alta,gasto en disney plus argentina,502.0,ocio,2026-09-10,natural
27,AR,ARS,204243,64,Alta,CARGO AUT PEAJE ILLIA,292.0,transporte,2026-08-10,cartola
27,AR,ARS,204243,64,Alta,PEAJE DEBENEDETTI,2020.0,transporte,2026-03-21,cartola
27,AR,ARS,204243,64,Alta,transferencia a galeno,294.0,salud,2026-01-07,natural
27,AR,ARS,204243,64,Alta,gasto en galeno,939.0,salud,2026-09-29,natural
27,AR,ARS,204243,64,Alta,transferencia a aguas bonaerenses,4146.0,servicios,2026-08-15,natural
27,AR,ARS,204243,64,Alta,,192.0,otros,2026-01-16,natural
27,AR,ARS,204243,64,Alta,suscripción a max,3400.0,streaming,2026-01-12,natural
27,AR,ARS,204243,64,Alta,MEGATONE,243.0,otros,2026-10-18,cartola
27,AR,ARS,204243,64,Alta,pago a editorial santillana argentina,1007.0,educacion,2026-08-29,natural
27,AR,ARS,204243,64,Alta,gasto en medife,569.0,salud,2026-01-21,natural
27,AR,ARS,204243,64,Alta,WEBPAY EDESAL SAN LUIS,4027.0,servicios,2026-06-27,cartola
27,AR,ARS,204243,64,Alta,SUC. DEXTER,384.0,otros,2026-08-16,cartola
27,AR,ARS,204243,64,Alta,cargo de paramount+,613.0,streaming,2026-09-30,natural
27,AR,ARS,204243,64,Alta,pago a banco santander rio,4888.0,otros,2026-10-15,natural
27,AR,ARS,204243,64,Alta,transferencia a pago facil,924.0,servicios,2026-10-24,natural
27,AR,ARS,204243,64,Alta,ALQUILERES ARGENTINA,840.0,vivienda,2026-05-14,cartola
27,AR,ARS,204243,64,Alta,AUTOPISTAS DEL OESTE,358.0,transporte,2026-10-10,cartola
27,AR,ARS,204243,64,Alta,transferencia a la birra bar,1453.0,alimentacion,2026-06-02,natural
27,AR,ARS,204243,64,Alta,pago a movistar hogar argentina,215.0,servicios,2026-05-17,natural
27,AR,ARS,204243,64,Alta,GAS NEA,241.0,servicios,2026-11-13,cartola
27,AR,ARS,204243,64,Alta,gasto en provincia net,1100.0,servicios,2026-09-16,natural
27,AR,ARS,204243,64,Alta,VITAL MAYORISTA,503.0,alimentacion,2026-04-13,cartola
27,AR,ARS,204243,64,Alta,PAGO TC AXION ENERGY,3684.0,transporte,2026-02-24,cartola
28,AR,ARS,204358,48,Alta,,3541.0,servicios,2026-08-22,natural
28,AR,ARS,204358,48,Alta,gasto en epen neuquen,3034.0,servicios,2026-06-12,natural
28,AR,ARS,204358,48,Alta,LUNA PARK,1067.0,ocio,2026-04-26,cartola
28,AR,ARS,204358,48,Alta,pago a argenprop,757.0,vivienda,2026-04-03,natural
28,AR,ARS,204358,48,Alta,pago a farmacity,2078.0,salud,2026-02-11,natural
28,AR,ARS,204358,48,Alta,compra en corredores viales,1401.0,transporte,2026-10-11,natural
28,AR,ARS,204358,48,Alta,SUB*PEAJE DOCK SUD,247.0,transporte,2026-07-29,cartola
28,AR,ARS,204358,48,Alta,TER* PLUSMAR,2096.0,transporte,2026-07-25,cartola
28,AR,ARS,204358,48,Alta,MCDONALD'S,683.0,alimentacion,2026-08-08,cartola
28,AR,ARS,204358,48,Alta,compra en pinturerias prestigio,255.0,vivienda,2026-10-07,natural
28,AR,ARS,204358,48,Alta,PANI,403.0,alimentacion,2026-05-16,cartola
28,AR,ARS,204358,48,Alta,gasto en jumbo,379.0,alimentacion,2026-04-16,natural
28,AR,ARS,204358,48,Alta,POS TRX DANDY,892.0,alimentacion,2026-04-28,cartola
28,AR,ARS,204358,48,Alta,gasto en le pain quotidien,325.0,alimentacion,2026-08-25,natural
28,AR,ARS,204358,48,Alta,PAC OPTICA PFÖRTNER,161.0,salud,2026-11-05,cartola
28,AR,ARS,204358,48,Alta,PEAJE ILLIA,161.0,transporte,2026-04-10,cartola
28,AR,ARS,204358,48,Alta,CARGO AUT SPOTIFY 6/9,1067.0,streaming,2026-09-18,cartola
28,AR,ARS,204358,48,Alta,ADMINISTRACION CONSORCIO PALERMO,1617.0,vivienda,2026-11-01,cartola
28,AR,ARS,204358,48,Alta,transferencia a persicco,473.0,alimentacion,2026-12-20,natural
28,AR,ARS,204358,48,Alta,pago a alquileres argentina,179.0,vivienda,2026-11-24,natural
28,AR,ARS,204358,48,Alta,UNIVERSIDAD DE PALERMO UP,166.0,educacion,2026-04-13,cartola
28,AR,ARS,204358,48,Alta,transferencia a uala,2999.0,otros,2026-03-04,natural
28,AR,ARS,204358,48,Alta,ADMINISTRACION SAN MARTIN,829.0,vivienda,2026-06-24,cartola
28,AR,ARS,204358,48,Alta,,736.0,alimentacion,2026-10-09,cartola
28,AR,ARS,204358,48,Alta,FITER GIMNASIOS,334.0,ocio,2026-10-20,cartola
28,AR,ARS,204358,48,Alta,JUMBO,1589.0,alimentacion,2026-08-14,cartola
28,AR,ARS,204358,48,Alta,compra en el club de la milanesa,915.0,alimentacion,2026-01-07,natural
28,AR,ARS,204358,48,Alta,gasto en administracion san martin,275.0,vivienda,2026-05-07,natural
28,AR,ARS,204358,48,Alta,gasto en movistar hogar argentina,317.0,servicios,2026-04-02,natural
28,AR,ARS,204358,48,Alta,PAGO TC CONSORCIO EDIFICIO BELGRANO,589.0,vivienda,2026-07-09,cartola
28,AR,ARS,204358,48,Alta,pago a aubasa,2212.0,transporte,2026-12-25,natural
28,AR,ARS,204358,48,Alta,gasto en movistar hogar argentina,2443.0,servicios,2026-02-22,natural
28,AR,ARS,204358,48,Alta,OSDE,1125.0,salud,2026-08-30,cartola
28,AR,ARS,204358,48,Alta,SUB*FLECHA BUS,1584.0,transporte,2026-05-12,cartola
28,AR,ARS,204358,48,Alta,compra en amazon prime argentina,359.0,ocio,2026-12-30,natural
28,AR,ARS,204358,48,Alta,EL CLUB DE LA MILANESA,1081.0,alimentacion,2026-04-22,cartola
28,AR,ARS,204358,48,Alta,LAS CUARTETAS,1340.0,alimentacion,2026-01-07,cartola
28,AR,ARS,204358,48,Alta,compra en peaje hudson,273.0,transporte,2026-08-18,natural
28,AR,ARS,204358,48,Alta,gasto en sodimac,2585.0,vivienda,2026-06-05,natural
28,AR,ARS,204358,48,Alta,CINEMARK HOYTS,264.0,ocio,2026-07-16,cartola
28,AR,ARS,204358,48,Alta,compra en peaje dock sud,458.0,transporte,2026-11-19,natural
28,AR,ARS,204358,48,Alta,,1181.0,transporte,2026-12-30,cartola
28,AR,ARS,204358,48,Alta,NATURGY,1239.0,servicios,2026-08-11,cartola
28,AR,ARS,204358,48,Alta,ALMACEN DE PIZZAS,1465.0,alimentacion,2026-09-07,cartola
28,AR,ARS,204358,48,Alta,ATM PEAJE DEBENEDETTI,297.0,transporte,2026-03-24,cartola
28,AR,ARS,204358,48,Alta,transferencia a heisenburger,2307.0,alimentacion,2026-08-28,natural
28,AR,ARS,204358,48,Alta,BOLICHE INPUT,927.0,ocio,2026-12-26,cartola
28,AR,ARS,204358,48,Alta,compra en consorcio caballito,777.0,vivienda,2026-11-19,natural
28,AR,ARS,204358,48,Alta,pago a provincia net,4836.0,servicios,2026-09-20,natural
28,AR,ARS,204358,48,Alta,AXION ENERGY,1643.0,transporte,2026-07-08,cartola
28,AR,ARS,204358,48,Alta,ATM EPEN NEUQUEN,153.0,servicios,2026-10-17,cartola
28,AR,ARS,204358,48,Alta,OCTAVO PISO SAAS,1722.0,vivienda,2026-12-28,cartola
28,AR,ARS,204358,48,Alta,,296.0,ocio,2026-02-27,cartola
28,AR,ARS,204358,48,Alta,gasto en fiambreria el galpon,158.0,alimentacion,2026-10-31,natural
28,AR,ARS,204358,48,Alta,compra en pinturerias rex,630.0,vivienda,2026-04-25,natural
28,AR,ARS,204358,48,Alta,pago a emova subte,6151.0,transporte,2026-07-29,natural
28,AR,ARS,204358,48,Alta,pago mensual de max,234.0,streaming,2026-02-10,natural
28,AR,ARS,204358,48,Alta,PAC PEAJE LARENA,1361.0,transporte,2026-10-31,cartola
28,AR,ARS,204358,48,Alta,PAC PROVINCIA NET,232.0,servicios,2026-06-22,cartola
28,AR,ARS,204358,48,Alta,compra en subway,1572.0,alimentacion,2026-08-22,natural
28,AR,ARS,204358,48,Alta,PEAJE SARANDI,858.0,transporte,2026-10-08,cartola
28,AR,ARS,204358,48,Alta,MEDICUS,1388.0,salud,2026-03-19,cartola
28,AR,ARS,204358,48,Alta,pago a sanatorio guemes,276.0,salud,2026-04-18,natural
28,AR,ARS,204358,48,Alta,PERSONAL FLOW,1668.0,servicios,2026-10-08,cartola
28,AR,ARS,204358,48,Alta,compra en bonafide,6617.0,alimentacion,2026-02-08,natural
28,AR,ARS,204358,48,Alta,SUB*FERRETERIA INDUSTRIAL,1335.0,vivienda,2026-04-29,cartola
28,AR,ARS,204358,48,Alta,POS TRX PEAJE LARENA,829.0,transporte,2026-12-01,cartola
28,AR,ARS,204358,48,Alta,ALQUILERES ARGENTINA,3127.0,vivienda,2026-12-02,cartola
28,AR,ARS,204358,48,Alta,transferencia a telecentro,176.0,servicios,2026-04-14,natural
28,AR,ARS,204358,48,Alta,PAC SODIMAC,1595.0,vivienda,2026-03-15,cartola
28,AR,ARS,204358,48,Alta,pago a farmacias vantage,2676.0,salud,2026-07-10,natural
28,AR,ARS,204358,48,Alta,compra en teatro opera,217.0,ocio,2026-05-27,natural
28,AR,ARS,204358,48,Alta,transferencia a playstation network ra,729.0,ocio,2026-09-12,natural
28,AR,ARS,204358,48,Alta,MERCADO PAGO,279.0,otros,2026-10-11,cartola
28,AR,ARS,204358,48,Alta,pago a peaje illia,1019.0,transporte,2026-08-01,natural
28,AR,ARS,204358,48,Alta,GIRO CAJERO BANELCO,1278.0,otros,2026-05-03,cartola
28,AR,ARS,204358,48,Alta,,439.0,ocio,2026-07-25,natural
28,AR,ARS,204358,48,Alta,EL CUARTITO,751.0,alimentacion,2026-08-28,cartola
28,AR,ARS,204358,48,Alta,pago a peaje parque avellaneda,399.0,transporte,2026-12-05,natural
28,AR,ARS,204358,48,Alta,gasto en parque de la costa,562.0,ocio,2026-10-13,natural
28,AR,ARS,204358,48,Alta,FERRETERIA INDUSTRIAL,212.0,vivienda,2026-01-22,cartola
28,AR,ARS,204358,48,Alta,PEAJE PACHECO,2641.0,transporte,2026-09-16,cartola
28,AR,ARS,204358,48,Alta,compra en emova subte,250.0,transporte,2026-04-15,natural
28,AR,ARS,204358,48,Alta,pago a almacen de barrio,2608.0,alimentacion,2026-09-15,natural
28,AR,ARS,204358,48,Alta,MAKRO,1033.0,alimentacion,2026-07-23,cartola
28,AR,ARS,204358,48,Alta,transferencia a supermercados dia,491.0,alimentacion,2026-11-06,natural
28,AR,ARS,204358,48,Alta,EPAJE LARENA,1565.0,transporte,2026-09-19,cartola
28,AR,ARS,204358,48,Alta,EDERSA RIO NEGRO,864.0,servicios,2026-04-17,cartola
28,AR,ARS,204358,48,Alta,compra en claro hogar argentina,842.0,servicios,2026-09-08,natural
28,AR,ARS,204358,48,Alta,PUMA ENERGY,317.0,transporte,2026-08-09,cartola
28,AR,ARS,204358,48,Alta,pago a octavo piso saas,601.0,vivienda,2026-08-10,natural
28,AR,ARS,204358,48,Alta,compra en disney plus argentina,336.0,ocio,2026-09-15,natural
28,AR,ARS,204358,48,Alta,transferencia a blaisten,350.0,vivienda,2026-09-15,natural
28,AR,ARS,204358,48,Alta,pago a le pain quotidien,544.0,alimentacion,2026-12-15,natural
28,AR,ARS,204358,48,Alta,PEAJE SAMBOROMBON,374.0,transporte,2026-07-21,cartola
28,AR,ARS,204358,48,Alta,compra en zonaprop,362.0,vivienda,2026-08-14,natural
28,AR,ARS,204358,48,Alta,gasto en fravega,332.0,otros,2026-07-19,natural
28,AR,ARS,204358,48,Alta,CARGO AUT MOVISTAR HOGAR ARGENTINA,250.0,servicios,2026-09-03,cartola
28,AR,ARS,204358,48,Alta,PEAJE DEBENEDETTI,270.0,transporte,2026-12-19,cartola
28,AR,ARS,204358,48,Alta,PAC TELEPASE AUTOPISTAS,10723.0,transporte,2026-04-21,cartola
28,AR,ARS,204358,48,Alta,pago mensual de max,155.0,streaming,2026-08-24,natural
28,AR,ARS,204358,48,Alta,AGUAS BONAERENSES,1240.0,servicios,2026-05-07,cartola
28,AR,ARS,204358,48,Alta,PEDIDOSYA,186.0,alimentacion,2026-04-14,cartola
28,AR,ARS,204358,48,Alta,TER* SUPERMERCADOS DIA,3087.0,alimentacion,2026-08-25,cartola
28,AR,ARS,204358,48,Alta,gasto en didi argentina,296.0,transporte,2026-06-04,natural
28,AR,ARS,204358,48,Alta,gasto en disney plus argentina,3781.0,ocio,2026-09-14,natural
28,AR,ARS,204358,48,Alta,pago a tea connection,1150.0,alimentacion,2026-08-23,natural
28,AR,ARS,204358,48,Alta,transferencia a opticas lof,182.0,salud,2026-02-09,natural
28,AR,ARS,204358,48,Alta,PUMA ENERGY,2735.0,transporte,2026-10-15,cartola
28,AR,ARS,204358,48,Alta,TEA CONNECTION,899.0,alimentacion,2026-07-16,cartola
29,AR,ARS,97159,51,Alta,EPEN NEUQUEN,384.0,servicios,2026-03-20,cartola
29,AR,ARS,97159,51,Alta,compra en chevallier,2309.0,transporte,2026-03-14,natural
29,AR,ARS,97159,51,Alta,pago a galeno,409.0,salud,2026-06-25,natural
29,AR,ARS,97159,51,Alta,pago a la continental,289.0,alimentacion,2026-04-06,natural
29,AR,ARS,97159,51,Alta,compra en havanna,335.0,alimentacion,2026-12-11,natural
29,AR,ARS,97159,51,Alta,LIGIER PINTURERIAS,2059.0,vivienda,2026-04-13,cartola
29,AR,ARS,97159,51,Alta,TER* PLUSMAR,262.0,transporte,2026-08-12,cartola
29,AR,ARS,97159,51,Alta,EPEC,1376.0,servicios,2026-01-06,cartola
29,AR,ARS,97159,51,Alta,DIARCO,1448.0,alimentacion,2026-05-02,cartola
29,AR,ARS,97159,51,Alta,COLEGIO ST GEORGES,293.0,educacion,2026-08-24,cartola
29,AR,ARS,97159,51,Alta,agsto en la trastienda,320.0,ocio,2026-04-26,natural
29,AR,ARS,97159,51,Alta,suscripción a netflix,876.0,streaming,2026-06-12,natural
29,AR,ARS,97159,51,Alta,compra en le pain quotidien,254.0,alimentacion,2026-08-14,natural
29,AR,ARS,97159,51,Alta,compra en rappi,1038.0,alimentacion,2026-08-18,natural
29,AR,ARS,97159,51,Alta,compra en personal flow,397.0,servicios,2026-07-01,natural
29,AR,ARS,97159,51,Alta,renovación de disney plus,451.0,streaming,2026-09-06,natural
29,AR,ARS,97159,51,Alta,gasto en discoteca kika,1022.0,ocio,2026-11-14,natural
29,AR,ARS,97159,51,Alta,SHELL,327.0,transporte,2026-07-29,cartola
29,AR,ARS,97159,51,Alta,ALQUILERES ARGENTINA,398.0,vivienda,2026-05-24,cartola
29,AR,ARS,97159,51,Alta,COTO,321.0,alimentacion,2026-12-11,cartola
29,AR,ARS,97159,51,Alta,N*F APPLE MUSIC 8656,311.0,streaming,2026-04-06,cartola
29,AR,ARS,97159,51,Alta,LAS CUARTETAS,507.0,alimentacion,2026-12-12,cartola
29,AR,ARS,97159,51,Alta,PEAJE DELLEPIANE,1124.0,transporte,2026-09-01,cartola
29,AR,ARS,97159,51,Alta,pago a accord salud,305.0,salud,2026-03-27,natural
29,AR,ARS,97159,51,Alta,renovación de youtube premium,505.0,streaming,2026-07-03,natural
29,AR,ARS,97159,51,Alta,transferencia a avalian,755.0,salud,2026-05-01,natural
29,AR,ARS,97159,51,Alta,ADMINISTRACION SAN MARTIN,213.0,vivienda,2026-11-28,cartola
29,AR,ARS,97159,51,Alta,transferencia a metrovias,221.0,transporte,2026-04-02,natural
29,AR,ARS,97159,51,Alta,SUC. CRUNCHYROLL 9615,1841.0,streaming,2026-03-11,cartola
29,AR,ARS,97159,51,Alta,PAGO TC YAGUAR,874.0,alimentacion,2026-05-13,cartola
29,AR,ARS,97159,51,Alta,compra en telepase autopistas,585.0,transporte,2026-10-06,natural
29,AR,ARS,97159,51,Alta,cargo de disney plus,709.0,streaming,2026-05-17,natural
29,AR,ARS,97159,51,Alta,transferencia a claro hogar argentina,207.0,servicios,2026-07-06,natural
29,AR,ARS,97159,51,Alta,transferencia a el cuartito,654.0,alimentacion,2026-08-09,natural
29,AR,ARS,97159,51,Alta,EL CLUB DE LA MILANESA,484.0,alimentacion,2026-02-15,cartola
29,AR,ARS,97159,51,Alta,PEAJE ILLIA,536.0,transporte,2026-10-05,cartola
29,AR,ARS,97159,51,Alta,NF* DISNEY PLUS 14/12,303.0,streaming,2026-07-11,cartola
29,AR,ARS,97159,51,Alta,transferencia a steam games argentina,157.0,ocio,2026-10-03,natural
29,AR,ARS,97159,51,Alta,compra en ypf,328.0,transporte,2026-11-30,natural
29,AR,ARS,97159,51,Alta,SUPERMERCADOS DIA,2046.0,alimentacion,2026-02-08,cartola
29,AR,ARS,97159,51,Alta,gasto en persicco,357.0,alimentacion,2026-10-20,natural
29,AR,ARS,97159,51,Alta,NATURGY,427.0,servicios,2026-06-27,cartola
29,AR,ARS,97159,51,Alta,SPOTIFY ARGENTINA,311.0,ocio,2026-11-27,cartola
29,AR,ARS,97159,51,Alta,compra en banco nacion,267.0,otros,2026-04-14,natural
29,AR,ARS,97159,51,Alta,EASY,858.0,vivienda,2026-06-10,cartola
29,AR,ARS,97159,51,Alta,compra en easy,525.0,vivienda,2026-10-14,natural
29,AR,ARS,97159,51,Alta,POS TRX PARAMOUNT+ 5512,483.0,streaming,2026-05-03,cartola
29,AR,ARS,97159,51,Alta,COMISIONES BANCO GALICIA,189.0,otros,2026-02-23,cartola
29,AR,ARS,97159,51,Alta,MULTIPLEX CINES,928.0,ocio,2026-02-03,cartola
29,AR,ARS,97159,51,Alta,EPEN NEUQUEN,348.0,servicios,2026-04-23,cartola
29,AR,ARS,97159,51,Alta,SUB*PARAMOUNT+ 3001,211.0,streaming,2026-01-23,cartola
29,AR,ARS,97159,51,Alta,PAGO TC FLECHA BUS,420.0,transporte,2026-02-15,cartola
29,AR,ARS,97159,51,Alta,FERRETERIA EL PROGRESO,229.0,vivienda,2026-11-08,cartola
29,AR,ARS,97159,51,Alta,pago a carniceria el ombu,193.0,alimentacion,2026-05-15,natural
29,AR,ARS,97159,51,Alta,EDITORIAL SANTILLANA ARGENTINA,704.0,educacion,2026-04-28,cartola
29,AR,ARS,97159,51,Alta,TRENES ARGENTINOS,715.0,transporte,2026-07-08,cartola
29,AR,ARS,97159,51,Alta,transferencia a multiplex cines,1182.0,ocio,2026-05-11,natural
29,AR,ARS,97159,51,Alta,AUBASA,367.0,transporte,2026-07-31,cartola
29,AR,ARS,97159,51,Alta,,311.0,salud,2026-04-23,natural
29,AR,ARS,97159,51,Alta,compra en havanna,217.0,alimentacion,2026-02-13,natural
29,AR,ARS,97159,51,Alta,PEAJE SARANDI,2658.0,transporte,2026-05-08,cartola
29,AR,ARS,97159,51,Alta,ADMINISTRACION SAN MARTIN,616.0,vivienda,2026-12-30,cartola
29,AR,ARS,97159,51,Alta,UNIVERSIDAD DE SAN ANDRES,840.0,educacion,2026-06-07,cartola
29,AR,ARS,97159,51,Alta,transferencia a consorcioabierto,166.0,vivienda,2026-11-11,natural
29,AR,ARS,97159,51,Alta,transferencia a rapipago,496.0,servicios,2026-12-21,natural
29,AR,ARS,97159,51,Alta,PAGO TC NETFLIX 2161,233.0,streaming,2026-02-14,cartola
29,AR,ARS,97159,51,Alta,gasto en rapipago,572.0,servicios,2026-04-18,natural
29,AR,ARS,97159,51,Alta,PEAJE SAMBOROMBON,1723.0,transporte,2026-08-07,cartola
29,AR,ARS,97159,51,Alta,EL NOBLE,2348.0,alimentacion,2026-11-14,cartola
29,AR,ARS,97159,51,Alta,GAS NEA,528.0,servicios,2026-11-11,cartola
29,AR,ARS,97159,51,Alta,SUPERMERCADOS DIA,416.0,alimentacion,2026-06-26,cartola
29,AR,ARS,97159,51,Alta,SUB*ALMACEN DE PIZZAS,1971.0,alimentacion,2026-08-16,cartola
29,AR,ARS,97159,51,Alta,compra en ferreteria el progreso,761.0,vivienda,2026-07-10,natural
29,AR,ARS,97159,51,Alta,gasto en universidad tecnologica nacional utn,364.0,educacion,2026-06-09,natural
29,AR,ARS,97159,51,Alta,EPEN NEUQUEN,426.0,servicios,2026-09-24,cartola
29,AR,ARS,97159,51,Alta,PINTURAS ALBA,187.0,vivienda,2026-12-24,cartola
29,AR,ARS,97159,51,Alta,pago a rapipago,431.0,servicios,2026-11-22,natural
29,AR,ARS,97159,51,Alta,gasto en dandy,413.0,alimentacion,2026-07-09,natural
29,AR,ARS,97159,51,Alta,RPAIPAGO,593.0,servicios,2026-06-24,cartola
29,AR,ARS,97159,51,Alta,PASSLINE ARGENTINA,300.0,ocio,2026-10-17,cartola
29,AR,ARS,97159,51,Alta,gasto en comisiones banco galicia,250.0,otros,2026-05-25,natural
29,AR,ARS,97159,51,Alta,pago a opticas lof,476.0,salud,2026-08-20,natural
29,AR,ARS,97159,51,Alta,transferencia a almacen de barrio,1205.0,alimentacion,2026-12-26,natural
29,AR,ARS,97159,51,Alta,pago a blaisten,741.0,vivienda,2026-07-23,natural
29,AR,ARS,97159,51,Alta,CAMUZZI GAS PAMPEANA,281.0,servicios,2026-08-01,cartola
29,AR,ARS,97159,51,Alta,transferencia a peaje larena,1863.0,transporte,2026-02-09,natural
29,AR,ARS,97159,51,Alta,PEAJE DELLEPIANE,1653.0,transporte,2026-10-02,cartola
29,AR,ARS,97159,51,Alta,suscripción a max,160.0,streaming,2026-11-19,natural
29,AR,ARS,97159,51,Alta,compra en universidad de belgrano ub,231.0,educacion,2026-06-30,natural
29,AR,ARS,97159,51,Alta,AMAZON PRIME ARGENTINA,919.0,ocio,2026-11-16,cartola
29,AR,ARS,97159,51,Alta,CARNICERIA EL OMBU,1195.0,alimentacion,2026-03-24,cartola
29,AR,ARS,97159,51,Alta,NF* EDESAL SAN LUIS,2336.0,servicios,2026-10-30,cartola
29,AR,ARS,97159,51,Alta,MADERAS RAMOS,1499.0,vivienda,2026-09-19,cartola
29,AR,ARS,97159,51,Alta,transferencia a administracion consorcio palermo,624.0,vivienda,2026-09-29,natural
29,AR,ARS,97159,51,Alta,ZONAPROP,513.0,vivienda,2026-07-19,cartola
29,AR,ARS,97159,51,Alta,transferencia a administracion consorcio palermo,295.0,vivienda,2026-06-29,natural
29,AR,ARS,97159,51,Alta,FERRETERIA INDUSTRIAL,192.0,vivienda,2026-06-20,cartola
29,AR,ARS,97159,51,Alta,pago a colegio marin,418.0,educacion,2026-10-22,natural
29,AR,ARS,97159,51,Alta,HAVANNA,673.0,alimentacion,2026-06-26,cartola
29,AR,ARS,97159,51,Alta,pago a libreria el ateneo,554.0,educacion,2026-08-25,natural
29,AR,ARS,97159,51,Alta,AGUAS BONAERENSES,922.0,servicios,2026-05-18,cartola
29,AR,ARS,97159,51,Alta,transferencia a puma energy,223.0,transporte,2026-11-23,natural
29,AR,ARS,97159,51,Alta,transferencia a ferreteria el puente,566.0,vivienda,2026-11-07,natural
29,AR,ARS,97159,51,Alta,pago a la continental,278.0,alimentacion,2026-02-18,natural
29,AR,ARS,97159,51,Alta,compra en starbucks,363.0,alimentacion,2026-06-13,natural
29,AR,ARS,97159,51,Alta,TEA CONNECTION,942.0,alimentacion,2026-10-04,cartola
29,AR,ARS,97159,51,Alta,gasto en trenes argentinos,803.0,transporte,2026-10-20,natural
29,AR,ARS,97159,51,Alta,COLEGIO SAN MARTIN,3174.0,educacion,2026-04-26,cartola
29,AR,ARS,97159,51,Alta,compra en tea connection,221.0,alimentacion,2026-01-24,natural
29,AR,ARS,97159,51,Alta,gasto en banco santander rio,469.0,otros,2026-11-07,natural
29,AR,ARS,97159,51,Alta,ATM PAGO FACIL,272.0,servicios,2026-01-25,cartola
29,AR,ARS,97159,51,Alta,pago a peaje larena,395.0,transporte,2026-05-07,natural
29,AR,ARS,97159,51,Alta,cargo de disney plus,1321.0,streaming,2026-08-22,natural
29,AR,ARS,97159,51,Alta,transferencia a la birra bar,783.0,alimentacion,2026-07-28,natural
29,AR,ARS,97159,51,Alta,,1455.0,educacion,2026-04-03,natural
29,AR,ARS,97159,51,Alta,ZONAPROP,155.0,vivienda,2026-04-04,cartola
29,AR,ARS,97159,51,Alta,MOSTAZA,1404.0,alimentacion,2026-11-23,cartola
29,AR,ARS,97159,51,Alta,gasto en banco patagonia,374.0,otros,2026-10-07,natural
29,AR,ARS,97159,51,Alta,PAC DISNEY PLUS 6091,1491.0,streaming,2026-01-11,cartola
29,AR,ARS,97159,51,Alta,compra en peaje dellepiane,271.0,transporte,2026-11-25,natural
29,AR,ARS,97159,51,Alta,,257.0,alimentacion,2026-01-12,natural
29,AR,ARS,97159,51,Alta,AGUAS BONAERENSES,488.0,servicios,2026-02-04,cartola
29,AR,ARS,97159,51,Alta,PERSICCO,1920.0,alimentacion,2026-08-16,cartola
29,AR,ARS,97159,51,Alta,CONSORCIOABIERTO,369.0,vivienda,2026-05-21,cartola
29,AR,ARS,97159,51,Alta,compra en peaje parque avellaneda,295.0,transporte,2026-01-23,natural
29,AR,ARS,97159,51,Alta,gasto en jumbo,1319.0,alimentacion,2026-03-24,natural
30,AR,ARS,186530,40,Alta,compra en starbucks,3059.0,alimentacion,2026-02-08,natural
30,AR,ARS,186530,40,Alta,pago mensual de paramount+,276.0,streaming,2026-05-19,natural
30,AR,ARS,186530,40,Alta,pago a litoral gas,2471.0,servicios,2026-10-19,natural
30,AR,ARS,186530,40,Alta,,201.0,salud,2026-10-14,natural
30,AR,ARS,186530,40,Alta,LIGIER PINTURERIAS,182.0,vivienda,2026-05-21,cartola
30,AR,ARS,186530,40,Alta,TER* MOVISTAR ARENA ARGENTINA,2299.0,ocio,2026-05-26,cartola
30,AR,ARS,186530,40,Alta,NF* OSECAC,1187.0,salud,2026-11-10,cartola
30,AR,ARS,186530,40,Alta,transferencia a diarco,1640.0,alimentacion,2026-07-03,natural
30,AR,ARS,186530,40,Alta,compra en edersa rio negro,280.0,servicios,2026-06-01,natural
30,AR,ARS,186530,40,Alta,PEAJE DELLEPIANE,918.0,transporte,2026-07-20,cartola
30,AR,ARS,186530,40,Alta,DANDY,1593.0,alimentacion,2026-05-08,cartola
30,AR,ARS,186530,40,Alta,gasto en aguas cordobesas,1177.0,servicios,2026-10-14,natural
30,AR,ARS,186530,40,Alta,MOVISTAR HOGAR ARGENTINA,761.0,servicios,2026-11-07,cartola
30,AR,ARS,186530,40,Alta,,3831.0,vivienda,2026-09-10,natural
30,AR,ARS,186530,40,Alta,pago a gas nea,1344.0,servicios,2026-09-23,natural
30,AR,ARS,186530,40,Alta,LA MEZZETTA,2841.0,alimentacion,2026-07-07,cartola
30,AR,ARS,186530,40,Alta,gasto en farmacias dr ahorro,1560.0,salud,2026-08-18,natural
30,AR,ARS,186530,40,Alta,gasto en alquileres argentina,1585.0,vivienda,2026-09-28,natural
30,AR,ARS,186530,40,Alta,COTO,152.0,alimentacion,2026-10-26,cartola
30,AR,ARS,186530,40,Alta,pago a flecha bus,531.0,transporte,2026-07-17,natural
30,AR,ARS,186530,40,Alta,PEAJE HUDSON,2330.0,transporte,2026-11-19,cartola
30,AR,ARS,186530,40,Alta,COPPEL,316.0,otros,2026-02-25,cartola
30,AR,ARS,186530,40,Alta,PEAJE PACHECO,212.0,transporte,2026-07-22,cartola
30,AR,ARS,186530,40,Alta,WEBPAY EASY,471.0,vivienda,2026-09-28,cartola
30,AR,ARS,186530,40,Alta,pago a alquileres argentina,297.0,vivienda,2026-04-19,natural
30,AR,ARS,186530,40,Alta,transferencia a personal flow,3093.0,servicios,2026-04-26,natural
30,AR,ARS,186530,40,Alta,compra en consorcioabierto,2414.0,vivienda,2026-04-02,natural
30,AR,ARS,186530,40,Alta,transferencia a peaje samborombon,826.0,transporte,2026-05-18,natural
30,AR,ARS,186530,40,Alta,transferencia a pinturerias prestigio,315.0,vivienda,2026-10-30,natural
30,AR,ARS,186530,40,Alta,STEAM GAMES ARGENTINA,1495.0,ocio,2026-02-26,cartola
30,AR,ARS,186530,40,Alta,pago a peaje pacheco,1164.0,transporte,2026-02-19,natural
30,AR,ARS,186530,40,Alta,CLARO HOGAR ARGENTINA,4203.0,servicios,2026-03-12,cartola
30,AR,ARS,186530,40,Alta,EL CUARTITO,976.0,alimentacion,2026-03-23,cartola
30,AR,ARS,186530,40,Alta,transferencia a el club de la milanesa,489.0,alimentacion,2026-04-15,natural
30,AR,ARS,186530,40,Alta,EDET TUCUMAN,873.0,servicios,2026-03-29,cartola
30,AR,ARS,186530,40,Alta,PROVINCIA NET,4621.0,servicios,2026-01-02,cartola
30,AR,ARS,186530,40,Alta,compra en edesur,1421.0,servicios,2026-12-26,natural
30,AR,ARS,186530,40,Alta,compra en carniceria el ombu,1329.0,alimentacion,2026-03-25,natural
30,AR,ARS,186530,40,Alta,SUPERMERCADOS DIA,328.0,alimentacion,2026-02-12,cartola
30,AR,ARS,186530,40,Alta,PERSICCO,1623.0,alimentacion,2026-06-03,cartola
30,AR,ARS,186530,40,Alta,suscripción a apple music,1654.0,streaming,2026-11-23,natural
30,AR,ARS,186530,40,Alta,SUC. AVALIAN,455.0,salud,2026-04-04,cartola
30,AR,ARS,186530,40,Alta,pago a williamsburg,788.0,alimentacion,2026-10-25,natural
30,AR,ARS,186530,40,Alta,AVALAIN,416.0,salud,2026-05-13,cartola
30,AR,ARS,186530,40,Alta,pago a easy,357.0,vivienda,2026-03-06,natural
30,AR,ARS,186530,40,Alta,,183.0,educacion,2026-09-14,cartola
30,AR,ARS,186530,40,Alta,compra en diarco,400.0,alimentacion,2026-08-01,natural
30,AR,ARS,186530,40,Alta,cargo de hbo max,963.0,streaming,2026-05-28,natural
30,AR,ARS,186530,40,Alta,gasto en administracion san martin,210.0,vivienda,2026-05-29,natural
30,AR,ARS,186530,40,Alta,compra en peaje debenedetti,397.0,transporte,2026-03-29,natural
30,AR,ARS,186530,40,Alta,FLECHA BUS,2542.0,transporte,2026-11-20,cartola
30,AR,ARS,186530,40,Alta,transferencia a metrogas,1074.0,servicios,2026-10-05,natural
30,AR,ARS,186530,40,Alta,MOVISTAR HOGAR ARGENTINA,1116.0,servicios,2026-03-23,cartola
30,AR,ARS,186530,40,Alta,pago a octavo piso asas,616.0,vivienda,2026-05-09,natural
30,AR,ARS,186530,40,Alta,ATM OCTAVO PISO SAAS,1345.0,vivienda,2026-10-13,cartola
30,AR,ARS,186530,40,Alta,transferencia a pontificia universidad catolica uca,251.0,educacion,2026-12-19,natural
30,AR,ARS,186530,40,Alta,transferencia a consorcio edificio belgrano,2036.0,vivienda,2026-10-07,natural
30,AR,ARS,186530,40,Alta,TEATRO GRAN REX,163.0,ocio,2026-10-19,cartola
30,AR,ARS,186530,40,Alta,OCTAVO PISO SAAS,1272.0,vivienda,2026-07-22,cartola
30,AR,ARS,186530,40,Alta,compra en argenprop,497.0,vivienda,2026-01-24,natural
30,AR,ARS,186530,40,Alta,pago a pizzeria guerrin,1641.0,alimentacion,2026-12-17,natural
30,AR,ARS,186530,40,Alta,gasto en cinemark hoyts,951.0,ocio,2026-11-07,natural
30,AR,ARS,186530,40,Alta,gasto en prevencion salud,718.0,salud,2026-07-27,natural
30,AR,ARS,186530,40,Alta,SUB*FERRETERIA INDUSTRIAL,221.0,vivienda,2026-10-07,cartola
30,AR,ARS,186530,40,Alta,gasto en el cuartito,1208.0,alimentacion,2026-07-24,natural
30,AR,ARS,186530,40,Alta,transferencia a tea connection,4387.0,alimentacion,2026-06-01,natural
30,AR,ARS,186530,40,Alta,GRIDO HELADOS,2082.0,alimentacion,2026-01-26,cartola
30,AR,ARS,186530,40,Alta,pago a librerias cuspide,343.0,educacion,2026-12-02,natural
30,AR,ARS,186530,40,Alta,pago mensual de max,563.0,streaming,2026-08-26,natural
30,AR,ARS,186530,40,Alta,compra en supermercados dia,3097.0,alimentacion,2026-11-17,natural
30,AR,ARS,186530,40,Alta,ALMACEN DE PIZZAS,834.0,alimentacion,2026-03-16,cartola
30,AR,ARS,186530,40,Alta,FERRETERIA EL PROGRESO,1294.0,vivienda,2026-06-12,cartola
30,AR,ARS,186530,40,Alta,ATM EDESUR,2906.0,servicios,2026-10-26,cartola
30,AR,ARS,186530,40,Alta,EPEN NEUQUEN,2468.0,servicios,2026-01-29,cartola
30,AR,ARS,186530,40,Alta,compra en libreria scholastica,831.0,educacion,2026-06-14,natural
30,AR,ARS,186530,40,Alta,transferencia a mercado pago,686.0,otros,2026-12-03,natural
30,AR,ARS,186530,40,Alta,gasto en dandy,495.0,alimentacion,2026-07-05,natural
30,AR,ARS,186530,40,Alta,compra en rapipago,1513.0,servicios,2026-02-23,natural
30,AR,ARS,186530,40,Alta,renovación de amazon prime,403.0,streaming,2026-10-22,natural
30,AR,ARS,186530,40,Alta,compra en le pain quotidien,343.0,alimentacion,2026-02-11,natural
30,AR,ARS,186530,40,Alta,compra en edersa rio negro,525.0,servicios,2026-10-12,natural
30,AR,ARS,186530,40,Alta,ALMACEN DE BARRIO,233.0,alimentacion,2026-05-18,cartola
30,AR,ARS,186530,40,Alta,pago a blaisten,1416.0,vivienda,2026-07-06,natural
30,AR,ARS,186530,40,Alta,pago a supermercados dia,1142.0,alimentacion,2026-07-23,natural
30,AR,ARS,186530,40,Alta,COMPRA WEB PANI,786.0,alimentacion,2026-02-11,cartola
30,AR,ARS,186530,40,Alta,PEAJE DELLEPIANE,590.0,transporte,2026-12-16,cartola
30,AR,ARS,186530,40,Alta,compra en hospital britanico,2858.0,salud,2026-10-15,natural
30,AR,ARS,186530,40,Alta,,319.0,salud,2026-01-26,natural
30,AR,ARS,186530,40,Alta,pago a universidad de san andres,1747.0,educacion,2026-02-25,natural
30,AR,ARS,186530,40,Alta,ITBA,2768.0,educacion,2026-09-10,cartola
30,AR,ARS,186530,40,Alta,HEISENBURGER,705.0,alimentacion,2026-05-02,cartola
30,AR,ARS,186530,40,Alta,PAGOMISCUENTAS,954.0,servicios,2026-04-16,cartola
30,AR,ARS,186530,40,Alta,pago a club de la birra,3446.0,alimentacion,2026-05-10,natural
30,AR,ARS,186530,40,Alta,MI BARRIO HAMBURGUESERIA,284.0,alimentacion,2026-12-03,cartola
30,AR,ARS,186530,40,Alta,transferencia a administracion consorcio palermo,875.0,vivienda,2026-06-07,natural
30,AR,ARS,186530,40,Alta,CHANGOMAS,768.0,alimentacion,2026-08-19,cartola
30,AR,ARS,186530,40,Alta,CENTRO ROSSI,356.0,salud,2026-11-04,cartola
30,AR,ARS,186530,40,Alta,transferencia a pinturas alba,2035.0,vivienda,2026-04-01,natural
30,AR,ARS,186530,40,Alta,pago a didi argentina,2740.0,transporte,2026-01-22,natural
30,AR,ARS,186530,40,Alta,CHEVALLIER,1816.0,transporte,2026-10-17,cartola
30,AR,ARS,186530,40,Alta,ZONAPROP,259.0,vivienda,2026-04-20,cartola
30,AR,ARS,186530,40,Alta,SUB*CRUNCHYROLL 5/5,198.0,streaming,2026-05-09,cartola
30,AR,ARS,186530,40,Alta,transferencia a telecentro,1109.0,servicios,2026-03-14,natural
30,AR,ARS,186530,40,Alta,compra en starbucks,233.0,alimentacion,2026-02-22,natural
30,AR,ARS,186530,40,Alta,gasto en tea connection,1332.0,alimentacion,2026-12-22,natural
30,AR,ARS,186530,40,Alta,compra en consorcio caballito,901.0,vivienda,2026-06-17,natural
30,AR,ARS,186530,40,Alta,compra en freddo,1296.0,alimentacion,2026-02-14,natural
30,AR,ARS,186530,40,Alta,COMPRA WEB METROGAS,1063.0,servicios,2026-04-15,cartola
30,AR,ARS,186530,40,Alta,transferencia a expensas online,655.0,vivienda,2026-05-30,natural
30,AR,ARS,186530,40,Alta,VITAL MAYORISTA,267.0,alimentacion,2026-05-26,cartola
30,AR,ARS,186530,40,Alta,ALQUILERES ARGENTINA,435.0,vivienda,2026-07-23,cartola
30,AR,ARS,186530,40,Alta,ADMINISTRACION SAN MARTIN,886.0,vivienda,2026-12-28,cartola
30,AR,ARS,186530,40,Alta,AUTOPISTAS DEL OESTE,1258.0,transporte,2026-10-26,cartola
30,AR,ARS,186530,40,Alta,pago a movistar hogar argentina,1802.0,servicios,2026-06-16,natural
30,AR,ARS,186530,40,Alta,pago a rappi,1738.0,alimentacion,2026-07-20,natural
30,AR,ARS,186530,40,Alta,compra en flecha bus,4292.0,transporte,2026-05-14,natural
30,AR,ARS,186530,40,Alta,EPEN NEUQUEN,401.0,servicios,2026-07-30,cartola
30,AR,ARS,186530,40,Alta,,197.0,streaming,2026-05-06,cartola
30,AR,ARS,186530,40,Alta,,506.0,transporte,2026-08-27,cartola
31,AR,ARS,278193,8,Media,POS TRX TELEPASE AUTOPISTAS,821.0,transporte,2026-11-21,cartola
31,AR,ARS,278193,8,Media,LA CONTINENTAL,1162.0,alimentacion,2026-04-24,cartola
31,AR,ARS,278193,8,Media,HAVANNA,2831.0,alimentacion,2026-05-27,cartola
31,AR,ARS,278193,8,Media,LIGIER PINTURERIAS,2854.0,vivienda,2026-06-15,cartola
31,AR,ARS,278193,8,Media,COLEGIO MARIN,1779.0,educacion,2026-05-19,cartola
31,AR,ARS,278193,8,Media,EPEC,266.0,servicios,2026-10-26,cartola
31,AR,ARS,278193,8,Media,cargo de apple music,1112.0,streaming,2026-10-03,natural
31,AR,ARS,278193,8,Media,transferencia a pinturerias rex,2006.0,vivienda,2026-10-04,natural
31,AR,ARS,278193,8,Media,compra en epec,231.0,servicios,2026-11-09,natural
31,AR,ARS,278193,8,Media,DANDY,1036.0,alimentacion,2026-06-27,cartola
31,AR,ARS,278193,8,Media,PUNTOTICKET ARGENTINA,2534.0,ocio,2026-11-26,cartola
31,AR,ARS,278193,8,Media,compra en rappi,835.0,alimentacion,2026-12-20,natural
31,AR,ARS,278193,8,Media,pago a rappi,303.0,alimentacion,2026-07-20,natural
31,AR,ARS,278193,8,Media,transferencia a gas nea,259.0,servicios,2026-04-25,natural
31,AR,ARS,278193,8,Media,gasto en discoteca kika,700.0,ocio,2026-06-08,natural
31,AR,ARS,278193,8,Media,SUC. SODIMAC,219.0,vivienda,2026-02-11,cartola
31,AR,ARS,278193,8,Media,pago a banco patagonia,1419.0,otros,2026-09-04,natural
31,AR,ARS,278193,8,Media,SUC. NATURGY,1603.0,servicios,2026-03-09,cartola
31,AR,ARS,278193,8,Media,TER* DISNEY PLUS 1/10,254.0,streaming,2026-11-22,cartola
31,AR,ARS,278193,8,Media,transferencia a aguas bonaerenses,2850.0,servicios,2026-11-30,natural
31,AR,ARS,278193,8,Media,LUNA PARK,758.0,ocio,2026-07-15,cartola
31,AR,ARS,278193,8,Media,CARGO AUT CAMUZZI GAS PAMPEANA,200.0,servicios,2026-03-31,cartola
31,AR,ARS,278193,8,Media,JUMBO,1877.0,alimentacion,2026-04-21,cartola
31,AR,ARS,278193,8,Media,pago mensual de spotify,2027.0,streaming,2026-12-25,natural
31,AR,ARS,278193,8,Media,PERSONAL FLOW,1325.0,servicios,2026-05-25,cartola
31,AR,ARS,278193,8,Media,SUC. MOVISTAR HOGAR ARGENTINA,2495.0,servicios,2026-10-02,cartola
31,AR,ARS,278193,8,Media,transferencia a panaderia san jose,1737.0,alimentacion,2026-06-28,natural
31,AR,ARS,278193,8,Media,NF* AMAZON PRIME ARGENTINA,2778.0,ocio,2026-08-29,cartola
31,AR,ARS,278193,8,Media,transferencia a telepase autopistas,739.0,transporte,2026-11-22,natural
31,AR,ARS,278193,8,Media,gasto en ferreteria el puente,1788.0,vivienda,2026-11-15,natural
31,AR,ARS,278193,8,Media,gasto en megatlon,10783.0,ocio,2026-11-27,natural
31,AR,ARS,278193,8,Media,AVALIAN,1677.0,salud,2026-06-02,cartola
31,AR,ARS,278193,8,Media,,158.0,streaming,2026-04-14,natural
31,AR,ARS,278193,8,Media,COMISIONES BANCO GALICIA,949.0,otros,2026-03-16,cartola
31,AR,ARS,278193,8,Media,gasto en ferreteria industrial,1150.0,vivienda,2026-05-08,natural
31,AR,ARS,278193,8,Media,pago a pedidosya,249.0,alimentacion,2026-07-18,natural
31,AR,ARS,278193,8,Media,copmra en edenor,4279.0,servicios,2026-06-03,natural
31,AR,ARS,278193,8,Media,COLEGIO WARD,251.0,educacion,2026-02-25,cartola
31,AR,ARS,278193,8,Media,renovación de spotify,254.0,streaming,2026-10-05,natural
31,AR,ARS,278193,8,Media,pago a aubasa,3205.0,transporte,2026-12-11,natural
31,AR,ARS,278193,8,Media,transferencia a rapipago,813.0,servicios,2026-01-19,natural
31,AR,ARS,278193,8,Media,transferencia a williamsburg,308.0,alimentacion,2026-01-26,natural
31,AR,ARS,278193,8,Media,CARGO AUT BANCO PROVINCIA,1184.0,otros,2026-06-18,cartola
31,AR,ARS,278193,8,Media,HEISENBURGER,1196.0,alimentacion,2026-01-23,cartola
31,AR,ARS,278193,8,Media,FEDERACION PATRONAL SEGUROS,196.0,otros,2026-01-13,cartola
31,AR,ARS,278193,8,Media,compra en diarco,4669.0,alimentacion,2026-08-05,natural
31,AR,ARS,278193,8,Media,FARMACIAS CENTRAL OESTE,1020.0,salud,2026-11-18,cartola
31,AR,ARS,278193,8,Media,COMPRA WEB COLEGIO SAN ANDRES,1066.0,educacion,2026-07-13,cartola
31,AR,ARS,278193,8,Media,pago a edenor,954.0,servicios,2026-05-24,natural
31,AR,ARS,278193,8,Media,compra en colegio cardinal newman,1226.0,educacion,2026-03-14,natural
31,AR,ARS,278193,8,Media,,399.0,alimentacion,2026-06-05,cartola
31,AR,ARS,278193,8,Media,gasto en carniceria el ombu,440.0,alimentacion,2026-03-18,natural
31,AR,ARS,278193,8,Media,gasto en verduleria don carlos,930.0,alimentacion,2026-06-18,natural
31,AR,ARS,278193,8,Media,LA BIRRA BAR,2135.0,alimentacion,2026-10-14,cartola
31,AR,ARS,278193,8,Media,compra en ligier pinturerias,234.0,vivienda,2026-07-01,natural
31,AR,ARS,278193,8,Media,AUBASA,1201.0,transporte,2026-11-11,cartola
31,AR,ARS,278193,8,Media,pago a subway,2136.0,alimentacion,2026-10-24,natural
31,AR,ARS,278193,8,Media,transferencia a prevencion salud,222.0,salud,2026-04-22,natural
31,AR,ARS,278193,8,Media,compra en persicco,343.0,alimentacion,2026-08-18,natural
31,AR,ARS,278193,8,Media,gasto en peaje hudson,487.0,transporte,2026-04-06,natural
31,AR,ARS,278193,8,Media,PAGO TC CINEMARK HOYTS,1152.0,ocio,2026-06-17,cartola
31,AR,ARS,278193,8,Media,COMPRA WEB CONSORCIOABIERTO,193.0,vivienda,2026-06-05,cartola
31,AR,ARS,278193,8,Media,FERRETERIA INDUSTRIAL,721.0,vivienda,2026-04-15,cartola
31,AR,ARS,278193,8,Media,CARGO AUT RAPIPGAO,1044.0,servicios,2026-07-12,cartola
31,AR,ARS,278193,8,Media,RAPIPAGO,1187.0,servicios,2026-11-26,cartola
31,AR,ARS,278193,8,Media,ATM PEAJE SAMBOROMBON,417.0,transporte,2026-05-12,cartola
31,AR,ARS,278193,8,Media,compra en sancor salud,664.0,salud,2026-12-21,natural
31,AR,ARS,278193,8,Media,GAS NEA,1957.0,servicios,2026-05-18,cartola
31,AR,ARS,278193,8,Media,compra en peaje parque avellaneda,3681.0,transporte,2026-11-27,natural
31,AR,ARS,278193,8,Media,compra en autopistas del sol ausol,2572.0,transporte,2026-09-27,natural
31,AR,ARS,278193,8,Media,ON FIT,1079.0,ocio,2026-02-07,cartola
31,AR,ARS,278193,8,Media,transferencia a universidad tecnologica nacional utn,686.0,educacion,2026-02-14,natural
31,AR,ARS,278193,8,Media,transferencia a expensas online,526.0,vivienda,2026-06-12,natural
31,AR,ARS,278193,8,Media,WEBPAY PROVINCIA NET,173.0,servicios,2026-11-27,cartola
31,AR,ARS,278193,8,Media,TER* AMAZON PRIME 5032,318.0,streaming,2026-10-12,cartola
31,AR,ARS,278193,8,Media,MOVISTAR HOGAR ARGENTINA,1515.0,servicios,2026-10-01,cartola
31,AR,ARS,278193,8,Media,PAGO TC CARREFOUR,391.0,alimentacion,2026-01-20,cartola
31,AR,ARS,278193,8,Media,TER* FERRETERIA INDUSTRIAL,382.0,vivienda,2026-08-27,cartola
31,AR,ARS,278193,8,Media,LE PAIN QUOTIDIEN,8206.0,alimentacion,2026-09-27,cartola
31,AR,ARS,278193,8,Media,compra en rotiseria la querencia,270.0,alimentacion,2026-11-06,natural
31,AR,ARS,278193,8,Media,transferencia a naturgy,208.0,servicios,2026-01-31,natural
31,AR,ARS,278193,8,Media,compra en blaisten,207.0,vivienda,2026-04-14,natural
31,AR,ARS,278193,8,Media,NF* ON FIT,1126.0,ocio,2026-06-19,cartola
31,AR,ARS,278193,8,Media,PANI,1284.0,alimentacion,2026-07-05,cartola
31,AR,ARS,278193,8,Media,gasto en solo deportes,590.0,otros,2026-05-08,natural
31,AR,ARS,278193,8,Media,PINTURERIAS PRESTIGIO,996.0,vivienda,2026-07-29,cartola
31,AR,ARS,278193,8,Media,,2018.0,alimentacion,2026-10-08,natural
31,AR,ARS,278193,8,Media,ACCORD SALUD,2214.0,salud,2026-09-10,cartola
31,AR,ARS,278193,8,Media,gasto en farmacias vantage,4115.0,salud,2026-01-19,natural
31,AR,ARS,278193,8,Media,gasto en aubasa,2259.0,transporte,2026-07-19,natural
31,AR,ARS,278193,8,Media,pago a niceto club,1081.0,ocio,2026-08-08,natural
31,AR,ARS,278193,8,Media,transferencia a club de la birra,257.0,alimentacion,2026-05-16,natural
31,AR,ARS,278193,8,Media,transferencia a telecom fibertel,372.0,servicios,2026-01-03,natural
31,AR,ARS,278193,8,Media,pago a kfc,344.0,alimentacion,2026-08-24,natural
31,AR,ARS,278193,8,Media,SUB*BOLICHE INPUT,1427.0,ocio,2026-12-08,cartola
31,AR,ARS,278193,8,Media,CENTRO ROSSI,2141.0,salud,2026-08-16,cartola
31,AR,ARS,278193,8,Media,cargo de netflix,923.0,streaming,2026-05-22,natural
31,AR,ARS,278193,8,Media,,158.0,ocio,2026-07-09,cartola
31,AR,ARS,278193,8,Media,compra en luna park,996.0,ocio,2026-12-16,natural
31,AR,ARS,278193,8,Media,gasto en zonaprop,3566.0,vivienda,2026-06-14,natural
31,AR,ARS,278193,8,Media,compra en telepase autopistas,1183.0,transporte,2026-05-19,natural
31,AR,ARS,278193,8,Media,LA CONTINNETAL,2153.0,alimentacion,2026-10-03,cartola
31,AR,ARS,278193,8,Media,transferencia a cabify,2092.0,transporte,2026-10-18,natural
31,AR,ARS,278193,8,Media,transferencia a medife,3495.0,salud,2026-02-22,natural
31,AR,ARS,278193,8,Media,COLEGIO NORTHLANDS,1910.0,educacion,2026-06-24,cartola
31,AR,ARS,278193,8,Media,RAPIPAGO,1789.0,servicios,2026-04-20,cartola
31,AR,ARS,278193,8,Media,PAC FARMACIAS CENTRAL OESTE,346.0,salud,2026-07-22,cartola
31,AR,ARS,278193,8,Media,BANCO SANTANDER RIO,329.0,otros,2026-05-16,cartola
31,AR,ARS,278193,8,Media,transferencia a pago facil,947.0,servicios,2026-01-04,natural
31,AR,ARS,278193,8,Media,renovación de crunchyroll,173.0,streaming,2026-06-04,natural
31,AR,ARS,278193,8,Media,transferencia a aguas bonaerenses,4255.0,servicios,2026-06-21,natural
31,AR,ARS,278193,8,Media,gasto en la birra bar,445.0,alimentacion,2026-12-24,natural
31,AR,ARS,278193,8,Media,pago a clinicam ater dei,2490.0,salud,2026-02-16,natural
31,AR,ARS,278193,8,Media,RAPPI,637.0,alimentacion,2026-04-04,cartola
31,AR,ARS,278193,8,Media,MOSTAZA,507.0,alimentacion,2026-02-17,cartola
31,AR,ARS,278193,8,Media,gasto en passline argentina,3554.0,ocio,2026-08-28,natural
32,AR,ARS,99457,10,Baja,compra en litoral gas,164.0,servicios,2026-09-14,natural
32,AR,ARS,99457,10,Baja,transferencia a puntoticket argentina,579.0,ocio,2026-12-12,natural
32,AR,ARS,99457,10,Baja,CAMUZZI GAS PAMPENAA,663.0,servicios,2026-07-05,cartola
32,AR,ARS,99457,10,Baja,gasto en blaisten,238.0,vivienda,2026-07-26,natural
32,AR,ARS,99457,10,Baja,compra en consorcio edificio belgrano,358.0,vivienda,2026-12-12,natural
32,AR,ARS,99457,10,Baja,gasto en telecentro,726.0,servicios,2026-06-21,natural
32,AR,ARS,99457,10,Baja,PANI,830.0,alimentacion,2026-09-27,cartola
32,AR,ARS,99457,10,Baja,pago a pinturas alba,705.0,vivienda,2026-08-09,natural
32,AR,ARS,99457,10,Baja,transferencia a farmacias central oeste,268.0,salud,2026-06-01,natural
32,AR,ARS,99457,10,Baja,POS TRX MADERAS RAMOS,260.0,vivienda,2026-07-02,cartola
32,AR,ARS,99457,10,Baja,CARGO AUT EASY,386.0,vivienda,2026-12-05,cartola
32,AR,ARS,99457,10,Baja,OPTICA LUTZ FERRANDO,221.0,salud,2026-10-10,cartola
32,AR,ARS,99457,10,Baja,WEBPAY COLEGIO CHAMPAGNAT,2045.0,educacion,2026-03-15,cartola
32,AR,ARS,99457,10,Baja,transferencia a administracion consorcio palermo,447.0,vivienda,2026-12-21,natural
32,AR,ARS,99457,10,Baja,SODIMAC,265.0,vivienda,2026-08-03,cartola
32,AR,ARS,99457,10,Baja,transferencia a banco patagonia,1008.0,otros,2026-11-24,natural
32,AR,ARS,99457,10,Baja,COTO,478.0,alimentacion,2026-01-23,cartola
32,AR,ARS,99457,10,Baja,transferencia a flecha bus,257.0,transporte,2026-03-09,natural
32,AR,ARS,99457,10,Baja,SANATORIO OTAMENDI,1159.0,salud,2026-12-28,cartola
32,AR,ARS,99457,10,Baja,pago a sodimac,1399.0,vivienda,2026-04-03,natural
32,AR,ARS,99457,10,Baja,ACCORD SALUD,775.0,salud,2026-11-17,cartola
32,AR,ARS,99457,10,Baja,transferencia a edesur,217.0,servicios,2026-03-04,natural
32,AR,ARS,99457,10,Baja,transferencia a colegio st georges,579.0,educacion,2026-08-12,natural
32,AR,ARS,99457,10,Baja,transferencia a sube,999.0,transporte,2026-08-13,natural
32,AR,ARS,99457,10,Baja,transferencia a smart fit aregntina,262.0,ocio,2026-12-12,natural
32,AR,ARS,99457,10,Baja,CONSORCIO EDIFICIO BELGRANO,180.0,vivienda,2026-12-03,cartola
32,AR,ARS,99457,10,Baja,COMPRA WEB AUBASA,1485.0,transporte,2026-04-13,cartola
32,AR,ARS,99457,10,Baja,gasto en telepase autopistas,364.0,transporte,2026-07-11,natural
32,AR,ARS,99457,10,Baja,pago a mi barrio hamburgueseria,969.0,alimentacion,2026-06-09,natural
32,AR,ARS,99457,10,Baja,pago a osecac,445.0,salud,2026-07-26,natural
32,AR,ARS,99457,10,Baja,EDET TUCUMAN,410.0,servicios,2026-09-26,cartola
32,AR,ARS,99457,10,Baja,transferencia a agip rentas,343.0,otros,2026-06-01,natural
32,AR,ARS,99457,10,Baja,LAS CUARTETAS,1187.0,alimentacion,2026-08-25,cartola
32,AR,ARS,99457,10,Baja,compra en mostaza,309.0,alimentacion,2026-03-29,natural
32,AR,ARS,99457,10,Baja,pago mensual de youtube premium,540.0,streaming,2026-01-11,natural
32,AR,ARS,99457,10,Baja,compra en edenor,784.0,servicios,2026-07-06,natural
32,AR,ARS,99457,10,Baja,CARGO AUT FERRETERIA EL PUENTE,841.0,vivienda,2026-08-02,cartola
32,AR,ARS,99457,10,Baja,PERSICCO,2165.0,alimentacion,2026-01-15,cartola
32,AR,ARS,99457,10,Baja,compra en aubasa,525.0,transporte,2026-09-23,natural
32,AR,ARS,99457,10,Baja,gasto en avalian,354.0,salud,2026-10-24,natural
32,AR,ARS,99457,10,Baja,transferencia a peaje debenedetti,2130.0,transporte,2026-03-14,natural
32,AR,ARS,99457,10,Baja,HEISENBUREGR,712.0,alimentacion,2026-02-21,cartola
32,AR,ARS,99457,10,Baja,transferencia a clinica mater dei,245.0,salud,2026-05-08,natural
32,AR,ARS,99457,10,Baja,compra en consorcio caballito,177.0,vivienda,2026-03-06,natural
32,AR,ARS,99457,10,Baja,DIARCO,1282.0,alimentacion,2026-01-17,cartola
32,AR,ARS,99457,10,Baja,compra en libreria cp67,312.0,educacion,2026-12-17,natural
32,AR,ARS,99457,10,Baja,compra en administracion san martin,749.0,vivienda,2026-05-18,natural
32,AR,ARS,99457,10,Baja,DIAGNOSTICO MAIPU,441.0,salud,2026-11-15,cartola
32,AR,ARS,99457,10,Baja,TER* FLECHA BUS,154.0,transporte,2026-08-17,cartola
32,AR,ARS,99457,10,Baja,pago a metrogas,638.0,servicios,2026-09-11,natural
32,AR,ARS,99457,10,Baja,transferencia a pinturerias rex,370.0,vivienda,2026-07-29,natural
32,AR,ARS,99457,10,Baja,compra en octavo piso saas,370.0,vivienda,2026-10-21,natural
32,AR,ARS,99457,10,Baja,compra en octavo piso saas,548.0,vivienda,2026-08-19,natural
32,AR,ARS,99457,10,Baja,pago a pontificia universidad catolica uca,397.0,educacion,2026-08-29,natural
32,AR,ARS,99457,10,Baja,LUNA PARK,957.0,ocio,2026-03-11,cartola
32,AR,ARS,99457,10,Baja,gasto en osecac,1220.0,salud,2026-04-14,natural
32,AR,ARS,99457,10,Baja,OCTAVO PISO SAAS,1023.0,vivienda,2026-07-23,cartola
32,AR,ARS,99457,10,Baja,transferencia a argenprop,202.0,vivienda,2026-11-26,natural
32,AR,ARS,99457,10,Baja,PEAJE HUDSON,203.0,transporte,2026-10-03,cartola
32,AR,ARS,99457,10,Baja,ARGENPROP,533.0,vivienda,2026-12-01,cartola
32,AR,ARS,99457,10,Baja,CONSORCIOABIERTO,1893.0,vivienda,2026-01-31,cartola
32,AR,ARS,99457,10,Baja,PEAJE SAMBOROMBON,1249.0,transporte,2026-05-15,cartola
32,AR,ARS,99457,10,Baja,EL CUARTITO,1282.0,alimentacion,2026-02-27,cartola
32,AR,ARS,99457,10,Baja,transferencia a rapipago,250.0,servicios,2026-04-15,natural
32,AR,ARS,99457,10,Baja,SANATORIO OTAMENDI,389.0,salud,2026-09-23,cartola
32,AR,ARS,99457,10,Baja,gasto en pagomiscuentas,441.0,servicios,2026-01-10,natural
32,AR,ARS,99457,10,Baja,gasto en farmacias vantage,188.0,salud,2026-06-05,natural
32,AR,ARS,99457,10,Baja,SUPERMERCADOS DIA,307.0,alimentacion,2026-02-06,cartola
32,AR,ARS,99457,10,Baja,BANCO MACRO,2035.0,otros,2026-04-29,cartola
32,AR,ARS,99457,10,Baja,OSDE,191.0,salud,2026-03-08,cartola
32,AR,ARS,99457,10,Baja,SUC. AVALIAN,190.0,salud,2026-08-30,cartola
32,AR,ARS,99457,10,Baja,compra en osecac,192.0,salud,2026-08-01,natural
32,AR,ARS,99457,10,Baja,gasto en libreria scholastica,1829.0,educacion,2026-11-04,natural
32,AR,ARS,99457,10,Baja,transferencia a el cuartito,601.0,alimentacion,2026-04-11,natural
32,AR,ARS,99457,10,Baja,DANDY,762.0,alimentacion,2026-02-25,cartola
32,AR,ARS,99457,10,Baja,SUC. APPLE MUSIC 7573,1682.0,streaming,2026-11-28,cartola
32,AR,ARS,99457,10,Baja,PAGO TC PEAJE ALBERTI,294.0,transporte,2026-11-20,cartola
32,AR,ARS,99457,10,Baja,ON FIT,674.0,ocio,2026-08-27,cartola
32,AR,ARS,99457,10,Baja,transferencia a zonaprop,286.0,vivienda,2026-08-19,natural
32,AR,ARS,99457,10,Baja,compra en almacen de barrio,255.0,alimentacion,2026-04-02,natural
32,AR,ARS,99457,10,Baja,transferencia a blaisten,1234.0,vivienda,2026-10-06,natural
32,AR,ARS,99457,10,Baja,ALLIANZ SEGUROS,1009.0,otros,2026-04-19,cartola
32,AR,ARS,99457,10,Baja,transferencia a ferreteria el progreso,299.0,vivienda,2026-11-13,natural
32,AR,ARS,99457,10,Baja,gasto en edersa rio negro,328.0,servicios,2026-06-17,natural
32,AR,ARS,99457,10,Baja,FEDERACION PATRONAL SEGUROS,529.0,otros,2026-10-27,cartola
32,AR,ARS,99457,10,Baja,AYSA,363.0,servicios,2026-08-06,cartola
32,AR,ARS,99457,10,Baja,pago a panaderia san jose,191.0,alimentacion,2026-08-10,natural
32,AR,ARS,99457,10,Baja,TELECOM FIBERTEL,162.0,servicios,2026-06-10,cartola
32,AR,ARS,99457,10,Baja,compra en puntoticket argentina,200.0,ocio,2026-01-16,natural
32,AR,ARS,99457,10,Baja,pago a opticas lof,1137.0,salud,2026-10-05,natural
32,AR,ARS,99457,10,Baja,gasto en peaje samborombon,227.0,transporte,2026-02-26,natural
32,AR,ARS,99457,10,Baja,pago a amazon prime argentina,211.0,ocio,2026-12-29,natural
32,AR,ARS,99457,10,Baja,PAGOMISCUENTAS,487.0,servicios,2026-11-23,cartola
32,AR,ARS,99457,10,Baja,transferencia a changomas,1392.0,alimentacion,2026-08-30,natural
32,AR,ARS,99457,10,Baja,AMAZON PRIME ARGENTINA,192.0,ocio,2026-03-31,cartola
32,AR,ARS,99457,10,Baja,compra en aguas cordobesas,221.0,servicios,2026-11-22,natural
32,AR,ARS,99457,10,Baja,MOVISTAR HOGAR ARGENTINA,306.0,servicios,2026-01-30,cartola
32,AR,ARS,99457,10,Baja,suscripción a apple music,955.0,streaming,2026-12-25,natural
32,AR,ARS,99457,10,Baja,EPEN NEUQUEN,555.0,servicios,2026-10-15,cartola
32,AR,ARS,99457,10,Baja,pago a editorial santillana argentina,1177.0,educacion,2026-03-27,natural
32,AR,ARS,99457,10,Baja,transferencia a la continental,2225.0,alimentacion,2026-08-22,natural
32,AR,ARS,99457,10,Baja,gasto en aguas cordobesas,1091.0,servicios,2026-08-23,natural
32,AR,ARS,99457,10,Baja,SPOTIFY ARGENTINA,642.0,ocio,2026-11-09,cartola
32,AR,ARS,99457,10,Baja,COMPRA WEB OPTICAS LOF,471.0,salud,2026-12-31,cartola
32,AR,ARS,99457,10,Baja,FREDDO,158.0,alimentacion,2026-10-14,cartola
32,AR,ARS,99457,10,Baja,pago a axion energy,2881.0,transporte,2026-11-23,natural
32,AR,ARS,99457,10,Baja,PERSONAL FLOW,335.0,servicios,2026-09-26,cartola
32,AR,ARS,99457,10,Baja,compra en vital mayorista,335.0,alimentacion,2026-05-11,natural
32,AR,ARS,99457,10,Baja,FITER GIMNASIOS,762.0,ocio,2026-10-18,cartola
32,AR,ARS,99457,10,Baja,gasto en aguas bonaerenses,232.0,servicios,2026-10-04,natural
32,AR,ARS,99457,10,Baja,AUTOPISTAS DEL OESTE,611.0,transporte,2026-11-16,cartola
32,AR,ARS,99457,10,Baja,PEAJE PACHECO,613.0,transporte,2026-12-17,cartola
32,AR,ARS,99457,10,Baja,transferencia a gas nea,409.0,servicios,2026-06-29,natural
32,AR,ARS,99457,10,Baja,,1254.0,transporte,2026-10-17,natural
32,AR,ARS,99457,10,Baja,gasto en passline argentina,213.0,ocio,2026-06-12,natural
32,AR,ARS,99457,10,Baja,SODIMAC,413.0,vivienda,2026-09-28,cartola
32,AR,ARS,99457,10,Baja,transferencia a la trastienda,535.0,ocio,2026-04-06,natural
32,AR,ARS,99457,10,Baja,ADMINISTRACION SAN MARTIN,755.0,vivienda,2026-09-19,cartola
32,AR,ARS,99457,10,Baja,compra en diarco,1062.0,alimentacion,2026-12-31,natural
32,AR,ARS,99457,10,Baja,ZARA ARGENTINA,348.0,otros,2026-12-19,cartola
32,AR,ARS,99457,10,Baja,pago a subway,720.0,alimentacion,2026-10-15,natural
32,AR,ARS,99457,10,Baja,transferencia a peaje parque avellaneda,329.0,transporte,2026-03-24,natural
32,AR,ARS,99457,10,Baja,JUMBO,1870.0,alimentacion,2026-08-13,cartola
32,AR,ARS,99457,10,Baja,DIDI ARGENTINA,335.0,transporte,2026-08-11,cartola
32,AR,ARS,99457,10,Baja,SUC. PSOTIFY 9191,907.0,streaming,2026-04-28,cartola
32,AR,ARS,99457,10,Baja,pago a gas nea,341.0,servicios,2026-03-20,natural
32,AR,ARS,99457,10,Baja,SODIMAC,159.0,vivienda,2026-03-19,cartola
32,AR,ARS,99457,10,Baja,,463.0,alimentacion,2026-05-27,cartola
32,AR,ARS,99457,10,Baja,compra en peaje illia,1460.0,transporte,2026-04-17,natural
32,AR,ARS,99457,10,Baja,CONSORCIOABIERTO,519.0,vivienda,2026-09-28,cartola
32,AR,ARS,99457,10,Baja,transferencia a le pain quotidien,1842.0,alimentacion,2026-09-01,natural
32,AR,ARS,99457,10,Baja,gasto en antares,458.0,alimentacion,2026-03-14,natural
32,AR,ARS,99457,10,Baja,PAC OMINT,467.0,salud,2026-12-23,cartola
32,AR,ARS,99457,10,Baja,PEAJE DELLEPIANE,361.0,transporte,2026-12-20,cartola
32,AR,ARS,99457,10,Baja,transferencia a maderas ramos,1125.0,vivienda,2026-01-26,natural
32,AR,ARS,99457,10,Baja,pago mensual de paramount+,197.0,streaming,2026-07-29,natural
33,AR,ARS,158953,8,Media,comprae n provincia net,473.0,servicios,2026-11-25,natural
33,AR,ARS,158953,8,Media,cargo de apple music,394.0,streaming,2026-05-25,natural
33,AR,ARS,158953,8,Media,gasto en vital mayorista,645.0,alimentacion,2026-03-02,natural
33,AR,ARS,158953,8,Media,transferencia a giro cajero banelco,669.0,otros,2026-09-30,natural
33,AR,ARS,158953,8,Media,compra en autopistas del sol ausol,198.0,transporte,2026-11-28,natural
33,AR,ARS,158953,8,Media,transferencia a musimundo,965.0,otros,2026-05-11,natural
33,AR,ARS,158953,8,Media,transferencia a jumbo,221.0,alimentacion,2026-02-12,natural
33,AR,ARS,158953,8,Media,PAC AXION ENERGY,1609.0,transporte,2026-02-26,cartola
33,AR,ARS,158953,8,Media,LE PAIN QUOTIDIEN,1164.0,alimentacion,2026-02-19,cartola
33,AR,ARS,158953,8,Media,gasto en movistar hogar argentina,291.0,servicios,2026-06-27,natural
33,AR,ARS,158953,8,Media,compra en administracion san martin,1127.0,vivienda,2026-10-20,natural
33,AR,ARS,158953,8,Media,PINTURAS ALBA,301.0,vivienda,2026-02-15,cartola
33,AR,ARS,158953,8,Media,ADMINISTRACION CONSORCIO PALERMO,319.0,vivienda,2026-09-28,cartola
33,AR,ARS,158953,8,Media,,2233.0,salud,2026-12-02,cartola
33,AR,ARS,158953,8,Media,CHEVALLIER,723.0,transporte,2026-05-19,cartola
33,AR,ARS,158953,8,Media,SODIMAC,416.0,vivienda,2026-09-04,cartola
33,AR,ARS,158953,8,Media,gasto en pinturas laba,347.0,vivienda,2026-05-28,natural
33,AR,ARS,158953,8,Media,SANATORIO OTAMENDI,268.0,salud,2026-08-18,cartola
33,AR,ARS,158953,8,Media,TELECENTRO,2725.0,servicios,2026-10-07,cartola
33,AR,ARS,158953,8,Media,CAMUZZI GAS PAMPEANA,274.0,servicios,2026-07-11,cartola
33,AR,ARS,158953,8,Media,pago a prevencion salud,258.0,salud,2026-03-21,natural
33,AR,ARS,158953,8,Media,AUTOPISTAS DEL OESTE,454.0,transporte,2026-04-04,cartola
33,AR,ARS,158953,8,Media,pago a stock center,444.0,otros,2026-08-14,natural
33,AR,ARS,158953,8,Media,COMPRA WEB PARAMOUNT+ 2929,436.0,streaming,2026-03-06,cartola
33,AR,ARS,158953,8,Media,pago a consorcio edificio belgrano,237.0,vivienda,2026-03-29,natural
33,AR,ARS,158953,8,Media,POS TRX SANCOR SALUD,350.0,salud,2026-08-02,cartola
33,AR,ARS,158953,8,Media,gasto en movistar hogar argentina,201.0,servicios,2026-07-23,natural
33,AR,ARS,158953,8,Media,SUB*ON FIT,1681.0,ocio,2026-03-30,cartola
33,AR,ARS,158953,8,Media,gasto en makro,369.0,alimentacion,2026-03-02,natural
33,AR,ARS,158953,8,Media,EL CUARTITO,968.0,alimentacion,2026-09-28,cartola
33,AR,ARS,158953,8,Media,gasto en aguas cordobesas,968.0,servicios,2026-04-04,natural
33,AR,ARS,158953,8,Media,gasto en las cuartetas,1134.0,alimentacion,2026-11-03,natural
33,AR,ARS,158953,8,Media,compra en clinica suizo argentina,1488.0,salud,2026-01-27,natural
33,AR,ARS,158953,8,Media,CARGO AUT CRUNCHYROLL 28/6,209.0,streaming,2026-08-02,cartola
33,AR,ARS,158953,8,Media,compra en carniceria el ombu,174.0,alimentacion,2026-03-15,natural
33,AR,ARS,158953,8,Media,gasto en clinica suizo argentina,428.0,salud,2026-03-02,natural
33,AR,ARS,158953,8,Media,FEDERACION PATRONAL SEGUROS,211.0,otros,2026-07-05,cartola
33,AR,ARS,158953,8,Media,CARGO AUT NATURGY,906.0,servicios,2026-01-31,cartola
33,AR,ARS,158953,8,Media,,691.0,educacion,2026-08-07,natural
33,AR,ARS,158953,8,Media,pago a williamsburg,1421.0,alimentacion,2026-01-12,natural
33,AR,ARS,158953,8,Media,TER* YPF,195.0,transporte,2026-02-01,cartola
33,AR,ARS,158953,8,Media,,1685.0,servicios,2026-06-09,natural
33,AR,ARS,158953,8,Media,compra en changomas,237.0,alimentacion,2026-08-25,natural
33,AR,ARS,158953,8,Media,pago a maderas ramos,461.0,vivienda,2026-08-15,natural
33,AR,ARS,158953,8,Media,EPEC,395.0,servicios,2026-06-30,cartola
33,AR,ARS,158953,8,Media,CARNICERIA EL OMBU,976.0,alimentacion,2026-11-13,cartola
33,AR,ARS,158953,8,Media,transferencia a peaje debenedetti,373.0,transporte,2026-02-15,natural
33,AR,ARS,158953,8,Media,PAGO TC FERRETERIA EL PROGRESO,1965.0,vivienda,2026-12-07,cartola
33,AR,ARS,158953,8,Media,compra en ferreteria el progreso,1591.0,vivienda,2026-03-21,natural
33,AR,ARS,158953,8,Media,compra en peaje dellepiane,1406.0,transporte,2026-05-15,natural
33,AR,ARS,158953,8,Media,OCTAVO PISO SAAS,153.0,vivienda,2026-11-04,cartola
33,AR,ARS,158953,8,Media,transferencia a trenes argentinos,1316.0,transporte,2026-09-04,natural
33,AR,ARS,158953,8,Media,LIGIER PINTURERIAS,1040.0,vivienda,2026-06-08,cartola
33,AR,ARS,158953,8,Media,CONSORCIO EDIFICIO BELGRANO,352.0,vivienda,2026-04-22,cartola
33,AR,ARS,158953,8,Media,TELECENTRO,361.0,servicios,2026-10-19,cartola
33,AR,ARS,158953,8,Media,pago a edesal san luis,331.0,servicios,2026-11-06,natural
33,AR,ARS,158953,8,Media,EDET TUCUMAN,268.0,servicios,2026-01-17,cartola
33,AR,ARS,158953,8,Media,COMPRA WEB PIZZERIA GUERRIN,544.0,alimentacion,2026-11-27,cartola
33,AR,ARS,158953,8,Media,CINEMARK HOYTS,2479.0,ocio,2026-08-15,cartola
33,AR,ARS,158953,8,Media,AGUAS BONAERENSES,395.0,servicios,2026-12-27,cartola
33,AR,ARS,158953,8,Media,SANATORIO OTAMENDI,532.0,salud,2026-04-27,cartola
33,AR,ARS,158953,8,Media,transferencia a peaje larena,2352.0,transporte,2026-02-12,natural
33,AR,ARS,158953,8,Media,SANATORIO FINCOHIETTO,201.0,salud,2026-04-25,cartola
33,AR,ARS,158953,8,Media,pago a sanatorio otamendi,1336.0,salud,2026-10-10,natural
33,AR,ARS,158953,8,Media,pago a banco nacion,540.0,otros,2026-02-06,natural
33,AR,ARS,158953,8,Media,BANCO MACRO,576.0,otros,2026-10-29,cartola
33,AR,ARS,158953,8,Media,cargo de amazon prime,287.0,streaming,2026-04-23,natural
33,AR,ARS,158953,8,Media,WEBPAY CONSORCIO CABALLITO,564.0,vivienda,2026-02-04,cartola
33,AR,ARS,158953,8,Media,ON FIT,281.0,ocio,2026-12-02,cartola
33,AR,ARS,158953,8,Media,pago a tea connection,989.0,alimentacion,2026-12-02,natural
33,AR,ARS,158953,8,Media,compra en la mezzetta,229.0,alimentacion,2026-08-16,natural
33,AR,ARS,158953,8,Media,compra en peaje sarandi,1494.0,transporte,2026-05-27,natural
33,AR,ARS,158953,8,Media,ATM COLEGIO SAN MARTIN,313.0,educacion,2026-05-02,cartola
33,AR,ARS,158953,8,Media,compra en peaje parque avellaneda,230.0,transporte,2026-06-22,natural
33,AR,ARS,158953,8,Media,CONSORCIO CABALLITO,814.0,vivienda,2026-06-03,cartola
33,AR,ARS,158953,8,Media,transferencia a panaderia san jose,299.0,alimentacion,2026-02-27,natural
33,AR,ARS,158953,8,Media,pago a le pain quotidien,958.0,alimentacion,2026-03-04,natural
33,AR,ARS,158953,8,Media,pago a opticas lof,2355.0,salud,2026-06-05,natural
33,AR,ARS,158953,8,Media,NATURGY,1033.0,servicios,2026-12-22,cartola
33,AR,ARS,158953,8,Media,pago a allianz seguros,320.0,otros,2026-11-18,natural
33,AR,ARS,158953,8,Media,gasto en camuzzi gas pampeana,626.0,servicios,2026-06-17,natural
33,AR,ARS,158953,8,Media,PANI,813.0,alimentacion,2026-06-15,cartola
33,AR,ARS,158953,8,Media,PAC EDERSA RIO NEGRO,1193.0,servicios,2026-03-26,cartola
33,AR,ARS,158953,8,Media,gasto en claro hogar argentina,338.0,servicios,2026-05-17,natural
33,AR,ARS,158953,8,Media,gasto en netflix argentina,447.0,ocio,2026-07-08,natural
33,AR,ARS,158953,8,Media,PERSONAL FLOW,524.0,servicios,2026-01-02,cartola
33,AR,ARS,158953,8,Media,TELECOM FIBERTEL,255.0,servicios,2026-12-30,cartola
33,AR,ARS,158953,8,Media,compra en heisenburger,266.0,alimentacion,2026-03-13,natural
33,AR,ARS,158953,8,Media,gasto en niceto club,397.0,ocio,2026-05-06,natural
33,AR,ARS,158953,8,Media,compra en camuzzi gas pampeana,1224.0,servicios,2026-06-19,natural
33,AR,ARS,158953,8,Media,SOLO DEPORTES,1812.0,otros,2026-07-24,cartola
33,AR,ARS,158953,8,Media,pago a cabify,677.0,transporte,2026-11-09,natural
33,AR,ARS,158953,8,Media,FERRETERIA INDUSTRIAL,343.0,vivienda,2026-12-03,cartola
33,AR,ARS,158953,8,Media,AGUAS BONAERENSES,200.0,servicios,2026-07-14,cartola
33,AR,ARS,158953,8,Media,SUB*PARAMOUNT+ 2536,2751.0,streaming,2026-06-07,cartola
33,AR,ARS,158953,8,Media,SOLO DEPORTES,2786.0,otros,2026-05-21,cartola
33,AR,ARS,158953,8,Media,BANCO PROVINCIA,1770.0,otros,2026-10-02,cartola
33,AR,ARS,158953,8,Media,pago a farmacia azul,1053.0,salud,2026-01-07,natural
33,AR,ARS,158953,8,Media,FARMACIA AZUL,269.0,salud,2026-02-23,cartola
33,AR,ARS,158953,8,Media,ATM TELECENTRO,1161.0,servicios,2026-04-14,cartola
33,AR,ARS,158953,8,Media,compra en aguas cordobesas,359.0,servicios,2026-12-08,natural
33,AR,ARS,158953,8,Media,MEDIFE,270.0,salud,2026-12-04,cartola
33,AR,ARS,158953,8,Media,gasto en edesal san luis,934.0,servicios,2026-03-02,natural
33,AR,ARS,158953,8,Media,pago a freddo,236.0,alimentacion,2026-09-15,natural
33,AR,ARS,158953,8,Media,BLAISTEN,327.0,vivienda,2026-08-30,cartola
33,AR,ARS,158953,8,Media,WEBPAY MEDIFE,406.0,salud,2026-07-22,cartola
33,AR,ARS,158953,8,Media,,403.0,streaming,2026-01-31,natural
33,AR,ARS,158953,8,Media,WEBPAY MCDONALD'S,1545.0,alimentacion,2026-10-16,cartola
33,AR,ARS,158953,8,Media,CLINICA MATER DEI,355.0,salud,2026-03-21,cartola
33,AR,ARS,158953,8,Media,pago a la birra bar,160.0,alimentacion,2026-09-11,natural
33,AR,ARS,158953,8,Media,pago a libreria el ateneo,277.0,educacion,2026-10-14,natural
33,AR,ARS,158953,8,Media,NF* PEAJE PACHECO,325.0,transporte,2026-05-06,cartola
33,AR,ARS,158953,8,Media,MOSTAZA,196.0,alimentacion,2026-07-25,cartola
33,AR,ARS,158953,8,Media,POS TRX PASSLINE ARGENTINA,737.0,ocio,2026-04-17,cartola
33,AR,ARS,158953,8,Media,PAGO TC FARMACIAS CENTRAL OESTE,386.0,salud,2026-10-02,cartola
33,AR,ARS,158953,8,Media,NF* LABORATORIO STAMBOULIAN,986.0,salud,2026-12-03,cartola
33,AR,ARS,158953,8,Media,transferencia a bar el barista argentina,3353.0,ocio,2026-05-03,natural
33,AR,ARS,158953,8,Media,transferencia a aguas bonaerenses,735.0,servicios,2026-05-14,natural
33,AR,ARS,158953,8,Media,ATM ARGENPROP,256.0,vivienda,2026-11-01,cartola
33,AR,ARS,158953,8,Media,TELEPASE AUTOPISTAS,222.0,transporte,2026-02-19,cartola
33,AR,ARS,158953,8,Media,pago a laboratorio stamboulian,1455.0,salud,2026-12-03,natural
33,AR,ARS,158953,8,Media,LITORAL GAS,512.0,servicios,2026-04-05,cartola
33,AR,ARS,158953,8,Media,BURGER KIGN,1191.0,alimentacion,2026-09-25,cartola
33,AR,ARS,158953,8,Media,compra en pizzeria guerrin,1327.0,alimentacion,2026-01-23,natural
33,AR,ARS,158953,8,Media,PEAJE DEBENEDETTI,1795.0,transporte,2026-02-23,cartola
33,AR,ARS,158953,8,Media,DISCO,2045.0,alimentacion,2026-09-11,cartola
33,AR,ARS,158953,8,Media,suscripción a disney plus,553.0,streaming,2026-08-23,natural
33,AR,ARS,158953,8,Media,transferencia a edenor,285.0,servicios,2026-02-28,natural
33,AR,ARS,158953,8,Media,transferencia a disney plus argentina,2233.0,ocio,2026-06-13,natural
33,AR,ARS,158953,8,Media,LE PAIN QUOTIDIEN,542.0,alimentacion,2026-09-16,cartola
33,AR,ARS,158953,8,Media,gasto en administracion san martin,207.0,vivienda,2026-08-04,natural
33,AR,ARS,158953,8,Media,pago a consorcio edificio belgrano,704.0,vivienda,2026-07-02,natural
33,AR,ARS,158953,8,Media,compra en mcdonald's,606.0,alimentacion,2026-02-26,natural
33,AR,ARS,158953,8,Media,cargo de hbo max,1546.0,streaming,2026-05-25,natural
33,AR,ARS,158953,8,Media,pago a pago facil,724.0,servicios,2026-03-31,natural
33,AR,ARS,158953,8,Media,pago a solo deportes,293.0,otros,2026-11-07,natural
33,AR,ARS,158953,8,Media,gasto en maderas ramos,2316.0,vivienda,2026-02-14,natural
34,AR,ARS,251829,67,Alta,pago a camuzzi gas pampeana,1127.0,servicios,2026-03-26,natural
34,AR,ARS,251829,67,Alta,CARGO AUT NETFLIX 5825,564.0,streaming,2026-06-16,cartola
34,AR,ARS,251829,67,Alta,pago a libreria cp67,1807.0,educacion,2026-03-13,natural
34,AR,ARS,251829,67,Alta,SUB*TELECENTRO,3096.0,servicios,2026-10-25,cartola
34,AR,ARS,251829,67,Alta,POS TRX CABIFY,551.0,transporte,2026-01-09,cartola
34,AR,ARS,251829,67,Alta,gasto en jumbo,333.0,alimentacion,2026-10-08,natural
34,AR,ARS,251829,67,Alta,pago a multiplex cines,192.0,ocio,2026-09-15,natural
34,AR,ARS,251829,67,Alta,NF* HBO MAX 23/12,1487.0,streaming,2026-10-02,cartola
34,AR,ARS,251829,67,Alta,MOVISTAR HOGAR ARGENTINA,911.0,servicios,2026-08-26,cartola
34,AR,ARS,251829,67,Alta,compra en personal flow,323.0,servicios,2026-01-20,natural
34,AR,ARS,251829,67,Alta,STEAM GAMES ARGENTINA,1643.0,ocio,2026-08-21,cartola
34,AR,ARS,251829,67,Alta,SUB*LA MEZZETTA,249.0,alimentacion,2026-08-09,cartola
34,AR,ARS,251829,67,Alta,compra en persicco,1254.0,alimentacion,2026-11-22,natural
34,AR,ARS,251829,67,Alta,WEBPAY APPLE MUSIC 7518,1162.0,streaming,2026-01-17,cartola
34,AR,ARS,251829,67,Alta,pago a coto,2057.0,alimentacion,2026-03-30,natural
34,AR,ARS,251829,67,Alta,compra en movistar arena argentina,345.0,ocio,2026-12-16,natural
34,AR,ARS,251829,67,Alta,compra en aguas bonaerenses,3396.0,servicios,2026-03-25,natural
34,AR,ARS,251829,67,Alta,pago a laboratorio stamboulian,1884.0,salud,2026-03-28,natural
34,AR,ARS,251829,67,Alta,MERACDO PAGO,378.0,otros,2026-11-03,cartola
34,AR,ARS,251829,67,Alta,gasto en edesur,314.0,servicios,2026-12-04,natural
34,AR,ARS,251829,67,Alta,AVALIAN,877.0,salud,2026-06-03,cartola
34,AR,ARS,251829,67,Alta,SUBE,2641.0,transporte,2026-08-16,cartola
34,AR,ARS,251829,67,Alta,gasto en medife,2873.0,salud,2026-09-21,natural
34,AR,ARS,251829,67,Alta,transferencia a farmacia azul,1141.0,salud,2026-08-11,natural
34,AR,ARS,251829,67,Alta,pago mensual de max,3061.0,streaming,2026-05-01,natural
34,AR,ARS,251829,67,Alta,MOVISTAR HOGAR ARGENTINA,374.0,servicios,2026-06-22,cartola
34,AR,ARS,251829,67,Alta,OSDE,153.0,salud,2026-12-08,cartola
34,AR,ARS,251829,67,Alta,transferencia a flecha bus,3769.0,transporte,2026-05-08,natural
34,AR,ARS,251829,67,Alta,AVALIAN,2317.0,salud,2026-04-20,cartola
34,AR,ARS,251829,67,Alta,,930.0,ocio,2026-12-21,natural
34,AR,ARS,251829,67,Alta,COLEGIO WARD,2174.0,educacion,2026-02-06,cartola
34,AR,ARS,251829,67,Alta,MOSTAZA,4835.0,alimentacion,2026-03-12,cartola
34,AR,ARS,251829,67,Alta,TELEPASE AUTOPISTAS,2295.0,transporte,2026-10-16,cartola
34,AR,ARS,251829,67,Alta,gasto en carniceria el ombu,2868.0,alimentacion,2026-01-31,natural
34,AR,ARS,251829,67,Alta,FERRETERIA EL PUENTE,2219.0,vivienda,2026-09-25,cartola
34,AR,ARS,251829,67,Alta,compra en consorcio edificio belgrano,286.0,vivienda,2026-01-11,natural
34,AR,ARS,251829,67,Alta,compra en argenprop,2783.0,vivienda,2026-12-10,natural
34,AR,ARS,251829,67,Alta,RAPIPAGO,337.0,servicios,2026-11-24,cartola
34,AR,ARS,251829,67,Alta,LITORAL GAS,3463.0,servicios,2026-02-01,cartola
34,AR,ARS,251829,67,Alta,YPF,953.0,transporte,2026-02-26,cartola
34,AR,ARS,251829,67,Alta,gasto en heisenburger,1754.0,alimentacion,2026-06-15,natural
34,AR,ARS,251829,67,Alta,FEDERACION PATRONAL SEGUROS,1067.0,otros,2026-07-07,cartola
34,AR,ARS,251829,67,Alta,MADERAS RAMOS,153.0,vivienda,2026-12-08,cartola
34,AR,ARS,251829,67,Alta,pago a epec,533.0,servicios,2026-01-19,natural
34,AR,ARS,251829,67,Alta,SPORTCLUB,6392.0,ocio,2026-04-26,cartola
34,AR,ARS,251829,67,Alta,gasto en club de la birra,5024.0,alimentacion,2026-07-03,natural
34,AR,ARS,251829,67,Alta,gasto en ferreteria el progreso,600.0,vivienda,2026-09-27,natural
34,AR,ARS,251829,67,Alta,SUC. AMAZON PRIME 4266,8690.0,streaming,2026-02-02,cartola
34,AR,ARS,251829,67,Alta,PEAJE DELLEPIANE,2899.0,transporte,2026-01-10,cartola
34,AR,ARS,251829,67,Alta,transferencia a medife,1465.0,salud,2026-03-21,natural
34,AR,ARS,251829,67,Alta,LA BIRRA BAR,341.0,alimentacion,2026-11-16,cartola
34,AR,ARS,251829,67,Alta,PEAJE LARENA,3596.0,transporte,2026-07-09,cartola
34,AR,ARS,251829,67,Alta,gasto en consorcio edificio belgrano,1265.0,vivienda,2026-03-09,natural
34,AR,ARS,251829,67,Alta,TELECENTRO,3149.0,servicios,2026-12-14,cartola
34,AR,ARS,251829,67,Alta,TER* MAX 8318,2791.0,streaming,2026-05-05,cartola
34,AR,ARS,251829,67,Alta,EDET TUCUMAN,2778.0,servicios,2026-12-02,cartola
34,AR,ARS,251829,67,Alta,PIZZERIA GUERRIN,1859.0,alimentacion,2026-02-28,cartola
34,AR,ARS,251829,67,Alta,YPF,535.0,transporte,2026-04-07,cartola
34,AR,ARS,251829,67,Alta,pago a megatone,636.0,otros,2026-10-02,natural
34,AR,ARS,251829,67,Alta,compra en rapipago,572.0,servicios,2026-05-29,natural
34,AR,ARS,251829,67,Alta,PEAJE LARENA,171.0,transporte,2026-09-22,cartola
34,AR,ARS,251829,67,Alta,ALQUILERES ARGENTINA,1356.0,vivienda,2026-01-09,cartola
34,AR,ARS,251829,67,Alta,compra ne comisiones banco frances,1863.0,otros,2026-10-10,natural
34,AR,ARS,251829,67,Alta,gasto en sodimac,2985.0,vivienda,2026-09-30,natural
34,AR,ARS,251829,67,Alta,ALMACEN DE BARRIO,234.0,alimentacion,2026-10-28,cartola
34,AR,ARS,251829,67,Alta,gasto en supermercados dia,1219.0,alimentacion,2026-01-08,natural
34,AR,ARS,251829,67,Alta,gasto en autopistas del sol ausol,357.0,transporte,2026-05-05,natural
34,AR,ARS,251829,67,Alta,transferencia a papa john's,155.0,alimentacion,2026-05-03,natural
34,AR,ARS,251829,67,Alta,transferencia a edesur,182.0,servicios,2026-01-01,natural
34,AR,ARS,251829,67,Alta,pago a expensas online,2006.0,vivienda,2026-07-23,natural
34,AR,ARS,251829,67,Alta,transferencia a provincia net,155.0,servicios,2026-10-24,natural
34,AR,ARS,251829,67,Alta,pago a rapipago,1956.0,servicios,2026-01-05,natural
34,AR,ARS,251829,67,Alta,PINTURERIAS REX,446.0,vivienda,2026-03-21,cartola
34,AR,ARS,251829,67,Alta,SUB*DIAGNOSTICO MAIPU,3262.0,salud,2026-10-01,cartola
34,AR,ARS,251829,67,Alta,LIBRERIAS CUSPIDE,2604.0,educacion,2026-06-26,cartola
34,AR,ARS,251829,67,Alta,compra en rpaipago,4914.0,servicios,2026-12-04,natural
34,AR,ARS,251829,67,Alta,compar en emova subte,3340.0,transporte,2026-11-17,natural
34,AR,ARS,251829,67,Alta,pago a argenprop,4203.0,vivienda,2026-12-05,natural
34,AR,ARS,251829,67,Alta,MAKRO,3038.0,alimentacion,2026-05-16,cartola
34,AR,ARS,251829,67,Alta,pago a clinica suizo argentina,1835.0,salud,2026-01-25,natural
34,AR,ARS,251829,67,Alta,FITER GIMNASIOS,290.0,ocio,2026-11-21,cartola
34,AR,ARS,251829,67,Alta,compra en administracion san martin,492.0,vivienda,2026-07-02,natural
34,AR,ARS,251829,67,Alta,TER* LA CONTINENTAL,371.0,alimentacion,2026-06-17,cartola
34,AR,ARS,251829,67,Alta,FARMACIAS SELMA,1436.0,salud,2026-12-04,cartola
34,AR,ARS,251829,67,Alta,pago a amazon prime argentina,1087.0,ocio,2026-06-27,natural
34,AR,ARS,251829,67,Alta,ITBA,3132.0,educacion,2026-04-05,cartola
34,AR,ARS,251829,67,Alta,pago a centro rossi,4735.0,salud,2026-02-02,natural
34,AR,ARS,251829,67,Alta,LE PAIN QUOTIDIEN,805.0,alimentacion,2026-04-21,cartola
34,AR,ARS,251829,67,Alta,,1096.0,transporte,2026-05-26,natural
34,AR,ARS,251829,67,Alta,OSDE,5523.0,salud,2026-08-19,cartola
34,AR,ARS,251829,67,Alta,pago a pagomiscuentas,502.0,servicios,2026-09-29,natural
34,AR,ARS,251829,67,Alta,OPTICA LUTZ EFRRANDO,2440.0,salud,2026-12-02,cartola
34,AR,ARS,251829,67,Alta,KFC,396.0,alimentacion,2026-02-07,cartola
34,AR,ARS,251829,67,Alta,compra en havanna,1776.0,alimentacion,2026-05-15,natural
34,AR,ARS,251829,67,Alta,pago a movistar hogar argentina,454.0,servicios,2026-11-30,natural
34,AR,ARS,251829,67,Alta,PAGO TC MAKRO,3340.0,alimentacion,2026-08-23,cartola
34,AR,ARS,251829,67,Alta,pago a epen neuquen,1279.0,servicios,2026-11-15,natural
34,AR,ARS,251829,67,Alta,pago a ferreteria el puente,319.0,vivienda,2026-12-11,natural
34,AR,ARS,251829,67,Alta,MEGATONE,394.0,otros,2026-06-09,cartola
34,AR,ARS,251829,67,Alta,gasto en aguas cordobesas,1057.0,servicios,2026-02-07,natural
34,AR,ARS,251829,67,Alta,FERRETERIA EL PUENTE,5059.0,vivienda,2026-05-30,cartola
34,AR,ARS,251829,67,Alta,pago a trenes argentinos,2279.0,transporte,2026-11-04,natural
34,AR,ARS,251829,67,Alta,,1040.0,otros,2026-01-29,cartola
34,AR,ARS,251829,67,Alta,gasto en tea connection,640.0,alimentacion,2026-05-24,natural
34,AR,ARS,251829,67,Alta,pago a emova subte,1237.0,transporte,2026-03-17,natural
34,AR,ARS,251829,67,Alta,pago a on fit,2142.0,ocio,2026-05-25,natural
34,AR,ARS,251829,67,Alta,SANCOR SEGUROS,2378.0,otros,2026-08-17,cartola
34,AR,ARS,251829,67,Alta,pago a colegio marin,609.0,educacion,2026-03-05,natural
34,AR,ARS,251829,67,Alta,LA BIRRA BAR,1982.0,alimentacion,2026-12-13,cartola
34,AR,ARS,251829,67,Alta,pago a discoteca kika,1664.0,ocio,2026-12-11,natural
34,AR,ARS,251829,67,Alta,gasto en colegio champagnat,4962.0,educacion,2026-09-26,natural
34,AR,ARS,251829,67,Alta,NF* HBO MAX 6165,4152.0,streaming,2026-11-24,cartola
34,AR,ARS,251829,67,Alta,POS TRX ADMINISTRACION SAN MARTIN,2418.0,vivienda,2026-07-03,cartola
34,AR,ARS,251829,67,Alta,pago a mi barrio hamburgueseria,1995.0,alimentacion,2026-09-18,natural
34,AR,ARS,251829,67,Alta,gasto en la birra bar,497.0,alimentacion,2026-09-25,natural
34,AR,ARS,251829,67,Alta,transferencia a peaje sarandi,2903.0,transporte,2026-06-18,natural
34,AR,ARS,251829,67,Alta,DIAGNOSTICO MAIPU,866.0,salud,2026-09-16,cartola
34,AR,ARS,251829,67,Alta,CARGO AUT FARMACIAS DR AHORRO,493.0,salud,2026-08-15,cartola
34,AR,ARS,251829,67,Alta,TEATRO COLON,752.0,ocio,2026-02-02,cartola
34,AR,ARS,251829,67,Alta,gasto en tea connection,2805.0,alimentacion,2026-08-02,natural
34,AR,ARS,251829,67,Alta,compra en flecha bus,250.0,transporte,2026-02-19,natural
35,AR,ARS,283481,48,Media,transferencia a banco hsbc,3265.0,otros,2026-04-26,natural
35,AR,ARS,283481,48,Media,,860.0,salud,2026-03-21,cartola
35,AR,ARS,283481,48,Media,DIARCO,3428.0,alimentacion,2026-01-15,cartola
35,AR,ARS,283481,48,Media,transferencia a pani,2057.0,alimentacion,2026-06-25,natural
35,AR,ARS,283481,48,Media,LA TRASTIENDA,993.0,ocio,2026-09-26,cartola
35,AR,ARS,283481,48,Media,transferencia a ligier pinturerias,1369.0,vivienda,2026-04-29,natural
35,AR,ARS,283481,48,Media,EDITORIAL SANTILLANA ARGENTINA,583.0,educacion,2026-10-26,cartola
35,AR,ARS,283481,48,Media,transferencia a rappi,6088.0,alimentacion,2026-07-07,natural
35,AR,ARS,283481,48,Media,RAPPI,1630.0,alimentacion,2026-02-26,cartola
35,AR,ARS,283481,48,Media,pago a colegio champagnat,348.0,educacion,2026-01-17,natural
35,AR,ARS,283481,48,Media,transferencia a hospital aleman,586.0,salud,2026-10-15,natural
35,AR,ARS,283481,48,Media,transferencia a showcase cinemas,1446.0,ocio,2026-02-24,natural
35,AR,ARS,283481,48,Media,HOSPITAL BRITANICO,334.0,salud,2026-09-26,cartola
35,AR,ARS,283481,48,Media,gasto en universidad de palermo up,196.0,educacion,2026-03-28,natural
35,AR,ARS,283481,48,Media,transferencia a libreria kel,886.0,educacion,2026-11-14,natural
35,AR,ARS,283481,48,Media,gasto en las cuartetas,599.0,alimentacion,2026-01-29,natural
35,AR,ARS,283481,48,Media,PAGO TC CARREFOUR,854.0,alimentacion,2026-01-22,cartola
35,AR,ARS,283481,48,Media,DANDY,451.0,alimentacion,2026-11-17,cartola
35,AR,ARS,283481,48,Media,gasto en trenes argentinos,267.0,transporte,2026-10-12,natural
35,AR,ARS,283481,48,Media,PUNTOTICKET ARGENTINA,1731.0,ocio,2026-02-17,cartola
35,AR,ARS,283481,48,Media,FARMACIAS SELMA,1071.0,salud,2026-01-05,cartola
35,AR,ARS,283481,48,Media,transferencia a medife,331.0,salud,2026-09-07,natural
35,AR,ARS,283481,48,Media,LITORAL GAS,570.0,servicios,2026-06-12,cartola
35,AR,ARS,283481,48,Media,compra en aubasa,1327.0,transporte,2026-07-21,natural
35,AR,ARS,283481,48,Media,TELEPASE AUTOPISTAS,360.0,transporte,2026-04-11,cartola
35,AR,ARS,283481,48,Media,PEAJE PACHECO,236.0,transporte,2026-03-12,cartola
35,AR,ARS,283481,48,Media,WEBPAY FLECHA BUS,323.0,transporte,2026-06-12,cartola
35,AR,ARS,283481,48,Media,gasto en el cuartito,2478.0,alimentacion,2026-06-22,natural
35,AR,ARS,283481,48,Media,SPOTIFY ARGENTINA,2068.0,ocio,2026-05-21,cartola
35,AR,ARS,283481,48,Media,pago a pinturerias prestigio,2073.0,vivienda,2026-05-18,natural
35,AR,ARS,283481,48,Media,transferencia a mostaza,1866.0,alimentacion,2026-03-07,natural
35,AR,ARS,283481,48,Media,TELEPASE AUTOPISTAS,1639.0,transporte,2026-07-17,cartola
35,AR,ARS,283481,48,Media,gasto en universidad de buenos aires uba,960.0,educacion,2026-11-24,natural
35,AR,ARS,283481,48,Media,PEAJE DOCK SUD,1523.0,transporte,2026-08-16,cartola
35,AR,ARS,283481,48,Media,gasto en federacion patronal seguros,174.0,otros,2026-06-21,natural
35,AR,ARS,283481,48,Media,SUB*AUBASA,1439.0,transporte,2026-11-12,cartola
35,AR,ARS,283481,48,Media,pago a avalian,2229.0,salud,2026-02-09,natural
35,AR,ARS,283481,48,Media,gasto en peaje debenedetti,1028.0,transporte,2026-01-07,natural
35,AR,ARS,283481,48,Media,EASY,655.0,vivienda,2026-06-23,cartola
35,AR,ARS,283481,48,Media,pago a peaje larena,481.0,transporte,2026-05-31,natural
35,AR,ARS,283481,48,Media,CHANGOMAS,1525.0,alimentacion,2026-07-30,cartola
35,AR,ARS,283481,48,Media,gasto en maderas ramos,1748.0,vivienda,2026-10-29,natural
35,AR,ARS,283481,48,Media,transferencia a pizzeria guerrin,3033.0,alimentacion,2026-03-27,natural
35,AR,ARS,283481,48,Media,SPORTCLUB,621.0,ocio,2026-09-10,cartola
35,AR,ARS,283481,48,Media,gasto en peaje debenedetti,2175.0,transporte,2026-01-21,natural
35,AR,ARS,283481,48,Media,gasto en colegio cardinal newman,1221.0,educacion,2026-09-14,natural
35,AR,ARS,283481,48,Media,EMTROGAS,3176.0,servicios,2026-02-02,cartola
35,AR,ARS,283481,48,Media,CARNICERIA EL OMBU,1111.0,alimentacion,2026-09-17,cartola
35,AR,ARS,283481,48,Media,AGUAS CORDOBESAS,1080.0,servicios,2026-08-22,cartola
35,AR,ARS,283481,48,Media,NATURGY,1278.0,servicios,2026-01-03,cartola
35,AR,ARS,283481,48,Media,LE PAIN QUOTIDIEN,2049.0,alimentacion,2026-12-13,cartola
35,AR,ARS,283481,48,Media,transferencia a provincia net,4953.0,servicios,2026-11-04,natural
35,AR,ARS,283481,48,Media,transferencia a blaisten,177.0,vivienda,2026-03-11,natural
35,AR,ARS,283481,48,Media,OCTAVO PISO SAAS,347.0,vivienda,2026-11-09,cartola
35,AR,ARS,283481,48,Media,gasto en colegio ward,4108.0,educacion,2026-12-30,natural
35,AR,ARS,283481,48,Media,ADMINISTRACION SAN MARTIN,1118.0,vivienda,2026-09-11,cartola
35,AR,ARS,283481,48,Media,YPF,1413.0,transporte,2026-05-24,cartola
35,AR,ARS,283481,48,Media,BONAFIDE,976.0,alimentacion,2026-01-24,cartola
35,AR,ARS,283481,48,Media,pago a asnatorio otamendi,346.0,salud,2026-08-22,natural
35,AR,ARS,283481,48,Media,TER* EL CUARTITO,2165.0,alimentacion,2026-11-29,cartola
35,AR,ARS,283481,48,Media,TEA CONNECTION,2037.0,alimentacion,2026-06-24,cartola
35,AR,ARS,283481,48,Media,transferencia a sanatorio otamendi,553.0,salud,2026-11-28,natural
35,AR,ARS,283481,48,Media,SODIMAC,542.0,vivienda,2026-11-21,cartola
35,AR,ARS,283481,48,Media,GAS NEA,2695.0,servicios,2026-12-23,cartola
35,AR,ARS,283481,48,Media,EDET TUCUMAN,308.0,servicios,2026-12-14,cartola
35,AR,ARS,283481,48,Media,transferencia a personal flow,3154.0,servicios,2026-12-14,natural
35,AR,ARS,283481,48,Media,NF* PEAJE PACHECO,439.0,transporte,2026-10-13,cartola
35,AR,ARS,283481,48,Media,EDESUR,1331.0,servicios,2026-01-18,cartola
35,AR,ARS,283481,48,Media,pago a epen neuquen,4072.0,servicios,2026-02-13,natural
35,AR,ARS,283481,48,Media,transferencia a pinturas alba,1679.0,vivienda,2026-06-04,natural
35,AR,ARS,283481,48,Media,pago a el cuartito,793.0,alimentacion,2026-12-21,natural
35,AR,ARS,283481,48,Media,,1733.0,alimentacion,2026-08-19,natural
35,AR,ARS,283481,48,Media,CARREFOUR,624.0,alimentacion,2026-11-12,cartola
35,AR,ARS,283481,48,Media,PAC PEAJE ALBERTI,481.0,transporte,2026-08-13,cartola
35,AR,ARS,283481,48,Media,CONSORCIO CABALLITO,8456.0,vivienda,2026-08-05,cartola
35,AR,ARS,283481,48,Media,,2058.0,salud,2026-02-25,cartola
35,AR,ARS,283481,48,Media,NATURGY,1533.0,servicios,2026-01-31,cartola
35,AR,ARS,283481,48,Media,CARGO AUT NETFLIX 12/4,650.0,streaming,2026-12-23,cartola
35,AR,ARS,283481,48,Media,CAMUZZI GAS PAMPEANA,208.0,servicios,2026-12-19,cartola
35,AR,ARS,283481,48,Media,pago menusal de disney plus,316.0,streaming,2026-08-23,natural
35,AR,ARS,283481,48,Media,pago a discoteca kika,1197.0,ocio,2026-04-17,natural
35,AR,ARS,283481,48,Media,PINTURERIAS PRESTIGIO,2126.0,vivienda,2026-07-10,cartola
35,AR,ARS,283481,48,Media,compra en aysa,1142.0,servicios,2026-01-18,natural
35,AR,ARS,283481,48,Media,pago a amazon prime argentina,2722.0,ocio,2026-08-14,natural
35,AR,ARS,283481,48,Media,TELECOM FIBERTEL,316.0,servicios,2026-03-12,cartola
35,AR,ARS,283481,48,Media,EDESAL SAN LUIS,677.0,servicios,2026-12-28,cartola
35,AR,ARS,283481,48,Media,SUC. APPLE MUSIC 9113,401.0,streaming,2026-02-23,cartola
35,AR,ARS,283481,48,Media,PEAJE SAMBOROMBON,878.0,transporte,2026-09-02,cartola
35,AR,ARS,283481,48,Media,compra en telecom fibertel,243.0,servicios,2026-03-17,natural
35,AR,ARS,283481,48,Media,LIBRERIAS CUSPIDE,4565.0,educacion,2026-02-04,cartola
35,AR,ARS,283481,48,Media,COMPRA WEB DISNEY PLUS 2050,374.0,streaming,2026-09-24,cartola
35,AR,ARS,283481,48,Media,PEAJE DEBENEDETTI,3785.0,transporte,2026-11-13,cartola
35,AR,ARS,283481,48,Media,TELEPASE AUTOPISTAS,822.0,transporte,2026-10-27,cartola
35,AR,ARS,283481,48,Media,pago a movistar hogar argentina,6273.0,servicios,2026-05-01,natural
35,AR,ARS,283481,48,Media,transferencia a maderas ramos,1196.0,vivienda,2026-11-20,natural
35,AR,ARS,283481,48,Media,compra en epen neuquen,3957.0,servicios,2026-01-25,natural
35,AR,ARS,283481,48,Media,SUPERMERCADOS DIA,325.0,alimentacion,2026-06-09,cartola
35,AR,ARS,283481,48,Media,transferencia a la continental,2043.0,alimentacion,2026-03-25,natural
35,AR,ARS,283481,48,Media,WEBPAY SPOTIFY 8941,3457.0,streaming,2026-04-24,cartola
35,AR,ARS,283481,48,Media,pago a tea connection,223.0,alimentacion,2026-08-11,natural
35,AR,ARS,283481,48,Media,gasto en opticas lof,281.0,salud,2026-06-15,natural
35,AR,ARS,283481,48,Media,FREDDO,819.0,alimentacion,2026-07-10,cartola
35,AR,ARS,283481,48,Media,WEBPAY BLAISTEN,4019.0,vivienda,2026-06-24,cartola
35,AR,ARS,283481,48,Media,WEBPAY PARAMOUNT+ 1/6,1158.0,streaming,2026-01-01,cartola
35,AR,ARS,283481,48,Media,SUC. VITAL MAYORISTA,1110.0,alimentacion,2026-08-17,cartola
35,AR,ARS,283481,48,Media,transferencia a gas nea,225.0,servicios,2026-03-27,natural
35,AR,ARS,283481,48,Media,PANADERIA SAN JOSE,211.0,alimentacion,2026-11-16,cartola
35,AR,ARS,283481,48,Media,EDESUR,2461.0,servicios,2026-07-25,cartola
35,AR,ARS,283481,48,Media,gasto en movistar hogar argentina,254.0,servicios,2026-11-14,natural
35,AR,ARS,283481,48,Media,,1488.0,vivienda,2026-10-18,natural
35,AR,ARS,283481,48,Media,compra en octavo piso saas,3645.0,vivienda,2026-09-07,natural
35,AR,ARS,283481,48,Media,COLEGIO SAN ANDRES,347.0,educacion,2026-01-13,cartola
35,AR,ARS,283481,48,Media,pago a itba,1621.0,educacion,2026-06-12,natural
35,AR,ARS,283481,48,Media,LABORATORIO STAMBOULIAN,192.0,salud,2026-04-21,cartola
35,AR,ARS,283481,48,Media,pago a diagnostico maipu,1371.0,salud,2026-07-24,natural
35,AR,ARS,283481,48,Media,BLAISTEN,265.0,vivienda,2026-09-13,cartola
35,AR,ARS,283481,48,Media,PERSONAL FLOW,1972.0,servicios,2026-11-03,cartola
35,AR,ARS,283481,48,Media,FARMACIAS VANTAGE,531.0,salud,2026-05-24,cartola
35,AR,ARS,283481,48,Media,PEAJE PARQUE AVELLANEDA,922.0,transporte,2026-05-26,cartola
35,AR,ARS,283481,48,Media,pago a movistar arena argentina,1355.0,ocio,2026-10-28,natural
35,AR,ARS,283481,48,Media,DIDI ARGENTINA,278.0,transporte,2026-06-13,cartola
35,AR,ARS,283481,48,Media,ATM DISNEY PLUS 7590,2005.0,streaming,2026-06-18,cartola
35,AR,ARS,283481,48,Media,pago a peaje debenedetti,534.0,transporte,2026-10-25,natural
35,AR,ARS,283481,48,Media,gasto en disco,1608.0,alimentacion,2026-08-21,natural
35,AR,ARS,283481,48,Media,BANCO SANTANDER RIO,255.0,otros,2026-09-28,cartola
35,AR,ARS,283481,48,Media,gasto en peaje illia,1726.0,transporte,2026-03-01,natural
35,AR,ARS,283481,48,Media,CABIFY,203.0,transporte,2026-10-23,cartola
35,AR,ARS,283481,48,Media,LE PAIN QUOTIDIEN,821.0,alimentacion,2026-08-23,cartola
35,AR,ARS,283481,48,Media,BOLICHE INPUT,421.0,ocio,2026-06-14,cartola
35,AR,ARS,283481,48,Media,PAGO FACIL,2044.0,servicios,2026-07-13,cartola
35,AR,ARS,283481,48,Media,LABORATORIO STAMBOULIAN,450.0,salud,2026-08-22,cartola
35,AR,ARS,283481,48,Media,transferencia a netflix argentina,3162.0,ocio,2026-07-02,natural
35,AR,ARS,283481,48,Media,gasto en pinturas alba,3294.0,vivienda,2026-11-29,natural
36,AR,ARS,276769,78,Baja,gasto en consorcio edificio belgrano,224.0,vivienda,2026-02-18,natural
36,AR,ARS,276769,78,Baja,DIARCO,335.0,alimentacion,2026-11-25,cartola
36,AR,ARS,276769,78,Baja,EDERSA RIO NEGRO,190.0,servicios,2026-12-28,cartola
36,AR,ARS,276769,78,Baja,transferencia a epec,338.0,servicios,2026-03-18,natural
36,AR,ARS,276769,78,Baja,LIGIER PINTURERIAS,356.0,vivienda,2026-05-07,cartola
36,AR,ARS,276769,78,Baja,SUB*MAX 7542,1510.0,streaming,2026-07-16,cartola
36,AR,ARS,276769,78,Baja,CARGO AUT MAX 22/3,582.0,streaming,2026-08-09,cartola
36,AR,ARS,276769,78,Baja,pago a rappi,5534.0,alimentacion,2026-04-01,natural
36,AR,ARS,276769,78,Baja,LA CONTINENTAL,329.0,alimentacion,2026-01-08,cartola
36,AR,ARS,276769,78,Baja,LA MEZZETTA,649.0,alimentacion,2026-02-01,cartola
36,AR,ARS,276769,78,Baja,SHELL,678.0,transporte,2026-11-16,cartola
36,AR,ARS,276769,78,Baja,suscripción a spotify,287.0,streaming,2026-09-26,natural
36,AR,ARS,276769,78,Baja,UNIVERSIDAD DE PALERMO UP,2796.0,educacion,2026-07-10,cartola
36,AR,ARS,276769,78,Baja,compra en pinturas alba,242.0,vivienda,2026-06-12,natural
36,AR,ARS,276769,78,Baja,,4309.0,vivienda,2026-03-02,cartola
36,AR,ARS,276769,78,Baja,PEAJE DELLEPIANE,3406.0,transporte,2026-09-21,cartola
36,AR,ARS,276769,78,Baja,suscripción a netflix,1173.0,streaming,2026-10-12,natural
36,AR,ARS,276769,78,Baja,JUMBO,1200.0,alimentacion,2026-04-05,cartola
36,AR,ARS,276769,78,Baja,EL CLUB DE LA MILANESA,1623.0,alimentacion,2026-02-10,cartola
36,AR,ARS,276769,78,Baja,PERSONAL FLOW,749.0,servicios,2026-05-29,cartola
36,AR,ARS,276769,78,Baja,CONSORCIOABIERTO,1594.0,vivienda,2026-07-23,cartola
36,AR,ARS,276769,78,Baja,pago a litoral gas,160.0,servicios,2026-01-02,natural
36,AR,ARS,276769,78,Baja,compra en pinturerias prestigio,327.0,vivienda,2026-07-13,natural
36,AR,ARS,276769,78,Baja,PINTURERIAS REX,935.0,vivienda,2026-12-02,cartola
36,AR,ARS,276769,78,Baja,pago a epec,1220.0,servicios,2026-07-15,natural
36,AR,ARS,276769,78,Baja,GIRO CAJERO LINK,3347.0,otros,2026-12-09,cartola
36,AR,ARS,276769,78,Baja,pago a avalian,169.0,salud,2026-09-06,natural
36,AR,ARS,276769,78,Baja,compra en pinturas alba,2646.0,vivienda,2026-07-31,natural
36,AR,ARS,276769,78,Baja,transferencia a colegio ward,361.0,educacion,2026-06-02,natural
36,AR,ARS,276769,78,Baja,FERRETERIA INDUSTRIAL,767.0,vivienda,2026-06-07,cartola
36,AR,ARS,276769,78,Baja,pago a pedidosya,582.0,alimentacion,2026-12-28,natural
36,AR,ARS,276769,78,Baja,ALQUILERES ARGENTINA,782.0,vivienda,2026-05-19,cartola
36,AR,ARS,276769,78,Baja,pago a supermercados dia,250.0,alimentacion,2026-08-09,natural
36,AR,ARS,276769,78,Baja,compra en persicco,1071.0,alimentacion,2026-09-30,natural
36,AR,ARS,276769,78,Baja,compra en aubasa,2475.0,transporte,2026-06-03,natural
36,AR,ARS,276769,78,Baja,NF* RAPIPAGO,891.0,servicios,2026-09-06,cartola
36,AR,ARS,276769,78,Baja,,1032.0,educacion,2026-10-06,cartola
36,AR,ARS,276769,78,Baja,compra en edesal san luis,2890.0,servicios,2026-10-31,natural
36,AR,ARS,276769,78,Baja,CARGO AUT EDESAL SAN LUIS,1873.0,servicios,2026-10-03,cartola
36,AR,ARS,276769,78,Baja,FARMACIAS VANTAGE,1032.0,salud,2026-01-02,cartola
36,AR,ARS,276769,78,Baja,transferencia a diarco,456.0,alimentacion,2026-03-29,natural
36,AR,ARS,276769,78,Baja,CONSORCIO EDIFICIO BELGRANO,3308.0,vivienda,2026-10-14,cartola
36,AR,ARS,276769,78,Baja,compra en administracion san martin,1316.0,vivienda,2026-05-10,natural
36,AR,ARS,276769,78,Baja,EDENOR,382.0,servicios,2026-03-19,cartola
36,AR,ARS,276769,78,Baja,BANCO ICBC,480.0,otros,2026-09-17,cartola
36,AR,ARS,276769,78,Baja,compra en metrogas,2487.0,servicios,2026-08-29,natural
36,AR,ARS,276769,78,Baja,LABORATORIO STAMBOULIAN,290.0,salud,2026-08-16,cartola
36,AR,ARS,276769,78,Baja,ZARA ARGENTINA,7405.0,otros,2026-06-12,cartola
36,AR,ARS,276769,78,Baja,transferencia a medicus,214.0,salud,2026-08-24,natural
36,AR,ARS,276769,78,Baja,compra en metrogas,2433.0,servicios,2026-05-08,natural
36,AR,ARS,276769,78,Baja,LIBRERIA SCHOLASTICA,768.0,educacion,2026-07-19,cartola
36,AR,ARS,276769,78,Baja,ARBA IMPUESTOS,1037.0,otros,2026-01-31,cartola
36,AR,ARS,276769,78,Baja,ATM PREVENCION SALUD,3252.0,salud,2026-05-18,cartola
36,AR,ARS,276769,78,Baja,LUNA PARK,815.0,ocio,2026-01-21,cartola
36,AR,ARS,276769,78,Baja,EDESUR,1180.0,servicios,2026-08-22,cartola
36,AR,ARS,276769,78,Baja,gasto en diarco,351.0,alimentacion,2026-10-06,natural
36,AR,ARS,276769,78,Baja,CONSORCIOABIERTO,280.0,vivienda,2026-05-28,cartola
36,AR,ARS,276769,78,Baja,PEAJE SAMBOROMBON,430.0,transporte,2026-01-29,cartola
36,AR,ARS,276769,78,Baja,EL CUARTITO,1746.0,alimentacion,2026-12-27,cartola
36,AR,ARS,276769,78,Baja,PEAJE PACHECO,198.0,transporte,2026-11-04,cartola
36,AR,ARS,276769,78,Baja,compra en universidad torcuato di tella utdt,185.0,educacion,2026-06-11,natural
36,AR,ARS,276769,78,Baja,compra en el noble,810.0,alimentacion,2026-12-23,natural
36,AR,ARS,276769,78,Baja,ALMACEN DE BARRIO,1597.0,alimentacion,2026-12-06,cartola
36,AR,ARS,276769,78,Baja,COLEGIO WARD,1905.0,educacion,2026-03-02,cartola
36,AR,ARS,276769,78,Baja,CONSORCIO CABALLITO,301.0,vivienda,2026-05-05,cartola
36,AR,ARS,276769,78,Baja,pago a papa john's,349.0,alimentacion,2026-03-12,natural
36,AR,ARS,276769,78,Baja,EDESUR,4315.0,servicios,2026-11-22,cartola
36,AR,ARS,276769,78,Baja,transferencia a expensas online,462.0,vivienda,2026-12-30,natural
36,AR,ARS,276769,78,Baja,gasto en provincia net,2937.0,servicios,2026-08-31,natural
36,AR,ARS,276769,78,Baja,RAPIPAGO,3047.0,servicios,2026-09-06,cartola
36,AR,ARS,276769,78,Baja,NF* LABORATORIO STAMBOULIAN,2265.0,salud,2026-08-09,cartola
36,AR,ARS,276769,78,Baja,transferencia a parque de la costa,283.0,ocio,2026-01-21,natural
36,AR,ARS,276769,78,Baja,gasto en pagomiscuentas,2639.0,servicios,2026-03-23,natural
36,AR,ARS,276769,78,Baja,gasto en le pain quotidien,2244.0,alimentacion,2026-12-10,natural
36,AR,ARS,276769,78,Baja,ROTISERIA LA QUERENCIA,1389.0,alimentacion,2026-01-10,cartola
36,AR,ARS,276769,78,Baja,gasto en dexter,629.0,otros,2026-01-12,natural
36,AR,ARS,276769,78,Baja,transferencia a blaisten,466.0,vivienda,2026-09-20,natural
36,AR,ARS,276769,78,Baja,transferencia a camuzzi gas pampeana,199.0,servicios,2026-05-25,natural
36,AR,ARS,276769,78,Baja,compra en telecentro,1091.0,servicios,2026-07-11,natural
36,AR,ARS,276769,78,Baja,NF* SPOTIFY 10/5,1347.0,streaming,2026-09-07,cartola
36,AR,ARS,276769,78,Baja,compra en chevallier,681.0,transporte,2026-04-24,natural
36,AR,ARS,276769,78,Baja,PUMA ENERGY,987.0,transporte,2026-01-26,cartola
36,AR,ARS,276769,78,Baja,pago a accord salud,691.0,salud,2026-09-28,natural
36,AR,ARS,276769,78,Baja,CARNICERIA EL OMBU,1567.0,alimentacion,2026-02-02,cartola
36,AR,ARS,276769,78,Baja,transferencia a edesal san luis,3542.0,servicios,2026-03-03,natural
36,AR,ARS,276769,78,Baja,pago a le pain quotidien,274.0,alimentacion,2026-08-17,natural
36,AR,ARS,276769,78,Baja,PAC CAMUZZI GAS PAMPEANA,735.0,servicios,2026-10-30,cartola
36,AR,ARS,276769,78,Baja,transferencia a itba,232.0,educacion,2026-04-05,natural
36,AR,ARS,276769,78,Baja,CABIFY,1500.0,transporte,2026-02-04,cartola
36,AR,ARS,276769,78,Baja,gasto en peaje illia,1997.0,transporte,2026-07-12,natural
36,AR,ARS,276769,78,Baja,PAC COLEGIO MARIN,4111.0,educacion,2026-03-17,cartola
36,AR,ARS,276769,78,Baja,CARGO AUT TELEPASE AUTOPISTAS,500.0,transporte,2026-09-06,cartola
36,AR,ARS,276769,78,Baja,ATM AMAZON PRIME ARGENTINA,4590.0,ocio,2026-03-24,cartola
36,AR,ARS,276769,78,Baja,PAGO TC DISNEY PLUS 2113,174.0,streaming,2026-02-26,cartola
36,AR,ARS,276769,78,Baja,SUC. DISNEY PLUS 9104,1413.0,streaming,2026-02-01,cartola
36,AR,ARS,276769,78,Baja,pago mensual de paramount+,212.0,streaming,2026-01-12,natural
36,AR,ARS,276769,78,Baja,gasto en consorcio edificio belgrano,3430.0,vivienda,2026-11-15,natural
36,AR,ARS,276769,78,Baja,gasto en starbucks,1155.0,alimentacion,2026-11-29,natural
36,AR,ARS,276769,78,Baja,EDENOR,1693.0,servicios,2026-04-02,cartola
36,AR,ARS,276769,78,Baja,transferencia a papa john's,2725.0,alimentacion,2026-01-01,natural
36,AR,ARS,276769,78,Baja,FREDDO,249.0,alimentacion,2026-11-22,cartola
36,AR,ARS,276769,78,Baja,METROGAS,285.0,servicios,2026-07-15,cartola
36,AR,ARS,276769,78,Baja,MEDIFE,3230.0,salud,2026-05-13,cartola
36,AR,ARS,276769,78,Baja,WEBPAY COLEGIO CARDINAL NEWMAN,579.0,educacion,2026-03-27,cartola
36,AR,ARS,276769,78,Baja,suscripción a amazon prime,211.0,streaming,2026-10-22,natural
36,AR,ARS,276769,78,Baja,AGUAS BONAERENSES,967.0,servicios,2026-10-06,cartola
36,AR,ARS,276769,78,Baja,BANCO SANTANDER RIO,1395.0,otros,2026-11-20,cartola
36,AR,ARS,276769,78,Baja,LIBRERIA EL ATENEO,329.0,educacion,2026-01-04,cartola
36,AR,ARS,276769,78,Baja,RAPPI,492.0,alimentacion,2026-05-06,cartola
36,AR,ARS,276769,78,Baja,PROVINCIA NET,324.0,servicios,2026-09-08,cartola
36,AR,ARS,276769,78,Baja,pago a administracion san martin,834.0,vivienda,2026-01-21,natural
36,AR,ARS,276769,78,Baja,MI BARRIO HAMBURGUESERIA,3450.0,alimentacion,2026-04-15,cartola
36,AR,ARS,276769,78,Baja,LITORAL GAS,6203.0,servicios,2026-03-07,cartola
36,AR,ARS,276769,78,Baja,ADMINISTRACION SAN MARTIN,1551.0,vivienda,2026-09-20,cartola
36,AR,ARS,276769,78,Baja,WEBPAY UBER ARGENTINA,270.0,transporte,2026-02-18,cartola
36,AR,ARS,276769,78,Baja,pago a farmacias dr ahorro,3615.0,salud,2026-01-16,natural
36,AR,ARS,276769,78,Baja,TEATRO COLON,1111.0,ocio,2026-05-25,cartola
37,AR,ARS,179299,18,Baja,PINTURERIAS PRESTIGIO,708.0,vivienda,2026-08-04,cartola
37,AR,ARS,179299,18,Baja,transferencia a cabify,479.0,transporte,2026-03-21,natural
37,AR,ARS,179299,18,Baja,pago a pinturas alba,449.0,vivienda,2026-09-24,natural
37,AR,ARS,179299,18,Baja,gasto en farmacias central oeste,1105.0,salud,2026-02-04,natural
37,AR,ARS,179299,18,Baja,AGUAS CORDOBESAS,970.0,servicios,2026-10-16,cartola
37,AR,ARS,179299,18,Baja,gasto en optica pförtner,1501.0,salud,2026-01-18,natural
37,AR,ARS,179299,18,Baja,compra en peaje illia,241.0,transporte,2026-06-14,natural
37,AR,ARS,179299,18,Baja,gasto en la continental,788.0,alimentacion,2026-01-13,natural
37,AR,ARS,179299,18,Baja,pago a administracion consorcio palermo,737.0,vivienda,2026-07-21,natural
37,AR,ARS,179299,18,Baja,PAGO TC SHOWCASE CINEMAS,387.0,ocio,2026-08-17,cartola
37,AR,ARS,179299,18,Baja,gasto en hospital britanico,558.0,salud,2026-12-12,natural
37,AR,ARS,179299,18,Baja,PEAJE ALBERTI,315.0,transporte,2026-01-01,cartola
37,AR,ARS,179299,18,Baja,transferencia a flecha bus,212.0,transporte,2026-08-05,natural
37,AR,ARS,179299,18,Baja,gasto en sanatorio otamendi,202.0,salud,2026-02-03,natural
37,AR,ARS,179299,18,Baja,TELECENTRO,252.0,servicios,2026-09-23,cartola
37,AR,ARS,179299,18,Baja,compra en octavo piso saas,963.0,vivienda,2026-05-08,natural
37,AR,ARS,179299,18,Baja,JUMBO,906.0,alimentacion,2026-07-31,cartola
37,AR,ARS,179299,18,Baja,pago mensual de spotify,2520.0,streaming,2026-09-20,natural
37,AR,ARS,179299,18,Baja,transferencia a administracion san martin,1096.0,vivienda,2026-11-08,natural
37,AR,ARS,179299,18,Baja,gasto en consorcioabierto,229.0,vivienda,2026-06-14,natural
37,AR,ARS,179299,18,Baja,SUB*PEAJE SAMBOROMBON,1807.0,transporte,2026-09-09,cartola
37,AR,ARS,179299,18,Baja,AUBASA,1663.0,transporte,2026-01-12,cartola
37,AR,ARS,179299,18,Baja,compra en galeno,491.0,salud,2026-10-31,natural
37,AR,ARS,179299,18,Baja,PEAJE PACHECO,739.0,transporte,2026-07-31,cartola
37,AR,ARS,179299,18,Baja,compra en osecac,3128.0,salud,2026-10-09,natural
37,AR,ARS,179299,18,Baja,compra en colegio ward,637.0,educacion,2026-04-22,natural
37,AR,ARS,179299,18,Baja,compra en aguas cordobesas,1975.0,servicios,2026-07-30,natural
37,AR,ARS,179299,18,Baja,pago a colegio ward,271.0,educacion,2026-08-27,natural
37,AR,ARS,179299,18,Baja,gasto en clinica suizo argentina,178.0,salud,2026-09-25,natural
37,AR,ARS,179299,18,Baja,SODIMAC,487.0,vivienda,2026-10-25,cartola
37,AR,ARS,179299,18,Baja,EDENOR,736.0,servicios,2026-11-13,cartola
37,AR,ARS,179299,18,Baja,cargo de netflix,1419.0,streaming,2026-02-27,natural
37,AR,ARS,179299,18,Baja,gasto en persicco,3724.0,alimentacion,2026-02-03,natural
37,AR,ARS,179299,18,Baja,PUNTOTICKET ARGENTINA,413.0,ocio,2026-09-20,cartola
37,AR,ARS,179299,18,Baja,compra en emova subte,258.0,transporte,2026-02-04,natural
37,AR,ARS,179299,18,Baja,LITORAL GAS,1353.0,servicios,2026-09-28,cartola
37,AR,ARS,179299,18,Baja,gasto en heisenburger,777.0,alimentacion,2026-08-15,natural
37,AR,ARS,179299,18,Baja,POS TRX BOLICHE INPUT,185.0,ocio,2026-01-25,cartola
37,AR,ARS,179299,18,Baja,CONSORCIO CABALLITO,572.0,vivienda,2026-08-22,cartola
37,AR,ARS,179299,18,Baja,PAC AUTOPISTAS DEL SOL AUSOL,1136.0,transporte,2026-02-28,cartola
37,AR,ARS,179299,18,Baja,AXION ENERGY,1233.0,transporte,2026-09-08,cartola
37,AR,ARS,179299,18,Baja,TER* MAX 15/2,580.0,streaming,2026-12-01,cartola
37,AR,ARS,179299,18,Baja,transferencia a peaje debenedetti,305.0,transporte,2026-03-27,natural
37,AR,ARS,179299,18,Baja,FLECHA BUS,3050.0,transporte,2026-09-08,cartola
37,AR,ARS,179299,18,Baja,transferencia a pontificia universidad catolica uca,912.0,educacion,2026-06-29,natural
37,AR,ARS,179299,18,Baja,LIBRERIA EL ATENEO,440.0,educacion,2026-07-26,cartola
37,AR,ARS,179299,18,Baja,EMOVA SUBTE,276.0,transporte,2026-12-10,cartola
37,AR,ARS,179299,18,Baja,OCTAVO PISO SAAS,1100.0,vivienda,2026-05-29,cartola
37,AR,ARS,179299,18,Baja,DIAGNOSTICO MAIPU,232.0,salud,2026-03-12,cartola
37,AR,ARS,179299,18,Baja,pago a luna park,158.0,ocio,2026-05-01,natural
37,AR,ARS,179299,18,Baja,ATM SUBWAY,632.0,alimentacion,2026-09-10,cartola
37,AR,ARS,179299,18,Baja,COMPRA WEB NETFLIX 5833,287.0,streaming,2026-04-03,cartola
37,AR,ARS,179299,18,Baja,gasto en persicco,831.0,alimentacion,2026-09-13,natural
37,AR,ARS,179299,18,Baja,PAGO TC MEGATLON,245.0,ocio,2026-10-15,cartola
37,AR,ARS,179299,18,Baja,gasto en cinemark hoyts,891.0,ocio,2026-11-05,natural
37,AR,ARS,179299,18,Baja,gasto en peaje sarandi,279.0,transporte,2026-02-28,natural
37,AR,ARS,179299,18,Baja,compra en peaje samboormbon,218.0,transporte,2026-03-27,natural
37,AR,ARS,179299,18,Baja,CONSORCIO EDIFICIO BELGRANO,167.0,vivienda,2026-08-15,cartola
37,AR,ARS,179299,18,Baja,PEAJE PACHECO,2272.0,transporte,2026-03-22,cartola
37,AR,ARS,179299,18,Baja,gasto en telecentro,1692.0,servicios,2026-04-24,natural
37,AR,ARS,179299,18,Baja,PUNTOTICKET ARGENTINA,223.0,ocio,2026-07-03,cartola
37,AR,ARS,179299,18,Baja,compra en ligier pinturerias,1262.0,vivienda,2026-10-07,natural
37,AR,ARS,179299,18,Baja,ALQUILERES ARGENTINA,786.0,vivienda,2026-11-18,cartola
37,AR,ARS,179299,18,Baja,suscripción a crunchyroll,2964.0,streaming,2026-11-14,natural
37,AR,ARS,179299,18,Baja,gasto en papa john's,392.0,alimentacion,2026-02-23,natural
37,AR,ARS,179299,18,Baja,gasto en sodimac,958.0,vivienda,2026-07-16,natural
37,AR,ARS,179299,18,Baja,pago a osecac,280.0,salud,2026-10-20,natural
37,AR,ARS,179299,18,Baja,pago mensual de apple music,423.0,streaming,2026-10-20,natural
37,AR,ARS,179299,18,Baja,SUC. EL CUARTITO,2781.0,alimentacion,2026-10-18,cartola
37,AR,ARS,179299,18,Baja,compra en movistar hogar argentina,649.0,servicios,2026-06-29,natural
37,AR,ARS,179299,18,Baja,suscripción a amazon prime,284.0,streaming,2026-08-10,natural
37,AR,ARS,179299,18,Baja,compra en pagomiscuentas,167.0,servicios,2026-09-01,natural
37,AR,ARS,179299,18,Baja,PEAJE PACHECO,1019.0,transporte,2026-06-03,cartola
37,AR,ARS,179299,18,Baja,pago a zonaprop,867.0,vivienda,2026-10-31,natural
37,AR,ARS,179299,18,Baja,,392.0,streaming,2026-09-30,cartola
37,AR,ARS,179299,18,Baja,gasto en metrogas,2526.0,servicios,2026-05-15,natural
37,AR,ARS,179299,18,Baja,compra en camuzzi gas pampeana,206.0,servicios,2026-01-08,natural
37,AR,ARS,179299,18,Baja,PANI,303.0,alimentacion,2026-05-08,cartola
37,AR,ARS,179299,18,Baja,DISCO,2127.0,alimentacion,2026-02-25,cartola
37,AR,ARS,179299,18,Baja,compra en claro hogar argentina,324.0,servicios,2026-05-06,natural
37,AR,ARS,179299,18,Baja,SUB*FARMACIAS SELMA,244.0,salud,2026-06-08,cartola
37,AR,ARS,179299,18,Baja,gasto en panaderia san jose,640.0,alimentacion,2026-02-28,natural
37,AR,ARS,179299,18,Baja,CABIFY,1455.0,transporte,2026-02-27,cartola
37,AR,ARS,179299,18,Baja,BLAISTEN,289.0,vivienda,2026-06-25,cartola
37,AR,ARS,179299,18,Baja,pago a peaje illia,2400.0,transporte,2026-04-18,natural
37,AR,ARS,179299,18,Baja,compra en peaje samborombon,1328.0,transporte,2026-07-30,natural
37,AR,ARS,179299,18,Baja,SUB*MAX 7666,168.0,streaming,2026-03-15,cartola
37,AR,ARS,179299,18,Baja,KFC,1043.0,alimentacion,2026-06-16,cartola
37,AR,ARS,179299,18,Baja,CHANGOMAS,407.0,alimentacion,2026-12-23,cartola
37,AR,ARS,179299,18,Baja,COLEGIO MARIN,431.0,educacion,2026-10-31,cartola
37,AR,ARS,179299,18,Baja,TER* AGUAS CORDOBESAS,1281.0,servicios,2026-08-21,cartola
37,AR,ARS,179299,18,Baja,NF* KENTUCKY PIZZERIA,2757.0,alimentacion,2026-11-23,cartola
37,AR,ARS,179299,18,Baja,pago a hospital britanico,265.0,salud,2026-07-01,natural
37,AR,ARS,179299,18,Baja,compra en epen neuquen,457.0,servicios,2026-05-02,natural
37,AR,ARS,179299,18,Baja,CARGO AUT MAX 12/4,549.0,streaming,2026-11-30,cartola
37,AR,ARS,179299,18,Baja,CONSORCIO EDIFICIO BELGRANO,396.0,vivienda,2026-07-22,cartola
37,AR,ARS,179299,18,Baja,CABIFY,378.0,transporte,2026-01-29,cartola
37,AR,ARS,179299,18,Baja,compra en giroc ajero banelco,351.0,otros,2026-04-03,natural
37,AR,ARS,179299,18,Baja,NF* TRENES ARGENTINOS,969.0,transporte,2026-11-25,cartola
37,AR,ARS,179299,18,Baja,FREDDO,480.0,alimentacion,2026-12-22,cartola
37,AR,ARS,179299,18,Baja,transferencia a blaisten,182.0,vivienda,2026-06-25,natural
37,AR,ARS,179299,18,Baja,NF* PASSLINE ARGENTINA,1418.0,ocio,2026-11-26,cartola
37,AR,ARS,179299,18,Baja,gasto en autopistas del sol ausol,1359.0,transporte,2026-07-30,natural
37,AR,ARS,179299,18,Baja,pago mensual de spotify,558.0,streaming,2026-07-03,natural
37,AR,ARS,179299,18,Baja,UALA,297.0,otros,2026-04-05,cartola
37,AR,ARS,179299,18,Baja,AUTOPISTAS DEL OESTE,852.0,transporte,2026-09-30,cartola
37,AR,ARS,179299,18,Baja,PEAJE PACHECO,285.0,transporte,2026-05-17,cartola
37,AR,ARS,179299,18,Baja,,226.0,alimentacion,2026-08-25,cartola
37,AR,ARS,179299,18,Baja,FLECHA BUS,1099.0,transporte,2026-12-19,cartola
37,AR,ARS,179299,18,Baja,compra en vital mayorista,311.0,alimentacion,2026-09-22,natural
37,AR,ARS,179299,18,Baja,transferencia a axion energy,284.0,transporte,2026-05-24,natural
37,AR,ARS,179299,18,Baja,LABORATORIO STAMBOULIAN,168.0,salud,2026-08-19,cartola
37,AR,ARS,179299,18,Baja,UNIVERSIDAD DE SAN ANDRES,283.0,educacion,2026-04-24,cartola
37,AR,ARS,179299,18,Baja,gasto en diagnostico maipu,288.0,salud,2026-05-05,natural
37,AR,ARS,179299,18,Baja,pago a persicco,4586.0,alimentacion,2026-07-23,natural
37,AR,ARS,179299,18,Baja,gasto en telepase autopistas,286.0,transporte,2026-03-02,natural
37,AR,ARS,179299,18,Baja,TEA CONNECTION,191.0,alimentacion,2026-01-13,cartola
37,AR,ARS,179299,18,Baja,compra en mercantil andina seguros,231.0,otros,2026-09-12,natural
37,AR,ARS,179299,18,Baja,gasto en omint,2305.0,salud,2026-03-26,natural
37,AR,ARS,179299,18,Baja,gasto en aguas bonaerenses,615.0,servicios,2026-01-20,natural
37,AR,ARS,179299,18,Baja,transferencia a diagnostico maipu,380.0,salud,2026-02-19,natural
37,AR,ARS,179299,18,Baja,compra en sodimac,1732.0,vivienda,2026-06-13,natural
37,AR,ARS,179299,18,Baja,PAC PEAJE SAMBOROMBON,421.0,transporte,2026-04-02,cartola
37,AR,ARS,179299,18,Baja,compra en niceto club,342.0,ocio,2026-03-29,natural
37,AR,ARS,179299,18,Baja,pago a consorcioabierto,195.0,vivienda,2026-03-10,natural
37,AR,ARS,179299,18,Baja,PEAJE DELLEPIANE,398.0,transporte,2026-02-06,cartola
37,AR,ARS,179299,18,Baja,pago a administracion san martin,319.0,vivienda,2026-09-10,natural
37,AR,ARS,179299,18,Baja,pago a banco santander rio,948.0,otros,2026-09-09,natural
37,AR,ARS,179299,18,Baja,TARJETA NARANJA,286.0,otros,2026-05-20,cartola
38,AR,ARS,243678,52,Alta,compra en musimundo,1378.0,otros,2026-01-11,natural
38,AR,ARS,243678,52,Alta,UALA,1481.0,otros,2026-01-08,cartola
38,AR,ARS,243678,52,Alta,CARGO AUT MULTIPLEX CINES,302.0,ocio,2026-02-01,cartola
38,AR,ARS,243678,52,Alta,pago a puntoticket argentina,2526.0,ocio,2026-01-28,natural
38,AR,ARS,243678,52,Alta,OPTICA PFÖRTNER,2224.0,salud,2026-07-25,cartola
38,AR,ARS,243678,52,Alta,RAPPI,430.0,alimentacion,2026-08-16,cartola
38,AR,ARS,243678,52,Alta,cargo de max,1767.0,streaming,2026-05-08,natural
38,AR,ARS,243678,52,Alta,LA MEZZETTA,347.0,alimentacion,2026-09-12,cartola
38,AR,ARS,243678,52,Alta,renovación de spotify,368.0,streaming,2026-07-31,natural
38,AR,ARS,243678,52,Alta,TER* SPOTIFY 3494,322.0,streaming,2026-08-27,cartola
38,AR,ARS,243678,52,Alta,COTO,282.0,alimentacion,2026-07-26,cartola
38,AR,ARS,243678,52,Alta,transferencia a pinturas alba,590.0,vivienda,2026-11-14,natural
38,AR,ARS,243678,52,Alta,COLEGIO MARIN,777.0,educacion,2026-10-10,cartola
38,AR,ARS,243678,52,Alta,compra en peaje dellepiane,1018.0,transporte,2026-09-02,natural
38,AR,ARS,243678,52,Alta,transferencia a camuzzi gas pampeana,928.0,servicios,2026-02-14,natural
38,AR,ARS,243678,52,Alta,ATM PREVENCION SALUD,452.0,salud,2026-04-15,cartola
38,AR,ARS,243678,52,Alta,pago a banco provincia,241.0,otros,2026-10-08,natural
38,AR,ARS,243678,52,Alta,DISCO,1331.0,alimentacion,2026-08-22,cartola
38,AR,ARS,243678,52,Alta,ALMACEN DE BARRIO,722.0,alimentacion,2026-07-08,cartola
38,AR,ARS,243678,52,Alta,gasto en smart fit argentina,508.0,ocio,2026-02-13,natural
38,AR,ARS,243678,52,Alta,AUBASA,2890.0,transporte,2026-08-13,cartola
38,AR,ARS,243678,52,Alta,SUBWAY,1968.0,alimentacion,2026-05-22,cartola
38,AR,ARS,243678,52,Alta,ON FIT,2794.0,ocio,2026-05-16,cartola
38,AR,ARS,243678,52,Alta,FLECHA BUS,979.0,transporte,2026-06-25,cartola
38,AR,ARS,243678,52,Alta,gasto en ligier pinturerias,201.0,vivienda,2026-05-22,natural
38,AR,ARS,243678,52,Alta,transferencia a spotify argentina,1707.0,ocio,2026-03-21,natural
38,AR,ARS,243678,52,Alta,PARQUE DE LA COSTA,331.0,ocio,2026-03-23,cartola
38,AR,ARS,243678,52,Alta,POS TRX LIBRERIA SCHOLASTICA,834.0,educacion,2026-05-15,cartola
38,AR,ARS,243678,52,Alta,PAC STEAM GAMES ARGENTINA,356.0,ocio,2026-12-10,cartola
38,AR,ARS,243678,52,Alta,compra en alquileres argentina,2500.0,vivienda,2026-06-26,natural
38,AR,ARS,243678,52,Alta,EDET TUCUMAN,193.0,servicios,2026-08-31,cartola
38,AR,ARS,243678,52,Alta,PERSICCO,3344.0,alimentacion,2026-02-24,cartola
38,AR,ARS,243678,52,Alta,pago a aubasa,2861.0,transporte,2026-05-21,natural
38,AR,ARS,243678,52,Alta,gasto en almacen de pizzas,895.0,alimentacion,2026-02-25,natural
38,AR,ARS,243678,52,Alta,PAGO TC WILLIAMSBURG,1954.0,alimentacion,2026-01-15,cartola
38,AR,ARS,243678,52,Alta,EASY,1384.0,vivienda,2026-07-04,cartola
38,AR,ARS,243678,52,Alta,CARGO AUT HEISENBURGER,2328.0,alimentacion,2026-11-10,cartola
38,AR,ARS,243678,52,Alta,SUC. FEDERACION PATRONAL SEGUROS,810.0,otros,2026-03-29,cartola
38,AR,ARS,243678,52,Alta,compra en medicus,2208.0,salud,2026-04-07,natural
38,AR,ARS,243678,52,Alta,PZIZERIA GUERRIN,889.0,alimentacion,2026-05-24,cartola
38,AR,ARS,243678,52,Alta,PAGO TC CARNICERIA EL OBMU,4054.0,alimentacion,2026-01-08,cartola
38,AR,ARS,243678,52,Alta,pago a edenor,955.0,servicios,2026-08-03,natural
38,AR,ARS,243678,52,Alta,transferencia a makro,890.0,alimentacion,2026-06-22,natural
38,AR,ARS,243678,52,Alta,FIAMBRERIA EL GALPON,2203.0,alimentacion,2026-08-11,cartola
38,AR,ARS,243678,52,Alta,LA TRASTIENDA,2470.0,ocio,2026-02-09,cartola
38,AR,ARS,243678,52,Alta,gasto en emova subte,1158.0,transporte,2026-07-01,natural
38,AR,ARS,243678,52,Alta,gasto en max hbo argentina,284.0,ocio,2026-09-27,natural
38,AR,ARS,243678,52,Alta,transferencia a metrogas,904.0,servicios,2026-07-06,natural
38,AR,ARS,243678,52,Alta,PROVINCIAN ET,4935.0,servicios,2026-09-02,cartola
38,AR,ARS,243678,52,Alta,SUBWAY,2003.0,alimentacion,2026-11-05,cartola
38,AR,ARS,243678,52,Alta,cargo de amazon prime,2388.0,streaming,2026-08-19,natural
38,AR,ARS,243678,52,Alta,PEAJE SARANDI,276.0,transporte,2026-06-04,cartola
38,AR,ARS,243678,52,Alta,pago a banco hsbc,904.0,otros,2026-06-24,natural
38,AR,ARS,243678,52,Alta,cargo de disney plus,1490.0,streaming,2026-12-02,natural
38,AR,ARS,243678,52,Alta,TER* BONAFIDE,2539.0,alimentacion,2026-04-25,cartola
38,AR,ARS,243678,52,Alta,SMART FIT ARGENTINA,283.0,ocio,2026-11-07,cartola
38,AR,ARS,243678,52,Alta,PAGO TC FARMACIAS SELMA,2742.0,salud,2026-10-27,cartola
38,AR,ARS,243678,52,Alta,COLEGIO SAN MARTIN,1139.0,educacion,2026-01-18,cartola
38,AR,ARS,243678,52,Alta,gasto en sanatorio otamendi,315.0,salud,2026-09-29,natural
38,AR,ARS,243678,52,Alta,CARGO AUT AUBASA,547.0,transporte,2026-01-12,cartola
38,AR,ARS,243678,52,Alta,PAGO TC COLEGIO CHAMPAGNAT,475.0,educacion,2026-10-28,cartola
38,AR,ARS,243678,52,Alta,gasto en peaje parque avellaneda,1084.0,transporte,2026-07-11,natural
38,AR,ARS,243678,52,Alta,ALMACEN DE PIZZAS,336.0,alimentacion,2026-04-03,cartola
38,AR,ARS,243678,52,Alta,transferencia a papa john's,247.0,alimentacion,2026-08-06,natural
38,AR,ARS,243678,52,Alta,EDESUR,2400.0,servicios,2026-10-05,cartola
38,AR,ARS,243678,52,Alta,gasto en epen neuquen,204.0,servicios,2026-12-19,natural
38,AR,ARS,243678,52,Alta,compra en peaje sarandi,381.0,transporte,2026-10-30,natural
38,AR,ARS,243678,52,Alta,DISCOTECA KIKA,865.0,ocio,2026-01-29,cartola
38,AR,ARS,243678,52,Alta,WEBPAY CRUNCHYROLL 9957,1043.0,streaming,2026-10-28,cartola
38,AR,ARS,243678,52,Alta,SUC. CONSORCIO CABALLITO,2066.0,vivienda,2026-03-18,cartola
38,AR,ARS,243678,52,Alta,PEAJE ALBERTI,850.0,transporte,2026-01-09,cartola
38,AR,ARS,243678,52,Alta,pago a rapipago,2235.0,servicios,2026-01-24,natural
38,AR,ARS,243678,52,Alta,ZONAPROP,1380.0,vivienda,2026-01-15,cartola
38,AR,ARS,243678,52,Alta,,172.0,otros,2026-06-13,cartola
38,AR,ARS,243678,52,Alta,compra en metrogas,244.0,servicios,2026-01-13,natural
38,AR,ARS,243678,52,Alta,gasto en supermercados dia,823.0,alimentacion,2026-12-13,natural
38,AR,ARS,243678,52,Alta,PAC DISNEY PLUS 2940,724.0,streaming,2026-06-21,cartola
38,AR,ARS,243678,52,Alta,,1950.0,alimentacion,2026-12-23,natural
38,AR,ARS,243678,52,Alta,SUC. CLARO HOGAR ARGENTINA,1245.0,servicios,2026-11-23,cartola
38,AR,ARS,243678,52,Alta,pago a farmacias selma,704.0,salud,2026-07-19,natural
38,AR,ARS,243678,52,Alta,GIRO CAJERO LINK,268.0,otros,2026-03-17,cartola
38,AR,ARS,243678,52,Alta,compra en consorcioabierto,369.0,vivienda,2026-06-13,natural
38,AR,ARS,243678,52,Alta,SUB*EDESAL SAN LUIS,1228.0,servicios,2026-03-02,cartola
38,AR,ARS,243678,52,Alta,WEBPAY MADERAS RAMOS,789.0,vivienda,2026-09-02,cartola
38,AR,ARS,243678,52,Alta,ADMINISTRACION CONSORCIO PALERMO,1037.0,vivienda,2026-06-04,cartola
38,AR,ARS,243678,52,Alta,CARGO AUT MAX 6812,268.0,streaming,2026-09-14,cartola
38,AR,ARS,243678,52,Alta,compra en librerias cuspide,1558.0,educacion,2026-09-01,natural
38,AR,ARS,243678,52,Alta,gasto en peaje illia,2743.0,transporte,2026-06-11,natural
38,AR,ARS,243678,52,Alta,gasto en colegio marin,427.0,educacion,2026-03-09,natural
38,AR,ARS,243678,52,Alta,compra en aguas cordobesas,969.0,servicios,2026-12-10,natural
38,AR,ARS,243678,52,Alta,GALENO,5316.0,salud,2026-10-04,cartola
38,AR,ARS,243678,52,Alta,transferencia a makro,581.0,alimentacion,2026-06-10,natural
38,AR,ARS,243678,52,Alta,PEDIDOSYA,1295.0,alimentacion,2026-09-16,cartola
38,AR,ARS,243678,52,Alta,STEAM GAMES ARGENTINA,200.0,ocio,2026-12-01,cartola
38,AR,ARS,243678,52,Alta,compra en la continental,1335.0,alimentacion,2026-04-05,natural
38,AR,ARS,243678,52,Alta,pago a ligier pinturerias,331.0,vivienda,2026-09-03,natural
38,AR,ARS,243678,52,Alta,transferencia a spotify argentina,4585.0,ocio,2026-08-09,natural
38,AR,ARS,243678,52,Alta,COMPRA WEB CONSORCIO CABALLITO,1802.0,vivienda,2026-05-03,cartola
38,AR,ARS,243678,52,Alta,compra en freddo,2224.0,alimentacion,2026-07-06,natural
38,AR,ARS,243678,52,Alta,compra en tea connection,1745.0,alimentacion,2026-09-19,natural
38,AR,ARS,243678,52,Alta,PASSLINE ARGENTINA,1277.0,ocio,2026-09-30,cartola
38,AR,ARS,243678,52,Alta,ADMINISTRACION CONSORCIO PALERMO,856.0,vivienda,2026-03-01,cartola
38,AR,ARS,243678,52,Alta,pago a peaje larena,2800.0,transporte,2026-05-05,natural
38,AR,ARS,243678,52,Alta,CLINICA MATER DEI,4503.0,salud,2026-12-03,cartola
38,AR,ARS,243678,52,Alta,transferencia a ferreteria el puente,990.0,vivienda,2026-12-07,natural
38,AR,ARS,243678,52,Alta,renovación de apple music,3842.0,streaming,2026-02-20,natural
38,AR,ARS,243678,52,Alta,ZONAPROP,1254.0,vivienda,2026-06-27,cartola
38,AR,ARS,243678,52,Alta,compra en mostaza,1108.0,alimentacion,2026-05-19,natural
38,AR,ARS,243678,52,Alta,gasto en epen neuquen,868.0,servicios,2026-11-23,natural
38,AR,ARS,243678,52,Alta,compra en telecom fibertel,336.0,servicios,2026-06-19,natural
38,AR,ARS,243678,52,Alta,pago mensual de amazon prime,188.0,streaming,2026-03-10,natural
38,AR,ARS,243678,52,Alta,pago a kfc,396.0,alimentacion,2026-08-24,natural
38,AR,ARS,243678,52,Alta,gasto en diarco,1021.0,alimentacion,2026-02-17,natural
38,AR,ARS,243678,52,Alta,compra en persicco,685.0,alimentacion,2026-02-26,natural
38,AR,ARS,243678,52,Alta,gasto en edersa rio negro,853.0,servicios,2026-10-04,natural
38,AR,ARS,243678,52,Alta,SUB*PEAJE PARQUE AVELLANEDA,5652.0,transporte,2026-12-04,cartola
38,AR,ARS,243678,52,Alta,suscripción a spotify,618.0,streaming,2026-04-09,natural
38,AR,ARS,243678,52,Alta,DIDI ARGENTINA,862.0,transporte,2026-01-15,cartola
38,AR,ARS,243678,52,Alta,PINTURERIAS PRESTIGIO,205.0,vivienda,2026-11-21,cartola
38,AR,ARS,243678,52,Alta,DIAGNOSTICO MAIPU,354.0,salud,2026-06-28,cartola
38,AR,ARS,243678,52,Alta,gasto en la trastienda,2140.0,ocio,2026-11-28,natural
38,AR,ARS,243678,52,Alta,PINTURERIAS PRESTIGIO,1211.0,vivienda,2026-03-03,cartola
38,AR,ARS,243678,52,Alta,EDENOR,2049.0,servicios,2026-04-29,cartola
38,AR,ARS,243678,52,Alta,ALLIANZ SEGUROS,233.0,otros,2026-02-06,cartola
38,AR,ARS,243678,52,Alta,gasto en clinica suizo argentina,1215.0,salud,2026-05-14,natural
38,AR,ARS,243678,52,Alta,ADMINISTRACION SAN MARTIN,419.0,vivienda,2026-01-26,cartola
38,AR,ARS,243678,52,Alta,transferencia a el club de la milanesa,371.0,alimentacion,2026-01-08,natural
38,AR,ARS,243678,52,Alta,PEAJE DELLEPIANE,350.0,transporte,2026-01-04,cartola
38,AR,ARS,243678,52,Alta,gasto en maderas ramos,200.0,vivienda,2026-01-21,natural
38,AR,ARS,243678,52,Alta,compra en pizzeria guerrin,530.0,alimentacion,2026-05-29,natural
38,AR,ARS,243678,52,Alta,NATURGY,178.0,servicios,2026-01-25,cartola
38,AR,ARS,243678,52,Alta,transferencia a coto,6102.0,alimentacion,2026-05-23,natural
38,AR,ARS,243678,52,Alta,CAMUZZI GAS PAMPEANA,529.0,servicios,2026-09-02,cartola
38,AR,ARS,243678,52,Alta,PAGO T COCTAVO PISO SAAS,200.0,vivienda,2026-02-12,cartola
38,AR,ARS,243678,52,Alta,compra en las cuartetas,318.0,alimentacion,2026-10-20,natural
39,AR,ARS,91534,76,Media,WEBPAY HBO MAX 2002,359.0,streaming,2026-02-15,cartola
39,AR,ARS,91534,76,Media,,360.0,vivienda,2026-01-28,cartola
39,AR,ARS,91534,76,Media,LE PAIN QUOTIDIEN,167.0,alimentacion,2026-01-26,cartola
39,AR,ARS,91534,76,Media,EASY,1549.0,vivienda,2026-09-23,cartola
39,AR,ARS,91534,76,Media,gasto en rappi,658.0,alimentacion,2026-06-24,natural
39,AR,ARS,91534,76,Media,pago mensual de max,538.0,streaming,2026-01-04,natural
39,AR,ARS,91534,76,Media,gasto en la mezzetta,843.0,alimentacion,2026-11-07,natural
39,AR,ARS,91534,76,Media,WEBPAY FARMACIAS DR AHORRO,215.0,salud,2026-03-08,cartola
39,AR,ARS,91534,76,Media,HOSPITAL BRITANICO,974.0,salud,2026-05-15,cartola
39,AR,ARS,91534,76,Media,NATURGY,449.0,servicios,2026-02-24,cartola
39,AR,ARS,91534,76,Media,UALA,203.0,otros,2026-01-31,cartola
39,AR,ARS,91534,76,Media,COLEGIO MARIN,840.0,educacion,2026-03-15,cartola
39,AR,ARS,91534,76,Media,transferencia a telecentro,805.0,servicios,2026-01-19,natural
39,AR,ARS,91534,76,Media,transferencia a fiter gimnasios,928.0,ocio,2026-06-05,natural
39,AR,ARS,91534,76,Media,TRENES ARGENTINOS,230.0,transporte,2026-06-05,cartola
39,AR,ARS,91534,76,Media,AUTOPISTAS DEL OESTE,1730.0,transporte,2026-05-27,cartola
39,AR,ARS,91534,76,Media,pago a personal flow,1593.0,servicios,2026-03-28,natural
39,AR,ARS,91534,76,Media,gasto en consorcioabierto,220.0,vivienda,2026-01-20,natural
39,AR,ARS,91534,76,Media,compra en farmacia azul,162.0,salud,2026-11-29,natural
39,AR,ARS,91534,76,Media,transferencia a amazon prime argentina,192.0,ocio,2026-11-02,natural
39,AR,ARS,91534,76,Media,cargo de apple music,2451.0,streaming,2026-01-28,natural
39,AR,ARS,91534,76,Media,PEAJE PACHECO,411.0,transporte,2026-09-17,cartola
39,AR,ARS,91534,76,Media,CLARO HOGAR ARGENTINA,219.0,servicios,2026-01-22,cartola
39,AR,ARS,91534,76,Media,EDET TUCUMAN,169.0,servicios,2026-04-11,cartola
39,AR,ARS,91534,76,Media,pago a el club de la milanesa,188.0,alimentacion,2026-10-17,natural
39,AR,ARS,91534,76,Media,pago a las cuartetas,542.0,alimentacion,2026-12-19,natural
39,AR,ARS,91534,76,Media,MOSTAZA,270.0,alimentacion,2026-10-27,cartola
39,AR,ARS,91534,76,Media,WEBPAY EDESUR,1670.0,servicios,2026-06-19,cartola
39,AR,ARS,91534,76,Media,pago a carniceria el ombu,572.0,alimentacion,2026-10-23,natural
39,AR,ARS,91534,76,Media,FERRETERIA EL PUENTE,780.0,vivienda,2026-12-19,cartola
39,AR,ARS,91534,76,Media,CONSORCIO EDIFICIO BELGRANO,172.0,vivienda,2026-05-10,cartola
39,AR,ARS,91534,76,Media,compra en naturgy,305.0,servicios,2026-03-15,natural
39,AR,ARS,91534,76,Media,CARGO AUT RAPIPAGO,332.0,servicios,2026-12-08,cartola
39,AR,ARS,91534,76,Media,compra en banco nacion,188.0,otros,2026-03-31,natural
39,AR,ARS,91534,76,Media,BANCO PROVINCIA,216.0,otros,2026-08-24,cartola
39,AR,ARS,91534,76,Media,EDESAL SAN LUIS,1514.0,servicios,2026-07-19,cartola
39,AR,ARS,91534,76,Media,compra en consorcio caballito,291.0,vivienda,2026-11-28,natural
39,AR,ARS,91534,76,Media,PROVINCIA NET,358.0,servicios,2026-12-14,cartola
39,AR,ARS,91534,76,Media,suscripción a netflix,159.0,streaming,2026-03-27,natural
39,AR,ARS,91534,76,Media,CARNICERIA EL OMBU,164.0,alimentacion,2026-04-12,cartola
39,AR,ARS,91534,76,Media,EDENOR,3618.0,servicios,2026-08-02,cartola
39,AR,ARS,91534,76,Media,PAGO FACIL,155.0,servicios,2026-04-18,cartola
39,AR,ARS,91534,76,Media,compra en solo deportes,198.0,otros,2026-06-14,natural
39,AR,ARS,91534,76,Media,MUSIMUNDO,535.0,otros,2026-04-01,cartola
39,AR,ARS,91534,76,Media,EMOVA SUBTE,173.0,transporte,2026-07-11,cartola
39,AR,ARS,91534,76,Media,compra en naturgy,228.0,servicios,2026-03-27,natural
39,AR,ARS,91534,76,Media,pago a peaje larena,371.0,transporte,2026-12-29,natural
39,AR,ARS,91534,76,Media,pago a dandy,186.0,alimentacion,2026-04-11,natural
39,AR,ARS,91534,76,Media,compra en subway,257.0,alimentacion,2026-03-01,natural
39,AR,ARS,91534,76,Media,gasto en peaje sarandi,197.0,transporte,2026-04-27,natural
39,AR,ARS,91534,76,Media,TER* ARGENPROP,811.0,vivienda,2026-08-15,cartola
39,AR,ARS,91534,76,Media,pago a administracion san martin,255.0,vivienda,2026-02-02,natural
39,AR,ARS,91534,76,Media,gasto en diarco,743.0,alimentacion,2026-02-13,natural
39,AR,ARS,91534,76,Media,CONSORCIOABIERTO,793.0,vivienda,2026-06-14,cartola
39,AR,ARS,91534,76,Media,transferencia a el club de la milanesa,383.0,alimentacion,2026-12-11,natural
39,AR,ARS,91534,76,Media,gasto en el cuartito,184.0,alimentacion,2026-10-19,natural
39,AR,ARS,91534,76,Media,NF* RAPIPAGO,230.0,servicios,2026-12-10,cartola
39,AR,ARS,91534,76,Media,pago a telecentro,663.0,servicios,2026-10-14,natural
39,AR,ARS,91534,76,Media,gasto en el noble,457.0,alimentacion,2026-12-30,natural
39,AR,ARS,91534,76,Media,pago a gas nea,529.0,servicios,2026-08-13,natural
39,AR,ARS,91534,76,Media,compra en peaje parque avellaneda,179.0,transporte,2026-07-23,natural
39,AR,ARS,91534,76,Media,ALMACEN DE PIZZAS,1303.0,alimentacion,2026-06-21,cartola
39,AR,ARS,91534,76,Media,pago a papa john's,161.0,alimentacion,2026-11-03,natural
39,AR,ARS,91534,76,Media,gasto en tea connection,227.0,alimentacion,2026-05-01,natural
39,AR,ARS,91534,76,Media,GIRO CAJERO BANELCO,256.0,otros,2026-09-01,cartola
39,AR,ARS,91534,76,Media,PEAJE SARANDI,301.0,transporte,2026-06-01,cartola
39,AR,ARS,91534,76,Media,PEAJE PARQUE AVELLANEDA,341.0,transporte,2026-07-07,cartola
39,AR,ARS,91534,76,Media,pago a pinturerias rex,694.0,vivienda,2026-01-13,natural
39,AR,ARS,91534,76,Media,SUB*DISNEY PLUS 7457,860.0,streaming,2026-04-01,cartola
39,AR,ARS,91534,76,Media,FERRETERIA INDUSTRAIL,1050.0,vivienda,2026-07-19,cartola
39,AR,ARS,91534,76,Media,suscripción a hbo max,332.0,streaming,2026-03-15,natural
39,AR,ARS,91534,76,Media,ALLIANZ SEGUROS,494.0,otros,2026-09-13,cartola
39,AR,ARS,91534,76,Media,ARGENPROP,349.0,vivienda,2026-10-03,cartola
39,AR,ARS,91534,76,Media,pago a axion energy,332.0,transporte,2026-11-24,natural
39,AR,ARS,91534,76,Media,SUPERMERCADOS DIA,222.0,alimentacion,2026-03-12,cartola
39,AR,ARS,91534,76,Media,FERRETERIA EL PROGRESO,229.0,vivienda,2026-03-19,cartola
39,AR,ARS,91534,76,Media,EDERSA RIO NEGRO,198.0,servicios,2026-10-11,cartola
39,AR,ARS,91534,76,Media,transferencia a libreria yenny,273.0,educacion,2026-05-10,natural
39,AR,ARS,91534,76,Media,TER* ARBA IMPUESTOS,421.0,otros,2026-02-12,cartola
39,AR,ARS,91534,76,Media,AMAZON PRIME ARGENTINA,1158.0,ocio,2026-01-08,cartola
39,AR,ARS,91534,76,Media,CARNICERIA EL OMBU,249.0,alimentacion,2026-01-13,cartola
39,AR,ARS,91534,76,Media,transferencia a heisenburger,1971.0,alimentacion,2026-08-01,natural
39,AR,ARS,91534,76,Media,compra en le pain quotidien,706.0,alimentacion,2026-04-21,natural
39,AR,ARS,91534,76,Media,OPTICA PFRÖTNER,356.0,salud,2026-10-18,cartola
39,AR,ARS,91534,76,Media,gasto en zonaprop,513.0,vivienda,2026-01-23,natural
39,AR,ARS,91534,76,Media,PAGO TC KFC,195.0,alimentacion,2026-09-11,cartola
39,AR,ARS,91534,76,Media,,924.0,ocio,2026-01-15,natural
39,AR,ARS,91534,76,Media,KFC,433.0,alimentacion,2026-05-10,cartola
39,AR,ARS,91534,76,Media,EDITORIAL SANTILLANA ARGENTINA,2122.0,educacion,2026-03-02,cartola
39,AR,ARS,91534,76,Media,MOVISTAR HOGAR ARGENTINA,502.0,servicios,2026-04-25,cartola
39,AR,ARS,91534,76,Media,pago a chevallier,892.0,transporte,2026-11-16,natural
39,AR,ARS,91534,76,Media,suscripción a disney plus,798.0,streaming,2026-11-04,natural
39,AR,ARS,91534,76,Media,gasto en telepase autopistas,210.0,transporte,2026-11-21,natural
39,AR,ARS,91534,76,Media,NF* CONSORCIO EDIFICIO BELGRANO,216.0,vivienda,2026-09-06,cartola
39,AR,ARS,91534,76,Media,LIGIER PINTURERIAS,279.0,vivienda,2026-06-24,cartola
39,AR,ARS,91534,76,Media,EDENOR,313.0,servicios,2026-12-05,cartola
39,AR,ARS,91534,76,Media,transferencia a papa john's,151.0,alimentacion,2026-06-21,natural
39,AR,ARS,91534,76,Media,compra en farmacia azul,1117.0,salud,2026-11-30,natural
39,AR,ARS,91534,76,Media,gasto en blaisten,388.0,vivienda,2026-10-11,natural
39,AR,ARS,91534,76,Media,gasto en emova subte,1905.0,transporte,2026-02-23,natural
39,AR,ARS,91534,76,Media,POS TRX PARAMOUNT+ 24/9,824.0,streaming,2026-03-08,cartola
39,AR,ARS,91534,76,Media,pago mensual de apple music,403.0,streaming,2026-04-12,natural
39,AR,ARS,91534,76,Media,gasto en panaderia san jose,1459.0,alimentacion,2026-04-30,natural
39,AR,ARS,91534,76,Media,pago a la birra bar,349.0,alimentacion,2026-07-10,natural
39,AR,ARS,91534,76,Media,gasto en movistar hogar argentina,1083.0,servicios,2026-10-31,natural
39,AR,ARS,91534,76,Media,pago a rappi,220.0,alimentacion,2026-02-16,natural
39,AR,ARS,91534,76,Media,compra en mostaza,236.0,alimentacion,2026-08-10,natural
39,AR,ARS,91534,76,Media,ADMINISTRACION SAN MARTIN,269.0,vivienda,2026-01-21,cartola
39,AR,ARS,91534,76,Media,gasto en farmacias central oeste,393.0,salud,2026-06-07,natural
39,AR,ARS,91534,76,Media,LIGIER PINTURERIAS,400.0,vivienda,2026-12-14,cartola
39,AR,ARS,91534,76,Media,UNIVERSIDAD DE SAN ANDRES,341.0,educacion,2026-06-08,cartola
39,AR,ARS,91534,76,Media,UBER ARGENTINA,181.0,transporte,2026-08-23,cartola
39,AR,ARS,91534,76,Media,transferencia a argenprop,1301.0,vivienda,2026-05-30,natural
39,AR,ARS,91534,76,Media,,441.0,servicios,2026-09-14,cartola
39,AR,ARS,91534,76,Media,compra en telecom fibertel,260.0,servicios,2026-06-14,natural
39,AR,ARS,91534,76,Media,SUB*PREVENCION SALUD,523.0,salud,2026-03-18,cartola
39,AR,ARS,91534,76,Media,PAGO TC BURGER KING,725.0,alimentacion,2026-03-26,cartola
39,AR,ARS,91534,76,Media,pago a telepase autopistas,1607.0,transporte,2026-02-15,natural
39,AR,ARS,91534,76,Media,ATM PEAJE DEBENEDETTI,344.0,transporte,2026-02-16,cartola
39,AR,ARS,91534,76,Media,transferencia a provincia net,362.0,servicios,2026-02-28,natural
39,AR,ARS,91534,76,Media,EDEONR,289.0,servicios,2026-02-23,cartola
39,AR,ARS,91534,76,Media,PEAJE ILLIA,324.0,transporte,2026-12-08,cartola
39,AR,ARS,91534,76,Media,TELECOM FIBERTEL,1128.0,servicios,2026-01-12,cartola
39,AR,ARS,91534,76,Media,,249.0,transporte,2026-07-11,natural
39,AR,ARS,91534,76,Media,SUB*ADMINISTRACION SAN MARTIN,1521.0,vivienda,2026-01-06,cartola
39,AR,ARS,91534,76,Media,PAC OMINT,330.0,salud,2026-11-05,cartola
39,AR,ARS,91534,76,Media,pago a peaje dellepiane,1808.0,transporte,2026-05-24,natural
39,AR,ARS,91534,76,Media,gasto en pani,239.0,alimentacion,2026-09-18,natural
39,AR,ARS,91534,76,Media,PAC PIZZERIA GUERRIN,1137.0,alimentacion,2026-03-14,cartola
39,AR,ARS,91534,76,Media,DIAGNOSTICO MAIPU,1328.0,salud,2026-06-23,cartola
39,AR,ARS,91534,76,Media,WEBPAY APPLE MUSIC 7362,1611.0,streaming,2026-08-20,cartola
39,AR,ARS,91534,76,Media,ADMINISTRACION CONSORCIO PAELRMO,163.0,vivienda,2026-12-28,cartola
39,AR,ARS,91534,76,Media,gasto en max hbo argentina,371.0,ocio,2026-02-21,natural
39,AR,ARS,91534,76,Media,transferencia a fravega,527.0,otros,2026-04-26,natural
40,AR,ARS,120397,66,Media,,161.0,servicios,2026-08-29,cartola
40,AR,ARS,120397,66,Media,pago a le pain quotidien,424.0,alimentacion,2026-01-13,natural
40,AR,ARS,120397,66,Media,POS TRX BAR EL BARISTA ARGENTINA,446.0,ocio,2026-05-27,cartola
40,AR,ARS,120397,66,Media,compra en peaje illia,321.0,transporte,2026-08-28,natural
40,AR,ARS,120397,66,Media,LA CONTINENTAL,238.0,alimentacion,2026-04-05,cartola
40,AR,ARS,120397,66,Media,gasto en la mezzetta,151.0,alimentacion,2026-11-11,natural
40,AR,ARS,120397,66,Media,SUB*YOUTUBE PREMIUM 7057,186.0,streaming,2026-01-25,cartola
40,AR,ARS,120397,66,Media,transferencia a hospital britanico,309.0,salud,2026-09-29,natural
40,AR,ARS,120397,66,Media,pago a coto,2475.0,alimentacion,2026-06-15,natural
40,AR,ARS,120397,66,Media,compra en hospital britanico,527.0,salud,2026-09-07,natural
40,AR,ARS,120397,66,Media,SOLO DEPORTES,731.0,otros,2026-03-28,cartola
40,AR,ARS,120397,66,Media,transferencia a peaje dellepiane,326.0,transporte,2026-05-22,natural
40,AR,ARS,120397,66,Media,PEAJE PACHECO,289.0,transporte,2026-05-14,cartola
40,AR,ARS,120397,66,Media,pago mensual de netflix,366.0,streaming,2026-10-06,natural
40,AR,ARS,120397,66,Media,compra en el club de la milanesa,514.0,alimentacion,2026-05-06,natural
40,AR,ARS,120397,66,Media,compra en personal flow,489.0,servicios,2026-11-12,natural
40,AR,ARS,120397,66,Media,gasto en consorcioabierto,289.0,vivienda,2026-05-21,natural
40,AR,ARS,120397,66,Media,CONSORCIO EDIFICIO BELGRANO,1070.0,vivienda,2026-12-22,cartola
40,AR,ARS,120397,66,Media,gasto en pinturerias prestigio,503.0,vivienda,2026-04-13,natural
40,AR,ARS,120397,66,Media,TELEPASE AUTOPISTAS,307.0,transporte,2026-08-14,cartola
40,AR,ARS,120397,66,Media,OSDE,283.0,salud,2026-03-04,cartola
40,AR,ARS,120397,66,Media,GIRO CAJERO LINK,595.0,otros,2026-10-21,cartola
40,AR,ARS,120397,66,Media,EL CUARTITO,1035.0,alimentacion,2026-11-02,cartola
40,AR,ARS,120397,66,Media,EL CLUB DE LA MILANESA,245.0,alimentacion,2026-09-11,cartola
40,AR,ARS,120397,66,Media,compra en las cuartetas,183.0,alimentacion,2026-06-29,natural
40,AR,ARS,120397,66,Media,PEAJE HUDSON,547.0,transporte,2026-02-09,cartola
40,AR,ARS,120397,66,Media,SODIMAC,157.0,vivienda,2026-07-08,cartola
40,AR,ARS,120397,66,Media,NF* YOUTUBE PREMIUM 8/8,813.0,streaming,2026-01-08,cartola
40,AR,ARS,120397,66,Media,pago a clinica usizo argentina,688.0,salud,2026-04-14,natural
40,AR,ARS,120397,66,Media,compra en colegio marin,374.0,educacion,2026-02-03,natural
40,AR,ARS,120397,66,Media,compra en argenprop,356.0,vivienda,2026-08-16,natural
40,AR,ARS,120397,66,Media,transferencia a almacen de pizzas,717.0,alimentacion,2026-07-07,natural
40,AR,ARS,120397,66,Media,gasto en litoral gas,258.0,servicios,2026-11-09,natural
40,AR,ARS,120397,66,Media,transferencia a colegio northlands,323.0,educacion,2026-01-22,natural
40,AR,ARS,120397,66,Media,EASY,1055.0,vivienda,2026-12-09,cartola
40,AR,ARS,120397,66,Media,transferencia a consorcio caballito,279.0,vivienda,2026-02-09,natural
40,AR,ARS,120397,66,Media,AUTOPISTAS DEL SOL AUSOL,456.0,transporte,2026-06-22,cartola
40,AR,ARS,120397,66,Media,transferencia a multiplex cines,200.0,ocio,2026-06-28,natural
40,AR,ARS,120397,66,Media,gasto en carniceria el ombu,731.0,alimentacion,2026-03-27,natural
40,AR,ARS,120397,66,Media,pago a edenor,266.0,servicios,2026-05-13,natural
40,AR,ARS,120397,66,Media,MAKRO,2549.0,alimentacion,2026-12-17,cartola
40,AR,ARS,120397,66,Media,compra en hospital britanico,899.0,salud,2026-01-13,natural
40,AR,ARS,120397,66,Media,compra en laboratorio stamboulian,177.0,salud,2026-03-25,natural
40,AR,ARS,120397,66,Media,compra en emova subte,399.0,transporte,2026-11-14,natural
40,AR,ARS,120397,66,Media,compra en la birra bar,361.0,alimentacion,2026-12-15,natural
40,AR,ARS,120397,66,Media,pago a metrogas,566.0,servicios,2026-12-09,natural
40,AR,ARS,120397,66,Media,pago a consorcio edificio belgrano,1366.0,vivienda,2026-10-07,natural
40,AR,ARS,120397,66,Media,BLAISTEN,648.0,vivienda,2026-12-20,cartola
40,AR,ARS,120397,66,Media,transferencia a peaje sarandi,156.0,transporte,2026-06-15,natural
40,AR,ARS,120397,66,Media,cargo de paramount+,789.0,streaming,2026-10-20,natural
40,AR,ARS,120397,66,Media,PEAJE HUDSON,217.0,transporte,2026-08-14,cartola
40,AR,ARS,120397,66,Media,pago a diarco,1121.0,alimentacion,2026-06-19,natural
40,AR,ARS,120397,66,Media,gasto en bonafide,813.0,alimentacion,2026-03-27,natural
40,AR,ARS,120397,66,Media,compra en banco provincia,273.0,otros,2026-05-13,natural
40,AR,ARS,120397,66,Media,transferencia a farmacias selma,256.0,salud,2026-06-27,natural
40,AR,ARS,120397,66,Media,compra en tarjeta naranja,1185.0,otros,2026-12-09,natural
40,AR,ARS,120397,66,Media,SUB*TELECENTRO,1133.0,servicios,2026-09-09,cartola
40,AR,ARS,120397,66,Media,gasto en sodimac,322.0,vivienda,2026-01-15,natural
40,AR,ARS,120397,66,Media,gasto en gas nea,263.0,servicios,2026-08-11,natural
40,AR,ARS,120397,66,Media,SUC. PEAJE PARQUE AVELLANEDA,608.0,transporte,2026-07-20,cartola
40,AR,ARS,120397,66,Media,compra en almacen de pizzas,256.0,alimentacion,2026-09-07,natural
40,AR,ARS,120397,66,Media,transferencia a ferreteria el progreso,330.0,vivienda,2026-03-30,natural
40,AR,ARS,120397,66,Media,AGIP RENTAS,274.0,otros,2026-04-23,cartola
40,AR,ARS,120397,66,Media,compra en epen neuquen,152.0,servicios,2026-05-17,natural
40,AR,ARS,120397,66,Media,NICETO CLUB,531.0,ocio,2026-09-04,cartola
40,AR,ARS,120397,66,Media,compra en discoteca kika,3598.0,ocio,2026-06-15,natural
40,AR,ARS,120397,66,Media,WEBPAY DANDY,783.0,alimentacion,2026-05-30,cartola
40,AR,ARS,120397,66,Media,CONSORCIO CABALLITO,256.0,vivienda,2026-12-09,cartola
40,AR,ARS,120397,66,Media,PAGOMISCUENTAS,552.0,servicios,2026-03-09,cartola
40,AR,ARS,120397,66,Media,compra en consorcio caballito,508.0,vivienda,2026-08-09,natural
40,AR,ARS,120397,66,Media,transferencia a opticas lof,164.0,salud,2026-11-17,natural
40,AR,ARS,120397,66,Media,gasto en megatlon,1873.0,ocio,2026-11-06,natural
40,AR,ARS,120397,66,Media,compra en axion energy,430.0,transporte,2026-12-15,natural
40,AR,ARS,120397,66,Media,gasto en pinturas alba,3861.0,vivienda,2026-01-20,natural
40,AR,ARS,120397,66,Media,gasto en pani,403.0,alimentacion,2026-10-16,natural
40,AR,ARS,120397,66,Media,SANATORIO GUEMES,693.0,salud,2026-04-10,cartola
40,AR,ARS,120397,66,Media,transferencia a max hbo argentina,363.0,ocio,2026-03-18,natural
40,AR,ARS,120397,66,Media,,448.0,alimentacion,2026-05-15,cartola
40,AR,ARS,120397,66,Media,ATM PANADERIA SAN JOSE,202.0,alimentacion,2026-06-22,cartola
40,AR,ARS,120397,66,Media,pago a carniceria el ombu,1337.0,alimentacion,2026-12-29,natural
40,AR,ARS,120397,66,Media,gasto en centro rossi,1135.0,salud,2026-07-20,natural
40,AR,ARS,120397,66,Media,transferencia a peaje illia,1287.0,transporte,2026-08-05,natural
40,AR,ARS,120397,66,Media,CLUB DE LA BIRRA,952.0,alimentacion,2026-07-27,cartola
40,AR,ARS,120397,66,Media,compra en telecom fibertel,1324.0,servicios,2026-03-15,natural
40,AR,ARS,120397,66,Media,SUB*DISNEY PLUS 12/4,166.0,streaming,2026-01-11,cartola
40,AR,ARS,120397,66,Media,CHANGOMAS,445.0,alimentacion,2026-10-14,cartola
40,AR,ARS,120397,66,Media,SUB*CONSORCIO EDIFICIO BELGRANO,872.0,vivienda,2026-09-13,cartola
40,AR,ARS,120397,66,Media,compra en galeno,751.0,salud,2026-01-12,natural
40,AR,ARS,120397,66,Media,compra en galeno,933.0,salud,2026-03-19,natural
40,AR,ARS,120397,66,Media,CARGO AUT YOUTUBE PREMIUM 6051,188.0,streaming,2026-06-21,cartola
40,AR,ARS,120397,66,Media,transferencia a farmacia azul,245.0,salud,2026-11-02,natural
40,AR,ARS,120397,66,Media,renovación de apple music,1841.0,streaming,2026-09-30,natural
40,AR,ARS,120397,66,Media,DIDI ARGENTINA,608.0,transporte,2026-06-28,cartola
40,AR,ARS,120397,66,Media,pago a disney plus argentina,213.0,ocio,2026-05-12,natural
40,AR,ARS,120397,66,Media,transferencia a edenor,1168.0,servicios,2026-12-09,natural
40,AR,ARS,120397,66,Media,transferencia a opticas lof,1825.0,salud,2026-09-29,natural
40,AR,ARS,120397,66,Media,pago a dexter,212.0,otros,2026-11-28,natural
40,AR,ARS,120397,66,Media,transferencia a farmacias central oeste,1259.0,salud,2026-12-07,natural
40,AR,ARS,120397,66,Media,SUPERMERCADOS DIA,2004.0,alimentacion,2026-04-19,cartola
40,AR,ARS,120397,66,Media,pago a tarjeta naranja,2063.0,otros,2026-09-30,natural
40,AR,ARS,120397,66,Media,MCDONALD'S,1818.0,alimentacion,2026-06-17,cartola
40,AR,ARS,120397,66,Media,,585.0,alimentacion,2026-06-29,cartola
40,AR,ARS,120397,66,Media,OMINT,326.0,salud,2026-02-27,cartola
40,AR,ARS,120397,66,Media,PINTURERIAS REX,373.0,vivienda,2026-03-20,cartola
40,AR,ARS,120397,66,Media,pago a tarjeta naranja,353.0,otros,2026-03-02,natural
40,AR,ARS,120397,66,Media,pago mensual de paramount+,415.0,streaming,2026-05-01,natural
40,AR,ARS,120397,66,Media,cargo de max,377.0,streaming,2026-07-26,natural
40,AR,ARS,120397,66,Media,SODIMAC,151.0,vivienda,2026-02-03,cartola
40,AR,ARS,120397,66,Media,PEAJE DELLEPIANE,373.0,transporte,2026-03-11,cartola
40,AR,ARS,120397,66,Media,pago a personal flow,166.0,servicios,2026-01-20,natural
40,AR,ARS,120397,66,Media,pago a uber argentina,1399.0,transporte,2026-11-11,natural
40,AR,ARS,120397,66,Media,N*F ARGENPROP,262.0,vivienda,2026-03-10,cartola
40,AR,ARS,120397,66,Media,TELEPASE AUTOPISTAS,676.0,transporte,2026-08-03,cartola
40,AR,ARS,120397,66,Media,TELECOM FIBERTEL,518.0,servicios,2026-06-10,cartola
40,AR,ARS,120397,66,Media,pago a jumbo,251.0,alimentacion,2026-07-25,natural
40,AR,ARS,120397,66,Media,compra en aguas bonaerenses,2111.0,servicios,2026-05-25,natural
40,AR,ARS,120397,66,Media,PIZZERIA GUERRIN,555.0,alimentacion,2026-02-26,cartola
40,AR,ARS,120397,66,Media,transferencia a maxiconsumo,291.0,alimentacion,2026-03-24,natural
40,AR,ARS,120397,66,Media,gasto en sodimac,374.0,vivienda,2026-09-26,natural
40,AR,ARS,120397,66,Media,FARMACIAS SELMA,306.0,salud,2026-07-06,cartola
40,AR,ARS,120397,66,Media,gasto en mostaza,155.0,alimentacion,2026-12-19,natural
40,AR,ARS,120397,66,Media,DISNEY PLUS ARGENTINA,335.0,ocio,2026-12-16,cartola
40,AR,ARS,120397,66,Media,AGUAS CORDOBESAS,561.0,servicios,2026-04-20,cartola
40,AR,ARS,120397,66,Media,compra en sanatorio finochietto,1522.0,salud,2026-05-18,natural
40,AR,ARS,120397,66,Media,transferencia a chevallier,861.0,transporte,2026-02-20,natural
40,AR,ARS,120397,66,Media,compra en pago facil,296.0,servicios,2026-02-20,natural
40,AR,ARS,120397,66,Media,NF* PAGO FACIL,369.0,servicios,2026-03-28,cartola
40,AR,ARS,120397,66,Media,LUNA PARK,414.0,ocio,2026-03-09,cartola
40,AR,ARS,120397,66,Media,DIAGNOSTICO MAIPU,161.0,salud,2026-03-25,cartola
40,AR,ARS,120397,66,Media,MUSIMUNDO,360.0,otros,2026-02-11,cartola
40,AR,ARS,120397,66,Media,compra en libreria sbs,1211.0,educacion,2026-08-07,natural
40,AR,ARS,120397,66,Media,PAGO TC AMAZON PRIME 6209,206.0,streaming,2026-08-14,cartola
40,AR,ARS,120397,66,Media,LAS CUARTETAS,1315.0,alimentacion,2026-07-15,cartola
40,AR,ARS,120397,66,Media,SWISS MEDICAL,315.0,salud,2026-03-03,cartola
40,AR,ARS,120397,66,Media,PONTIFICIA UNIVERSIDAD CATOLICA UCA,2722.0,educacion,2026-09-20,cartola
41,CL,CLP,1079879,57,Media,pago a sibaritas 87,2975.0,alimentacion,2026-06-22,natural
41,CL,CLP,1079879,57,Media,STARBUCKS,2297.0,alimentacion,2026-11-27,cartola
41,CL,CLP,1079879,57,Media,WEBPAY COPROPIETARIOS EDIFICIO EL GOLF,6647.0,vivienda,2026-05-05,cartola
41,CL,CLP,1079879,57,Media,ALQUILER PROPIEDADES CHILE,2428.0,vivienda,2026-06-19,cartola
41,CL,CLP,1079879,57,Media,CLARO HOGAR,9613.0,servicios,2026-02-16,cartola
41,CL,CLP,1079879,57,Media,transferencia a pontificia universidad católica,3250.0,educacion,2026-09-18,natural
41,CL,CLP,1079879,57,Media,transferencia a redsalud,6823.0,salud,2026-08-05,natural
41,CL,CLP,1079879,57,Media,NF* SPOTIFY 8707,610.0,streaming,2026-11-01,cartola
41,CL,CLP,1079879,57,Media,compra en juan maestro,10043.0,alimentacion,2026-05-04,natural
41,CL,CLP,1079879,57,Media,gasto en librería qué leo,7141.0,educacion,2026-10-20,natural
41,CL,CLP,1079879,57,Media,pago a smart fit,1277.0,ocio,2026-06-11,natural
41,CL,CLP,1079879,57,Media,PARIS DECO,842.0,vivienda,2026-07-20,cartola
41,CL,CLP,1079879,57,Media,compra en shell,2040.0,transporte,2026-10-02,natural
41,CL,CLP,1079879,57,Media,CLÍNICA DÁVILA,20030.0,salud,2026-07-25,cartola
41,CL,CLP,1079879,57,Media,gasto en passline,1593.0,ocio,2026-02-09,natural
41,CL,CLP,1079879,57,Media,CASAIDEAS,3268.0,vivienda,2026-09-30,cartola
41,CL,CLP,1079879,57,Media,compra en isapre colmena,1199.0,salud,2026-12-21,natural
41,CL,CLP,1079879,57,Media,PRONTO COPEC,2716.0,alimentacion,2026-04-03,cartola
41,CL,CLP,1079879,57,Media,,4545.0,alimentacion,2026-02-11,cartola
41,CL,CLP,1079879,57,Media,compra en peaje melipilla,16422.0,transporte,2026-04-17,natural
41,CL,CLP,1079879,57,Media,pago a servicio impuestos internos sii,3902.0,otros,2026-11-24,natural
41,CL,CLP,1079879,57,Media,suscripción a disney plus,9176.0,streaming,2026-03-06,natural
41,CL,CLP,1079879,57,Media,PIZZA HUT,4251.0,alimentacion,2026-12-31,cartola
41,CL,CLP,1079879,57,Media,pago mensual de netflix,983.0,streaming,2026-05-15,natural
41,CL,CLP,1079879,57,Media,transferencia a lipigas,2030.0,servicios,2026-01-24,natural
41,CL,CLP,1079879,57,Media,compra en pullman bus,4599.0,transporte,2026-01-28,natural
41,CL,CLP,1079879,57,Media,BREAL PROPIEDADES,16140.0,vivienda,2026-03-03,cartola
41,CL,CLP,1079879,57,Media,GIMNASIO UPGRADE,10517.0,ocio,2026-09-30,cartola
41,CL,CLP,1079879,57,Media,pago a isapre cruz blanca,1391.0,salud,2026-08-17,natural
41,CL,CLP,1079879,57,Media,AUTOPISTA CENTRAL,1334.0,transporte,2026-01-20,cartola
41,CL,CLP,1079879,57,Media,LBIRERÍA NACIONAL,1205.0,educacion,2026-01-03,cartola
41,CL,CLP,1079879,57,Media,suscripción a apple music,13724.0,streaming,2026-08-06,natural
41,CL,CLP,1079879,57,Media,compra en reifschneider,10277.0,otros,2026-11-03,natural
41,CL,CLP,1079879,57,Media,compra en botillería el faro,8002.0,alimentacion,2026-05-16,natural
41,CL,CLP,1079879,57,Media,gasto en feria chilena del libro,2677.0,educacion,2026-01-03,natural
41,CL,CLP,1079879,57,Media,OK MARKET,3767.0,alimentacion,2026-07-12,cartola
41,CL,CLP,1079879,57,Media,FARMACIAS SALCOBRAND,3350.0,salud,2026-03-14,cartola
41,CL,CLP,1079879,57,Media,TER* PEAJE ANGOSTURA,1568.0,transporte,2026-12-27,cartola
41,CL,CLP,1079879,57,Media,FANTASIALNDIA,3774.0,ocio,2026-04-28,cartola
41,CL,CLP,1079879,57,Media,,1165.0,streaming,2026-07-28,natural
41,CL,CLP,1079879,57,Media,compra en turbus,758.0,transporte,2026-02-03,natural
41,CL,CLP,1079879,57,Media,TRICOT,11681.0,otros,2026-05-17,cartola
41,CL,CLP,1079879,57,Media,pago a puntoticket,7475.0,ocio,2026-11-14,natural
41,CL,CLP,1079879,57,Media,SAESA,2950.0,servicios,2026-04-30,cartola
41,CL,CLP,1079879,57,Media,renovación de crunchyroll,3907.0,streaming,2026-04-25,natural
41,CL,CLP,1079879,57,Media,MADERAS ENCOFRADOS,2479.0,vivienda,2026-01-13,cartola
41,CL,CLP,1079879,57,Media,SEGUROS METLIFE,7245.0,otros,2026-03-10,cartola
41,CL,CLP,1079879,57,Media,compra en steam games,8228.0,ocio,2026-11-29,natural
41,CL,CLP,1079879,57,Media,SPARTA,7732.0,otros,2026-09-14,cartola
41,CL,CLP,1079879,57,Media,PEAJE TRONCAL LAMPA,6881.0,transporte,2026-03-30,cartola
41,CL,CLP,1079879,57,Media,FARMACIAS CRUZ VERDE,1228.0,salud,2026-02-16,cartola
41,CL,CLP,1079879,57,Media,transferencia a buses metropolitana,2213.0,transporte,2026-09-17,natural
41,CL,CLP,1079879,57,Media,ISAPRE COLMENA,3405.0,salud,2026-08-16,cartola
41,CL,CLP,1079879,57,Media,compra en pedidosya,2155.0,alimentacion,2026-06-29,natural
41,CL,CLP,1079879,57,Media,,7546.0,salud,2026-01-10,natural
41,CL,CLP,1079879,57,Media,CARGO AUT PEAJE ANGOSTURA,2144.0,transporte,2026-10-11,cartola
41,CL,CLP,1079879,57,Media,renovación de disney plus,798.0,streaming,2026-05-06,natural
41,CL,CLP,1079879,57,Media,EDITORIAL SANTILLANA,2733.0,educacion,2026-05-14,cartola
41,CL,CLP,1079879,57,Media,BREAL PROPIEDADES,20970.0,vivienda,2026-06-04,cartola
41,CL,CLP,1079879,57,Media,TARJETA BIP!,1374.0,transporte,2026-09-05,cartola
41,CL,CLP,1079879,57,Media,ISAPRE BANMÉDICA,5083.0,salud,2026-05-20,cartola
41,CL,CLP,1079879,57,Media,gasto en emporio la rosa,3045.0,alimentacion,2026-11-14,natural
41,CL,CLP,1079879,57,Media,gasto en aguas de antofagasta,935.0,servicios,2026-06-25,natural
41,CL,CLP,1079879,57,Media,pago a estacionamiento saba,3591.0,transporte,2026-11-19,natural
41,CL,CLP,1079879,57,Media,gasto en peaje lateral,6500.0,transporte,2026-06-23,natural
41,CL,CLP,1079879,57,Media,,3863.0,servicios,2026-03-15,cartola
41,CL,CLP,1079879,57,Media,transferencia a ferretería prat,11036.0,vivienda,2026-12-17,natural
41,CL,CLP,1079879,57,Media,CLÍNICA SANTA MARÍA,1830.0,salud,2026-05-23,cartola
41,CL,CLP,1079879,57,Media,CARGO AUT MAX 7078,897.0,streaming,2026-04-22,cartola
41,CL,CLP,1079879,57,Media,IKEA CHILE,14799.0,vivienda,2026-07-25,cartola
41,CL,CLP,1079879,57,Media,transferencia a juan valdez,2550.0,alimentacion,2026-05-11,natural
41,CL,CLP,1079879,57,Media,AFRMACIAS SALCOBRAND,4610.0,salud,2026-04-20,cartola
41,CL,CLP,1079879,57,Media,pago a peaje melipilla,8426.0,transporte,2026-03-08,natural
41,CL,CLP,1079879,57,Media,COMPRA WEB NUEVOSUR,2104.0,servicios,2026-03-27,cartola
41,CL,CLP,1079879,57,Media,compra en unimarc,6758.0,alimentacion,2026-10-02,natural
41,CL,CLP,1079879,57,Media,compra en seguros sura,781.0,otros,2026-08-15,natural
41,CL,CLP,1079879,57,Media,compra en netflix chile,1848.0,ocio,2026-11-21,natural
41,CL,CLP,1079879,57,Media,POS TRX ESVAL,839.0,servicios,2026-01-10,cartola
41,CL,CLP,1079879,57,Media,SCHOPDOG,8947.0,alimentacion,2026-12-21,cartola
41,CL,CLP,1079879,57,Media,AUTOPISTA CENTRAL,1352.0,transporte,2026-10-15,cartola
41,CL,CLP,1079879,57,Media,gasto en ticketmaster chile,6782.0,ocio,2026-04-22,natural
41,CL,CLP,1079879,57,Media,DISNEY PLUS,15401.0,ocio,2026-01-24,cartola
41,CL,CLP,1079879,57,Media,IKEA CHILE,4026.0,vivienda,2026-10-18,cartola
41,CL,CLP,1079879,57,Media,cargo de paramount+,4167.0,streaming,2026-12-05,natural
41,CL,CLP,1079879,57,Media,ATM MAX 11/7,3317.0,streaming,2026-11-22,cartola
41,CL,CLP,1079879,57,Media,MADERAS ENCOFRADOS,2116.0,vivienda,2026-06-17,cartola
41,CL,CLP,1079879,57,Media,transferencia a pullman bus,3464.0,transporte,2026-04-19,natural
41,CL,CLP,1079879,57,Media,DECATHLON,4955.0,otros,2026-07-09,cartola
41,CL,CLP,1079879,57,Media,transferencia a reifschneider,22904.0,otros,2026-12-21,natural
41,CL,CLP,1079879,57,Media,AGUAS DE ANTOFAGASTA,14901.0,servicios,2026-07-15,cartola
41,CL,CLP,1079879,57,Media,NF* ENTEL FIBRA,10634.0,servicios,2026-02-02,cartola
41,CL,CLP,1079879,57,Media,CARGO AUT DR AHORRO,11803.0,salud,2026-07-24,cartola
41,CL,CLP,1079879,57,Media,LIBRERÍA SUBSUELO,3385.0,educacion,2026-11-08,cartola
41,CL,CLP,1079879,57,Media,gasto en yolito ferretería,5749.0,vivienda,2026-07-01,natural
41,CL,CLP,1079879,57,Media,pago a tommy beans,12098.0,alimentacion,2026-05-27,natural
41,CL,CLP,1079879,57,Media,cargo de apple music,2679.0,streaming,2026-09-25,natural
41,CL,CLP,1079879,57,Media,WEBPAY CONSTRUMART,17515.0,vivienda,2026-01-11,cartola
41,CL,CLP,1079879,57,Media,pago a aiep,2884.0,educacion,2026-03-11,natural
41,CL,CLP,1079879,57,Media,compra en vtr internet,4932.0,servicios,2026-09-13,natural
41,CL,CLP,1079879,57,Media,NF* KIDZANIA SANTIAGO,6639.0,ocio,2026-08-07,cartola
41,CL,CLP,1079879,57,Media,DIMEIGGS,16140.0,educacion,2026-10-24,cartola
41,CL,CLP,1079879,57,Media,EFE TRENES,1505.0,transporte,2026-12-28,cartola
41,CL,CLP,1079879,57,Media,compra en universidad del desarrollo udd,7357.0,educacion,2026-09-16,natural
41,CL,CLP,1079879,57,Media,compra en ikea chile,3948.0,vivienda,2026-01-03,natural
41,CL,CLP,1079879,57,Media,VESPUCIO SUR,1678.0,transporte,2026-03-25,cartola
41,CL,CLP,1079879,57,Media,AGUAS DE ANTOFAGASTA,8043.0,servicios,2026-06-05,cartola
41,CL,CLP,1079879,57,Media,pago a verdulería don lucho,4312.0,alimentacion,2026-05-31,natural
41,CL,CLP,1079879,57,Media,gasto en pastelería marmentini,5805.0,alimentacion,2026-06-25,natural
41,CL,CLP,1079879,57,Media,COLECTIVO LINEA 40,2093.0,transporte,2026-07-14,cartola
41,CL,CLP,1079879,57,Media,pago a librería nacional,3522.0,educacion,2026-04-17,natural
41,CL,CLP,1079879,57,Media,IMPERIAL,5155.0,vivienda,2026-05-14,cartola
41,CL,CLP,1079879,57,Media,compra en teatro caupolicán,2785.0,ocio,2026-10-03,natural
41,CL,CLP,1079879,57,Media,FONASA,1187.0,salud,2026-12-18,cartola
41,CL,CLP,1079879,57,Media,REDSALUD,17498.0,salud,2026-06-04,cartola
41,CL,CLP,1079879,57,Media,CARGO AUT YOUTUBE PREMIUM 5984,3844.0,streaming,2026-10-04,cartola
41,CL,CLP,1079879,57,Media,compra en pullman bus,7105.0,transporte,2026-08-24,natural
41,CL,CLP,1079879,57,Media,,2841.0,streaming,2026-08-28,cartola
41,CL,CLP,1079879,57,Media,EDITORIAL SANTILLANA,2354.0,educacion,2026-01-13,cartola
41,CL,CLP,1079879,57,Media,ATM PRONTO COPEC,2806.0,alimentacion,2026-12-08,cartola
41,CL,CLP,1079879,57,Media,NF* ENEL DISTRIBUCIÓN,2824.0,servicios,2026-02-04,cartola
41,CL,CLP,1079879,57,Media,gasto en redfarma,4216.0,salud,2026-02-16,natural
41,CL,CLP,1079879,57,Media,cargo de amazon prime,4208.0,streaming,2026-08-02,natural
41,CL,CLP,1079879,57,Media,ESTACIONAMIENTO MALL CENTER,3689.0,transporte,2026-05-26,cartola
41,CL,CLP,1079879,57,Media,MADERAS ENCOFRADOS,777.0,vivienda,2026-06-08,cartola
41,CL,CLP,1079879,57,Media,transferencia a ticketmaster chile,3678.0,ocio,2026-05-05,natural
42,CL,CLP,1897527,30,Baja,compra en gimnasio sportlife,3759.0,ocio,2026-02-08,natural
42,CL,CLP,1897527,30,Baja,compra en esval,9186.0,servicios,2026-06-17,natural
42,CL,CLP,1897527,30,Baja,LIBRERÍA EL SEMBRADOR,21480.0,educacion,2026-02-11,cartola
42,CL,CLP,1897527,30,Baja,pago a ferretería el candado,6176.0,vivienda,2026-04-14,natural
42,CL,CLP,1897527,30,Baja,gasto en farmacias ahumada,15168.0,salud,2026-11-29,natural
42,CL,CLP,1897527,30,Baja,RAPPI,25152.0,alimentacion,2026-07-23,cartola
42,CL,CLP,1897527,30,Baja,JUMBO,2929.0,alimentacion,2026-01-08,cartola
42,CL,CLP,1897527,30,Baja,compra en claro hogar,19781.0,servicios,2026-10-09,natural
42,CL,CLP,1897527,30,Baja,GTD MANQUEHUE,17020.0,servicios,2026-02-12,cartola
42,CL,CLP,1897527,30,Baja,AUTOPISTA VESPUCIO ORIENTE AVO,5306.0,transporte,2026-04-20,cartola
42,CL,CLP,1897527,30,Baja,pago a paris deco,54777.0,vivienda,2026-07-29,natural
42,CL,CLP,1897527,30,Baja,gasto en santa isabel,3660.0,alimentacion,2026-08-25,natural
42,CL,CLP,1897527,30,Baja,pago a autopista central,3534.0,transporte,2026-12-22,natural
42,CL,CLP,1897527,30,Baja,transferencia a passline,17780.0,ocio,2026-11-15,natural
42,CL,CLP,1897527,30,Baja,pago a casaideas,6854.0,vivienda,2026-02-18,natural
42,CL,CLP,1897527,30,Baja,DUNKIN DONUTS,4827.0,alimentacion,2026-04-25,cartola
42,CL,CLP,1897527,30,Baja,gasto en pronto copec,2365.0,alimentacion,2026-06-04,natural
42,CL,CLP,1897527,30,Baja,PAC COMUNIDADFELIZ GASTOS COMUNES,17420.0,vivienda,2026-05-17,cartola
42,CL,CLP,1897527,30,Baja,transferencia a peaje melipilla,18546.0,transporte,2026-06-16,natural
42,CL,CLP,1897527,30,Baja,renovación de paramount+,10046.0,streaming,2026-11-17,natural
42,CL,CLP,1897527,30,Baja,SUC. MAX 5412,37900.0,streaming,2026-07-18,cartola
42,CL,CLP,1897527,30,Baja,PAC PARAMOUNT+ 8287,4602.0,streaming,2026-03-12,cartola
42,CL,CLP,1897527,30,Baja,ISAPRE CRUZ BLANCA,2980.0,salud,2026-01-07,cartola
42,CL,CLP,1897527,30,Baja,LIPIGAS,13598.0,servicios,2026-07-19,cartola
42,CL,CLP,1897527,30,Baja,TELEPIZZA,17070.0,alimentacion,2026-12-02,cartola
42,CL,CLP,1897527,30,Baja,CINEMARK,3062.0,ocio,2026-03-08,cartola
42,CL,CLP,1897527,30,Baja,gasto en servipag cuentas,958.0,servicios,2026-05-18,natural
42,CL,CLP,1897527,30,Baja,suscripción a youtube premium,19990.0,streaming,2026-08-30,natural
42,CL,CLP,1897527,30,Baja,,45074.0,alimentacion,2026-08-01,cartola
42,CL,CLP,1897527,30,Baja,FARMACIAS KNOP,12434.0,salud,2026-06-30,cartola
42,CL,CLP,1897527,30,Baja,gasto en claro hogar,3912.0,servicios,2026-09-11,natural
42,CL,CLP,1897527,30,Baja,FARMACIAS CRUZ VERDE,68564.0,salud,2026-04-11,cartola
42,CL,CLP,1897527,30,Baja,gasto en botillería el faro,26887.0,alimentacion,2026-12-17,natural
42,CL,CLP,1897527,30,Baja,,8656.0,streaming,2026-03-28,natural
42,CL,CLP,1897527,30,Baja,pago a lipigas,20967.0,servicios,2026-07-04,natural
42,CL,CLP,1897527,30,Baja,compra en movistar hogar,20331.0,servicios,2026-04-01,natural
42,CL,CLP,1897527,30,Baja,PEAJE ANGOSTURA,32810.0,transporte,2026-09-05,cartola
42,CL,CLP,1897527,30,Baja,ALMACÉN DOÑA JUANA,22092.0,alimentacion,2026-08-02,cartola
42,CL,CLP,1897527,30,Baja,VTR INTERNET,12401.0,servicios,2026-12-25,cartola
42,CL,CLP,1897527,30,Baja,compra en turbus,11294.0,transporte,2026-09-06,natural
42,CL,CLP,1897527,30,Baja,POS TRX NETFLIX 9760,7570.0,streaming,2026-05-06,cartola
42,CL,CLP,1897527,30,Baja,gasto en ripley,11834.0,otros,2026-01-04,natural
42,CL,CLP,1897527,30,Baja,compra en metro de santiago,19057.0,transporte,2026-03-29,natural
42,CL,CLP,1897527,30,Baja,FARMACIAS SALCOBRAND,41759.0,salud,2026-05-31,cartola
42,CL,CLP,1897527,30,Baja,transferencia a lipigas,7568.0,servicios,2026-06-25,natural
42,CL,CLP,1897527,30,Baja,gasto en costanera norte,10245.0,transporte,2026-07-30,natural
42,CL,CLP,1897527,30,Baja,compra en clínica alemana,7071.0,salud,2026-09-16,natural
42,CL,CLP,1897527,30,Baja,SERVIPAG CUENTAS,13268.0,servicios,2026-04-01,cartola
42,CL,CLP,1897527,30,Baja,NF* PARAMOUNT+ 9163,11945.0,streaming,2026-09-16,cartola
42,CL,CLP,1897527,30,Baja,compra en zurich chile,1202.0,otros,2026-03-22,natural
42,CL,CLP,1897527,30,Baja,compra en casaideas,9362.0,vivienda,2026-05-18,natural
42,CL,CLP,1897527,30,Baja,REIFSCHNEIDER,1113.0,otros,2026-12-16,cartola
42,CL,CLP,1897527,30,Baja,compra en pedidosya,625.0,alimentacion,2026-12-22,natural
42,CL,CLP,1897527,30,Baja,TARJETA CENCOSUD,18823.0,otros,2026-11-05,cartola
42,CL,CLP,1897527,30,Baja,compra en buffalo waffles,3596.0,alimentacion,2026-12-09,natural
42,CL,CLP,1897527,30,Baja,GASCO,5005.0,servicios,2026-08-18,cartola
42,CL,CLP,1897527,30,Baja,CLÍNICA UNIVERSIDAD DE LOS ANDES,796.0,salud,2026-12-11,cartola
42,CL,CLP,1897527,30,Baja,FONASA,2377.0,salud,2026-11-06,cartola
42,CL,CLP,1897527,30,Baja,gasto en melt pizzas,17434.0,alimentacion,2026-01-20,natural
42,CL,CLP,1897527,30,Baja,,8175.0,ocio,2026-02-18,natural
42,CL,CLP,1897527,30,Baja,gasto en easy,25546.0,vivienda,2026-05-15,natural
42,CL,CLP,1897527,30,Baja,ADMINISTRACIÓN JARDINES DE MAIPÚ,6083.0,vivienda,2026-01-29,cartola
42,CL,CLP,1897527,30,Baja,JUAN VALDEZ,3761.0,alimentacion,2026-02-17,cartola
42,CL,CLP,1897527,30,Baja,compra en pedidosya,5132.0,alimentacion,2026-09-26,natural
42,CL,CLP,1897527,30,Baja,gasto en clínica alemana,14991.0,salud,2026-01-03,natural
42,CL,CLP,1897527,30,Baja,ISAPRE CRUZ BLANCA,9730.0,salud,2026-09-15,cartola
42,CL,CLP,1897527,30,Baja,GASCO,28185.0,servicios,2026-01-16,cartola
42,CL,CLP,1897527,30,Baja,compra en sibaritas 87,11076.0,alimentacion,2026-04-04,natural
42,CL,CLP,1897527,30,Baja,compra en chilena consolidada,8163.0,otros,2026-12-24,natural
42,CL,CLP,1897527,30,Baja,TER* IMPERIAL,18514.0,vivienda,2026-05-14,cartola
42,CL,CLP,1897527,30,Baja,transferencia a chilquinta,35421.0,servicios,2026-10-28,natural
42,CL,CLP,1897527,30,Baja,ALQUILER PROPIEDADES CHILE,5285.0,vivienda,2026-11-23,cartola
42,CL,CLP,1897527,30,Baja,pago a almacén de barrio,3455.0,alimentacion,2026-05-13,natural
42,CL,CLP,1897527,30,Baja,compra en unimarc,11508.0,alimentacion,2026-11-08,natural
42,CL,CLP,1897527,30,Baja,METROGAS,8303.0,servicios,2026-02-01,cartola
42,CL,CLP,1897527,30,Baja,transferencia a kfc,54400.0,alimentacion,2026-11-01,natural
42,CL,CLP,1897527,30,Baja,transferencia a turbus,7457.0,transporte,2026-09-26,natural
42,CL,CLP,1897527,30,Baja,ESSBIO,928.0,servicios,2026-01-25,cartola
42,CL,CLP,1897527,30,Baja,AUTOPISTA CENTRAL,45526.0,transporte,2026-11-12,cartola
42,CL,CLP,1897527,30,Baja,CONDOVIVE COPROPIEDAD,22295.0,vivienda,2026-02-28,cartola
42,CL,CLP,1897527,30,Baja,compra en wom fibra,2359.0,servicios,2026-08-01,natural
42,CL,CLP,1897527,30,Baja,COMPRA WEB SPOTIFY 6249,28237.0,streaming,2026-06-05,cartola
42,CL,CLP,1897527,30,Baja,gasto en kfc,5005.0,alimentacion,2026-11-10,natural
42,CL,CLP,1897527,30,Baja,transferencia a universidad san sebastián uss,5689.0,educacion,2026-10-03,natural
42,CL,CLP,1897527,30,Baja,GTD MANQUEHUE,28464.0,servicios,2026-07-29,cartola
42,CL,CLP,1897527,30,Baja,pago a clínica alemana,9076.0,salud,2026-02-26,natural
42,CL,CLP,1897527,30,Baja,ATM AMAZON PRIME VIDEO,1781.0,ocio,2026-07-04,cartola
42,CL,CLP,1897527,30,Baja,SPACIO1 PETROBRAS,5534.0,alimentacion,2026-02-23,cartola
42,CL,CLP,1897527,30,Baja,compra en telepizza,15388.0,alimentacion,2026-07-28,natural
42,CL,CLP,1897527,30,Baja,ENTEL FIBRA,2300.0,servicios,2026-12-08,cartola
42,CL,CLP,1897527,30,Baja,compra en maderas encofrados,10721.0,vivienda,2026-10-20,natural
42,CL,CLP,1897527,30,Baja,,14280.0,alimentacion,2026-12-06,natural
42,CL,CLP,1897527,30,Baja,compra en farmacias knop,5064.0,salud,2026-10-31,natural
42,CL,CLP,1897527,30,Baja,pago a tommy beans,14226.0,alimentacion,2026-09-09,natural
42,CL,CLP,1897527,30,Baja,transferencia a carls jr,25908.0,alimentacion,2026-10-31,natural
42,CL,CLP,1897527,30,Baja,CHILQUINTA,7677.0,servicios,2026-04-22,cartola
42,CL,CLP,1897527,30,Baja,ESVAL,5801.0,servicios,2026-01-06,cartola
42,CL,CLP,1897527,30,Baja,VTR INTERNET,3476.0,servicios,2026-07-10,cartola
42,CL,CLP,1897527,30,Baja,transferencia a ruta del maipo,11138.0,transporte,2026-11-30,natural
42,CL,CLP,1897527,30,Baja,renovación de hbo max,25464.0,streaming,2026-10-06,natural
42,CL,CLP,1897527,30,Baja,transferencia a clínica santa maría,4717.0,salud,2026-12-06,natural
42,CL,CLP,1897527,30,Baja,CARLS JR,6063.0,alimentacion,2026-01-13,cartola
42,CL,CLP,1897527,30,Baja,RUTA DEL MAIPO,6272.0,transporte,2026-10-30,cartola
42,CL,CLP,1897527,30,Baja,LPIIGAS,9888.0,servicios,2026-02-13,cartola
42,CL,CLP,1897527,30,Baja,pago a librería el sembrador,3116.0,educacion,2026-04-15,natural
42,CL,CLP,1897527,30,Baja,COMPRA WEB CINEPLANET,20755.0,ocio,2026-06-09,cartola
42,CL,CLP,1897527,30,Baja,PAGO TC PINTURAS SHERWIN WILLIAMS,4211.0,vivienda,2026-06-03,cartola
42,CL,CLP,1897527,30,Baja,COPROPIETARIOS EDIFICIO EL GOLF,14685.0,vivienda,2026-08-30,cartola
42,CL,CLP,1897527,30,Baja,OK MARKET,8651.0,alimentacion,2026-06-30,cartola
42,CL,CLP,1897527,30,Baja,PAPA JOHNS,10595.0,alimentacion,2026-01-14,cartola
42,CL,CLP,1897527,30,Baja,COLEGIO SAINT GEORGE,2379.0,educacion,2026-06-29,cartola
42,CL,CLP,1897527,30,Baja,EMPORIO LA ROSA,15960.0,alimentacion,2026-10-19,cartola
42,CL,CLP,1897527,30,Baja,CARGO AUT PINTURAS SHERWIN WILLIAMS,2512.0,vivienda,2026-09-21,cartola
42,CL,CLP,1897527,30,Baja,gasto en mapfre,1447.0,otros,2026-06-17,natural
42,CL,CLP,1897527,30,Baja,EDIPRO EDIFICIO,9507.0,vivienda,2026-08-02,cartola
42,CL,CLP,1897527,30,Baja,pago a ruta del itata,14846.0,transporte,2026-05-30,natural
42,CL,CLP,1897527,30,Baja,gasto en laboratorio bionet,617.0,salud,2026-01-16,natural
42,CL,CLP,1897527,30,Baja,COMPRA WEB PRONTO COPEC,864.0,alimentacion,2026-04-01,cartola
42,CL,CLP,1897527,30,Baja,suscripción a hbo max,19503.0,streaming,2026-04-30,natural
42,CL,CLP,1897527,30,Baja,ESSBIO,19896.0,servicios,2026-09-10,cartola
42,CL,CLP,1897527,30,Baja,transferencia a entel fibra,3382.0,servicios,2026-03-01,natural
42,CL,CLP,1897527,30,Baja,pago a copropietarios edificio el golf,11478.0,vivienda,2026-09-23,natural
42,CL,CLP,1897527,30,Baja,gasto en pizza hut,7036.0,alimentacion,2026-01-31,natural
43,CL,CLP,1242139,64,Baja,pago a ticketmaster chile,3628.0,ocio,2026-03-09,natural
43,CL,CLP,1242139,64,Baja,PULLMAN BUS,46121.0,transporte,2026-10-05,cartola
43,CL,CLP,1242139,64,Baja,gasto en ferretería el candado,787.0,vivienda,2026-02-09,natural
43,CL,CLP,1242139,64,Baja,compra en easy,10816.0,vivienda,2026-04-19,natural
43,CL,CLP,1242139,64,Baja,ESSBIO,5932.0,servicios,2026-03-15,cartola
43,CL,CLP,1242139,64,Baja,BAR EL BARISTA,5903.0,ocio,2026-03-07,cartola
43,CL,CLP,1242139,64,Baja,LIBRERÍA SUBSUELO,6104.0,educacion,2026-06-17,cartola
43,CL,CLP,1242139,64,Baja,LIBRERÍA QUÉ LEO,2986.0,educacion,2026-09-19,cartola
43,CL,CLP,1242139,64,Baja,NF* LIDER,12543.0,alimentacion,2026-10-01,cartola
43,CL,CLP,1242139,64,Baja,WOM FIBRA,12756.0,servicios,2026-12-03,cartola
43,CL,CLP,1242139,64,Baja,gasto en sodimac homecenter,3311.0,vivienda,2026-12-24,natural
43,CL,CLP,1242139,64,Baja,gasto en pizza hut,17995.0,alimentacion,2026-08-25,natural
43,CL,CLP,1242139,64,Baja,PASSLINE,3801.0,ocio,2026-08-03,cartola
43,CL,CLP,1242139,64,Baja,transferencia a peaje zapata,12883.0,transporte,2026-10-13,natural
43,CL,CLP,1242139,64,Baja,pago a peaje zapata,1287.0,transporte,2026-05-29,natural
43,CL,CLP,1242139,64,Baja,AMAZON PRIME VIDEO,1843.0,ocio,2026-11-14,cartola
43,CL,CLP,1242139,64,Baja,compra en tarjeta cencosud,3786.0,otros,2026-04-17,natural
43,CL,CLP,1242139,64,Baja,gasto en isapre banmédica,8990.0,salud,2026-05-21,natural
43,CL,CLP,1242139,64,Baja,cargo de crunchyroll,10347.0,streaming,2026-03-17,natural
43,CL,CLP,1242139,64,Baja,pago a pedidosya,5036.0,alimentacion,2026-01-09,natural
43,CL,CLP,1242139,64,Baja,ALQUILER PROPIEDADES CHILE,808.0,vivienda,2026-07-15,cartola
43,CL,CLP,1242139,64,Baja,compra en isapre cruz blanca,4667.0,salud,2026-10-22,natural
43,CL,CLP,1242139,64,Baja,PEAJE TRONCAL LAMPA,11645.0,transporte,2026-10-07,cartola
43,CL,CLP,1242139,64,Baja,DECATHLON,11091.0,otros,2026-04-28,cartola
43,CL,CLP,1242139,64,Baja,pago a schopdog,1742.0,alimentacion,2026-10-17,natural
43,CL,CLP,1242139,64,Baja,YOLITO FERRETERÍA,560.0,vivienda,2026-12-01,cartola
43,CL,CLP,1242139,64,Baja,ISAPRE CRUZ BLANCA,13950.0,salud,2026-11-02,cartola
43,CL,CLP,1242139,64,Baja,compra en clínica dávila,1122.0,salud,2026-02-20,natural
43,CL,CLP,1242139,64,Baja,SUB*ALQUILER PROPIEDADES CHILE,857.0,vivienda,2026-02-21,cartola
43,CL,CLP,1242139,64,Baja,CARGO AUT CLÍNICA DENTAL CUMBRE,1133.0,salud,2026-06-16,cartola
43,CL,CLP,1242139,64,Baja,SUB*APPLE MUSIC 6906,5654.0,streaming,2026-01-08,cartola
43,CL,CLP,1242139,64,Baja,transferencia a estacionamiento mall center,6981.0,transporte,2026-02-14,natural
43,CL,CLP,1242139,64,Baja,MAYORISTA 10,10128.0,alimentacion,2026-12-10,cartola
43,CL,CLP,1242139,64,Baja,gasto en peaje angostura,3502.0,transporte,2026-09-02,natural
43,CL,CLP,1242139,64,Baja,gasto en antártica libros,12364.0,educacion,2026-10-11,natural
43,CL,CLP,1242139,64,Baja,cargo de apple music,1851.0,streaming,2026-04-17,natural
43,CL,CLP,1242139,64,Baja,gasto en enel distribución,17796.0,servicios,2026-01-27,natural
43,CL,CLP,1242139,64,Baja,,8463.0,alimentacion,2026-07-12,natural
43,CL,CLP,1242139,64,Baja,gasto en cory,8748.0,alimentacion,2026-12-03,natural
43,CL,CLP,1242139,64,Baja,CLUB DE BAILE,2349.0,ocio,2026-12-23,cartola
43,CL,CLP,1242139,64,Baja,cargo de amazon prime,768.0,streaming,2026-03-03,natural
43,CL,CLP,1242139,64,Baja,pago a pastelería marmentini,6235.0,alimentacion,2026-03-03,natural
43,CL,CLP,1242139,64,Baja,pago a petrobras,9539.0,transporte,2026-10-09,natural
43,CL,CLP,1242139,64,Baja,LIPIGAS,996.0,servicios,2026-05-01,cartola
43,CL,CLP,1242139,64,Baja,CLÍNICA INDISA,29995.0,salud,2026-10-07,cartola
43,CL,CLP,1242139,64,Baja,CLÍNICA ALEMANA,39238.0,salud,2026-02-08,cartola
43,CL,CLP,1242139,64,Baja,IMPERIAL,7866.0,vivienda,2026-10-04,cartola
43,CL,CLP,1242139,64,Baja,,29901.0,alimentacion,2026-04-04,natural
43,CL,CLP,1242139,64,Baja,COPEC,1973.0,transporte,2026-04-25,cartola
43,CL,CLP,1242139,64,Baja,PEDRO JUAN Y DIEGO,1187.0,alimentacion,2026-05-01,cartola
43,CL,CLP,1242139,64,Baja,KASTOR GASTOS COMUNES,1024.0,vivienda,2026-06-12,cartola
43,CL,CLP,1242139,64,Baja,ZARA CHILE,8835.0,otros,2026-10-02,cartola
43,CL,CLP,1242139,64,Baja,EMPORIO LA ROSA,635.0,alimentacion,2026-06-25,cartola
43,CL,CLP,1242139,64,Baja,compra en clínica bupa,31757.0,salud,2026-12-03,natural
43,CL,CLP,1242139,64,Baja,compra en easy,1527.0,vivienda,2026-11-20,natural
43,CL,CLP,1242139,64,Baja,gasto en smart fit,3626.0,ocio,2026-06-22,natural
43,CL,CLP,1242139,64,Baja,compra en alvi,17248.0,alimentacion,2026-10-02,natural
43,CL,CLP,1242139,64,Baja,pago a ferretería prat,2463.0,vivienda,2026-03-05,natural
43,CL,CLP,1242139,64,Baja,pago a gtd manquehue,2777.0,servicios,2026-04-11,natural
43,CL,CLP,1242139,64,Baja,PACIFIC FITNESS,10257.0,ocio,2026-11-18,cartola
43,CL,CLP,1242139,64,Baja,PAC RAPPI,3223.0,alimentacion,2026-03-07,cartola
43,CL,CLP,1242139,64,Baja,LA POLAR,2446.0,otros,2026-11-27,cartola
43,CL,CLP,1242139,64,Baja,compra en abastible,2926.0,servicios,2026-02-14,natural
43,CL,CLP,1242139,64,Baja,AGUAS DEL ALTIPLANO,6730.0,servicios,2026-03-28,cartola
43,CL,CLP,1242139,64,Baja,RUTA 68,33764.0,transporte,2026-03-08,cartola
43,CL,CLP,1242139,64,Baja,DUNKIN DONUTS,17810.0,alimentacion,2026-09-16,cartola
43,CL,CLP,1242139,64,Baja,SIBARITAS 87,3341.0,alimentacion,2026-07-24,cartola
43,CL,CLP,1242139,64,Baja,pago a vespucio norte,4505.0,transporte,2026-06-27,natural
43,CL,CLP,1242139,64,Baja,COMPRA WEB SAESA,6231.0,servicios,2026-10-07,cartola
43,CL,CLP,1242139,64,Baja,CHILENA CONSOLIDADA,38509.0,otros,2026-12-10,cartola
43,CL,CLP,1242139,64,Baja,compra en isapre banmédica,1888.0,salud,2026-01-17,natural
43,CL,CLP,1242139,64,Baja,suscripción a spotify,4413.0,streaming,2026-10-23,natural
43,CL,CLP,1242139,64,Baja,PEAJE LATERAL,13042.0,transporte,2026-07-21,cartola
43,CL,CLP,1242139,64,Baja,TER* METRO DE SANTIAGO,33149.0,transporte,2026-06-21,cartola
43,CL,CLP,1242139,64,Baja,KFC,1688.0,alimentacion,2026-09-19,cartola
43,CL,CLP,1242139,64,Baja,gasto en turbus,2574.0,transporte,2026-07-13,natural
43,CL,CLP,1242139,64,Baja,DIDI TAXI,2552.0,transporte,2026-05-29,cartola
43,CL,CLP,1242139,64,Baja,AUTOPISTA CENTRAL,874.0,transporte,2026-02-04,cartola
43,CL,CLP,1242139,64,Baja,CARGO AUT CONDOVIVE COPROPIEDAD,9245.0,vivienda,2026-01-29,cartola
43,CL,CLP,1242139,64,Baja,gasto en disney plus,11082.0,ocio,2026-09-20,natural
43,CL,CLP,1242139,64,Baja,pago mensual de apple music,9205.0,streaming,2026-08-09,natural
43,CL,CLP,1242139,64,Baja,gasto en ferretería el candado,738.0,vivienda,2026-02-22,natural
43,CL,CLP,1242139,64,Baja,KASTOR GASTOS COMUNES,716.0,vivienda,2026-10-06,cartola
43,CL,CLP,1242139,64,Baja,TURBUS,2357.0,transporte,2026-12-19,cartola
43,CL,CLP,1242139,64,Baja,CLÍNICA ALEMANA,3421.0,salud,2026-03-17,cartola
43,CL,CLP,1242139,64,Baja,COMPRA WEB DISNEY PLUS 9370,15407.0,streaming,2026-06-25,cartola
43,CL,CLP,1242139,64,Baja,WEBPAY GTD MANQUEHUE,1732.0,servicios,2026-01-10,cartola
43,CL,CLP,1242139,64,Baja,FARMACIAS DEL DR SIMI,616.0,salud,2026-10-07,cartola
43,CL,CLP,1242139,64,Baja,gasto en alvi,4997.0,alimentacion,2026-08-06,natural
43,CL,CLP,1242139,64,Baja,pago a dr ahorro,5373.0,salud,2026-06-24,natural
43,CL,CLP,1242139,64,Baja,transferencia a pinturas sherwin williams,5981.0,vivienda,2026-08-22,natural
43,CL,CLP,1242139,64,Baja,gasto en universidad de chile,17498.0,educacion,2026-09-09,natural
43,CL,CLP,1242139,64,Baja,TOMMY BEANS,1029.0,alimentacion,2026-10-22,cartola
43,CL,CLP,1242139,64,Baja,pago a farmacias del dr simi,12144.0,salud,2026-11-18,natural
43,CL,CLP,1242139,64,Baja,PETROBRAS,4114.0,transporte,2026-01-06,cartola
43,CL,CLP,1242139,64,Baja,SUC. PASSLINE,3702.0,ocio,2026-01-21,cartola
43,CL,CLP,1242139,64,Baja,PEAJE MELIPILLA,26900.0,transporte,2026-03-14,cartola
43,CL,CLP,1242139,64,Baja,transferencia a breal propiedades,2850.0,vivienda,2026-11-26,natural
43,CL,CLP,1242139,64,Baja,POS TRX COPROPIETARIOS EDIFICIO EL GOLF,10263.0,vivienda,2026-02-05,cartola
43,CL,CLP,1242139,64,Baja,pago a yolito ferretería,3210.0,vivienda,2026-08-21,natural
43,CL,CLP,1242139,64,Baja,cargo de spotify,7059.0,streaming,2026-08-04,natural
43,CL,CLP,1242139,64,Baja,compra en mundo pacífico,15395.0,servicios,2026-07-25,natural
43,CL,CLP,1242139,64,Baja,pago a lipigas,21297.0,servicios,2026-02-13,natural
43,CL,CLP,1242139,64,Baja,SUPERBODEGA ACUENTA,18202.0,alimentacion,2026-04-01,cartola
43,CL,CLP,1242139,64,Baja,VERDULERÍA DON LUCHO,8707.0,alimentacion,2026-11-12,cartola
43,CL,CLP,1242139,64,Baja,cargo de amazon prime,2854.0,streaming,2026-04-03,natural
43,CL,CLP,1242139,64,Baja,compra en caja vecina almacen,10799.0,otros,2026-12-05,natural
43,CL,CLP,1242139,64,Baja,pago a ok market,12347.0,alimentacion,2026-03-24,natural
43,CL,CLP,1242139,64,Baja,transferencia a ripley,832.0,otros,2026-10-09,natural
43,CL,CLP,1242139,64,Baja,CASAIDEAS,5771.0,vivienda,2026-01-21,cartola
43,CL,CLP,1242139,64,Baja,ATM RUTA DEL ITATA,18489.0,transporte,2026-08-16,cartola
43,CL,CLP,1242139,64,Baja,LIBRERÍA SUBSUELO,6710.0,educacion,2026-05-10,cartola
43,CL,CLP,1242139,64,Baja,pago a clínica bupa,3722.0,salud,2026-06-24,natural
43,CL,CLP,1242139,64,Baja,,20493.0,vivienda,2026-04-18,natural
43,CL,CLP,1242139,64,Baja,compra en fonasa,1691.0,salud,2026-10-10,natural
43,CL,CLP,1242139,64,Baja,transferencia a unimarc,2307.0,alimentacion,2026-03-12,natural
43,CL,CLP,1242139,64,Baja,EDIPRO EDIFICIO,11600.0,vivienda,2026-02-19,cartola
43,CL,CLP,1242139,64,Baja,pago a burger king,4335.0,alimentacion,2026-04-05,natural
43,CL,CLP,1242139,64,Baja,TER* DIDI TAXI,12454.0,transporte,2026-10-06,cartola
43,CL,CLP,1242139,64,Baja,compra en autopista del sol,1712.0,transporte,2026-12-03,natural
43,CL,CLP,1242139,64,Baja,SUB*CRUNCHYROLL 1555,2900.0,streaming,2026-05-12,cartola
43,CL,CLP,1242139,64,Baja,PIZZA HUT,1700.0,alimentacion,2026-10-03,cartola
43,CL,CLP,1242139,64,Baja,transferencia a kastor gastos comunes,30486.0,vivienda,2026-01-13,natural
43,CL,CLP,1242139,64,Baja,compra en uber chile,5187.0,transporte,2026-01-03,natural
43,CL,CLP,1242139,64,Baja,gasto en vtr internet,4104.0,servicios,2026-08-12,natural
43,CL,CLP,1242139,64,Baja,EMPORIO LA ROSA,674.0,alimentacion,2026-03-31,cartola
43,CL,CLP,1242139,64,Baja,compra en jumbo,1662.0,alimentacion,2026-08-29,natural
43,CL,CLP,1242139,64,Baja,ALMACÉN DE BARRIO,5454.0,alimentacion,2026-02-04,cartola
43,CL,CLP,1242139,64,Baja,compra en max hbo,708.0,ocio,2026-01-14,natural
43,CL,CLP,1242139,64,Baja,compra en disney plus,7132.0,ocio,2026-07-14,natural
44,CL,CLP,1426075,45,Media,compra en mundo pacífico,3864.0,servicios,2026-06-14,natural
44,CL,CLP,1426075,45,Media,FERRETERÍA EL CANDADO,14656.0,vivienda,2026-08-03,cartola
44,CL,CLP,1426075,45,Media,PAC PONTIFICIA UNIVERSIDAD CATÓLICA,2331.0,educacion,2026-03-12,cartola
44,CL,CLP,1426075,45,Media,gasto en essbio,23178.0,servicios,2026-07-23,natural
44,CL,CLP,1426075,45,Media,pago a saesa,7443.0,servicios,2026-06-02,natural
44,CL,CLP,1426075,45,Media,JUAN MAESTRO,1223.0,alimentacion,2026-03-08,cartola
44,CL,CLP,1426075,45,Media,compra en fuente suiza,5151.0,alimentacion,2026-03-31,natural
44,CL,CLP,1426075,45,Media,EASY,2329.0,vivienda,2026-09-17,cartola
44,CL,CLP,1426075,45,Media,transferencia a wom fibra,2240.0,servicios,2026-12-28,natural
44,CL,CLP,1426075,45,Media,compra en cge distribución,7099.0,servicios,2026-08-16,natural
44,CL,CLP,1426075,45,Media,compra en autopista central,11206.0,transporte,2026-03-20,natural
44,CL,CLP,1426075,45,Media,EFE TRENES,24396.0,transporte,2026-04-06,cartola
44,CL,CLP,1426075,45,Media,compra en aguas del altiplano,7014.0,servicios,2026-12-15,natural
44,CL,CLP,1426075,45,Media,transferencia a dunkin donuts,33955.0,alimentacion,2026-11-26,natural
44,CL,CLP,1426075,45,Media,TURBUS,28569.0,transporte,2026-09-03,cartola
44,CL,CLP,1426075,45,Media,cargo de max,20141.0,streaming,2026-09-29,natural
44,CL,CLP,1426075,45,Media,ISAPRE BANMÉDICA,6970.0,salud,2026-06-06,cartola
44,CL,CLP,1426075,45,Media,compra en spacio1 pertobras,1527.0,alimentacion,2026-04-26,natural
44,CL,CLP,1426075,45,Media,compra en pinturas sherwin williams,2471.0,vivienda,2026-01-18,natural
44,CL,CLP,1426075,45,Media,gasto en farmacias knop,10490.0,salud,2026-06-21,natural
44,CL,CLP,1426075,45,Media,INSTITUTO PROFESIONAL SANTO TOMÁS,5508.0,educacion,2026-01-16,cartola
44,CL,CLP,1426075,45,Media,PACIFIC FITNESS,1596.0,ocio,2026-08-28,cartola
44,CL,CLP,1426075,45,Media,pago a clínica alemana,6556.0,salud,2026-02-25,natural
44,CL,CLP,1426075,45,Media,FARMACIAS CRUZ VERDE,1090.0,salud,2026-04-13,cartola
44,CL,CLP,1426075,45,Media,transferencia a peaje melipilla,13312.0,transporte,2026-10-11,natural
44,CL,CLP,1426075,45,Media,GTD MANQUEHUE,769.0,servicios,2026-07-12,cartola
44,CL,CLP,1426075,45,Media,PUNTOTICKET,9974.0,ocio,2026-01-05,cartola
44,CL,CLP,1426075,45,Media,gasto en alquiler propiedades chile,15839.0,vivienda,2026-04-16,natural
44,CL,CLP,1426075,45,Media,pago a librería subsuelo,1431.0,educacion,2026-10-05,natural
44,CL,CLP,1426075,45,Media,BOTILLERÍA EL FARO,7352.0,alimentacion,2026-04-10,cartola
44,CL,CLP,1426075,45,Media,ESTACIONAMIENTO MALL CENTER,15183.0,transporte,2026-08-26,cartola
44,CL,CLP,1426075,45,Media,SHELL,3036.0,transporte,2026-09-26,cartola
44,CL,CLP,1426075,45,Media,LIPIGAS,1788.0,servicios,2026-11-17,cartola
44,CL,CLP,1426075,45,Media,FUENTE ALEMANA,4130.0,alimentacion,2026-03-27,cartola
44,CL,CLP,1426075,45,Media,CLÍNICA BUPA,8135.0,salud,2026-11-16,cartola
44,CL,CLP,1426075,45,Media,FANTASILANDIA,8611.0,ocio,2026-02-01,cartola
44,CL,CLP,1426075,45,Media,compra en vespucio sur,1411.0,transporte,2026-12-02,natural
44,CL,CLP,1426075,45,Media,transferencia a dr ahorro,6151.0,salud,2026-02-20,natural
44,CL,CLP,1426075,45,Media,transferencia a autopista del sol,3141.0,transporte,2026-03-20,natural
44,CL,CLP,1426075,45,Media,TAVELLI,18556.0,alimentacion,2026-07-05,cartola
44,CL,CLP,1426075,45,Media,compra en eco farmacias,3784.0,salud,2026-06-23,natural
44,CL,CLP,1426075,45,Media,compra en mercado libre,18347.0,otros,2026-04-16,natural
44,CL,CLP,1426075,45,Media,MADERAS ENCOFRADOS,5627.0,vivienda,2026-03-04,cartola
44,CL,CLP,1426075,45,Media,MOVISTAR ARENA,13040.0,ocio,2026-03-17,cartola
44,CL,CLP,1426075,45,Media,CARGO AUT DOMINÓ,7174.0,alimentacion,2026-11-12,cartola
44,CL,CLP,1426075,45,Media,transferencia a autopista vespucio oriente avo,9782.0,transporte,2026-11-17,natural
44,CL,CLP,1426075,45,Media,FUENTE ALEMANA,5059.0,alimentacion,2026-03-22,cartola
44,CL,CLP,1426075,45,Media,POS TRX COPEC,14700.0,transporte,2026-12-27,cartola
44,CL,CLP,1426075,45,Media,EDITORIAL SANTILLANA,5568.0,educacion,2026-05-08,cartola
44,CL,CLP,1426075,45,Media,gasto en dmoov chile,6149.0,ocio,2026-07-02,natural
44,CL,CLP,1426075,45,Media,gasto en abastible,7332.0,servicios,2026-08-31,natural
44,CL,CLP,1426075,45,Media,pago a tarjeta cencosud,17927.0,otros,2026-07-04,natural
44,CL,CLP,1426075,45,Media,compra en universidad san sebastián uss,10830.0,educacion,2026-08-08,natural
44,CL,CLP,1426075,45,Media,CLÍNICA DÁVILA,4319.0,salud,2026-03-12,cartola
44,CL,CLP,1426075,45,Media,compra en aliexpress,11158.0,otros,2026-12-08,natural
44,CL,CLP,1426075,45,Media,,10341.0,vivienda,2026-06-03,cartola
44,CL,CLP,1426075,45,Media,compra en melt pizzas,26888.0,alimentacion,2026-09-02,natural
44,CL,CLP,1426075,45,Media,gasto en gtd manquehue,18517.0,servicios,2026-05-20,natural
44,CL,CLP,1426075,45,Media,EMPORIO LA ROSA,10484.0,alimentacion,2026-03-12,cartola
44,CL,CLP,1426075,45,Media,gasto en administración jardines de maipú,4201.0,vivienda,2026-02-15,natural
44,CL,CLP,1426075,45,Media,gasto en alquiler propiedades chile,15206.0,vivienda,2026-02-16,natural
44,CL,CLP,1426075,45,Media,pago a universidad de santiago usach,8609.0,educacion,2026-03-20,natural
44,CL,CLP,1426075,45,Media,pago a comuniddafeliz gastos comunes,42413.0,vivienda,2026-05-29,natural
44,CL,CLP,1426075,45,Media,SUC. PARAMOUNT+ 1408,2859.0,streaming,2026-05-10,cartola
44,CL,CLP,1426075,45,Media,compra en efe trenes,835.0,transporte,2026-05-07,natural
44,CL,CLP,1426075,45,Media,transferencia a sibaritas 87,729.0,alimentacion,2026-12-31,natural
44,CL,CLP,1426075,45,Media,PAGO DE LUZ MUNICIPALIDAD,10274.0,servicios,2026-04-29,cartola
44,CL,CLP,1426075,45,Media,gasto en juan valdez,28168.0,alimentacion,2026-12-23,natural
44,CL,CLP,1426075,45,Media,gasto en chilquinta,1004.0,servicios,2026-09-19,natural
44,CL,CLP,1426075,45,Media,pago a alvi,13010.0,alimentacion,2026-09-01,natural
44,CL,CLP,1426075,45,Media,cargo de crunchyroll,10762.0,streaming,2026-04-13,natural
44,CL,CLP,1426075,45,Media,UNIMARC,13252.0,alimentacion,2026-02-06,cartola
44,CL,CLP,1426075,45,Media,METROGAS,4416.0,servicios,2026-05-22,cartola
44,CL,CLP,1426075,45,Media,FARMACIAS DEL DR SIMI,17271.0,salud,2026-02-06,cartola
44,CL,CLP,1426075,45,Media,TER* TURBUS,1019.0,transporte,2026-08-19,cartola
44,CL,CLP,1426075,45,Media,REDFARMA,14161.0,salud,2026-11-29,cartola
44,CL,CLP,1426075,45,Media,compra en botillería el faro,3124.0,alimentacion,2026-10-23,natural
44,CL,CLP,1426075,45,Media,ESTACIONAMIENTO SABA,6515.0,transporte,2026-04-17,cartola
44,CL,CLP,1426075,45,Media,transferencia a redfarma,17392.0,salud,2026-12-14,natural
44,CL,CLP,1426075,45,Media,transferencia a turbus,3183.0,transporte,2026-01-18,natural
44,CL,CLP,1426075,45,Media,compra en kfc,2060.0,alimentacion,2026-11-09,natural
44,CL,CLP,1426075,45,Media,SUB*BAR EL BARISTA,11499.0,ocio,2026-03-24,cartola
44,CL,CLP,1426075,45,Media,PAGO TC TURBUS,7665.0,transporte,2026-10-15,cartola
44,CL,CLP,1426075,45,Media,DOMINÓ,7264.0,alimentacion,2026-07-13,cartola
44,CL,CLP,1426075,45,Media,gasto en aguas del altiplano,2984.0,servicios,2026-08-03,natural
44,CL,CLP,1426075,45,Media,AUTOPISTA VESPUCIO ORIENTE AVO,780.0,transporte,2026-08-08,cartola
44,CL,CLP,1426075,45,Media,,5310.0,salud,2026-10-16,natural
44,CL,CLP,1426075,45,Media,PAC PULLMAN BUS,1133.0,transporte,2026-12-10,cartola
44,CL,CLP,1426075,45,Media,gasto en la sanguchera del barrio,23775.0,alimentacion,2026-07-13,natural
44,CL,CLP,1426075,45,Media,gasto en entel fibra,657.0,servicios,2026-04-14,natural
44,CL,CLP,1426075,45,Media,ENEL DISTRIBUCIÓN,5682.0,servicios,2026-02-03,cartola
44,CL,CLP,1426075,45,Media,transferencia a tommy beans,540.0,alimentacion,2026-04-12,natural
44,CL,CLP,1426075,45,Media,compra en abastible,1010.0,servicios,2026-05-07,natural
44,CL,CLP,1426075,45,Media,CARGO AUT EMPORIO LA ROSA,10815.0,alimentacion,2026-08-02,cartola
44,CL,CLP,1426075,45,Media,ALVI,10474.0,alimentacion,2026-11-21,cartola
44,CL,CLP,1426075,45,Media,SUPERBODEGA ACUENTA,1190.0,alimentacion,2026-03-21,cartola
44,CL,CLP,1426075,45,Media,MUNDO PACÍFICO,640.0,servicios,2026-01-31,cartola
44,CL,CLP,1426075,45,Media,GTD MANQUEHUE,826.0,servicios,2026-03-04,cartola
44,CL,CLP,1426075,45,Media,pago mensual de spotify,14477.0,streaming,2026-02-17,natural
44,CL,CLP,1426075,45,Media,COMUNIDADFELIZ GASTOS COMUNES,8833.0,vivienda,2026-03-28,cartola
44,CL,CLP,1426075,45,Media,STARBUCKS,803.0,alimentacion,2026-03-02,cartola
44,CL,CLP,1426075,45,Media,pago a burger king,6733.0,alimentacion,2026-11-30,natural
44,CL,CLP,1426075,45,Media,LIBRERÍA EL SEMBRADOR,12518.0,educacion,2026-10-01,cartola
44,CL,CLP,1426075,45,Media,pago a verdulería don lucho,20435.0,alimentacion,2026-10-11,natural
44,CL,CLP,1426075,45,Media,LIBRERÍA SUBSUELO,27338.0,educacion,2026-03-21,cartola
44,CL,CLP,1426075,45,Media,gasto en colectivo linea 40,3989.0,transporte,2026-06-29,natural
44,CL,CLP,1426075,45,Media,gasto en ok market,1468.0,alimentacion,2026-09-29,natural
44,CL,CLP,1426075,45,Media,pago a shell,2719.0,transporte,2026-03-18,natural
44,CL,CLP,1426075,45,Media,pago a vespucio norte,15052.0,transporte,2026-08-09,natural
44,CL,CLP,1426075,45,Media,transferencia a ruta del itata,35771.0,transporte,2026-10-09,natural
44,CL,CLP,1426075,45,Media,renovación de amazon prime,6316.0,streaming,2026-01-28,natural
44,CL,CLP,1426075,45,Media,,3664.0,salud,2026-12-27,cartola
44,CL,CLP,1426075,45,Media,pago mensual de youtube premium,5638.0,streaming,2026-03-18,natural
44,CL,CLP,1426075,45,Media,WEBPAY TEATRO NESCAFÉ DE LAS ARTES,3656.0,ocio,2026-06-13,cartola
44,CL,CLP,1426075,45,Media,LABORATORIO BIONET,2980.0,salud,2026-01-09,cartola
44,CL,CLP,1426075,45,Media,PRONTO COPEC,9058.0,alimentacion,2026-06-24,cartola
44,CL,CLP,1426075,45,Media,pago a burger king,961.0,alimentacion,2026-11-03,natural
44,CL,CLP,1426075,45,Media,transferencia a essbio,3022.0,servicios,2026-03-17,natural
44,CL,CLP,1426075,45,Media,LABORATORIO BIONET,10889.0,salud,2026-09-02,cartola
44,CL,CLP,1426075,45,Media,WEBPAY FERIA LIBRE PINTO,621.0,alimentacion,2026-07-04,cartola
44,CL,CLP,1426075,45,Media,SMART FIT,874.0,ocio,2026-02-01,cartola
44,CL,CLP,1426075,45,Media,DIMEIGGS,3492.0,educacion,2026-09-07,cartola
45,CL,CLP,1478732,69,Baja,CARGO AUT RAPPI,607.0,alimentacion,2026-11-17,cartola
45,CL,CLP,1478732,69,Baja,gasto en pontificia universidad católica,1610.0,educacion,2026-03-08,natural
45,CL,CLP,1478732,69,Baja,ESSBIO,1185.0,servicios,2026-12-12,cartola
45,CL,CLP,1478732,69,Baja,PAC ESTACIONAMIENTO MALL CENTER,3470.0,transporte,2026-12-17,cartola
45,CL,CLP,1478732,69,Baja,pago a vespucio sur,20834.0,transporte,2026-11-24,natural
45,CL,CLP,1478732,69,Baja,TER* ZOOLÓGICO METROPOLITANO,890.0,ocio,2026-02-12,cartola
45,CL,CLP,1478732,69,Baja,transferencia a smart fit,8135.0,ocio,2026-07-06,natural
45,CL,CLP,1478732,69,Baja,gasto en ruta del maipo,5240.0,transporte,2026-10-29,natural
45,CL,CLP,1478732,69,Baja,CINEHOYTS,24326.0,ocio,2026-07-19,cartola
45,CL,CLP,1478732,69,Baja,gasto en breal propiedades,1140.0,vivienda,2026-02-08,natural
45,CL,CLP,1478732,69,Baja,SUB*ESVAL,2079.0,servicios,2026-08-08,cartola
45,CL,CLP,1478732,69,Baja,JUAN VALDEZ,806.0,alimentacion,2026-01-04,cartola
45,CL,CLP,1478732,69,Baja,ISAPRE COLMENA,4965.0,salud,2026-05-01,cartola
45,CL,CLP,1478732,69,Baja,compra en turbus,2840.0,transporte,2026-12-02,natural
45,CL,CLP,1478732,69,Baja,gasto en comunidadfeliz gastos comunes,17794.0,vivienda,2026-03-18,natural
45,CL,CLP,1478732,69,Baja,pago a peaje melipilla,8103.0,transporte,2026-06-28,natural
45,CL,CLP,1478732,69,Baja,gasto en metrogas,8307.0,servicios,2026-05-13,natural
45,CL,CLP,1478732,69,Baja,DR AHORRO,6623.0,salud,2026-11-07,cartola
45,CL,CLP,1478732,69,Baja,pago a alquiler propiedades chile,841.0,vivienda,2026-08-17,natural
45,CL,CLP,1478732,69,Baja,gasto en servipag cuentas,5137.0,servicios,2026-10-03,natural
45,CL,CLP,1478732,69,Baja,NF* BURGER KING,66405.0,alimentacion,2026-06-01,cartola
45,CL,CLP,1478732,69,Baja,transferencia a easy,15732.0,vivienda,2026-06-13,natural
45,CL,CLP,1478732,69,Baja,SUC. BREAL PROPIEDADES,19536.0,vivienda,2026-10-17,cartola
45,CL,CLP,1478732,69,Baja,ISAPRE BANMÉDICA,15119.0,salud,2026-04-19,cartola
45,CL,CLP,1478732,69,Baja,pago a maderas encofrados,949.0,vivienda,2026-05-06,natural
45,CL,CLP,1478732,69,Baja,pago a puntoticket,2251.0,ocio,2026-08-28,natural
45,CL,CLP,1478732,69,Baja,compra en abastible,809.0,servicios,2026-12-11,natural
45,CL,CLP,1478732,69,Baja,LA PICÁ DEL GRINGO,3156.0,alimentacion,2026-05-26,cartola
45,CL,CLP,1478732,69,Baja,WEBPAY BOTILLERÍA EL FARO,1003.0,alimentacion,2026-09-09,cartola
45,CL,CLP,1478732,69,Baja,compra en falabella,5585.0,otros,2026-07-02,natural
45,CL,CLP,1478732,69,Baja,SHELL,9863.0,transporte,2026-11-05,cartola
45,CL,CLP,1478732,69,Baja,OK MARKET,18108.0,alimentacion,2026-11-02,cartola
45,CL,CLP,1478732,69,Baja,FUENTE ALEMANA,12067.0,alimentacion,2026-03-13,cartola
45,CL,CLP,1478732,69,Baja,SCHOPDOG,24342.0,alimentacion,2026-08-07,cartola
45,CL,CLP,1478732,69,Baja,pago a enel distribución,1218.0,servicios,2026-06-22,natural
45,CL,CLP,1478732,69,Baja,compra en universidad san sebastián uss,1152.0,educacion,2026-09-29,natural
45,CL,CLP,1478732,69,Baja,TER* AMAZON PRIME VIDEO,9446.0,ocio,2026-08-02,cartola
45,CL,CLP,1478732,69,Baja,PAC MAX 4599,2980.0,streaming,2026-09-26,cartola
45,CL,CLP,1478732,69,Baja,transferencia a entel fibra,2551.0,servicios,2026-01-20,natural
45,CL,CLP,1478732,69,Baja,pago a pastelería marmentiin,3506.0,alimentacion,2026-03-07,natural
45,CL,CLP,1478732,69,Baja,gasto en sibaritas 87,2743.0,alimentacion,2026-10-30,natural
45,CL,CLP,1478732,69,Baja,AUTOPISTA VESPUCIO ORIENTE AVO,6249.0,transporte,2026-05-27,cartola
45,CL,CLP,1478732,69,Baja,CONSTRUMART,5061.0,vivienda,2026-06-14,cartola
45,CL,CLP,1478732,69,Baja,compra en paris deco,6267.0,vivienda,2026-11-06,natural
45,CL,CLP,1478732,69,Baja,transferencia a imperial,9745.0,vivienda,2026-01-06,natural
45,CL,CLP,1478732,69,Baja,TER* HBO MAX 11/11,4272.0,streaming,2026-01-14,cartola
45,CL,CLP,1478732,69,Baja,AIEP,2525.0,educacion,2026-05-12,cartola
45,CL,CLP,1478732,69,Baja,gasto en pedro juan y diego,1586.0,alimentacion,2026-12-08,natural
45,CL,CLP,1478732,69,Baja,compra en peaje zapata,3751.0,transporte,2026-08-31,natural
45,CL,CLP,1478732,69,Baja,PEDIDOSYA,11813.0,alimentacion,2026-08-19,cartola
45,CL,CLP,1478732,69,Baja,gasto en abastible,12332.0,servicios,2026-08-16,natural
45,CL,CLP,1478732,69,Baja,compra en energy fitness,9591.0,ocio,2026-06-11,natural
45,CL,CLP,1478732,69,Baja,COMPRA WEB GASCO,2326.0,servicios,2026-10-10,cartola
45,CL,CLP,1478732,69,Baja,compra en pinturas sherwin williams,7738.0,vivienda,2026-09-20,natural
45,CL,CLP,1478732,69,Baja,compra en alvi,7377.0,alimentacion,2026-05-11,natural
45,CL,CLP,1478732,69,Baja,PAC AIEP,5777.0,educacion,2026-08-13,cartola
45,CL,CLP,1478732,69,Baja,gasto en isapre banmédica,6966.0,salud,2026-09-15,natural
45,CL,CLP,1478732,69,Baja,PEAJE TRONCAL LAMPA,5905.0,transporte,2026-08-22,cartola
45,CL,CLP,1478732,69,Baja,transferencia a colectivo linea 40,7272.0,transporte,2026-12-02,natural
45,CL,CLP,1478732,69,Baja,pago a estacionamiento saba,10967.0,transporte,2026-11-12,natural
45,CL,CLP,1478732,69,Baja,UNIVERSIDAD DE SANTIAGO USACH,1013.0,educacion,2026-01-24,cartola
45,CL,CLP,1478732,69,Baja,CLÍNICA ALEMANA,12082.0,salud,2026-09-28,cartola
45,CL,CLP,1478732,69,Baja,FERRETERÍA PRAT,1274.0,vivienda,2026-04-05,cartola
45,CL,CLP,1478732,69,Baja,DUNKIN DONUTS,602.0,alimentacion,2026-05-22,cartola
45,CL,CLP,1478732,69,Baja,pago a abastible,32569.0,servicios,2026-07-01,natural
45,CL,CLP,1478732,69,Baja,BRAVISSIMO,27450.0,alimentacion,2026-07-25,cartola
45,CL,CLP,1478732,69,Baja,transferencia a megasalud,544.0,salud,2026-03-22,natural
45,CL,CLP,1478732,69,Baja,CONSTRUMART,5109.0,vivienda,2026-10-01,cartola
45,CL,CLP,1478732,69,Baja,pago a alquiler propiedades chile,1798.0,vivienda,2026-10-03,natural
45,CL,CLP,1478732,69,Baja,ALMACÉN DE BARRIO,5795.0,alimentacion,2026-07-27,cartola
45,CL,CLP,1478732,69,Baja,PAGO DE LUZ MUNICIPALIDAD,15469.0,servicios,2026-10-23,cartola
45,CL,CLP,1478732,69,Baja,LA SANGUCHERA DEL BARRIO,26244.0,alimentacion,2026-02-08,cartola
45,CL,CLP,1478732,69,Baja,COMPRA WEB FARMACIAS DEL DR SIMI,8775.0,salud,2026-10-15,cartola
45,CL,CLP,1478732,69,Baja,pago a servicio impuestos internos sii,3811.0,otros,2026-05-04,natural
45,CL,CLP,1478732,69,Baja,compra en redfarma,8067.0,salud,2026-12-30,natural
45,CL,CLP,1478732,69,Baja,NF* PARAMOUNT+ 11/9,3263.0,streaming,2026-10-10,cartola
45,CL,CLP,1478732,69,Baja,GASCO,20991.0,servicios,2026-06-29,cartola
45,CL,CLP,1478732,69,Baja,,17827.0,alimentacion,2026-04-07,natural
45,CL,CLP,1478732,69,Baja,WEBPAY DISNEY PLUS 25/7,7128.0,streaming,2026-07-10,cartola
45,CL,CLP,1478732,69,Baja,gasto en ferretería el candado,3427.0,vivienda,2026-03-15,natural
45,CL,CLP,1478732,69,Baja,compra en universidad san sebastián uss,3030.0,educacion,2026-09-30,natural
45,CL,CLP,1478732,69,Baja,gasto en kfc,996.0,alimentacion,2026-02-18,natural
45,CL,CLP,1478732,69,Baja,DECATHLON,14761.0,otros,2026-12-03,cartola
45,CL,CLP,1478732,69,Baja,AGUAS DEL ALTIPLANO,5222.0,servicios,2026-07-29,cartola
45,CL,CLP,1478732,69,Baja,compra en spacio1 petrobras,3431.0,alimentacion,2026-04-26,natural
45,CL,CLP,1478732,69,Baja,WEBPAY DISNEY PLUS 8686,5557.0,streaming,2026-01-23,cartola
45,CL,CLP,1478732,69,Baja,renovación de spotify,14900.0,streaming,2026-04-08,natural
45,CL,CLP,1478732,69,Baja,transferencia a la sanguchera del barrio,1161.0,alimentacion,2026-11-24,natural
45,CL,CLP,1478732,69,Baja,PAGO TC APPLE MUSIC 2/3,17009.0,streaming,2026-11-09,cartola
45,CL,CLP,1478732,69,Baja,CABIFY,19874.0,transporte,2026-07-09,cartola
45,CL,CLP,1478732,69,Baja,gasto en sencillito cuentas,25580.0,servicios,2026-07-01,natural
45,CL,CLP,1478732,69,Baja,transferencia a condovive copropiedad,4420.0,vivienda,2026-05-28,natural
45,CL,CLP,1478732,69,Baja,transferencia a emporio la rosa,2136.0,alimentacion,2026-12-08,natural
45,CL,CLP,1478732,69,Baja,transferencia a passline,4082.0,ocio,2026-01-23,natural
45,CL,CLP,1478732,69,Baja,gasto en isapre banmédica,3532.0,salud,2026-04-15,natural
45,CL,CLP,1478732,69,Baja,ISAPRE CONSALUD,1691.0,salud,2026-06-12,cartola
45,CL,CLP,1478732,69,Baja,STEAM GAMES,8154.0,ocio,2026-03-08,cartola
45,CL,CLP,1478732,69,Baja,COMPRA WEB CRUNCHYROLL 27/5,5649.0,streaming,2026-10-17,cartola
45,CL,CLP,1478732,69,Baja,DECATHLON,17516.0,otros,2026-10-16,cartola
45,CL,CLP,1478732,69,Baja,IKEA CHILE,1057.0,vivienda,2026-03-22,cartola
45,CL,CLP,1478732,69,Baja,BURGER KING,9008.0,alimentacion,2026-05-27,cartola
45,CL,CLP,1478732,69,Baja,PASSLINE,12559.0,ocio,2026-08-10,cartola
45,CL,CLP,1478732,69,Baja,CINEPLANET,12432.0,ocio,2026-12-09,cartola
45,CL,CLP,1478732,69,Baja,renvoación de spotify,18951.0,streaming,2026-01-15,natural
45,CL,CLP,1478732,69,Baja,KFC,11392.0,alimentacion,2026-05-01,cartola
45,CL,CLP,1478732,69,Baja,pago a ok market,22932.0,alimentacion,2026-03-19,natural
45,CL,CLP,1478732,69,Baja,gasto en imperial,3529.0,vivienda,2026-11-18,natural
45,CL,CLP,1478732,69,Baja,pago a pago de luz municipalidad,6104.0,servicios,2026-10-22,natural
45,CL,CLP,1478732,69,Baja,pago a ruta del itata,740.0,transporte,2026-01-18,natural
45,CL,CLP,1478732,69,Baja,compra en claro hogar,953.0,servicios,2026-10-04,natural
45,CL,CLP,1478732,69,Baja,gasto en clínica bupa,2396.0,salud,2026-01-27,natural
45,CL,CLP,1478732,69,Baja,transferencia a seguros metlife,927.0,otros,2026-01-02,natural
45,CL,CLP,1478732,69,Baja,FONASA,2629.0,salud,2026-12-19,cartola
45,CL,CLP,1478732,69,Baja,UNIMARC,1700.0,alimentacion,2026-10-22,cartola
45,CL,CLP,1478732,69,Baja,transferencia a spotify,862.0,ocio,2026-08-27,natural
45,CL,CLP,1478732,69,Baja,gasto en burger king,20941.0,alimentacion,2026-01-13,natural
45,CL,CLP,1478732,69,Baja,pago a didi taxi,881.0,transporte,2026-07-03,natural
45,CL,CLP,1478732,69,Baja,NF* ADMINISTRACIÓN JARDINES DE MAIPÚ,11622.0,vivienda,2026-07-13,cartola
45,CL,CLP,1478732,69,Baja,cargo de netflix,1440.0,streaming,2026-02-25,natural
45,CL,CLP,1478732,69,Baja,transferencia a pizza hut,21227.0,alimentacion,2026-08-18,natural
45,CL,CLP,1478732,69,Baja,gasto en estacionamiento saba,19482.0,transporte,2026-01-28,natural
45,CL,CLP,1478732,69,Baja,SUC. VTR INTERNET,9257.0,servicios,2026-11-16,cartola
45,CL,CLP,1478732,69,Baja,pago a fuente alemana,9732.0,alimentacion,2026-03-12,natural
45,CL,CLP,1478732,69,Baja,UBER CHILE,1221.0,transporte,2026-07-03,cartola
45,CL,CLP,1478732,69,Baja,pago a condovive copropiedad,36566.0,vivienda,2026-12-22,natural
45,CL,CLP,1478732,69,Baja,ALMACÉN DE BARRIO,18342.0,alimentacion,2026-02-10,cartola
45,CL,CLP,1478732,69,Baja,pago a paris deco,19672.0,vivienda,2026-09-17,natural
45,CL,CLP,1478732,69,Baja,SUB*REDFARMA,9393.0,salud,2026-12-10,cartola
45,CL,CLP,1478732,69,Baja,YOLITO FERRETERÍA,3689.0,vivienda,2026-03-25,cartola
45,CL,CLP,1478732,69,Baja,gasto en petrobras,19552.0,transporte,2026-02-15,natural
45,CL,CLP,1478732,69,Baja,pago a ikea chile,3007.0,vivienda,2026-06-08,natural
45,CL,CLP,1478732,69,Baja,compra en superbodega acuenta,7217.0,alimentacion,2026-12-10,natural
45,CL,CLP,1478732,69,Baja,transferencia a passline,917.0,ocio,2026-01-07,natural
45,CL,CLP,1478732,69,Baja,SU.C VESPUCIO NORTE,22252.0,transporte,2026-11-29,cartola
46,CL,CLP,548984,75,Baja,compra en papa johns,6120.0,alimentacion,2026-05-13,natural
46,CL,CLP,548984,75,Baja,gasto en amazon chile,5023.0,otros,2026-12-27,natural
46,CL,CLP,548984,75,Baja,transferencia a saesa,1148.0,servicios,2026-06-04,natural
46,CL,CLP,548984,75,Baja,pago a claro hogar,527.0,servicios,2026-10-09,natural
46,CL,CLP,548984,75,Baja,compra en gtd manquehue,5574.0,servicios,2026-04-26,natural
46,CL,CLP,548984,75,Baja,,5439.0,ocio,2026-11-01,natural
46,CL,CLP,548984,75,Baja,UNIVERSIDAD SAN SEBASTIÁN USS,4789.0,educacion,2026-08-22,cartola
46,CL,CLP,548984,75,Baja,compra en sodimac homecenter,4629.0,vivienda,2026-01-01,natural
46,CL,CLP,548984,75,Baja,pago a reifschneider,1624.0,otros,2026-12-14,natural
46,CL,CLP,548984,75,Baja,AIEP,739.0,educacion,2026-02-27,cartola
46,CL,CLP,548984,75,Baja,compra en universidad adolfo ibáñez uai,1611.0,educacion,2026-12-01,natural
46,CL,CLP,548984,75,Baja,MADERAS ENCOFRADOS,1694.0,vivienda,2026-07-02,cartola
46,CL,CLP,548984,75,Baja,pago a edipro edificio,1671.0,vivienda,2026-12-03,natural
46,CL,CLP,548984,75,Baja,transferencia a comunidadfeliz gastos comunes,1921.0,vivienda,2026-01-26,natural
46,CL,CLP,548984,75,Baja,gasto en isapre banmédiac,740.0,salud,2026-03-18,natural
46,CL,CLP,548984,75,Baja,pago a pacific fitness,1132.0,ocio,2026-08-05,natural
46,CL,CLP,548984,75,Baja,pago a dr ahorro,1414.0,salud,2026-11-24,natural
46,CL,CLP,548984,75,Baja,compra en farmacias knop,522.0,salud,2026-09-01,natural
46,CL,CLP,548984,75,Baja,FANTASILANDIA,1508.0,ocio,2026-06-07,cartola
46,CL,CLP,548984,75,Baja,SUC. BANCO DE CHILE COMISIONES,4129.0,otros,2026-07-25,cartola
46,CL,CLP,548984,75,Baja,compra en cge distribución,4370.0,servicios,2026-11-06,natural
46,CL,CLP,548984,75,Baja,BREAL PROPIEDADES,1316.0,vivienda,2026-03-28,cartola
46,CL,CLP,548984,75,Baja,ALVI,1816.0,alimentacion,2026-09-24,cartola
46,CL,CLP,548984,75,Baja,transferencia a isapre cruz blanca,914.0,salud,2026-05-14,natural
46,CL,CLP,548984,75,Baja,gasto en cory,2786.0,alimentacion,2026-09-24,natural
46,CL,CLP,548984,75,Baja,ALQUILER PROPIEDADES CHILE,1287.0,vivienda,2026-11-29,cartola
46,CL,CLP,548984,75,Baja,CLARO HOGAR,1464.0,servicios,2026-09-25,cartola
46,CL,CLP,548984,75,Baja,SENCILLITO CUENTAS,5136.0,servicios,2026-02-22,cartola
46,CL,CLP,548984,75,Baja,pago a sodimac homecenter,1538.0,vivienda,2026-04-09,natural
46,CL,CLP,548984,75,Baja,CGE DISTRIBUCIÓN,746.0,servicios,2026-02-05,cartola
46,CL,CLP,548984,75,Baja,CONDOVIVE COPROPIEDAD,641.0,vivienda,2026-01-28,cartola
46,CL,CLP,548984,75,Baja,SUC. PETROBRAS,1602.0,transporte,2026-08-08,cartola
46,CL,CLP,548984,75,Baja,pago a schopdog,1371.0,alimentacion,2026-04-12,natural
46,CL,CLP,548984,75,Baja,transferencia a paris deco,4887.0,vivienda,2026-09-20,natural
46,CL,CLP,548984,75,Baja,VTR INTERNET,1939.0,servicios,2026-09-28,cartola
46,CL,CLP,548984,75,Baja,,2904.0,transporte,2026-08-12,cartola
46,CL,CLP,548984,75,Baja,gasto en schopdog,1573.0,alimentacion,2026-05-19,natural
46,CL,CLP,548984,75,Baja,compra en tavelli,1438.0,alimentacion,2026-10-07,natural
46,CL,CLP,548984,75,Baja,compra en pastelería marmentini,1467.0,alimentacion,2026-10-13,natural
46,CL,CLP,548984,75,Baja,UNIVERSIDAD DE SANTIAGO USACH,1314.0,educacion,2026-09-07,cartola
46,CL,CLP,548984,75,Baja,LIPIGAS,1920.0,servicios,2026-11-18,cartola
46,CL,CLP,548984,75,Baja,,716.0,vivienda,2026-11-13,cartola
46,CL,CLP,548984,75,Baja,compra en mercado libre,5503.0,otros,2026-03-19,natural
46,CL,CLP,548984,75,Baja,transferencia a servipag cuentas,1006.0,servicios,2026-10-24,natural
46,CL,CLP,548984,75,Baja,MEGASALUD,837.0,salud,2026-11-03,cartola
46,CL,CLP,548984,75,Baja,gasto en copec,927.0,transporte,2026-12-17,natural
46,CL,CLP,548984,75,Baja,ZOOLÓGICO METROPOLITANO,1010.0,ocio,2026-01-13,cartola
46,CL,CLP,548984,75,Baja,gasto en abastible,1364.0,servicios,2026-12-12,natural
46,CL,CLP,548984,75,Baja,transferencia a smart fit,516.0,ocio,2026-03-23,natural
46,CL,CLP,548984,75,Baja,ABASTIBLE,508.0,servicios,2026-08-01,cartola
46,CL,CLP,548984,75,Baja,SODIMAC HOMECENTER,1822.0,vivienda,2026-02-17,cartola
46,CL,CLP,548984,75,Baja,CLÍNICA DÁVILA,2828.0,salud,2026-02-18,cartola
46,CL,CLP,548984,75,Baja,transferencia a smart fit,939.0,ocio,2026-02-09,natural
46,CL,CLP,548984,75,Baja,SERVIPAG CUENTAS,1534.0,servicios,2026-12-29,cartola
46,CL,CLP,548984,75,Baja,MELT PIZZAS,3379.0,alimentacion,2026-10-07,cartola
46,CL,CLP,548984,75,Baja,GTD MANQUEHUE,10562.0,servicios,2026-08-14,cartola
46,CL,CLP,548984,75,Baja,EMPORIO LA ROSA,2731.0,alimentacion,2026-04-18,cartola
46,CL,CLP,548984,75,Baja,CLÍNICA DENTAL CUMBRE,697.0,salud,2026-09-02,cartola
46,CL,CLP,548984,75,Baja,transferencia a lipigas,3130.0,servicios,2026-09-12,natural
46,CL,CLP,548984,75,Baja,gasto en construmart,2262.0,vivienda,2026-02-02,natural
46,CL,CLP,548984,75,Baja,pago mensual de crunchyroll,591.0,streaming,2026-01-23,natural
46,CL,CLP,548984,75,Baja,LIBRERÍA NACIONAL,4728.0,educacion,2026-11-29,cartola
46,CL,CLP,548984,75,Baja,compra en corona,1384.0,otros,2026-02-23,natural
46,CL,CLP,548984,75,Baja,suscripción a youtube premium,8116.0,streaming,2026-11-05,natural
46,CL,CLP,548984,75,Baja,gasto en teatro caupolicán,3186.0,ocio,2026-02-18,natural
46,CL,CLP,548984,75,Baja,compra en juan valdez,2568.0,alimentacion,2026-03-19,natural
46,CL,CLP,548984,75,Baja,pago a petrobras,3235.0,transporte,2026-12-02,natural
46,CL,CLP,548984,75,Baja,GIMNASIO UPGRADE,1614.0,ocio,2026-12-24,cartola
46,CL,CLP,548984,75,Baja,gasto en almacén de barrio,1747.0,alimentacion,2026-05-02,natural
46,CL,CLP,548984,75,Baja,PAC NETFLIX 1468,4729.0,streaming,2026-12-25,cartola
46,CL,CLP,548984,75,Baja,gasto en la sanguchera del barrio,2836.0,alimentacion,2026-03-31,natural
46,CL,CLP,548984,75,Baja,,5648.0,alimentacion,2026-12-12,cartola
46,CL,CLP,548984,75,Baja,POS TRX SERVICIO IMPUESTOS INTERNOS SII,5498.0,otros,2026-07-12,cartola
46,CL,CLP,548984,75,Baja,WEBPAY DIDI TAXI,9310.0,transporte,2026-09-01,cartola
46,CL,CLP,548984,75,Baja,pago mensual de hbo max,2990.0,streaming,2026-05-29,natural
46,CL,CLP,548984,75,Baja,gasto en universidad de los andes,1732.0,educacion,2026-05-26,natural
46,CL,CLP,548984,75,Baja,suscripción a spotify,977.0,streaming,2026-11-12,natural
46,CL,CLP,548984,75,Baja,gasto en amazon prime video,3034.0,ocio,2026-05-21,natural
46,CL,CLP,548984,75,Baja,KFC,856.0,alimentacion,2026-10-13,cartola
46,CL,CLP,548984,75,Baja,MAYORISTA 10,826.0,alimentacion,2026-12-05,cartola
46,CL,CLP,548984,75,Baja,GTD MANQUEHUE,676.0,servicios,2026-04-21,cartola
46,CL,CLP,548984,75,Baja,gasto en alquiler propiedades chile,5164.0,vivienda,2026-04-18,natural
46,CL,CLP,548984,75,Baja,TURBUS,5026.0,transporte,2026-10-08,cartola
46,CL,CLP,548984,75,Baja,compra en spacio1 petrobras,2475.0,alimentacion,2026-02-19,natural
46,CL,CLP,548984,75,Baja,UBER CHILE,1590.0,transporte,2026-01-14,cartola
46,CL,CLP,548984,75,Baja,PULLMAN BUS,2768.0,transporte,2026-05-14,cartola
46,CL,CLP,548984,75,Baja,MADERAS ENCOFRADOS,2320.0,vivienda,2026-03-17,cartola
46,CL,CLP,548984,75,Baja,transferencia a mamut,1334.0,alimentacion,2026-03-25,natural
46,CL,CLP,548984,75,Baja,CARGO AUT CABIFY,1185.0,transporte,2026-12-09,cartola
46,CL,CLP,548984,75,Baja,gasto en club de baile,1198.0,ocio,2026-06-07,natural
46,CL,CLP,548984,75,Baja,pago a netflix chile,2208.0,ocio,2026-10-13,natural
46,CL,CLP,548984,75,Baja,PETRBORAS,2590.0,transporte,2026-11-10,cartola
46,CL,CLP,548984,75,Baja,transferencia a administración jardines de maipú,1492.0,vivienda,2026-04-04,natural
46,CL,CLP,548984,75,Baja,compra en superbodega acuenta,8599.0,alimentacion,2026-10-24,natural
46,CL,CLP,548984,75,Baja,transferencia a ruta del maipo,1105.0,transporte,2026-02-26,natural
46,CL,CLP,548984,75,Baja,ATM CRUNCHYROLL 2208,1058.0,streaming,2026-06-13,cartola
46,CL,CLP,548984,75,Baja,YOLITO FERRETERÍA,1348.0,vivienda,2026-11-16,cartola
46,CL,CLP,548984,75,Baja,pago a discoteca amanda,996.0,ocio,2026-04-08,natural
46,CL,CLP,548984,75,Baja,transferencia a starbucks,1127.0,alimentacion,2026-01-16,natural
46,CL,CLP,548984,75,Baja,PAC BAR LA VIRGEN,794.0,ocio,2026-12-10,cartola
46,CL,CLP,548984,75,Baja,compra en efe trenes,1751.0,transporte,2026-03-19,natural
46,CL,CLP,548984,75,Baja,gasto en petrobras,1018.0,transporte,2026-12-12,natural
46,CL,CLP,548984,75,Baja,PASTELERÍA MARMENTINI,3215.0,alimentacion,2026-03-13,cartola
46,CL,CLP,548984,75,Baja,pago a clínica dental cumbre,1770.0,salud,2026-09-27,natural
46,CL,CLP,548984,75,Baja,SUB*HBO MAX 12/6,786.0,streaming,2026-03-07,cartola
46,CL,CLP,548984,75,Baja,compra en imperial,3442.0,vivienda,2026-03-09,natural
46,CL,CLP,548984,75,Baja,gasto en vespucio norte,692.0,transporte,2026-02-24,natural
46,CL,CLP,548984,75,Baja,EMPORIO LA ROSA,4534.0,alimentacion,2026-06-17,cartola
46,CL,CLP,548984,75,Baja,VESPUCIO SUR,6652.0,transporte,2026-01-25,cartola
46,CL,CLP,548984,75,Baja,cargo de disney plus,966.0,streaming,2026-05-11,natural
46,CL,CLP,548984,75,Baja,CARGO AUT STEAM GAMES,6468.0,ocio,2026-11-21,cartola
46,CL,CLP,548984,75,Baja,transferencia a oxxo,3910.0,alimentacion,2026-04-12,natural
46,CL,CLP,548984,75,Baja,gasto en laboratorio bionet,6347.0,salud,2026-10-09,natural
46,CL,CLP,548984,75,Baja,PAGO TC ENEL DISTRIBUCIÓN,2724.0,servicios,2026-10-23,cartola
46,CL,CLP,548984,75,Baja,compra en burger king,667.0,alimentacion,2026-10-21,natural
46,CL,CLP,548984,75,Baja,pago a casaideas,5583.0,vivienda,2026-09-20,natural
46,CL,CLP,548984,75,Baja,ADMINISTRACIÓN JARDINES DE MAIPÚ,506.0,vivienda,2026-04-30,cartola
46,CL,CLP,548984,75,Baja,ESTACIONAMIENTO MALL CENTER,595.0,transporte,2026-08-19,cartola
46,CL,CLP,548984,75,Baja,POS TRX PIZZA HUT,785.0,alimentacion,2026-10-18,cartola
46,CL,CLP,548984,75,Baja,KASTOR GASTOS COMUNES,901.0,vivienda,2026-06-10,cartola
46,CL,CLP,548984,75,Baja,renovación de spotify,1794.0,streaming,2026-06-10,natural
46,CL,CLP,548984,75,Baja,,3103.0,alimentacion,2026-03-19,cartola
46,CL,CLP,548984,75,Baja,PAC PARAMOUNT+ 1560,6470.0,streaming,2026-02-07,cartola
46,CL,CLP,548984,75,Baja,NF* YOUTUBE PREMIUM 11/9,893.0,streaming,2026-01-28,cartola
46,CL,CLP,548984,75,Baja,SUB*NETFLIX 25/12,7663.0,streaming,2026-04-10,cartola
46,CL,CLP,548984,75,Baja,transferencia a metro de santiago,6311.0,transporte,2026-10-21,natural
46,CL,CLP,548984,75,Baja,DIDI TAXI,899.0,transporte,2026-05-04,cartola
46,CL,CLP,548984,75,Baja,suscripción a spotify,1109.0,streaming,2026-04-02,natural
46,CL,CLP,548984,75,Baja,pago a petrobras,4164.0,transporte,2026-09-12,natural
46,CL,CLP,548984,75,Baja,gasto en carls jr,2347.0,alimentacion,2026-04-07,natural
46,CL,CLP,548984,75,Baja,SUB*PETROBRAS,3748.0,transporte,2026-01-06,cartola
47,CL,CLP,764712,5,Media,pago a vespucio sur,766.0,transporte,2026-02-20,natural
47,CL,CLP,764712,5,Media,ESTACIONAMIENTO MALL CENTER,533.0,transporte,2026-07-31,cartola
47,CL,CLP,764712,5,Media,suscripción a max,3395.0,streaming,2026-05-24,natural
47,CL,CLP,764712,5,Media,LIBRERÍA QUÉ LEO,3801.0,educacion,2026-12-23,cartola
47,CL,CLP,764712,5,Media,compra en easy,502.0,vivienda,2026-09-11,natural
47,CL,CLP,764712,5,Media,transferencia a kidzania santiago,1056.0,ocio,2026-12-01,natural
47,CL,CLP,764712,5,Media,gasto en sodimac homecenter,6017.0,vivienda,2026-09-13,natural
47,CL,CLP,764712,5,Media,COMPRA WEB CLÍNICA DÁVILA,1109.0,salud,2026-06-22,cartola
47,CL,CLP,764712,5,Media,compra en efe trenes,7324.0,transporte,2026-05-30,natural
47,CL,CLP,764712,5,Media,AGUAS DEL ALTIPLANO,4070.0,servicios,2026-10-06,cartola
47,CL,CLP,764712,5,Media,gasto en isapre colmena,2161.0,salud,2026-02-28,natural
47,CL,CLP,764712,5,Media,TURBUS,1613.0,transporte,2026-04-23,cartola
47,CL,CLP,764712,5,Media,compra en aguas del altiplano,1068.0,servicios,2026-03-01,natural
47,CL,CLP,764712,5,Media,COMPRA WEB AMAZON PRIME 8743,6613.0,streaming,2026-11-25,cartola
47,CL,CLP,764712,5,Media,MEGASALUD,584.0,salud,2026-08-04,cartola
47,CL,CLP,764712,5,Media,PINTURAS SHERWIN WILLIAMS,1404.0,vivienda,2026-08-21,cartola
47,CL,CLP,764712,5,Media,SPOTIFY,3192.0,ocio,2026-02-24,cartola
47,CL,CLP,764712,5,Media,ISAPRE CRUZ BLANCA,1071.0,salud,2026-07-27,cartola
47,CL,CLP,764712,5,Media,MEGASALUD,2607.0,salud,2026-03-04,cartola
47,CL,CLP,764712,5,Media,CGE DSITRIBUCIÓN,6284.0,servicios,2026-07-03,cartola
47,CL,CLP,764712,5,Media,POS TRX BREAL PROPIEDADES,2411.0,vivienda,2026-11-07,cartola
47,CL,CLP,764712,5,Media,pago a peaje melipilla,11282.0,transporte,2026-10-08,natural
47,CL,CLP,764712,5,Media,gasto en ruta 68,7131.0,transporte,2026-01-26,natural
47,CL,CLP,764712,5,Media,MACONLINE,1536.0,otros,2026-06-26,cartola
47,CL,CLP,764712,5,Media,,1937.0,alimentacion,2026-03-04,cartola
47,CL,CLP,764712,5,Media,MACONLINE,2087.0,otros,2026-03-14,cartola
47,CL,CLP,764712,5,Media,BOTILLERÍA EL FARO,3731.0,alimentacion,2026-12-01,cartola
47,CL,CLP,764712,5,Media,compra en botillería el faro,1282.0,alimentacion,2026-06-16,natural
47,CL,CLP,764712,5,Media,pago a seguros sura,13202.0,otros,2026-08-13,natural
47,CL,CLP,764712,5,Media,CLÍNICA BUPA,3557.0,salud,2026-03-06,cartola
47,CL,CLP,764712,5,Media,transferencia a farmacias salcobrand,1933.0,salud,2026-03-10,natural
47,CL,CLP,764712,5,Media,pago a aguas de antofagasta,3927.0,servicios,2026-01-09,natural
47,CL,CLP,764712,5,Media,compra en paris dceo,1908.0,vivienda,2026-08-24,natural
47,CL,CLP,764712,5,Media,pago a vespucio sur,6456.0,transporte,2026-07-17,natural
47,CL,CLP,764712,5,Media,gasto en turbus,3181.0,transporte,2026-06-22,natural
47,CL,CLP,764712,5,Media,compra en schopdog,527.0,alimentacion,2026-10-23,natural
47,CL,CLP,764712,5,Media,transferencia a tavelli,737.0,alimentacion,2026-05-14,natural
47,CL,CLP,764712,5,Media,METRO DE SANTIAGO,7593.0,transporte,2026-01-27,cartola
47,CL,CLP,764712,5,Media,suscripción a crunchyroll,3138.0,streaming,2026-02-07,natural
47,CL,CLP,764712,5,Media,WEBPAY MADERAS ENCOFRADOS,11385.0,vivienda,2026-07-15,cartola
47,CL,CLP,764712,5,Media,ATM DOGGIS,702.0,alimentacion,2026-03-26,cartola
47,CL,CLP,764712,5,Media,transferencia a sencillito cuentas,1327.0,servicios,2026-11-16,natural
47,CL,CLP,764712,5,Media,gasto en clínica universidad de los andes,816.0,salud,2026-01-30,natural
47,CL,CLP,764712,5,Media,COPROPIETARIOS EDIFICIO EL GOLF,3060.0,vivienda,2026-04-09,cartola
47,CL,CLP,764712,5,Media,OK MARKET,1830.0,alimentacion,2026-07-09,cartola
47,CL,CLP,764712,5,Media,PEDRO JUAN Y DIEGO,649.0,alimentacion,2026-01-12,cartola
47,CL,CLP,764712,5,Media,REIFSCHNEIDER,3903.0,otros,2026-04-01,cartola
47,CL,CLP,764712,5,Media,MADERAS ENCOFRADOS,2914.0,vivienda,2026-01-30,cartola
47,CL,CLP,764712,5,Media,DENTALALEGRE,1218.0,salud,2026-08-01,cartola
47,CL,CLP,764712,5,Media,transferencia a cmr falabella cobros,2478.0,otros,2026-02-07,natural
47,CL,CLP,764712,5,Media,WENDY'S,5192.0,alimentacion,2026-12-07,cartola
47,CL,CLP,764712,5,Media,gasto en pinturas sherwin williams,871.0,vivienda,2026-03-01,natural
47,CL,CLP,764712,5,Media,transferencia a alvi,1314.0,alimentacion,2026-10-21,natural
47,CL,CLP,764712,5,Media,pago a ferretería prat,1611.0,vivienda,2026-12-26,natural
47,CL,CLP,764712,5,Media,FALABELLA HOME,5207.0,vivienda,2026-05-23,cartola
47,CL,CLP,764712,5,Media,compra en easy,7116.0,vivienda,2026-06-29,natural
47,CL,CLP,764712,5,Media,PAC GIRO CAJERO REDBANC,1791.0,otros,2026-10-12,cartola
47,CL,CLP,764712,5,Media,JUAN VALDEZ,1334.0,alimentacion,2026-04-22,cartola
47,CL,CLP,764712,5,Media,cargo de spotify,8350.0,streaming,2026-08-18,natural
47,CL,CLP,764712,5,Media,CHILENA CONSOLIDADA,27913.0,otros,2026-01-21,cartola
47,CL,CLP,764712,5,Media,RUTA 68,4208.0,transporte,2026-05-25,cartola
47,CL,CLP,764712,5,Media,compra en kastor gastos comunes,17454.0,vivienda,2026-05-26,natural
47,CL,CLP,764712,5,Media,LIBRERÍA NACIONAL,4090.0,educacion,2026-11-12,cartola
47,CL,CLP,764712,5,Media,INTEGRAMÉDICA,5013.0,salud,2026-06-15,cartola
47,CL,CLP,764712,5,Media,pago a peaje troncal lampa,1866.0,transporte,2026-05-20,natural
47,CL,CLP,764712,5,Media,compra en chilquinta,2151.0,servicios,2026-07-22,natural
47,CL,CLP,764712,5,Media,pago a wom fibra,590.0,servicios,2026-09-01,natural
47,CL,CLP,764712,5,Media,gasto en almacén de barrio,6560.0,alimentacion,2026-04-23,natural
47,CL,CLP,764712,5,Media,PAGO DE LUZ MUNICIPALIDAD,10141.0,servicios,2026-07-20,cartola
47,CL,CLP,764712,5,Media,compra en metro de santiago,3703.0,transporte,2026-11-10,natural
47,CL,CLP,764712,5,Media,gasto en aguas andinas,1597.0,servicios,2026-09-16,natural
47,CL,CLP,764712,5,Media,compra en esval,634.0,servicios,2026-09-12,natural
47,CL,CLP,764712,5,Media,transferencia a ripley,1168.0,otros,2026-01-23,natural
47,CL,CLP,764712,5,Media,pago a botillería el faro,1118.0,alimentacion,2026-09-03,natural
47,CL,CLP,764712,5,Media,ESTACIONAMIENTO SABA,3605.0,transporte,2026-12-05,cartola
47,CL,CLP,764712,5,Media,TER* FERRETERÍA EL CANDADO,11000.0,vivienda,2026-11-07,cartola
47,CL,CLP,764712,5,Media,VERDULERÍA DON LUCHO,1010.0,alimentacion,2026-11-14,cartola
47,CL,CLP,764712,5,Media,gasto en ferretería el candado,1098.0,vivienda,2026-08-07,natural
47,CL,CLP,764712,5,Media,transferencia a universidad san sebastián uss,3476.0,educacion,2026-12-22,natural
47,CL,CLP,764712,5,Media,transferencia a turbus,1267.0,transporte,2026-01-27,natural
47,CL,CLP,764712,5,Media,pago a pullman bus,8057.0,transporte,2026-10-17,natural
47,CL,CLP,764712,5,Media,pago a imperial,1503.0,vivienda,2026-10-16,natural
47,CL,CLP,764712,5,Media,transferencia a gtd manquehue,1297.0,servicios,2026-12-14,natural
47,CL,CLP,764712,5,Media,pago a telepizza,1191.0,alimentacion,2026-08-11,natural
47,CL,CLP,764712,5,Media,transfernecia a yolito ferretería,593.0,vivienda,2026-12-18,natural
47,CL,CLP,764712,5,Media,gasto en la sanguchera del barrio,3303.0,alimentacion,2026-06-27,natural
47,CL,CLP,764712,5,Media,CARGO AUT DISNEY PLUS,698.0,ocio,2026-05-28,cartola
47,CL,CLP,764712,5,Media,pago mensual de spotify,2096.0,streaming,2026-08-15,natural
47,CL,CLP,764712,5,Media,pago a tommy beans,2343.0,alimentacion,2026-12-17,natural
47,CL,CLP,764712,5,Media,UBER CHILE,685.0,transporte,2026-10-21,cartola
47,CL,CLP,764712,5,Media,gasto en construmart,928.0,vivienda,2026-02-10,natural
47,CL,CLP,764712,5,Media,gasto en alvi,2785.0,alimentacion,2026-07-10,natural
47,CL,CLP,764712,5,Media,TARJETA CENCOSUD,4515.0,otros,2026-03-20,cartola
47,CL,CLP,764712,5,Media,MUNDO PACÍFICO,10805.0,servicios,2026-07-24,cartola
47,CL,CLP,764712,5,Media,compra en clínica alemana,748.0,salud,2026-10-05,natural
47,CL,CLP,764712,5,Media,,1043.0,streaming,2026-05-22,cartola
47,CL,CLP,764712,5,Media,AGUAS DEL ALTIPLANO,750.0,servicios,2026-10-21,cartola
47,CL,CLP,764712,5,Media,compra en instituto profesional santo tomás,2172.0,educacion,2026-04-08,natural
47,CL,CLP,764712,5,Media,PARIS DECO,3700.0,vivienda,2026-05-16,cartola
47,CL,CLP,764712,5,Media,compra en aguas de antofagasta,6962.0,servicios,2026-10-04,natural
47,CL,CLP,764712,5,Media,PAG OTC ESSBIO,4352.0,servicios,2026-11-08,cartola
47,CL,CLP,764712,5,Media,AUTOPISTA DEL SOL,886.0,transporte,2026-10-29,cartola
47,CL,CLP,764712,5,Media,COPROPIETARIOS EDIFICIO EL GOLF,2349.0,vivienda,2026-02-12,cartola
47,CL,CLP,764712,5,Media,transferencia a construmart,9145.0,vivienda,2026-04-30,natural
47,CL,CLP,764712,5,Media,CARGO AUT ESVAL,1500.0,servicios,2026-08-08,cartola
47,CL,CLP,764712,5,Media,compra en vespucio norte,2619.0,transporte,2026-02-15,natural
47,CL,CLP,764712,5,Media,EMPORIO LA ROSA,12071.0,alimentacion,2026-08-24,cartola
47,CL,CLP,764712,5,Media,pago a santa isabel,5031.0,alimentacion,2026-02-17,natural
47,CL,CLP,764712,5,Media,PEAJE ANGOSTURA,5222.0,transporte,2026-07-17,cartola
47,CL,CLP,764712,5,Media,PAC FUENTE ALEMANA,1103.0,alimentacion,2026-03-25,cartola
47,CL,CLP,764712,5,Media,pago a oxxo,2031.0,alimentacion,2026-01-31,natural
47,CL,CLP,764712,5,Media,POS TRX AUTOPISTA DEL SOL,660.0,transporte,2026-03-12,cartola
47,CL,CLP,764712,5,Media,TER* ENEL DISTRIBUCIÓN,3537.0,servicios,2026-01-08,cartola
47,CL,CLP,764712,5,Media,ÓPTICAS SCHILLING,551.0,salud,2026-02-14,cartola
47,CL,CLP,764712,5,Media,pago a feria libre pinto,6853.0,alimentacion,2026-10-20,natural
47,CL,CLP,764712,5,Media,AUTOPISTA DEL SOL,6389.0,transporte,2026-10-27,cartola
47,CL,CLP,764712,5,Media,pago a feria libre pinto,2892.0,alimentacion,2026-02-07,natural
47,CL,CLP,764712,5,Media,gasto en vtr internet,577.0,servicios,2026-12-21,natural
48,CL,CLP,633767,67,Baja,compra en saesa,8730.0,servicios,2026-02-09,natural
48,CL,CLP,633767,67,Baja,transferencia a redsalud,2730.0,salud,2026-07-12,natural
48,CL,CLP,633767,67,Baja,transferencia a buses metropolitana,3438.0,transporte,2026-05-07,natural
48,CL,CLP,633767,67,Baja,LIDER,3740.0,alimentacion,2026-10-16,cartola
48,CL,CLP,633767,67,Baja,gasto en tarragona,4238.0,alimentacion,2026-03-12,natural
48,CL,CLP,633767,67,Baja,pago a sodimac homecenter,2841.0,vivienda,2026-05-17,natural
48,CL,CLP,633767,67,Baja,transferencia a reifschneider,643.0,otros,2026-12-20,natural
48,CL,CLP,633767,67,Baja,COPROPIETARIOS EDIFICIO EL GOLF,1692.0,vivienda,2026-10-26,cartola
48,CL,CLP,633767,67,Baja,CASAIDEAS,844.0,vivienda,2026-12-11,cartola
48,CL,CLP,633767,67,Baja,compra en dmoov chile,4733.0,ocio,2026-09-26,natural
48,CL,CLP,633767,67,Baja,SUB*MUNDO PACÍFICO,1150.0,servicios,2026-02-21,cartola
48,CL,CLP,633767,67,Baja,AGUAS DEL ALTIPLANO,3445.0,servicios,2026-01-17,cartola
48,CL,CLP,633767,67,Baja,transferencia a yolito ferretería,982.0,vivienda,2026-06-14,natural
48,CL,CLP,633767,67,Baja,transferencia a megasalud,12345.0,salud,2026-01-13,natural
48,CL,CLP,633767,67,Baja,compra en turbus,1697.0,transporte,2026-07-09,natural
48,CL,CLP,633767,67,Baja,compra en alquiler propiedades chile,1633.0,vivienda,2026-12-06,natural
48,CL,CLP,633767,67,Baja,FANTASILANDIA,10667.0,ocio,2026-12-19,cartola
48,CL,CLP,633767,67,Baja,gasto en peaje troncal lampa,2243.0,transporte,2026-12-28,natural
48,CL,CLP,633767,67,Baja,,13674.0,educacion,2026-12-18,cartola
48,CL,CLP,633767,67,Baja,gasto en falabella,811.0,otros,2026-08-09,natural
48,CL,CLP,633767,67,Baja,ALVI,1519.0,alimentacion,2026-04-14,cartola
48,CL,CLP,633767,67,Baja,transferencia a maderas encofrados,4556.0,vivienda,2026-12-05,natural
48,CL,CLP,633767,67,Baja,gasto en cory,9198.0,alimentacion,2026-07-17,natural
48,CL,CLP,633767,67,Baja,POS TRX APPLE MUSIC 6425,1230.0,streaming,2026-10-27,cartola
48,CL,CLP,633767,67,Baja,pago a la picá del gringo,11071.0,alimentacion,2026-12-25,natural
48,CL,CLP,633767,67,Baja,pago a reifschneider,3744.0,otros,2026-06-18,natural
48,CL,CLP,633767,67,Baja,transferencia a sencillito cuentas,6704.0,servicios,2026-05-29,natural
48,CL,CLP,633767,67,Baja,suscripción a amazon prime,2102.0,streaming,2026-09-06,natural
48,CL,CLP,633767,67,Baja,ATM AMAZON PRIME 24/7,990.0,streaming,2026-09-13,cartola
48,CL,CLP,633767,67,Baja,pago a movistar hogar,10056.0,servicios,2026-02-11,natural
48,CL,CLP,633767,67,Baja,CÍLNICA BUPA,11233.0,salud,2026-07-21,cartola
48,CL,CLP,633767,67,Baja,ENEL DISTRIBUCIÓN,2858.0,servicios,2026-09-01,cartola
48,CL,CLP,633767,67,Baja,,1168.0,transporte,2026-10-13,natural
48,CL,CLP,633767,67,Baja,gasto en turbus,936.0,transporte,2026-08-26,natural
48,CL,CLP,633767,67,Baja,transferencia a aguas del altiplano,3534.0,servicios,2026-01-19,natural
48,CL,CLP,633767,67,Baja,CLÍNICA DÁVILA,1064.0,salud,2026-03-26,cartola
48,CL,CLP,633767,67,Baja,TER* ECO FARMACIAS,2100.0,salud,2026-09-30,cartola
48,CL,CLP,633767,67,Baja,PETROBRAS,1501.0,transporte,2026-12-26,cartola
48,CL,CLP,633767,67,Baja,pago a maderas encofrados,5203.0,vivienda,2026-08-01,natural
48,CL,CLP,633767,67,Baja,pago a construmart,603.0,vivienda,2026-07-11,natural
48,CL,CLP,633767,67,Baja,compra en clínica alemana,2786.0,salud,2026-06-26,natural
48,CL,CLP,633767,67,Baja,transferencia a servipag cuentas,3593.0,servicios,2026-05-27,natural
48,CL,CLP,633767,67,Baja,gasto en cge distribución,3988.0,servicios,2026-03-22,natural
48,CL,CLP,633767,67,Baja,FARMACIAS CRUZ VERDE,2157.0,salud,2026-07-12,cartola
48,CL,CLP,633767,67,Baja,GTD MANQUEHUE,1507.0,servicios,2026-02-06,cartola
48,CL,CLP,633767,67,Baja,PEAJE ZAPATA,4764.0,transporte,2026-11-22,cartola
48,CL,CLP,633767,67,Baja,transferencia a abastible,7811.0,servicios,2026-06-03,natural
48,CL,CLP,633767,67,Baja,gasto en breal propiedades,4912.0,vivienda,2026-05-10,natural
48,CL,CLP,633767,67,Baja,gasto en energy fitness,11169.0,ocio,2026-02-28,natural
48,CL,CLP,633767,67,Baja,PUNTOTICKET,5245.0,ocio,2026-08-12,cartola
48,CL,CLP,633767,67,Baja,pago mensual de netflix,6007.0,streaming,2026-09-06,natural
48,CL,CLP,633767,67,Baja,gast oen breal propiedades,763.0,vivienda,2026-08-28,natural
48,CL,CLP,633767,67,Baja,transferencia a melt pizzas,2259.0,alimentacion,2026-10-20,natural
48,CL,CLP,633767,67,Baja,gasto en tommy beans,2756.0,alimentacion,2026-10-14,natural
48,CL,CLP,633767,67,Baja,EMPORIO LA ROSA,1230.0,alimentacion,2026-07-23,cartola
48,CL,CLP,633767,67,Baja,NF* CRUNCHYROLL 1762,3122.0,streaming,2026-04-09,cartola
48,CL,CLP,633767,67,Baja,ESTACIONAMIENTO SABA,1427.0,transporte,2026-12-16,cartola
48,CL,CLP,633767,67,Baja,DISCOTECA AMANDA,4830.0,ocio,2026-06-25,cartola
48,CL,CLP,633767,67,Baja,gasto en pullman bus,2639.0,transporte,2026-09-19,natural
48,CL,CLP,633767,67,Baja,ISAPRE CRUZ BLANCA,2549.0,salud,2026-09-28,cartola
48,CL,CLP,633767,67,Baja,GASCO,17079.0,servicios,2026-05-23,cartola
48,CL,CLP,633767,67,Baja,compra en librería nacional,2069.0,educacion,2026-07-08,natural
48,CL,CLP,633767,67,Baja,BRAVISSIMO,1868.0,alimentacion,2026-09-29,cartola
48,CL,CLP,633767,67,Baja,JUAN VALDEZ,1593.0,alimentacion,2026-01-20,cartola
48,CL,CLP,633767,67,Baja,transferencia a chilena consolidada,9349.0,otros,2026-11-29,natural
48,CL,CLP,633767,67,Baja,transferencia a editorial santillana,2851.0,educacion,2026-10-27,natural
48,CL,CLP,633767,67,Baja,COMPRA WEB AMAZON CHILE,3805.0,otros,2026-02-15,cartola
48,CL,CLP,633767,67,Baja,TER* AMAZON PRIME 6111,828.0,streaming,2026-04-05,cartola
48,CL,CLP,633767,67,Baja,SUC. EDIPRO EDIFICIO,3233.0,vivienda,2026-03-05,cartola
48,CL,CLP,633767,67,Baja,WEBPAY FARMACIAS DEL DR SIMI,1333.0,salud,2026-05-11,cartola
48,CL,CLP,633767,67,Baja,transferencia a dr ahorro,5447.0,salud,2026-01-09,natural
48,CL,CLP,633767,67,Baja,gasto en schopdog,7420.0,alimentacion,2026-07-22,natural
48,CL,CLP,633767,67,Baja,CLÍNICA DÁVILA,5210.0,salud,2026-10-25,cartola
48,CL,CLP,633767,67,Baja,gasto en condovive copropiedad,5441.0,vivienda,2026-06-23,natural
48,CL,CLP,633767,67,Baja,compra en disney plus,2983.0,ocio,2026-03-14,natural
48,CL,CLP,633767,67,Baja,IKEA CHILE,5171.0,vivienda,2026-03-25,cartola
48,CL,CLP,633767,67,Baja,KFC,2281.0,alimentacion,2026-02-28,cartola
48,CL,CLP,633767,67,Baja,SUB*KASTOR GASTOS COMUNES,4377.0,vivienda,2026-01-21,cartola
48,CL,CLP,633767,67,Baja,transferencia a kfc,1245.0,alimentacion,2026-06-06,natural
48,CL,CLP,633767,67,Baja,PULLMAN BUS,828.0,transporte,2026-03-02,cartola
48,CL,CLP,633767,67,Baja,IMPERIAL,2215.0,vivienda,2026-03-05,cartola
48,CL,CLP,633767,67,Baja,AUTOPISTA VESPUCIO ORIENTE AVO,2572.0,transporte,2026-11-21,cartola
48,CL,CLP,633767,67,Baja,TELEPIZZA,1230.0,alimentacion,2026-06-17,cartola
48,CL,CLP,633767,67,Baja,pago a alvi,5402.0,alimentacion,2026-07-22,natural
48,CL,CLP,633767,67,Baja,pago a turbus,1140.0,transporte,2026-09-02,natural
48,CL,CLP,633767,67,Baja,transferencia a pc factory,1046.0,otros,2026-04-16,natural
48,CL,CLP,633767,67,Baja,transferencia a enel distribución,5733.0,servicios,2026-11-17,natural
48,CL,CLP,633767,67,Baja,gasto en autopista del sol,2386.0,transporte,2026-05-02,natural
48,CL,CLP,633767,67,Baja,NETFLIX CHILE,5073.0,ocio,2026-11-14,cartola
48,CL,CLP,633767,67,Baja,transferencia a petrobras,3480.0,transporte,2026-07-01,natural
48,CL,CLP,633767,67,Baja,ADMINISTRACIÓN JARDINES DE MAIPÚ,12499.0,vivienda,2026-04-13,cartola
48,CL,CLP,633767,67,Baja,pago a ferretería el candado,3782.0,vivienda,2026-11-12,natural
48,CL,CLP,633767,67,Baja,gasto en breal propiedades,1124.0,vivienda,2026-03-11,natural
48,CL,CLP,633767,67,Baja,GTD MANQUEHUE,1807.0,servicios,2026-06-09,cartola
48,CL,CLP,633767,67,Baja,compra en cge distribución,641.0,servicios,2026-08-28,natural
48,CL,CLP,633767,67,Baja,transferencia a decathlon,10735.0,otros,2026-01-11,natural
48,CL,CLP,633767,67,Baja,compra en mundo pacífico,637.0,servicios,2026-06-16,natural
48,CL,CLP,633767,67,Baja,pago a vespucio sur,2037.0,transporte,2026-09-04,natural
48,CL,CLP,633767,67,Baja,AGUAS DE ANTOFAGASTA,1064.0,servicios,2026-12-20,cartola
48,CL,CLP,633767,67,Baja,PARIS,7788.0,otros,2026-01-31,cartola
48,CL,CLP,633767,67,Baja,suscripción a paramount+,1532.0,streaming,2026-01-12,natural
48,CL,CLP,633767,67,Baja,ATM ESVAL,19994.0,servicios,2026-08-31,cartola
48,CL,CLP,633767,67,Baja,compra en ok market,1119.0,alimentacion,2026-12-02,natural
48,CL,CLP,633767,67,Baja,pago a esval,570.0,servicios,2026-11-19,natural
48,CL,CLP,633767,67,Baja,compra en pago de luz municipalidad,1056.0,servicios,2026-07-13,natural
48,CL,CLP,633767,67,Baja,PINTURAS SHERWIN WILLIAMS,6920.0,vivienda,2026-11-04,cartola
48,CL,CLP,633767,67,Baja,ZURICH CHILE,8753.0,otros,2026-05-13,cartola
48,CL,CLP,633767,67,Baja,gasto en mcdonalds,1005.0,alimentacion,2026-10-08,natural
48,CL,CLP,633767,67,Baja,gasto en gtd manquehue,1174.0,servicios,2026-10-05,natural
48,CL,CLP,633767,67,Baja,,5667.0,alimentacion,2026-07-22,natural
48,CL,CLP,633767,67,Baja,LABORATORIO BIONET,594.0,salud,2026-04-06,cartola
48,CL,CLP,633767,67,Baja,transferencia a universidad de chile,593.0,educacion,2026-08-11,natural
48,CL,CLP,633767,67,Baja,gasto en condovive copropiedad,1248.0,vivienda,2026-04-27,natural
48,CL,CLP,633767,67,Baja,transferencia a redfarma,691.0,salud,2026-10-03,natural
48,CL,CLP,633767,67,Baja,ENTEL FIBRA,1271.0,servicios,2026-04-16,cartola
48,CL,CLP,633767,67,Baja,compra en copropietarios edificio el golf,1015.0,vivienda,2026-01-18,natural
48,CL,CLP,633767,67,Baja,gasto en vtr internet,1911.0,servicios,2026-11-03,natural
48,CL,CLP,633767,67,Baja,ATM UPA!,7426.0,alimentacion,2026-01-20,cartola
48,CL,CLP,633767,67,Baja,VTR INTERNET,1640.0,servicios,2026-05-02,cartola
48,CL,CLP,633767,67,Baja,,5404.0,streaming,2026-05-17,natural
48,CL,CLP,633767,67,Baja,pago a saesa,1091.0,servicios,2026-06-03,natural
48,CL,CLP,633767,67,Baja,compra en metro de santiago,4472.0,transporte,2026-12-24,natural
48,CL,CLP,633767,67,Baja,pago a almacén de barrio,1582.0,alimentacion,2026-01-25,natural
48,CL,CLP,633767,67,Baja,gasto en sibaritas 87,5752.0,alimentacion,2026-06-18,natural
48,CL,CLP,633767,67,Baja,transferencia a redfarma,608.0,salud,2026-02-28,natural
48,CL,CLP,633767,67,Baja,POS TRX YOLITO FERRETERÍA,9474.0,vivienda,2026-10-28,cartola
48,CL,CLP,633767,67,Baja,compra en petrobras,1154.0,transporte,2026-02-10,natural
48,CL,CLP,633767,67,Baja,pago a carls jr,1809.0,alimentacion,2026-02-07,natural
48,CL,CLP,633767,67,Baja,gasto en universidad de santiago usach,12454.0,educacion,2026-04-27,natural
48,CL,CLP,633767,67,Baja,suscripción a apple music,3587.0,streaming,2026-10-02,natural
48,CL,CLP,633767,67,Baja,SCHOPDOG,1891.0,alimentacion,2026-09-27,cartola
48,CL,CLP,633767,67,Baja,AGUAS DEL ALTIPLANO,12406.0,servicios,2026-05-07,cartola
48,CL,CLP,633767,67,Baja,transferencia a mcdonalds,1657.0,alimentacion,2026-01-03,natural
48,CL,CLP,633767,67,Baja,RAPPI,997.0,alimentacion,2026-01-16,cartola
48,CL,CLP,633767,67,Baja,KIDZANIA SANTIAGO,23918.0,ocio,2026-09-22,cartola
48,CL,CLP,633767,67,Baja,pago a gasco,1295.0,servicios,2026-08-27,natural
48,CL,CLP,633767,67,Baja,MUNDO PACÍFICO,7912.0,servicios,2026-09-20,cartola
49,CL,CLP,636330,12,Media,pago a juan maestro,1819.0,alimentacion,2026-11-29,natural
49,CL,CLP,636330,12,Media,CENTRO MÉDICO SAN LORENZO,5295.0,salud,2026-08-31,cartola
49,CL,CLP,636330,12,Media,gasto en easy,888.0,vivienda,2026-10-03,natural
49,CL,CLP,636330,12,Media,POS TRX PARIS DECO,1840.0,vivienda,2026-05-07,cartola
49,CL,CLP,636330,12,Media,SODIMAC HOMECENTER,5748.0,vivienda,2026-03-16,cartola
49,CL,CLP,636330,12,Media,AUTOPISTA CENTRAL,2649.0,transporte,2026-03-03,cartola
49,CL,CLP,636330,12,Media,pago a clínica santa maría,2860.0,salud,2026-10-15,natural
49,CL,CLP,636330,12,Media,transferencia a casaideas,1197.0,vivienda,2026-06-27,natural
49,CL,CLP,636330,12,Media,ISAPRE COLMENA,508.0,salud,2026-06-15,cartola
49,CL,CLP,636330,12,Media,EDITORIAL SANTILLANA,4048.0,educacion,2026-07-02,cartola
49,CL,CLP,636330,12,Media,pago a doggis,4026.0,alimentacion,2026-01-28,natural
49,CL,CLP,636330,12,Media,PAC VERDULERÍA DON LUCHO,13855.0,alimentacion,2026-11-26,cartola
49,CL,CLP,636330,12,Media,SPACIO1 PETROBRAS,4458.0,alimentacion,2026-09-04,cartola
49,CL,CLP,636330,12,Media,suscripción a spotify,2435.0,streaming,2026-12-03,natural
49,CL,CLP,636330,12,Media,PIZZA HUT,6974.0,alimentacion,2026-01-22,cartola
49,CL,CLP,636330,12,Media,gasto en servipag cuentas,966.0,servicios,2026-04-06,natural
49,CL,CLP,636330,12,Media,gasto en kastor gastos comunes,2137.0,vivienda,2026-05-02,natural
49,CL,CLP,636330,12,Media,gasto en easy,1212.0,vivienda,2026-09-07,natural
49,CL,CLP,636330,12,Media,BREAL PROPIEDADES,807.0,vivienda,2026-11-30,cartola
49,CL,CLP,636330,12,Media,ALVI,5164.0,alimentacion,2026-11-22,cartola
49,CL,CLP,636330,12,Media,ATM NETFLIX 4621,2561.0,streaming,2026-05-17,cartola
49,CL,CLP,636330,12,Media,SUB*PARAMOUNT+ 9471,2914.0,streaming,2026-10-04,cartola
49,CL,CLP,636330,12,Media,transferencia a librería nacional,1897.0,educacion,2026-11-16,natural
49,CL,CLP,636330,12,Media,pago a colectivo linea 40,2209.0,transporte,2026-11-28,natural
49,CL,CLP,636330,12,Media,pago a botillería el faro,1072.0,alimentacion,2026-09-07,natural
49,CL,CLP,636330,12,Media,compra en botillería el faro,4003.0,alimentacion,2026-04-05,natural
49,CL,CLP,636330,12,Media,MAYORISTA 10,2029.0,alimentacion,2026-10-23,cartola
49,CL,CLP,636330,12,Media,gasto en clínica bupa,6078.0,salud,2026-07-03,natural
49,CL,CLP,636330,12,Media,transferencia a cineplanet,783.0,ocio,2026-09-17,natural
49,CL,CLP,636330,12,Media,TER* CLÍNICA BUPA,822.0,salud,2026-10-14,cartola
49,CL,CLP,636330,12,Media,ENEL DISTRIBUCIÓN,3717.0,servicios,2026-06-04,cartola
49,CL,CLP,636330,12,Media,transferencia a falabella home,6701.0,vivienda,2026-07-05,natural
49,CL,CLP,636330,12,Media,CORY,2289.0,alimentacion,2026-03-10,cartola
49,CL,CLP,636330,12,Media,AUTOPISTA DEL SOL,4650.0,transporte,2026-11-22,cartola
49,CL,CLP,636330,12,Media,transferencia a feria chilena del libro,26176.0,educacion,2026-09-18,natural
49,CL,CLP,636330,12,Media,compra en max hbo,16591.0,ocio,2026-04-25,natural
49,CL,CLP,636330,12,Media,transferencia a sibaritas 87,4885.0,alimentacion,2026-12-13,natural
49,CL,CLP,636330,12,Media,BANCO DE CHILE COMISIONES,4819.0,otros,2026-01-08,cartola
49,CL,CLP,636330,12,Media,transferencia a nuevosur,1019.0,servicios,2026-09-22,natural
49,CL,CLP,636330,12,Media,PULLMAN BUS,6422.0,transporte,2026-09-28,cartola
49,CL,CLP,636330,12,Media,PAPA JOHNS,1860.0,alimentacion,2026-09-06,cartola
49,CL,CLP,636330,12,Media,FUENTE ALEMANA,11712.0,alimentacion,2026-04-15,cartola
49,CL,CLP,636330,12,Media,ESVAL,1235.0,servicios,2026-11-24,cartola
49,CL,CLP,636330,12,Media,pago a buses metropolitana,2050.0,transporte,2026-09-28,natural
49,CL,CLP,636330,12,Media,compra en pizza hut,2907.0,alimentacion,2026-06-14,natural
49,CL,CLP,636330,12,Media,pago mensual de disney plus,1861.0,streaming,2026-03-24,natural
49,CL,CLP,636330,12,Media,pago a emporio la rosa,847.0,alimentacion,2026-10-22,natural
49,CL,CLP,636330,12,Media,ENERGY FITNESS,3220.0,ocio,2026-05-14,cartola
49,CL,CLP,636330,12,Media,gasto en easy,5051.0,vivienda,2026-07-30,natural
49,CL,CLP,636330,12,Media,compra en smart fit,3708.0,ocio,2026-11-09,natural
49,CL,CLP,636330,12,Media,POS TRX AMAZON PRIME 27/6,957.0,streaming,2026-04-02,cartola
49,CL,CLP,636330,12,Media,CLÍNICA LAS CONDES,4711.0,salud,2026-12-03,cartola
49,CL,CLP,636330,12,Media,compra en isapre banmédica,1064.0,salud,2026-05-07,natural
49,CL,CLP,636330,12,Media,PEAJE TRONCAL LAMPA,690.0,transporte,2026-07-10,cartola
49,CL,CLP,636330,12,Media,compra en administración jardines de maipú,4203.0,vivienda,2026-06-08,natural
49,CL,CLP,636330,12,Media,transferencia a ópticas schilling,6627.0,salud,2026-11-27,natural
49,CL,CLP,636330,12,Media,PEDIDOSYA,2353.0,alimentacion,2026-12-01,cartola
49,CL,CLP,636330,12,Media,gasto en clínica alemana,2715.0,salud,2026-01-10,natural
49,CL,CLP,636330,12,Media,pago a lider,1292.0,alimentacion,2026-04-17,natural
49,CL,CLP,636330,12,Media,GASCO,2444.0,servicios,2026-03-28,cartola
49,CL,CLP,636330,12,Media,gasto en gimnasio upgrade,507.0,ocio,2026-03-08,natural
49,CL,CLP,636330,12,Media,BRAVISSIMO,11174.0,alimentacion,2026-03-03,cartola
49,CL,CLP,636330,12,Media,pago a peaje troncal lampa,5771.0,transporte,2026-05-26,natural
49,CL,CLP,636330,12,Media,transferencia a chilquinta,3949.0,servicios,2026-06-02,natural
49,CL,CLP,636330,12,Media,PEAJE MELIPILLA,2767.0,transporte,2026-04-17,cartola
49,CL,CLP,636330,12,Media,ISAPRE CONSALUD,5627.0,salud,2026-05-28,cartola
49,CL,CLP,636330,12,Media,,2445.0,educacion,2026-07-05,cartola
49,CL,CLP,636330,12,Media,compra en edipro edificio,1277.0,vivienda,2026-12-15,natural
49,CL,CLP,636330,12,Media,AGUAS ANDINAS,626.0,servicios,2026-12-08,cartola
49,CL,CLP,636330,12,Media,PARIS DECO,3736.0,vivienda,2026-06-27,cartola
49,CL,CLP,636330,12,Media,REDFARMA,9496.0,salud,2026-12-01,cartola
49,CL,CLP,636330,12,Media,pago a autopista central,597.0,transporte,2026-09-23,natural
49,CL,CLP,636330,12,Media,TICKETMASTER CHILE,711.0,ocio,2026-05-29,cartola
49,CL,CLP,636330,12,Media,pago a ferretería el candado,2036.0,vivienda,2026-09-04,natural
49,CL,CLP,636330,12,Media,transferencia a inacap,5890.0,educacion,2026-09-11,natural
49,CL,CLP,636330,12,Media,REDFARMA,1247.0,salud,2026-01-29,cartola
49,CL,CLP,636330,12,Media,MAYORISTA 10,1049.0,alimentacion,2026-12-18,cartola
49,CL,CLP,636330,12,Media,pago a turbus,3465.0,transporte,2026-09-23,natural
49,CL,CLP,636330,12,Media,transferencia a pullman bus,2747.0,transporte,2026-01-13,natural
49,CL,CLP,636330,12,Media,AMAZON PRIME VIDEO,1058.0,ocio,2026-05-31,cartola
49,CL,CLP,636330,12,Media,ATM SPACIO1 PETROBRAS,549.0,alimentacion,2026-08-03,cartola
49,CL,CLP,636330,12,Media,transferencia a duoc uc,3689.0,educacion,2026-05-12,natural
49,CL,CLP,636330,12,Media,ENTEL FIBRA,2241.0,servicios,2026-04-23,cartola
49,CL,CLP,636330,12,Media,NF* DR AHORRO,12678.0,salud,2026-09-09,cartola
49,CL,CLP,636330,12,Media,gasto en mamut,4065.0,alimentacion,2026-12-07,natural
49,CL,CLP,636330,12,Media,gasto en enel distribución,552.0,servicios,2026-05-10,natural
49,CL,CLP,636330,12,Media,gasto en tommy beans,2349.0,alimentacion,2026-11-20,natural
49,CL,CLP,636330,12,Media,CONDOVIVE COPROPIEDAD,1917.0,vivienda,2026-07-12,cartola
49,CL,CLP,636330,12,Media,COMPRA WEB CONSTRUMART,1090.0,vivienda,2026-02-26,cartola
49,CL,CLP,636330,12,Media,gasto en pc factory,9193.0,otros,2026-04-07,natural
49,CL,CLP,636330,12,Media,gasto en ferretería el candado,5856.0,vivienda,2026-07-17,natural
49,CL,CLP,636330,12,Media,EDITORIAL SANTILLANA,937.0,educacion,2026-05-15,cartola
49,CL,CLP,636330,12,Media,CLÍNICA ALEMANA,1059.0,salud,2026-05-27,cartola
49,CL,CLP,636330,12,Media,gasto en passline,1183.0,ocio,2026-03-04,natural
49,CL,CLP,636330,12,Media,gasto en comunidadfeliz gastos comunes,1261.0,vivienda,2026-03-06,natural
49,CL,CLP,636330,12,Media,POS TRX STARBUCKS,3147.0,alimentacion,2026-10-22,cartola
49,CL,CLP,636330,12,Media,pago a vespucio sur,1956.0,transporte,2026-07-30,natural
49,CL,CLP,636330,12,Media,gasto en efe trenes,12472.0,transporte,2026-04-19,natural
49,CL,CLP,636330,12,Media,PETROBRAS,1183.0,transporte,2026-01-12,cartola
49,CL,CLP,636330,12,Media,DECATHLON,3206.0,otros,2026-11-29,cartola
49,CL,CLP,636330,12,Media,transferencia a caja vecina almacen,6999.0,otros,2026-08-08,natural
49,CL,CLP,636330,12,Media,gasto en gtd manquehue,2347.0,servicios,2026-12-08,natural
49,CL,CLP,636330,12,Media,SHELL,1011.0,transporte,2026-06-21,cartola
49,CL,CLP,636330,12,Media,TEATRO CAUPOLICÁN,996.0,ocio,2026-08-24,cartola
49,CL,CLP,636330,12,Media,ATM FONASA,1401.0,salud,2026-06-15,cartola
49,CL,CLP,636330,12,Media,SANTA ISABEL,12111.0,alimentacion,2026-07-06,cartola
49,CL,CLP,636330,12,Media,NF* ENERGY FITNESS,8696.0,ocio,2026-06-19,cartola
49,CL,CLP,636330,12,Media,gasto en edipro edificio,10671.0,vivienda,2026-02-21,natural
49,CL,CLP,636330,12,Media,COPROPIETARIOS EDIFICIO EL GOLF,6259.0,vivienda,2026-11-15,cartola
49,CL,CLP,636330,12,Media,transferencia a autopista del sol,1552.0,transporte,2026-07-08,natural
49,CL,CLP,636330,12,Media,gasto en pronto copec,8464.0,alimentacion,2026-04-30,natural
49,CL,CLP,636330,12,Media,cargo de crunchyroll,14327.0,streaming,2026-04-15,natural
49,CL,CLP,636330,12,Media,TER* DISNEY PLUS,1543.0,ocio,2026-06-11,cartola
49,CL,CLP,636330,12,Media,gasto en autopista del sol,1081.0,transporte,2026-10-22,natural
49,CL,CLP,636330,12,Media,CARGO AUT COPROPIETARIOS EDIFICIO EL GOLF,2836.0,vivienda,2026-02-10,cartola
49,CL,CLP,636330,12,Media,PAC MADERAS ENCOFRADOS,742.0,vivienda,2026-12-30,cartola
49,CL,CLP,636330,12,Media,NF* ESTACIONAMIENTO SABA,1176.0,transporte,2026-11-17,cartola
49,CL,CLP,636330,12,Media,gasto en almacén de barrio,10443.0,alimentacion,2026-12-01,natural
49,CL,CLP,636330,12,Media,pago a dimeiggs,9313.0,educacion,2026-06-09,natural
49,CL,CLP,636330,12,Media,gasto en saesa,636.0,servicios,2026-09-21,natural
49,CL,CLP,636330,12,Media,suscripción a apple music,1876.0,streaming,2026-12-19,natural
49,CL,CLP,636330,12,Media,pago a autopista central,6369.0,transporte,2026-01-18,natural
49,CL,CLP,636330,12,Media,compra en esval,3875.0,servicios,2026-06-22,natural
50,CL,CLP,513986,39,Media,ZOOLÓGICO METROPOLITANO,2756.0,ocio,2026-05-02,cartola
50,CL,CLP,513986,39,Media,pago a nuevosur,7142.0,servicios,2026-04-18,natural
50,CL,CLP,513986,39,Media,TARRAGONA,504.0,alimentacion,2026-10-31,cartola
50,CL,CLP,513986,39,Media,CAJA VECINA ALMACEN,3218.0,otros,2026-05-12,cartola
50,CL,CLP,513986,39,Media,BREAL PROPIEDADES,2121.0,vivienda,2026-07-17,cartola
50,CL,CLP,513986,39,Media,transferencia a esval,1951.0,servicios,2026-02-16,natural
50,CL,CLP,513986,39,Media,CARGO AUT CASAIDEAS,1035.0,vivienda,2026-08-16,cartola
50,CL,CLP,513986,39,Media,SUC. AMAZON PRIME 6280,1656.0,streaming,2026-09-02,cartola
50,CL,CLP,513986,39,Media,WEBPAY MUNDO PACÍFICO,702.0,servicios,2026-09-18,cartola
50,CL,CLP,513986,39,Media,pago a comunidadfeliz gastos comunes,1030.0,vivienda,2026-06-27,natural
50,CL,CLP,513986,39,Media,transferencia a movistar hogar,1129.0,servicios,2026-01-24,natural
50,CL,CLP,513986,39,Media,SUC. AMAZON PRIME 7185,4534.0,streaming,2026-06-24,cartola
50,CL,CLP,513986,39,Media,AMAZON PRIME VIDEO,839.0,ocio,2026-09-18,cartola
50,CL,CLP,513986,39,Media,CABIFY,3745.0,transporte,2026-10-13,cartola
50,CL,CLP,513986,39,Media,gasto en fantasilandia,890.0,ocio,2026-01-01,natural
50,CL,CLP,513986,39,Media,,585.0,salud,2026-12-04,cartola
50,CL,CLP,513986,39,Media,PULLMAN BUS,1272.0,transporte,2026-03-10,cartola
50,CL,CLP,513986,39,Media,pago a breal propiedades,904.0,vivienda,2026-01-31,natural
50,CL,CLP,513986,39,Media,ZURICH CHILE,2855.0,otros,2026-07-17,cartola
50,CL,CLP,513986,39,Media,PAGO TC APPLE MUSIC 22/3,1572.0,streaming,2026-04-01,cartola
50,CL,CLP,513986,39,Media,SAESA,12022.0,servicios,2026-12-15,cartola
50,CL,CLP,513986,39,Media,compra en cabify,11775.0,transporte,2026-01-16,natural
50,CL,CLP,513986,39,Media,,2085.0,salud,2026-11-06,natural
50,CL,CLP,513986,39,Media,BOTILLERÍA EL FARO,5636.0,alimentacion,2026-10-03,cartola
50,CL,CLP,513986,39,Media,,837.0,vivienda,2026-06-11,cartola
50,CL,CLP,513986,39,Media,transferencia a farmacias ahumada,2822.0,salud,2026-07-11,natural
50,CL,CLP,513986,39,Media,transferencia a condovive copropiedad,4835.0,vivienda,2026-05-31,natural
50,CL,CLP,513986,39,Media,ANTÁRTICA LIBROS,869.0,educacion,2026-12-31,cartola
50,CL,CLP,513986,39,Media,pago a aguas de antofagasta,612.0,servicios,2026-09-30,natural
50,CL,CLP,513986,39,Media,PARIS DECO,603.0,vivienda,2026-06-25,cartola
50,CL,CLP,513986,39,Media,REDSALUD,2073.0,salud,2026-05-29,cartola
50,CL,CLP,513986,39,Media,CHILQUINTA,2510.0,servicios,2026-06-27,cartola
50,CL,CLP,513986,39,Media,gasto en schopdog,1705.0,alimentacion,2026-08-11,natural
50,CL,CLP,513986,39,Media,AUTOPISTA CENTRAL,2061.0,transporte,2026-09-16,cartola
50,CL,CLP,513986,39,Media,PASTELERÍA MARMENTINI,2259.0,alimentacion,2026-09-30,cartola
50,CL,CLP,513986,39,Media,transferencia a petrobras,5217.0,transporte,2026-07-08,natural
50,CL,CLP,513986,39,Media,compra en autopista vespucio oriente avo,805.0,transporte,2026-03-31,natural
50,CL,CLP,513986,39,Media,compra en movistar arena,5209.0,ocio,2026-12-09,natural
50,CL,CLP,513986,39,Media,compra en dominó,4148.0,alimentacion,2026-09-19,natural
50,CL,CLP,513986,39,Media,compra en imperial,4812.0,vivienda,2026-06-05,natural
50,CL,CLP,513986,39,Media,PAGO TC CRUNCHYROLL 18/3,4715.0,streaming,2026-07-19,cartola
50,CL,CLP,513986,39,Media,IMPERIAL,2261.0,vivienda,2026-02-24,cartola
50,CL,CLP,513986,39,Media,BUSES METROPOLITANA,844.0,transporte,2026-09-11,cartola
50,CL,CLP,513986,39,Media,ISAPRE COLMENA,2735.0,salud,2026-06-22,cartola
50,CL,CLP,513986,39,Media,TER* CLÍNICA UNIVERSIDAD DE LOS ANDES,11270.0,salud,2026-07-19,cartola
50,CL,CLP,513986,39,Media,ABASTIBLE,3157.0,servicios,2026-04-12,cartola
50,CL,CLP,513986,39,Media,pago mensual de disney plus,1162.0,streaming,2026-04-21,natural
50,CL,CLP,513986,39,Media,gasto en maconline,1102.0,otros,2026-06-26,natural
50,CL,CLP,513986,39,Media,compra en mundo pacífico,17573.0,servicios,2026-08-19,natural
50,CL,CLP,513986,39,Media,gasto en fonasa,1040.0,salud,2026-10-28,natural
50,CL,CLP,513986,39,Media,FERRETERÍA PRAT,1206.0,vivienda,2026-11-03,cartola
50,CL,CLP,513986,39,Media,suscripción a spotify,1548.0,streaming,2026-08-27,natural
50,CL,CLP,513986,39,Media,CARGO AUT SPOTIFY 5006,12387.0,streaming,2026-12-23,cartola
50,CL,CLP,513986,39,Media,ADMINISTRACIÓN JARDINES DE MAIPÚ,1364.0,vivienda,2026-09-24,cartola
50,CL,CLP,513986,39,Media,pago a alquiler propiedades chile,1875.0,vivienda,2026-08-02,natural
50,CL,CLP,513986,39,Media,cargo de spotify,3574.0,streaming,2026-03-23,natural
50,CL,CLP,513986,39,Media,NF* TARRAGONA,1139.0,alimentacion,2026-09-19,cartola
50,CL,CLP,513986,39,Media,gasto en ferretería prat,8108.0,vivienda,2026-03-08,natural
50,CL,CLP,513986,39,Media,,2605.0,transporte,2026-03-03,natural
50,CL,CLP,513986,39,Media,SIBARITAS 87,2236.0,alimentacion,2026-05-13,cartola
50,CL,CLP,513986,39,Media,gasto en instituto profesional santo tomás,7009.0,educacion,2026-05-17,natural
50,CL,CLP,513986,39,Media,compra en megasalud,10877.0,salud,2026-01-28,natural
50,CL,CLP,513986,39,Media,transferencia a construmart,1958.0,vivienda,2026-07-30,natural
50,CL,CLP,513986,39,Media,compra en gimnasio upgrade,673.0,ocio,2026-07-24,natural
50,CL,CLP,513986,39,Media,RUTA DEL MAIPO,6013.0,transporte,2026-09-10,cartola
50,CL,CLP,513986,39,Media,transferencia a pago de luz municipalidad,1836.0,servicios,2026-02-07,natural
50,CL,CLP,513986,39,Media,WEBPAY MAX HBO,9748.0,ocio,2026-02-12,cartola
50,CL,CLP,513986,39,Media,KFC,10644.0,alimentacion,2026-04-27,cartola
50,CL,CLP,513986,39,Media,renovación de apple music,904.0,streaming,2026-07-09,natural
50,CL,CLP,513986,39,Media,gasto en ripley,11151.0,otros,2026-02-15,natural
50,CL,CLP,513986,39,Media,gasto en autopista central,1633.0,transporte,2026-06-15,natural
50,CL,CLP,513986,39,Media,gasto en gasco,3695.0,servicios,2026-11-01,natural
50,CL,CLP,513986,39,Media,pago a seguros sura,1214.0,otros,2026-08-21,natural
50,CL,CLP,513986,39,Media,,7812.0,vivienda,2026-09-02,natural
50,CL,CLP,513986,39,Media,DIDI TAXI,3648.0,transporte,2026-07-28,cartola
50,CL,CLP,513986,39,Media,renovación de youtube premium,3668.0,streaming,2026-09-05,natural
50,CL,CLP,513986,39,Media,WEBPAY DR AHORRO,8265.0,salud,2026-10-22,cartola
50,CL,CLP,513986,39,Media,ALQUILER PROPIEDADES CHILE,2524.0,vivienda,2026-11-23,cartola
50,CL,CLP,513986,39,Media,AMAZON PRIME VIDEO,1879.0,ocio,2026-06-07,cartola
50,CL,CLP,513986,39,Media,SUC. CONDOVIVE COPROPIEDAD,7150.0,vivienda,2026-01-01,cartola
50,CL,CLP,513986,39,Media,UBER CHILE,4823.0,transporte,2026-08-05,cartola
50,CL,CLP,513986,39,Media,renovación de crunchyroll,10579.0,streaming,2026-09-06,natural
50,CL,CLP,513986,39,Media,,10010.0,salud,2026-03-10,natural
50,CL,CLP,513986,39,Media,pago a redfarma,1713.0,salud,2026-01-30,natural
50,CL,CLP,513986,39,Media,transferencia a giro cajero redbanc,2106.0,otros,2026-04-25,natural
50,CL,CLP,513986,39,Media,transferencia a ferreteraí prat,1051.0,vivienda,2026-01-08,natural
50,CL,CLP,513986,39,Media,transferencia a abastible,3842.0,servicios,2026-10-02,natural
50,CL,CLP,513986,39,Media,FARMACIAS SALCOBRAND,1612.0,salud,2026-11-11,cartola
50,CL,CLP,513986,39,Media,ESVAL,5483.0,servicios,2026-12-01,cartola
50,CL,CLP,513986,39,Media,transferencia a ferretería el candado,535.0,vivienda,2026-11-07,natural
50,CL,CLP,513986,39,Media,PAC APPLE MUSIC 3018,543.0,streaming,2026-06-04,cartola
50,CL,CLP,513986,39,Media,COPROPIETARIOS EDFIICIO EL GOLF,813.0,vivienda,2026-03-18,cartola
50,CL,CLP,513986,39,Media,pago a pc factory,1089.0,otros,2026-04-11,natural
50,CL,CLP,513986,39,Media,CARLS JR,3441.0,alimentacion,2026-01-30,cartola
50,CL,CLP,513986,39,Media,PAC CRUNCHYROLL 13/1,567.0,streaming,2026-02-08,cartola
50,CL,CLP,513986,39,Media,transferencia a lipigas,620.0,servicios,2026-08-27,natural
50,CL,CLP,513986,39,Media,compra en amazon chile,512.0,otros,2026-05-02,natural
50,CL,CLP,513986,39,Media,PETROBRAS,5417.0,transporte,2026-05-24,cartola
50,CL,CLP,513986,39,Media,gasto en laboratorio bionet,5948.0,salud,2026-06-21,natural
50,CL,CLP,513986,39,Media,COPROPIETARIOS EDIFICIO EL GOLF,628.0,vivienda,2026-09-04,cartola
50,CL,CLP,513986,39,Media,renovación de amazon prime,4783.0,streaming,2026-09-04,natural
50,CL,CLP,513986,39,Media,ESVAL,2021.0,servicios,2026-02-14,cartola
50,CL,CLP,513986,39,Media,VESPUCIO NORTE,974.0,transporte,2026-09-10,cartola
50,CL,CLP,513986,39,Media,renovación de netflix,3453.0,streaming,2026-10-18,natural
50,CL,CLP,513986,39,Media,NF* REDSALUD,699.0,salud,2026-07-26,cartola
50,CL,CLP,513986,39,Media,MAPFRE,5028.0,otros,2026-01-07,cartola
50,CL,CLP,513986,39,Media,transferencia a clínica alemana,741.0,salud,2026-04-20,natural
50,CL,CLP,513986,39,Media,SEGUROS SURA,11368.0,otros,2026-04-24,cartola
50,CL,CLP,513986,39,Media,PAC EASY,801.0,vivienda,2026-10-03,cartola
50,CL,CLP,513986,39,Media,PC FACTORY,3080.0,otros,2026-04-06,cartola
50,CL,CLP,513986,39,Media,compra en condovive copropiedad,8266.0,vivienda,2026-10-21,natural
50,CL,CLP,513986,39,Media,DISNEY PLUS,1200.0,ocio,2026-12-26,cartola
50,CL,CLP,513986,39,Media,pago a autopista del sol,2454.0,transporte,2026-10-15,natural
50,CL,CLP,513986,39,Media,transferencia a copropietarios edificio el golf,1532.0,vivienda,2026-06-03,natural
50,CL,CLP,513986,39,Media,VTR INTERNET,3087.0,servicios,2026-02-27,cartola
50,CL,CLP,513986,39,Media,ESTACIONAMIENTO SABA,908.0,transporte,2026-12-04,cartola
50,CL,CLP,513986,39,Media,compra en farmacias del dr simi,549.0,salud,2026-07-26,natural
50,CL,CLP,513986,39,Media,SMART FIT,3496.0,ocio,2026-02-21,cartola
50,CL,CLP,513986,39,Media,compra en uber chile,1917.0,transporte,2026-12-08,natural
50,CL,CLP,513986,39,Media,POS TRX JUMBO,3464.0,alimentacion,2026-05-30,cartola
50,CL,CLP,513986,39,Media,AUTOPISTA CENTRAL,841.0,transporte,2026-02-22,cartola
50,CL,CLP,513986,39,Media,compra en sibaritas 87,1471.0,alimentacion,2026-08-01,natural
50,CL,CLP,513986,39,Media,MUNDO PACÍFICO,2933.0,servicios,2026-03-07,cartola
50,CL,CLP,513986,39,Media,pago a eco farmacias,3197.0,salud,2026-08-20,natural
50,CL,CLP,513986,39,Media,CINEPLANET,1656.0,ocio,2026-10-26,cartola
50,CL,CLP,513986,39,Media,,1168.0,alimentacion,2026-12-04,cartola
50,CL,CLP,513986,39,Media,SUPERBODEGA ACUENTA,1137.0,alimentacion,2026-05-31,cartola
50,CL,CLP,513986,39,Media,TER* EFE TRENES,683.0,transporte,2026-07-24,cartola
50,CL,CLP,513986,39,Media,gasto en paris deco,1400.0,vivienda,2026-11-16,natural
50,CL,CLP,513986,39,Media,,791.0,servicios,2026-09-12,natural
50,CL,CLP,513986,39,Media,transferencia a sparta,3572.0,otros,2026-05-17,natural
50,CL,CLP,513986,39,Media,transferencia a didi taxi,2993.0,transporte,2026-05-15,natural
50,CL,CLP,513986,39,Media,ANTÁRTICA LIBROS,1715.0,educacion,2026-02-23,cartola
50,CL,CLP,513986,39,Media,pago a cabify,1402.0,transporte,2026-03-06,natural
50,CL,CLP,513986,39,Media,CLÍNICA UNIVERSIDAD DE LOS ANDES,965.0,salud,2026-01-02,cartola
50,CL,CLP,513986,39,Media,,2726.0,vivienda,2026-05-12,cartola
50,CL,CLP,513986,39,Media,transferencia a clínica universidad de los andes,8932.0,salud,2026-11-30,natural
50,CL,CLP,513986,39,Media,pagoa  aliexpress,4115.0,otros,2026-02-01,natural
51,CL,CLP,1677888,9,Alta,EASY,8124.0,vivienda,2026-10-07,cartola
51,CL,CLP,1677888,9,Alta,KIDZANIA SANTIAGO,1260.0,ocio,2026-09-20,cartola
51,CL,CLP,1677888,9,Alta,SUB*CAJA VECINA ALMACEN,828.0,otros,2026-12-29,cartola
51,CL,CLP,1677888,9,Alta,gasto en pago de luz municipalidad,536.0,servicios,2026-12-21,natural
51,CL,CLP,1677888,9,Alta,COPROPIETARIOS EDIFICIO EL GOLF,31518.0,vivienda,2026-09-25,cartola
51,CL,CLP,1677888,9,Alta,compra en aguas del altiplano,1568.0,servicios,2026-12-07,natural
51,CL,CLP,1677888,9,Alta,transferencia a claro hogar,12594.0,servicios,2026-09-16,natural
51,CL,CLP,1677888,9,Alta,transferencia a editorial santillana,719.0,educacion,2026-12-01,natural
51,CL,CLP,1677888,9,Alta,AGUAS DEL ALTIPLANO,1170.0,servicios,2026-03-26,cartola
51,CL,CLP,1677888,9,Alta,gasto en la polar,7265.0,otros,2026-01-10,natural
51,CL,CLP,1677888,9,Alta,EDIPRO EDIFICIO,6388.0,vivienda,2026-10-16,cartola
51,CL,CLP,1677888,9,Alta,TURBUS,30937.0,transporte,2026-10-29,cartola
51,CL,CLP,1677888,9,Alta,PIZZA HUT,29604.0,alimentacion,2026-02-28,cartola
51,CL,CLP,1677888,9,Alta,PAC APPLE MUSIC 8114,15452.0,streaming,2026-11-04,cartola
51,CL,CLP,1677888,9,Alta,KASTOR GASTOS COMUNES,9416.0,vivienda,2026-09-19,cartola
51,CL,CLP,1677888,9,Alta,PONTIFICIA UNIVERSIDAD CATÓLICA,6201.0,educacion,2026-10-12,cartola
51,CL,CLP,1677888,9,Alta,ANTÁRTICA LIBROS,4499.0,educacion,2026-04-29,cartola
51,CL,CLP,1677888,9,Alta,TER* SERVIPAG CUENTAS,30030.0,servicios,2026-06-17,cartola
51,CL,CLP,1677888,9,Alta,GTD MANQUEHUE,9437.0,servicios,2026-12-19,cartola
51,CL,CLP,1677888,9,Alta,CORY,8841.0,alimentacion,2026-07-08,cartola
51,CL,CLP,1677888,9,Alta,,2696.0,servicios,2026-09-08,cartola
51,CL,CLP,1677888,9,Alta,COLECTIVO LINEA 40,823.0,transporte,2026-08-17,cartola
51,CL,CLP,1677888,9,Alta,,29670.0,alimentacion,2026-07-09,cartola
51,CL,CLP,1677888,9,Alta,transferencia a botillería el faro,3847.0,alimentacion,2026-11-12,natural
51,CL,CLP,1677888,9,Alta,TER* FARMACIAS AHUMADA,5972.0,salud,2026-05-04,cartola
51,CL,CLP,1677888,9,Alta,pago a sparta,1244.0,otros,2026-03-25,natural
51,CL,CLP,1677888,9,Alta,pago a maderas encofrados,18530.0,vivienda,2026-10-24,natural
51,CL,CLP,1677888,9,Alta,COPROPIETARIOS EDIFICIO EL GOLF,1226.0,vivienda,2026-08-25,cartola
51,CL,CLP,1677888,9,Alta,compra en ruta 68,18348.0,transporte,2026-04-23,natural
51,CL,CLP,1677888,9,Alta,BAR LA VIRGEN,1544.0,ocio,2026-08-05,cartola
51,CL,CLP,1677888,9,Alta,CORY,22238.0,alimentacion,2026-11-17,cartola
51,CL,CLP,1677888,9,Alta,AGUAS DEL ALTIPLANO,13369.0,servicios,2026-09-03,cartola
51,CL,CLP,1677888,9,Alta,compra en paris deco,1838.0,vivienda,2026-12-01,natural
51,CL,CLP,1677888,9,Alta,PARIS DECO,8524.0,vivienda,2026-11-15,cartola
51,CL,CLP,1677888,9,Alta,gasto en mercado libre,3831.0,otros,2026-02-06,natural
51,CL,CLP,1677888,9,Alta,AUTOPISTA VESPUCIO ORIENTE AVO,2006.0,transporte,2026-03-05,cartola
51,CL,CLP,1677888,9,Alta,cargo de youtube premium,20029.0,streaming,2026-08-07,natural
51,CL,CLP,1677888,9,Alta,SENCILLITO CUENTAS,5280.0,servicios,2026-12-08,cartola
51,CL,CLP,1677888,9,Alta,SPARTA,5195.0,otros,2026-02-03,cartola
51,CL,CLP,1677888,9,Alta,pago a fuente alemana,1902.0,alimentacion,2026-02-08,natural
51,CL,CLP,1677888,9,Alta,transferencia a imperial,4935.0,vivienda,2026-03-08,natural
51,CL,CLP,1677888,9,Alta,,20974.0,alimentacion,2026-07-28,cartola
51,CL,CLP,1677888,9,Alta,compra en pizza hut,4610.0,alimentacion,2026-11-14,natural
51,CL,CLP,1677888,9,Alta,ABASTIBLE,30942.0,servicios,2026-12-10,cartola
51,CL,CLP,1677888,9,Alta,PEAJE LATERAL,29881.0,transporte,2026-06-01,cartola
51,CL,CLP,1677888,9,Alta,ENERGY FITNESS,1599.0,ocio,2026-12-31,cartola
51,CL,CLP,1677888,9,Alta,GASCO,1994.0,servicios,2026-07-18,cartola
51,CL,CLP,1677888,9,Alta,PINTURAS SHERWIN WILLIAMS,20286.0,vivienda,2026-03-30,cartola
51,CL,CLP,1677888,9,Alta,gasto en fonasa,5097.0,salud,2026-09-05,natural
51,CL,CLP,1677888,9,Alta,TARJETA BIP!,578.0,transporte,2026-10-12,cartola
51,CL,CLP,1677888,9,Alta,ISAPRE BANMÉDICA,3270.0,salud,2026-11-26,cartola
51,CL,CLP,1677888,9,Alta,renovación de disney plus,9302.0,streaming,2026-02-01,natural
51,CL,CLP,1677888,9,Alta,gasto en administración jardines de maipú,16407.0,vivienda,2026-03-28,natural
51,CL,CLP,1677888,9,Alta,compra en estacionamiento saba,1463.0,transporte,2026-02-08,natural
51,CL,CLP,1677888,9,Alta,pago a peaje lateral,1197.0,transporte,2026-04-11,natural
51,CL,CLP,1677888,9,Alta,pago a pullman bus,26077.0,transporte,2026-09-01,natural
51,CL,CLP,1677888,9,Alta,CARGO AUT SCOTIABANK,14211.0,otros,2026-08-20,cartola
51,CL,CLP,1677888,9,Alta,renovación de netflix,9104.0,streaming,2026-03-09,natural
51,CL,CLP,1677888,9,Alta,ABASTIBLE,14980.0,servicios,2026-07-11,cartola
51,CL,CLP,1677888,9,Alta,PAC VESPUCIO NORTE,5723.0,transporte,2026-01-28,cartola
51,CL,CLP,1677888,9,Alta,transferencia a peaje troncal lampa,14516.0,transporte,2026-09-27,natural
51,CL,CLP,1677888,9,Alta,FARMACIAS SALCOBRAND,4750.0,salud,2026-08-14,cartola
51,CL,CLP,1677888,9,Alta,gasto en wom fibra,2859.0,servicios,2026-03-18,natural
51,CL,CLP,1677888,9,Alta,SUC. KIDZANIA SANTIAGO,13341.0,ocio,2026-08-11,cartola
51,CL,CLP,1677888,9,Alta,transferencia a discoteca amanda,5560.0,ocio,2026-06-16,natural
51,CL,CLP,1677888,9,Alta,gasto en la sanguchera del barrio,40700.0,alimentacion,2026-10-11,natural
51,CL,CLP,1677888,9,Alta,AGUAS ANDINAS,4393.0,servicios,2026-07-11,cartola
51,CL,CLP,1677888,9,Alta,DUNKIN DONUTS,26030.0,alimentacion,2026-03-30,cartola
51,CL,CLP,1677888,9,Alta,gasto en essbio,27613.0,servicios,2026-02-01,natural
51,CL,CLP,1677888,9,Alta,gasto en autopista central,2829.0,transporte,2026-05-17,natural
51,CL,CLP,1677888,9,Alta,compra en estacionamiento saba,16354.0,transporte,2026-06-05,natural
51,CL,CLP,1677888,9,Alta,WOM FIBRA,5799.0,servicios,2026-09-07,cartola
51,CL,CLP,1677888,9,Alta,TER* TURBUS,25495.0,transporte,2026-04-05,cartola
51,CL,CLP,1677888,9,Alta,pago a didi taxi,6111.0,transporte,2026-01-17,natural
51,CL,CLP,1677888,9,Alta,ÓPTICAS GMO,13934.0,salud,2026-04-27,cartola
51,CL,CLP,1677888,9,Alta,compra en dr ahorro,6429.0,salud,2026-11-29,natural
51,CL,CLP,1677888,9,Alta,transferencia a entel fibra,2641.0,servicios,2026-11-07,natural
51,CL,CLP,1677888,9,Alta,compra en subway,2272.0,alimentacion,2026-01-10,natural
51,CL,CLP,1677888,9,Alta,GTD MANQUEHUE,5662.0,servicios,2026-03-21,cartola
51,CL,CLP,1677888,9,Alta,gasto en duoc uc,14391.0,educacion,2026-05-14,natural
51,CL,CLP,1677888,9,Alta,CLÍNICA ALEMANA,9493.0,salud,2026-07-22,cartola
51,CL,CLP,1677888,9,Alta,transferencia a amazon prime vidoe,11921.0,ocio,2026-04-26,natural
51,CL,CLP,1677888,9,Alta,compra en mamut,3390.0,alimentacion,2026-08-08,natural
51,CL,CLP,1677888,9,Alta,EMPORIO LA ROSA,6710.0,alimentacion,2026-09-10,cartola
51,CL,CLP,1677888,9,Alta,pago a sencillito cuentas,668.0,servicios,2026-12-01,natural
51,CL,CLP,1677888,9,Alta,compra en condovive copropiedad,17382.0,vivienda,2026-11-12,natural
51,CL,CLP,1677888,9,Alta,PETROBRAS,46944.0,transporte,2026-07-24,cartola
51,CL,CLP,1677888,9,Alta,compra en alvi,5337.0,alimentacion,2026-10-25,natural
51,CL,CLP,1677888,9,Alta,gasto en ferretería el candado,871.0,vivienda,2026-09-05,natural
51,CL,CLP,1677888,9,Alta,MUNDO PACÍFICO,1901.0,servicios,2026-12-31,cartola
51,CL,CLP,1677888,9,Alta,transferencia a bci seguros,10801.0,otros,2026-03-12,natural
51,CL,CLP,1677888,9,Alta,pago a clínica santa maría,9675.0,salud,2026-06-05,natural
51,CL,CLP,1677888,9,Alta,CARLS JR,15842.0,alimentacion,2026-04-12,cartola
51,CL,CLP,1677888,9,Alta,compra en ikea chile,2992.0,vivienda,2026-01-13,natural
51,CL,CLP,1677888,9,Alta,PAC LIPIGAS,14737.0,servicios,2026-09-28,cartola
51,CL,CLP,1677888,9,Alta,CLÍNICA SANTA MARÍA,11900.0,salud,2026-10-19,cartola
51,CL,CLP,1677888,9,Alta,pago a cineplanet,3983.0,ocio,2026-08-08,natural
51,CL,CLP,1677888,9,Alta,LABORATORIO BIONET,8057.0,salud,2026-01-15,cartola
51,CL,CLP,1677888,9,Alta,gasto en copropietarios edificio el golf,1628.0,vivienda,2026-08-26,natural
51,CL,CLP,1677888,9,Alta,pago a metro de santiago,6156.0,transporte,2026-04-27,natural
51,CL,CLP,1677888,9,Alta,ESVAL,21766.0,servicios,2026-11-27,cartola
51,CL,CLP,1677888,9,Alta,PAGO DE LUZ MUNICIPALIDAD,5587.0,servicios,2026-02-25,cartola
51,CL,CLP,1677888,9,Alta,gasto en fonasa,18697.0,salud,2026-12-17,natural
51,CL,CLP,1677888,9,Alta,CLARO HOGAR,9116.0,servicios,2026-05-12,cartola
51,CL,CLP,1677888,9,Alta,gasto en clínica bupa,2177.0,salud,2026-08-14,natural
51,CL,CLP,1677888,9,Alta,PULLMAN BUS,8891.0,transporte,2026-11-04,cartola
51,CL,CLP,1677888,9,Alta,transferencia a oxxo,7205.0,alimentacion,2026-08-10,natural
51,CL,CLP,1677888,9,Alta,COMPRA WEB LIPIGAS,5196.0,servicios,2026-06-22,cartola
51,CL,CLP,1677888,9,Alta,PC FACTORY,1302.0,otros,2026-12-06,cartola
51,CL,CLP,1677888,9,Alta,,5508.0,streaming,2026-10-12,natural
51,CL,CLP,1677888,9,Alta,DIDI TAXI,772.0,transporte,2026-11-05,cartola
51,CL,CLP,1677888,9,Alta,ADMINISTRACIÓN JARDINES DE MAIPÚ,1063.0,vivienda,2026-06-06,cartola
51,CL,CLP,1677888,9,Alta,compra en copropietarios edificio el golf,5494.0,vivienda,2026-05-31,natural
52,CL,CLP,634633,45,Media,KIDZANIA SANTIAGO,1511.0,ocio,2026-10-15,cartola
52,CL,CLP,634633,45,Media,COMPRA WEB SHELL,4348.0,transporte,2026-12-19,cartola
52,CL,CLP,634633,45,Media,compra en reifschneider,2221.0,otros,2026-06-13,natural
52,CL,CLP,634633,45,Media,pago a copropietarios edificio el golf,2227.0,vivienda,2026-01-16,natural
52,CL,CLP,634633,45,Media,pago a casaideas,517.0,vivienda,2026-05-16,natural
52,CL,CLP,634633,45,Media,,1430.0,vivienda,2026-09-04,cartola
52,CL,CLP,634633,45,Media,pago mensual de hbo max,888.0,streaming,2026-09-05,natural
52,CL,CLP,634633,45,Media,PAC DOGGIS,20574.0,alimentacion,2026-11-27,cartola
52,CL,CLP,634633,45,Media,pago a librería qué leo,1037.0,educacion,2026-07-17,natural
52,CL,CLP,634633,45,Media,gasto en edipro edificio,6070.0,vivienda,2026-01-01,natural
52,CL,CLP,634633,45,Media,transferencia a seguros metlife,3171.0,otros,2026-07-09,natural
52,CL,CLP,634633,45,Media,pago a cabify,1172.0,transporte,2026-10-21,natural
52,CL,CLP,634633,45,Media,ATM EDIPRO EDIFICIO,2205.0,vivienda,2026-02-14,cartola
52,CL,CLP,634633,45,Media,BURGER KING,5163.0,alimentacion,2026-12-03,cartola
52,CL,CLP,634633,45,Media,NF* CLÍNICA ALEMANA,6043.0,salud,2026-02-01,cartola
52,CL,CLP,634633,45,Media,ENEL DISTRIBUCIÓN,617.0,servicios,2026-10-23,cartola
52,CL,CLP,634633,45,Media,compra en yolito ferretería,1167.0,vivienda,2026-07-03,natural
52,CL,CLP,634633,45,Media,PAPA JOHNS,1148.0,alimentacion,2026-07-10,cartola
52,CL,CLP,634633,45,Media,pago a autopista central,1246.0,transporte,2026-08-26,natural
52,CL,CLP,634633,45,Media,gasto en alquiler propiedades chile,2564.0,vivienda,2026-08-04,natural
52,CL,CLP,634633,45,Media,CLÍNICA DENTAL CUMBRE,5427.0,salud,2026-03-15,cartola
52,CL,CLP,634633,45,Media,transferencia a botillería el faro,1351.0,alimentacion,2026-04-21,natural
52,CL,CLP,634633,45,Media,ESTACIONAMIENTO MLAL CENTER,3789.0,transporte,2026-04-13,cartola
52,CL,CLP,634633,45,Media,CARGO AUT FARMACIAS AHUMADA,2779.0,salud,2026-12-25,cartola
52,CL,CLP,634633,45,Media,gasto en aiep,1325.0,educacion,2026-03-15,natural
52,CL,CLP,634633,45,Media,FUENTE ALEMANA,919.0,alimentacion,2026-09-09,cartola
52,CL,CLP,634633,45,Media,COPROPIETARIOS EDIFICIO EL GOLF,3475.0,vivienda,2026-04-24,cartola
52,CL,CLP,634633,45,Media,FANTASILANDIA,5422.0,ocio,2026-11-09,cartola
52,CL,CLP,634633,45,Media,VESPUCIO SUR,3256.0,transporte,2026-11-26,cartola
52,CL,CLP,634633,45,Media,compra en chilquinta,838.0,servicios,2026-08-26,natural
52,CL,CLP,634633,45,Media,LABORATORIO BIONET,685.0,salud,2026-06-22,cartola
52,CL,CLP,634633,45,Media,AUTOPISTA CENTRAL,578.0,transporte,2026-04-03,cartola
52,CL,CLP,634633,45,Media,WEBPAY ECO FARMACIAS,2376.0,salud,2026-02-19,cartola
52,CL,CLP,634633,45,Media,suscripción a crunchyroll,3972.0,streaming,2026-10-12,natural
52,CL,CLP,634633,45,Media,pago a lipigas,722.0,servicios,2026-03-22,natural
52,CL,CLP,634633,45,Media,NUEVOSUR,5125.0,servicios,2026-09-23,cartola
52,CL,CLP,634633,45,Media,transferencia a sencillito cuentas,2280.0,servicios,2026-06-04,natural
52,CL,CLP,634633,45,Media,NF* SMART FIT,3293.0,ocio,2026-08-21,cartola
52,CL,CLP,634633,45,Media,FUENTE ALEMANA,9996.0,alimentacion,2026-11-12,cartola
52,CL,CLP,634633,45,Media,compra en ok market,735.0,alimentacion,2026-06-08,natural
52,CL,CLP,634633,45,Media,PAC GTD MANQUEHUE,6510.0,servicios,2026-11-12,cartola
52,CL,CLP,634633,45,Media,,813.0,educacion,2026-10-28,cartola
52,CL,CLP,634633,45,Media,,1404.0,transporte,2026-10-09,cartola
52,CL,CLP,634633,45,Media,cargo de max,5362.0,streaming,2026-04-12,natural
52,CL,CLP,634633,45,Media,pago a energy fitness,6657.0,ocio,2026-02-20,natural
52,CL,CLP,634633,45,Media,WENDY'S,1985.0,alimentacion,2026-02-21,cartola
52,CL,CLP,634633,45,Media,CARGO AUT CLÍNICA UNIVERSIDAD DE LOS ANDES,2536.0,salud,2026-07-28,cartola
52,CL,CLP,634633,45,Media,TEATRO NESCAFÉ DE LAS ARTES,3463.0,ocio,2026-11-03,cartola
52,CL,CLP,634633,45,Media,PLAYSTATION NETWORK,5029.0,ocio,2026-05-11,cartola
52,CL,CLP,634633,45,Media,ISAPRE BANMÉDICA,1008.0,salud,2026-09-27,cartola
52,CL,CLP,634633,45,Media,SCOTIABANK,4671.0,otros,2026-07-24,cartola
52,CL,CLP,634633,45,Media,transferencia a universidad adolfo ibáñez uai,1846.0,educacion,2026-08-07,natural
52,CL,CLP,634633,45,Media,SUC. LA POLAR,1684.0,otros,2026-09-14,cartola
52,CL,CLP,634633,45,Media,PEAJE LATERAL,1551.0,transporte,2026-07-04,cartola
52,CL,CLP,634633,45,Media,gasto en clínica alemana,2002.0,salud,2026-05-25,natural
52,CL,CLP,634633,45,Media,compra en lider,8159.0,alimentacion,2026-06-27,natural
52,CL,CLP,634633,45,Media,NF* GASCO,2234.0,servicios,2026-01-14,cartola
52,CL,CLP,634633,45,Media,gasto en sparta,8609.0,otros,2026-09-03,natural
52,CL,CLP,634633,45,Media,TER* HBO MAX 10/1,559.0,streaming,2026-07-06,cartola
52,CL,CLP,634633,45,Media,transferencia a megasalud,3622.0,salud,2026-12-03,natural
52,CL,CLP,634633,45,Media,gasto en petrobras,4704.0,transporte,2026-09-16,natural
52,CL,CLP,634633,45,Media,ALQUILER PROPIEDADES CHILE,3197.0,vivienda,2026-12-20,cartola
52,CL,CLP,634633,45,Media,WEBPAY NUEVOSUR,2626.0,servicios,2026-02-09,cartola
52,CL,CLP,634633,45,Media,UNIMARC,2340.0,alimentacion,2026-03-30,cartola
52,CL,CLP,634633,45,Media,gasto en metrogas,5548.0,servicios,2026-05-05,natural
52,CL,CLP,634633,45,Media,UBER CHILE,4848.0,transporte,2026-12-17,cartola
52,CL,CLP,634633,45,Media,compra en dunkin donuts,508.0,alimentacion,2026-12-16,natural
52,CL,CLP,634633,45,Media,SCHOPDOG,5309.0,alimentacion,2026-03-25,cartola
52,CL,CLP,634633,45,Media,BOTILLERÍA EL FARO,1503.0,alimentacion,2026-01-21,cartola
52,CL,CLP,634633,45,Media,COMPRA WEB SIBARITAS 87,823.0,alimentacion,2026-10-08,cartola
52,CL,CLP,634633,45,Media,FERRETERÍA EL CANDADO,5733.0,vivienda,2026-12-24,cartola
52,CL,CLP,634633,45,Media,AMAZON PRIME VIDEO,1591.0,ocio,2026-06-21,cartola
52,CL,CLP,634633,45,Media,DISNEY PLUS,4646.0,ocio,2026-01-25,cartola
52,CL,CLP,634633,45,Media,ITAÚ COMISIONES,860.0,otros,2026-04-13,cartola
52,CL,CLP,634633,45,Media,AMAZON PRIME VIDEO,1201.0,ocio,2026-08-24,cartola
52,CL,CLP,634633,45,Media,ATM CRUNCHYROLL 21/7,1924.0,streaming,2026-11-09,cartola
52,CL,CLP,634633,45,Media,ATM TURBUS,1048.0,transporte,2026-09-29,cartola
52,CL,CLP,634633,45,Media,GTD MANQUEHUE,3948.0,servicios,2026-10-20,cartola
52,CL,CLP,634633,45,Media,IKEA CHILE,909.0,vivienda,2026-11-28,cartola
52,CL,CLP,634633,45,Media,PULLMAN BUS,1649.0,transporte,2026-06-01,cartola
52,CL,CLP,634633,45,Media,gasto en la sanguchera del barrio,1031.0,alimentacion,2026-05-17,natural
52,CL,CLP,634633,45,Media,REDFARMA,950.0,salud,2026-12-25,cartola
52,CL,CLP,634633,45,Media,EMPORIO LA ROSA,4277.0,alimentacion,2026-01-29,cartola
52,CL,CLP,634633,45,Media,PAC CLUB DE BAILE,1042.0,ocio,2026-01-19,cartola
52,CL,CLP,634633,45,Media,UBER CHILE,2930.0,transporte,2026-05-28,cartola
52,CL,CLP,634633,45,Media,,7014.0,salud,2026-10-10,natural
52,CL,CLP,634633,45,Media,transferencia a clínica santa maría,3203.0,salud,2026-12-16,natural
52,CL,CLP,634633,45,Media,PAGO TC VTR INTERNET,4685.0,servicios,2026-12-07,cartola
52,CL,CLP,634633,45,Media,RUTA DEL MAIPO,1174.0,transporte,2026-04-23,cartola
52,CL,CLP,634633,45,Media,gasto en dunkin donuts,812.0,alimentacion,2026-05-30,natural
52,CL,CLP,634633,45,Media,,6326.0,salud,2026-11-26,natural
52,CL,CLP,634633,45,Media,gasto en aguas del altiplano,3531.0,servicios,2026-09-12,natural
52,CL,CLP,634633,45,Media,pago a starbucks,2870.0,alimentacion,2026-03-28,natural
52,CL,CLP,634633,45,Media,compra en burger king,3065.0,alimentacion,2026-12-16,natural
52,CL,CLP,634633,45,Media,AMAZON CHILE,1504.0,otros,2026-04-08,cartola
52,CL,CLP,634633,45,Media,FARMACIAS SALCOBRAND,1007.0,salud,2026-05-12,cartola
52,CL,CLP,634633,45,Media,pago a autopista del sol,4315.0,transporte,2026-11-08,natural
52,CL,CLP,634633,45,Media,PAGO TC KFC,3193.0,alimentacion,2026-04-07,cartola
52,CL,CLP,634633,45,Media,TER* YOUTUBE PREMIUM 3/10,1800.0,streaming,2026-04-08,cartola
52,CL,CLP,634633,45,Media,compra en imperial,6469.0,vivienda,2026-10-17,natural
52,CL,CLP,634633,45,Media,POS TRX DOGGIS,1152.0,alimentacion,2026-12-22,cartola
52,CL,CLP,634633,45,Media,TEATRO NESCAFÉ DE LAS ARTES,980.0,ocio,2026-08-15,cartola
52,CL,CLP,634633,45,Media,compra en redsalud,5799.0,salud,2026-05-25,natural
52,CL,CLP,634633,45,Media,transferencia a energy fitness,4484.0,ocio,2026-06-05,natural
52,CL,CLP,634633,45,Media,compra en fuente alemana,2035.0,alimentacion,2026-09-27,natural
52,CL,CLP,634633,45,Media,transferencia a teatro nescafé de las artes,661.0,ocio,2026-04-22,natural
52,CL,CLP,634633,45,Media,LIPIGAS,681.0,servicios,2026-11-27,cartola
52,CL,CLP,634633,45,Media,gasto en farmacias knop,3003.0,salud,2026-07-04,natural
52,CL,CLP,634633,45,Media,PAGO TC TICKETMASTER CHILE,1367.0,ocio,2026-07-24,cartola
52,CL,CLP,634633,45,Media,TER* CASAIDEAS,5092.0,vivienda,2026-04-07,cartola
52,CL,CLP,634633,45,Media,transferencia a sibaritas 87,8422.0,alimentacion,2026-02-24,natural
52,CL,CLP,634633,45,Media,FERIA LIBRE PINTO,4606.0,alimentacion,2026-04-27,cartola
52,CL,CLP,634633,45,Media,pago a smart fit,1333.0,ocio,2026-04-03,natural
52,CL,CLP,634633,45,Media,ESTACIONAMIENTO SABA,4371.0,transporte,2026-10-20,cartola
52,CL,CLP,634633,45,Media,FARMACIAS DEL DR SIMI,1218.0,salud,2026-07-23,cartola
52,CL,CLP,634633,45,Media,transferencia a fuente alemana,514.0,alimentacion,2026-10-09,natural
52,CL,CLP,634633,45,Media,SAESA,1005.0,servicios,2026-07-08,cartola
52,CL,CLP,634633,45,Media,pago a max hbo,1370.0,ocio,2026-11-19,natural
52,CL,CLP,634633,45,Media,pago a almacén de barrio,6577.0,alimentacion,2026-03-25,natural
52,CL,CLP,634633,45,Media,AIEP,768.0,educacion,2026-06-29,cartola
52,CL,CLP,634633,45,Media,transferencia a redfarma,651.0,salud,2026-10-01,natural
52,CL,CLP,634633,45,Media,gasto en instituto profesional santo tomás,9844.0,educacion,2026-06-30,natural
52,CL,CLP,634633,45,Media,ATM BARRIO CHICKEN,1192.0,alimentacion,2026-10-10,cartola
52,CL,CLP,634633,45,Media,AUTOPISTA VESPUCIO ORIENTE AVO,4333.0,transporte,2026-10-14,cartola
52,CL,CLP,634633,45,Media,transferencia a petrobras,1090.0,transporte,2026-04-16,natural
52,CL,CLP,634633,45,Media,PAGO TC PASSLINE,1140.0,ocio,2026-09-19,cartola
52,CL,CLP,634633,45,Media,TER* NETFLIX 20/12,7027.0,streaming,2026-01-11,cartola
52,CL,CLP,634633,45,Media,COMPRA WEB COLECTIVO LINEA 40,661.0,transporte,2026-06-30,cartola
52,CL,CLP,634633,45,Media,compra en ruta del maipo,2257.0,transporte,2026-08-01,natural
52,CL,CLP,634633,45,Media,pago a essbio,901.0,servicios,2026-10-01,natural
52,CL,CLP,634633,45,Media,compra en ikea chile,520.0,vivienda,2026-10-02,natural
52,CL,CLP,634633,45,Media,SUB*FARMACIAS KNOP,759.0,salud,2026-11-29,cartola
52,CL,CLP,634633,45,Media,CARGO AUT PARIS,965.0,otros,2026-04-26,cartola
52,CL,CLP,634633,45,Media,CARGO AUT BANCO ESTADO TARJETA,912.0,otros,2026-01-25,cartola
53,CL,CLP,1833382,77,Baja,pago a santa isabel,21367.0,alimentacion,2026-12-23,natural
53,CL,CLP,1833382,77,Baja,transferencia a autopista central,4954.0,transporte,2026-02-27,natural
53,CL,CLP,1833382,77,Baja,EFE TRENES,11813.0,transporte,2026-10-08,cartola
53,CL,CLP,1833382,77,Baja,UNIVERSIDAD ADOLFO IBÁÑEZ UAI,7230.0,educacion,2026-10-06,cartola
53,CL,CLP,1833382,77,Baja,SUB*DISNEY PLUS 5414,3001.0,streaming,2026-08-24,cartola
53,CL,CLP,1833382,77,Baja,PRONTO COPEC,41898.0,alimentacion,2026-12-19,cartola
53,CL,CLP,1833382,77,Baja,AGUAS DEL ALTIPLANO,898.0,servicios,2026-05-08,cartola
53,CL,CLP,1833382,77,Baja,LA POLAR,1429.0,otros,2026-12-03,cartola
53,CL,CLP,1833382,77,Baja,SPACIO1 PETROBRAS,18006.0,alimentacion,2026-07-28,cartola
53,CL,CLP,1833382,77,Baja,NF* SERVIPAG CUENTAS,504.0,servicios,2026-07-05,cartola
53,CL,CLP,1833382,77,Baja,compra en farmacias knop,17587.0,salud,2026-06-18,natural
53,CL,CLP,1833382,77,Baja,EDIPRO EDIFICIO,10139.0,vivienda,2026-06-21,cartola
53,CL,CLP,1833382,77,Baja,transferencia a banco de chile comisiones,759.0,otros,2026-07-24,natural
53,CL,CLP,1833382,77,Baja,compra en cge dsitribución,4528.0,servicios,2026-05-15,natural
53,CL,CLP,1833382,77,Baja,pago a cinemark,11336.0,ocio,2026-02-15,natural
53,CL,CLP,1833382,77,Baja,COLEGIO SAN IGNACIO,7062.0,educacion,2026-01-09,cartola
53,CL,CLP,1833382,77,Baja,pago a gtd manquehue,22173.0,servicios,2026-06-10,natural
53,CL,CLP,1833382,77,Baja,IMPERIAL,16324.0,vivienda,2026-10-16,cartola
53,CL,CLP,1833382,77,Baja,ALQUILER PROPIEDADES CHILE,3265.0,vivienda,2026-12-06,cartola
53,CL,CLP,1833382,77,Baja,pago a la picá del gringo,714.0,alimentacion,2026-11-17,natural
53,CL,CLP,1833382,77,Baja,pago a cinemark,23304.0,ocio,2026-04-16,natural
53,CL,CLP,1833382,77,Baja,ESTACIONAMIENTO MALL CENTER,5879.0,transporte,2026-10-17,cartola
53,CL,CLP,1833382,77,Baja,,624.0,transporte,2026-12-07,natural
53,CL,CLP,1833382,77,Baja,CLÍNICA BUPA,13690.0,salud,2026-03-29,cartola
53,CL,CLP,1833382,77,Baja,pago a cineplanet,16377.0,ocio,2026-07-11,natural
53,CL,CLP,1833382,77,Baja,PAC AGUAS DE ANTOFAGASTA,8234.0,servicios,2026-06-02,cartola
53,CL,CLP,1833382,77,Baja,CHILENA CONSOLIDDAA,4789.0,otros,2026-11-07,cartola
53,CL,CLP,1833382,77,Baja,pago a vespucio sur,8760.0,transporte,2026-05-17,natural
53,CL,CLP,1833382,77,Baja,gasto en amazon prime video,9900.0,ocio,2026-09-30,natural
53,CL,CLP,1833382,77,Baja,compra en comunidadfeliz gastos comunes,18043.0,vivienda,2026-05-29,natural
53,CL,CLP,1833382,77,Baja,NF* PARAMOUNT+ 2832,25188.0,streaming,2026-07-07,cartola
53,CL,CLP,1833382,77,Baja,MAX HBO,5830.0,ocio,2026-05-21,cartola
53,CL,CLP,1833382,77,Baja,FARMACIAS SALCOBRAND,12931.0,salud,2026-05-11,cartola
53,CL,CLP,1833382,77,Baja,AUTOPISTA VESPUCIO ORIENTE AVO,26948.0,transporte,2026-01-04,cartola
53,CL,CLP,1833382,77,Baja,COSTANERA NORTE,1324.0,transporte,2026-09-20,cartola
53,CL,CLP,1833382,77,Baja,CLÍNICA LAEMANA,1037.0,salud,2026-01-24,cartola
53,CL,CLP,1833382,77,Baja,gasto en autopista vespucio oriente avo,16405.0,transporte,2026-09-23,natural
53,CL,CLP,1833382,77,Baja,compra en fuente alemana,1754.0,alimentacion,2026-08-17,natural
53,CL,CLP,1833382,77,Baja,transferencia a copec,1136.0,transporte,2026-06-21,natural
53,CL,CLP,1833382,77,Baja,PAGO TC PEDRO JUAN Y DIEGO,1408.0,alimentacion,2026-08-22,cartola
53,CL,CLP,1833382,77,Baja,transferencia a pizza hut,3912.0,alimentacion,2026-10-22,natural
53,CL,CLP,1833382,77,Baja,ZARA CHILE,1998.0,otros,2026-10-02,cartola
53,CL,CLP,1833382,77,Baja,gasto en emporio la rosa,2940.0,alimentacion,2026-03-17,natural
53,CL,CLP,1833382,77,Baja,pago a energy fitness,29872.0,ocio,2026-11-04,natural
53,CL,CLP,1833382,77,Baja,gasto en maconline,9838.0,otros,2026-08-02,natural
53,CL,CLP,1833382,77,Baja,transferencia a pinturas sherwin williams,10053.0,vivienda,2026-06-07,natural
53,CL,CLP,1833382,77,Baja,compra en ruta del itata,803.0,transporte,2026-10-29,natural
53,CL,CLP,1833382,77,Baja,ESVAL,10632.0,servicios,2026-07-23,cartola
53,CL,CLP,1833382,77,Baja,pago a peaje melipilla,10853.0,transporte,2026-05-29,natural
53,CL,CLP,1833382,77,Baja,COMPRA WEB EMPORIO LA ROSA,8702.0,alimentacion,2026-03-16,cartola
53,CL,CLP,1833382,77,Baja,AGUAS DE ANTOFAGASTA,2093.0,servicios,2026-08-17,cartola
53,CL,CLP,1833382,77,Baja,pago a alquiler propiedades chile,4439.0,vivienda,2026-10-31,natural
53,CL,CLP,1833382,77,Baja,gasto en peaje lateral,15116.0,transporte,2026-03-03,natural
53,CL,CLP,1833382,77,Baja,TARRAGONA,8954.0,alimentacion,2026-02-27,cartola
53,CL,CLP,1833382,77,Baja,compra en abastible,10652.0,servicios,2026-10-01,natural
53,CL,CLP,1833382,77,Baja,KASTOR GASTOS COMUNES,7145.0,vivienda,2026-04-18,cartola
53,CL,CLP,1833382,77,Baja,pago a abastible,4820.0,servicios,2026-07-06,natural
53,CL,CLP,1833382,77,Baja,CHILENA CONSOLIDADA,11488.0,otros,2026-08-17,cartola
53,CL,CLP,1833382,77,Baja,PACIFIC FITNESS,568.0,ocio,2026-02-17,cartola
53,CL,CLP,1833382,77,Baja,SPACIO1 PETROBRAS,9027.0,alimentacion,2026-11-15,cartola
53,CL,CLP,1833382,77,Baja,ISAPRE BANMÉDICA,47461.0,salud,2026-09-25,cartola
53,CL,CLP,1833382,77,Baja,transferencia a almacén de barrio,12229.0,alimentacion,2026-08-03,natural
53,CL,CLP,1833382,77,Baja,COMPRA WEB AMAZON PRIME 3339,2771.0,streaming,2026-10-17,cartola
53,CL,CLP,1833382,77,Baja,compra en metro de santiago,2627.0,transporte,2026-09-11,natural
53,CL,CLP,1833382,77,Baja,gasto en farmacias del dr simi,8881.0,salud,2026-12-24,natural
53,CL,CLP,1833382,77,Baja,compra en paris deco,18259.0,vivienda,2026-03-28,natural
53,CL,CLP,1833382,77,Baja,SCHOPDOG,6963.0,alimentacion,2026-06-30,cartola
53,CL,CLP,1833382,77,Baja,BOTILLERÍA EL FARO,6050.0,alimentacion,2026-01-25,cartola
53,CL,CLP,1833382,77,Baja,PAC PARAMOUNT+ 14/11,1411.0,streaming,2026-08-10,cartola
53,CL,CLP,1833382,77,Baja,,10145.0,alimentacion,2026-02-18,natural
53,CL,CLP,1833382,77,Baja,DECATHLON,9781.0,otros,2026-11-30,cartola
53,CL,CLP,1833382,77,Baja,KFC,27524.0,alimentacion,2026-06-24,cartola
53,CL,CLP,1833382,77,Baja,pago a universidad san sebastián uss,2881.0,educacion,2026-11-07,natural
53,CL,CLP,1833382,77,Baja,transferencia a librería qué leo,11401.0,educacion,2026-10-01,natural
53,CL,CLP,1833382,77,Baja,pago a entel fibra,4595.0,servicios,2026-02-04,natural
53,CL,CLP,1833382,77,Baja,gasto en amazon prime video,6599.0,ocio,2026-08-05,natural
53,CL,CLP,1833382,77,Baja,SPACIO1 PETROBRAS,13684.0,alimentacion,2026-07-28,cartola
53,CL,CLP,1833382,77,Baja,compra en aguas de antofagasta,2026.0,servicios,2026-06-09,natural
53,CL,CLP,1833382,77,Baja,cargo de crunchyroll,3389.0,streaming,2026-01-07,natural
53,CL,CLP,1833382,77,Baja,compra en turbus,11980.0,transporte,2026-09-26,natural
53,CL,CLP,1833382,77,Baja,PINTURAS SHERWIN WILLIAMS,6821.0,vivienda,2026-05-06,cartola
53,CL,CLP,1833382,77,Baja,gasto en universidad de chile,783.0,educacion,2026-11-21,natural
53,CL,CLP,1833382,77,Baja,gasto en autopista del sol,4540.0,transporte,2026-12-22,natural
53,CL,CLP,1833382,77,Baja,UBER CHILE,7131.0,transporte,2026-03-31,cartola
53,CL,CLP,1833382,77,Baja,transferencia a construmart,19394.0,vivienda,2026-02-11,natural
53,CL,CLP,1833382,77,Baja,gasto en aiep,1686.0,educacion,2026-12-31,natural
53,CL,CLP,1833382,77,Baja,PEAJE MELIPILLA,13235.0,transporte,2026-06-08,cartola
53,CL,CLP,1833382,77,Baja,KIDZANIA SANTIAGO,1130.0,ocio,2026-07-21,cartola
53,CL,CLP,1833382,77,Baja,pago a pullman bus,2239.0,transporte,2026-10-09,natural
53,CL,CLP,1833382,77,Baja,compra en yolito ferretería,2251.0,vivienda,2026-11-28,natural
53,CL,CLP,1833382,77,Baja,transferencia a universidad del desarrollo udd,16947.0,educacion,2026-10-15,natural
53,CL,CLP,1833382,77,Baja,MUNDO PACÍFICO,1791.0,servicios,2026-04-01,cartola
53,CL,CLP,1833382,77,Baja,PARIS DECO,12482.0,vivienda,2026-05-05,cartola
53,CL,CLP,1833382,77,Baja,pago a clínica santa maría,5001.0,salud,2026-05-06,natural
53,CL,CLP,1833382,77,Baja,CINEPLANET,56528.0,ocio,2026-02-21,cartola
53,CL,CLP,1833382,77,Baja,compra en decathlon,14747.0,otros,2026-04-13,natural
53,CL,CLP,1833382,77,Baja,ESVAL,10864.0,servicios,2026-12-27,cartola
53,CL,CLP,1833382,77,Baja,gasto en max hbo,16514.0,ocio,2026-07-06,natural
53,CL,CLP,1833382,77,Baja,AIEP,8114.0,educacion,2026-07-24,cartola
53,CL,CLP,1833382,77,Baja,POS TRX CASAIDEAS,14979.0,vivienda,2026-01-14,cartola
53,CL,CLP,1833382,77,Baja,transferencia a emporio la rosa,2443.0,alimentacion,2026-04-14,natural
53,CL,CLP,1833382,77,Baja,LIBRERÍA SUBSUELO,830.0,educacion,2026-04-27,cartola
53,CL,CLP,1833382,77,Baja,CARGO AUT MCDONALDS,7724.0,alimentacion,2026-10-31,cartola
53,CL,CLP,1833382,77,Baja,WEBPAY STEAM GAMES,4604.0,ocio,2026-04-03,cartola
53,CL,CLP,1833382,77,Baja,compra en teatro nescafé de las artes,4487.0,ocio,2026-05-24,natural
53,CL,CLP,1833382,77,Baja,EASY,6039.0,vivienda,2026-04-20,cartola
53,CL,CLP,1833382,77,Baja,PC FACTORY,3620.0,otros,2026-06-12,cartola
53,CL,CLP,1833382,77,Baja,compra en ópticas schilling,7940.0,salud,2026-02-22,natural
53,CL,CLP,1833382,77,Baja,DISNEY PLUS,1014.0,ocio,2026-03-09,cartola
53,CL,CLP,1833382,77,Baja,pago a amazonc hile,28276.0,otros,2026-09-03,natural
53,CL,CLP,1833382,77,Baja,SUB*FERIA LIBRE PINTO,20877.0,alimentacion,2026-05-18,cartola
53,CL,CLP,1833382,77,Baja,VTR INTERNET,22097.0,servicios,2026-11-04,cartola
53,CL,CLP,1833382,77,Baja,compra en ópticas schilling,3666.0,salud,2026-12-18,natural
53,CL,CLP,1833382,77,Baja,compra en uber chile,6127.0,transporte,2026-10-14,natural
53,CL,CLP,1833382,77,Baja,compra en fuente alemana,24878.0,alimentacion,2026-03-07,natural
53,CL,CLP,1833382,77,Baja,UBER CHILE,18778.0,transporte,2026-12-13,cartola
53,CL,CLP,1833382,77,Baja,JUMBO,12607.0,alimentacion,2026-11-21,cartola
53,CL,CLP,1833382,77,Baja,gasto en puntoticket,4223.0,ocio,2026-06-04,natural
53,CL,CLP,1833382,77,Baja,gasto en metro de santiago,6707.0,transporte,2026-03-28,natural
53,CL,CLP,1833382,77,Baja,FUENTE SUIZA,12710.0,alimentacion,2026-02-02,cartola
53,CL,CLP,1833382,77,Baja,TER* METRO DE SANTIAGO,2574.0,transporte,2026-03-09,cartola
53,CL,CLP,1833382,77,Baja,PETROBRAS,7949.0,transporte,2026-07-06,cartola
53,CL,CLP,1833382,77,Baja,pago a duoc uc,14206.0,educacion,2026-07-11,natural
53,CL,CLP,1833382,77,Baja,SUPERBODEGA ACUENTA,9922.0,alimentacion,2026-08-01,cartola
53,CL,CLP,1833382,77,Baja,DIMEGIGS,5270.0,educacion,2026-03-29,cartola
53,CL,CLP,1833382,77,Baja,pago a schopdog,7092.0,alimentacion,2026-12-17,natural
53,CL,CLP,1833382,77,Baja,pago a clínica dental cumbre,36169.0,salud,2026-04-18,natural
53,CL,CLP,1833382,77,Baja,compra en isapre consalud,7437.0,salud,2026-08-28,natural
53,CL,CLP,1833382,77,Baja,DISNEY PLUS,12431.0,ocio,2026-08-04,cartola
53,CL,CLP,1833382,77,Baja,ATM RUTA DEL MIAPO,10468.0,transporte,2026-06-26,cartola
53,CL,CLP,1833382,77,Baja,gasto en tommy beans,9759.0,alimentacion,2026-02-22,natural
53,CL,CLP,1833382,77,Baja,TOMMY BEANS,10171.0,alimentacion,2026-11-26,cartola
53,CL,CLP,1833382,77,Baja,EFE TRENES,4891.0,transporte,2026-02-18,cartola
54,CL,CLP,1579111,16,Alta,SUC. PIZZA HUT,8893.0,alimentacion,2026-07-21,cartola
54,CL,CLP,1579111,16,Alta,pago a efe trenes,16155.0,transporte,2026-09-30,natural
54,CL,CLP,1579111,16,Alta,pago a universidad adolfo ibáñez uai,3650.0,educacion,2026-02-05,natural
54,CL,CLP,1579111,16,Alta,pago a isapre colmena,14409.0,salud,2026-08-11,natural
54,CL,CLP,1579111,16,Alta,MUNDO PACÍFICO,4412.0,servicios,2026-12-18,cartola
54,CL,CLP,1579111,16,Alta,POS TRX AGUAS DEL ALTIPLANO,4013.0,servicios,2026-10-04,cartola
54,CL,CLP,1579111,16,Alta,VERDULERÍA DON LUCHO,1029.0,alimentacion,2026-07-07,cartola
54,CL,CLP,1579111,16,Alta,gasto en spacio1 petrobras,9295.0,alimentacion,2026-09-14,natural
54,CL,CLP,1579111,16,Alta,PINTURAS SHERWIN WILLIAMS,12887.0,vivienda,2026-05-22,cartola
54,CL,CLP,1579111,16,Alta,suscripción a disney plus,8520.0,streaming,2026-05-16,natural
54,CL,CLP,1579111,16,Alta,compra en fuente suiza,1284.0,alimentacion,2026-11-03,natural
54,CL,CLP,1579111,16,Alta,BANCO DE CHILE COMISIONES,853.0,otros,2026-03-20,cartola
54,CL,CLP,1579111,16,Alta,CGE DISTRIBUCIÓN,6653.0,servicios,2026-10-19,cartola
54,CL,CLP,1579111,16,Alta,BREAL PROPIEDADES,4015.0,vivienda,2026-03-03,cartola
54,CL,CLP,1579111,16,Alta,compra en alvi,4384.0,alimentacion,2026-05-09,natural
54,CL,CLP,1579111,16,Alta,transferencia a gtd manquehue,26873.0,servicios,2026-12-07,natural
54,CL,CLP,1579111,16,Alta,gasto en universidad andrés bello unab,10067.0,educacion,2026-10-25,natural
54,CL,CLP,1579111,16,Alta,ALQUILER PROPIEDADES CHILE,4151.0,vivienda,2026-09-14,cartola
54,CL,CLP,1579111,16,Alta,,1223.0,vivienda,2026-02-23,natural
54,CL,CLP,1579111,16,Alta,gasto en botillería el faro,1186.0,alimentacion,2026-04-10,natural
54,CL,CLP,1579111,16,Alta,SODIMAC HOMECENTER,9031.0,vivienda,2026-02-08,cartola
54,CL,CLP,1579111,16,Alta,transferencia a mayorista 10,14224.0,alimentacion,2026-09-20,natural
54,CL,CLP,1579111,16,Alta,OK MARKET,9620.0,alimentacion,2026-05-30,cartola
54,CL,CLP,1579111,16,Alta,pago a maderas encofrados,4073.0,vivienda,2026-05-01,natural
54,CL,CLP,1579111,16,Alta,ENERGY FITNESS,1189.0,ocio,2026-10-28,cartola
54,CL,CLP,1579111,16,Alta,ALMACÉN DOÑA JUANA,26777.0,alimentacion,2026-11-26,cartola
54,CL,CLP,1579111,16,Alta,transferencia a spacio1 eptrobras,33578.0,alimentacion,2026-04-30,natural
54,CL,CLP,1579111,16,Alta,AMAZON PRIME VIDEO,6235.0,ocio,2026-03-13,cartola
54,CL,CLP,1579111,16,Alta,transferencia a schopdog,573.0,alimentacion,2026-08-07,natural
54,CL,CLP,1579111,16,Alta,gasto en ripley,6090.0,otros,2026-10-29,natural
54,CL,CLP,1579111,16,Alta,pago a pastelería marmentini,17433.0,alimentacion,2026-05-03,natural
54,CL,CLP,1579111,16,Alta,gasto en chilquinta,8912.0,servicios,2026-09-01,natural
54,CL,CLP,1579111,16,Alta,SMART FIT,9956.0,ocio,2026-03-16,cartola
54,CL,CLP,1579111,16,Alta,ATM DOGGIS,695.0,alimentacion,2026-01-06,cartola
54,CL,CLP,1579111,16,Alta,gasto en mercado libre,881.0,otros,2026-01-21,natural
54,CL,CLP,1579111,16,Alta,IMPERIAL,1065.0,vivienda,2026-07-09,cartola
54,CL,CLP,1579111,16,Alta,transferencia a pacific fitness,18360.0,ocio,2026-08-13,natural
54,CL,CLP,1579111,16,Alta,WEBPAY ESVAL,5837.0,servicios,2026-04-13,cartola
54,CL,CLP,1579111,16,Alta,ZOOLÓGICO METROPOLITANO,12266.0,ocio,2026-12-10,cartola
54,CL,CLP,1579111,16,Alta,PEAJE ZAPATA,958.0,transporte,2026-04-09,cartola
54,CL,CLP,1579111,16,Alta,CLÍNICA UNIVERSIDAD DE LOS ANDES,20541.0,salud,2026-11-14,cartola
54,CL,CLP,1579111,16,Alta,PAGO TC PEAJE LATERAL,13462.0,transporte,2026-12-29,cartola
54,CL,CLP,1579111,16,Alta,compra en nuevosur,1991.0,servicios,2026-03-24,natural
54,CL,CLP,1579111,16,Alta,transferencia a easy,16214.0,vivienda,2026-06-30,natural
54,CL,CLP,1579111,16,Alta,compra en clínica universidad de los andes,2392.0,salud,2026-06-01,natural
54,CL,CLP,1579111,16,Alta,transferencia a alvi,1798.0,alimentacion,2026-02-25,natural
54,CL,CLP,1579111,16,Alta,apgo mensual de crunchyroll,2400.0,streaming,2026-07-09,natural
54,CL,CLP,1579111,16,Alta,BANCO SANTANDER SEGURO,18830.0,otros,2026-01-22,cartola
54,CL,CLP,1579111,16,Alta,transferencia a cge distribución,19336.0,servicios,2026-03-09,natural
54,CL,CLP,1579111,16,Alta,gasto en administración jardines de maipú,3121.0,vivienda,2026-07-04,natural
54,CL,CLP,1579111,16,Alta,LIPIGAS,9560.0,servicios,2026-01-10,cartola
54,CL,CLP,1579111,16,Alta,CONSTRUMART,8809.0,vivienda,2026-03-07,cartola
54,CL,CLP,1579111,16,Alta,gasto en tarragona,12849.0,alimentacion,2026-09-21,natural
54,CL,CLP,1579111,16,Alta,LIDER,2751.0,alimentacion,2026-08-13,cartola
54,CL,CLP,1579111,16,Alta,NF* AMAZON PRIME 7002,5582.0,streaming,2026-05-03,cartola
54,CL,CLP,1579111,16,Alta,ABASTIBLE,8617.0,servicios,2026-02-07,cartola
54,CL,CLP,1579111,16,Alta,INSTITUTO PROFESIONAL SANTO TOMÁS,622.0,educacion,2026-11-14,cartola
54,CL,CLP,1579111,16,Alta,cargo de crunchyroll,3698.0,streaming,2026-06-05,natural
54,CL,CLP,1579111,16,Alta,transferencia a spacio1 petrobras,9311.0,alimentacion,2026-10-28,natural
54,CL,CLP,1579111,16,Alta,gasto en alvi,2277.0,alimentacion,2026-11-17,natural
54,CL,CLP,1579111,16,Alta,gasto en almacén de barrio,24740.0,alimentacion,2026-03-08,natural
54,CL,CLP,1579111,16,Alta,UNIMARC,1144.0,alimentacion,2026-12-28,cartola
54,CL,CLP,1579111,16,Alta,EDIPRO EDIFICIO,24811.0,vivienda,2026-05-20,cartola
54,CL,CLP,1579111,16,Alta,BREAL PROPIEDADES,1911.0,vivienda,2026-03-23,cartola
54,CL,CLP,1579111,16,Alta,COMPRA WEB DR AHORRO,1069.0,salud,2026-05-29,cartola
54,CL,CLP,1579111,16,Alta,DIDI TAXI,2706.0,transporte,2026-05-11,cartola
54,CL,CLP,1579111,16,Alta,AUTOPISTA CENTRAL,12070.0,transporte,2026-03-10,cartola
54,CL,CLP,1579111,16,Alta,compra en seguros sura,10920.0,otros,2026-12-11,natural
54,CL,CLP,1579111,16,Alta,compra en almacén doña juana,1832.0,alimentacion,2026-09-07,natural
54,CL,CLP,1579111,16,Alta,compra en ikea chile,1714.0,vivienda,2026-11-16,natural
54,CL,CLP,1579111,16,Alta,gasto en didi taxi,8047.0,transporte,2026-06-26,natural
54,CL,CLP,1579111,16,Alta,AGUAS DEL ALTIPLANO,4792.0,servicios,2026-03-13,cartola
54,CL,CLP,1579111,16,Alta,compra en kfc,12293.0,alimentacion,2026-01-17,natural
54,CL,CLP,1579111,16,Alta,gasto en alquiler propiedades chile,659.0,vivienda,2026-03-11,natural
54,CL,CLP,1579111,16,Alta,AGUAS DEL ALTIPLANO,7373.0,servicios,2026-04-23,cartola
54,CL,CLP,1579111,16,Alta,gasto en spacio1 petrobras,10261.0,alimentacion,2026-08-20,natural
54,CL,CLP,1579111,16,Alta,,39253.0,educacion,2026-01-21,natural
54,CL,CLP,1579111,16,Alta,ENTEL FIBRA,8882.0,servicios,2026-05-15,cartola
54,CL,CLP,1579111,16,Alta,transferencia a maderas encofrados,2063.0,vivienda,2026-09-20,natural
54,CL,CLP,1579111,16,Alta,PINTURAS SHERWIN WILLIAMS,896.0,vivienda,2026-04-21,cartola
54,CL,CLP,1579111,16,Alta,transferencia a enel distribución,8011.0,servicios,2026-09-03,natural
54,CL,CLP,1579111,16,Alta,gasto en autopista del sol,5793.0,transporte,2026-10-10,natural
54,CL,CLP,1579111,16,Alta,FARMACIAS DEL DR SIMI,17943.0,salud,2026-01-08,cartola
54,CL,CLP,1579111,16,Alta,PARIS,10143.0,otros,2026-10-11,cartola
54,CL,CLP,1579111,16,Alta,pago a administración jardines de maipú,5575.0,vivienda,2026-07-26,natural
54,CL,CLP,1579111,16,Alta,ISAPRE BANMÉDICA,4042.0,salud,2026-07-13,cartola
54,CL,CLP,1579111,16,Alta,CARGO AUT MUNDO PACÍFICO,4053.0,servicios,2026-02-16,cartola
54,CL,CLP,1579111,16,Alta,transferencia a gtd manquehue,2007.0,servicios,2026-12-08,natural
54,CL,CLP,1579111,16,Alta,YOLITO FERRETERÍA,741.0,vivienda,2026-01-10,cartola
54,CL,CLP,1579111,16,Alta,PEAJE LATERAL,6691.0,transporte,2026-10-16,cartola
54,CL,CLP,1579111,16,Alta,ATM STARBUCKS,1868.0,alimentacion,2026-05-11,cartola
54,CL,CLP,1579111,16,Alta,pago a burger king,1827.0,alimentacion,2026-09-27,natural
54,CL,CLP,1579111,16,Alta,AGUAS DE ANTOFAGASTA,1048.0,servicios,2026-10-29,cartola
54,CL,CLP,1579111,16,Alta,VERDULERÍA DON LUCHO,1644.0,alimentacion,2026-03-02,cartola
54,CL,CLP,1579111,16,Alta,CLUB DE BAILE,663.0,ocio,2026-01-13,cartola
54,CL,CLP,1579111,16,Alta,AIEP,8772.0,educacion,2026-09-29,cartola
54,CL,CLP,1579111,16,Alta,transferencia a construmart,4014.0,vivienda,2026-07-27,natural
54,CL,CLP,1579111,16,Alta,gasto en farmacias ahumada,6449.0,salud,2026-09-03,natural
54,CL,CLP,1579111,16,Alta,PAGO DE LUZ MUNICIPALIDAD,7925.0,servicios,2026-05-13,cartola
54,CL,CLP,1579111,16,Alta,pago a fonasa,28103.0,salud,2026-09-01,natural
54,CL,CLP,1579111,16,Alta,transferenciaa  santa isabel,553.0,alimentacion,2026-10-21,natural
54,CL,CLP,1579111,16,Alta,COMPRA WEB PEAJE ANGOSTURA,4233.0,transporte,2026-02-07,cartola
54,CL,CLP,1579111,16,Alta,FUENTE ALEMANA,2207.0,alimentacion,2026-12-25,cartola
54,CL,CLP,1579111,16,Alta,WEBPAY MUNDO PACÍFICO,5065.0,servicios,2026-02-25,cartola
54,CL,CLP,1579111,16,Alta,transferencia a unimarc,19802.0,alimentacion,2026-11-15,natural
54,CL,CLP,1579111,16,Alta,gasto en farmacias knop,10069.0,salud,2026-02-17,natural
54,CL,CLP,1579111,16,Alta,PAGO TC ENEL DISTRIBUCIÓN,8483.0,servicios,2026-04-15,cartola
54,CL,CLP,1579111,16,Alta,pago a feria libre pinto,4553.0,alimentacion,2026-02-28,natural
54,CL,CLP,1579111,16,Alta,pago a sibaritas 87,8698.0,alimentacion,2026-03-18,natural
54,CL,CLP,1579111,16,Alta,compra en copropietarios edificio el golf,998.0,vivienda,2026-08-06,natural
54,CL,CLP,1579111,16,Alta,CLÍNICA UNIVERSIDAD DE LOS ANDES,6902.0,salud,2026-02-24,cartola
54,CL,CLP,1579111,16,Alta,VTR INTERNET,6312.0,servicios,2026-02-24,cartola
54,CL,CLP,1579111,16,Alta,gasto en farmacias del dr simi,3329.0,salud,2026-05-09,natural
54,CL,CLP,1579111,16,Alta,VTR INTERNET,1760.0,servicios,2026-03-26,cartola
54,CL,CLP,1579111,16,Alta,EMPORIO LA ROSA,12890.0,alimentacion,2026-08-02,cartola
54,CL,CLP,1579111,16,Alta,transferencia a condovive copropiedad,1126.0,vivienda,2026-11-10,natural
54,CL,CLP,1579111,16,Alta,WOM FIBRA,565.0,servicios,2026-10-20,cartola
54,CL,CLP,1579111,16,Alta,gasto en paris deco,4542.0,vivienda,2026-02-18,natural
54,CL,CLP,1579111,16,Alta,CASAIDEAS,2277.0,vivienda,2026-03-08,cartola
54,CL,CLP,1579111,16,Alta,gasto en metro de santiago,10702.0,transporte,2026-10-02,natural
54,CL,CLP,1579111,16,Alta,pago a petrobras,7866.0,transporte,2026-05-09,natural
54,CL,CLP,1579111,16,Alta,transferencia a ikea chile,11582.0,vivienda,2026-01-29,natural
54,CL,CLP,1579111,16,Alta,pago mensual de hbo max,3071.0,streaming,2026-12-09,natural
54,CL,CLP,1579111,16,Alta,EFE TRENES,10552.0,transporte,2026-02-02,cartola
54,CL,CLP,1579111,16,Alta,transferencia a vespucio norte,15508.0,transporte,2026-04-29,natural
54,CL,CLP,1579111,16,Alta,gasto en melt pizzas,3313.0,alimentacion,2026-06-29,natural
55,CL,CLP,1924289,37,Media,PAC COPROPIETARIOS EDIFICIO EL GOLF,5269.0,vivienda,2026-02-10,cartola
55,CL,CLP,1924289,37,Media,transferencia a casaideas,8334.0,vivienda,2026-12-18,natural
55,CL,CLP,1924289,37,Media,NF* CLARO HOGAR,2462.0,servicios,2026-11-20,cartola
55,CL,CLP,1924289,37,Media,AMAZON PRIME VIDEO,26259.0,ocio,2026-09-18,cartola
55,CL,CLP,1924289,37,Media,gasto en pullman bus,8232.0,transporte,2026-11-05,natural
55,CL,CLP,1924289,37,Media,SUC. PEAJE MELIPILLA,3454.0,transporte,2026-05-16,cartola
55,CL,CLP,1924289,37,Media,transferencia a metrogas,5533.0,servicios,2026-10-05,natural
55,CL,CLP,1924289,37,Media,PAC YOUTUBE PREMIUM 6840,15177.0,streaming,2026-04-16,cartola
55,CL,CLP,1924289,37,Media,WEBPAY ALQUILER PROPIEDADES CHILE,1633.0,vivienda,2026-01-07,cartola
55,CL,CLP,1924289,37,Media,pago a instituto profesional santo tomás,3210.0,educacion,2026-10-29,natural
55,CL,CLP,1924289,37,Media,compra en lipigas,10541.0,servicios,2026-01-30,natural
55,CL,CLP,1924289,37,Media,TELEPIZZA,3511.0,alimentacion,2026-05-06,cartola
55,CL,CLP,1924289,37,Media,COPEC,14569.0,transporte,2026-12-23,cartola
55,CL,CLP,1924289,37,Media,pago a gimnasio upgrade,1295.0,ocio,2026-03-20,natural
55,CL,CLP,1924289,37,Media,suscripción a apple music,13325.0,streaming,2026-03-08,natural
55,CL,CLP,1924289,37,Media,CORY,656.0,alimentacion,2026-01-23,cartola
55,CL,CLP,1924289,37,Media,transferencia a melt pizzas,1200.0,alimentacion,2026-03-15,natural
55,CL,CLP,1924289,37,Media,CLARO HOGAR,21168.0,servicios,2026-01-05,cartola
55,CL,CLP,1924289,37,Media,gasto en farmacias cruz verde,8066.0,salud,2026-03-23,natural
55,CL,CLP,1924289,37,Media,gasto en botillería el faro,4017.0,alimentacion,2026-01-25,natural
55,CL,CLP,1924289,37,Media,CGE DISTRIBUCIÓN,2453.0,servicios,2026-09-21,cartola
55,CL,CLP,1924289,37,Media,PAGO TC PEAJE ANGOSTURA,8888.0,transporte,2026-01-02,cartola
55,CL,CLP,1924289,37,Media,gasto en fuente alemana,6590.0,alimentacion,2026-10-05,natural
55,CL,CLP,1924289,37,Media,,44274.0,vivienda,2026-11-24,natural
55,CL,CLP,1924289,37,Media,pago a enel distribución,37864.0,servicios,2026-12-09,natural
55,CL,CLP,1924289,37,Media,VESPUCIO SUR,9337.0,transporte,2026-08-12,cartola
55,CL,CLP,1924289,37,Media,TURBUS,5419.0,transporte,2026-03-13,cartola
55,CL,CLP,1924289,37,Media,gasto en schopdog,6259.0,alimentacion,2026-03-09,natural
55,CL,CLP,1924289,37,Media,compra en tavelli,10628.0,alimentacion,2026-11-16,natural
55,CL,CLP,1924289,37,Media,compra en caja vecina almacen,992.0,otros,2026-04-04,natural
55,CL,CLP,1924289,37,Media,transferencia a petrobras,3687.0,transporte,2026-01-19,natural
55,CL,CLP,1924289,37,Media,PAC HBO MAX 1873,725.0,streaming,2026-05-08,cartola
55,CL,CLP,1924289,37,Media,ocmpra en nuevosur,706.0,servicios,2026-12-09,natural
55,CL,CLP,1924289,37,Media,SENCILLITO CUENTAS,2019.0,servicios,2026-03-23,cartola
55,CL,CLP,1924289,37,Media,SERVIPAG CEUNTAS,6152.0,servicios,2026-09-11,cartola
55,CL,CLP,1924289,37,Media,PACIFIC FITNESS,14230.0,ocio,2026-08-09,cartola
55,CL,CLP,1924289,37,Media,gasto en zurich chile,6156.0,otros,2026-12-09,natural
55,CL,CLP,1924289,37,Media,ZOOLÓGICO METROPOLITANO,3786.0,ocio,2026-04-07,cartola
55,CL,CLP,1924289,37,Media,ABASTIBLE,796.0,servicios,2026-02-21,cartola
55,CL,CLP,1924289,37,Media,UNIVERSIDAD DEL DESARROLLO UDD,7403.0,educacion,2026-06-24,cartola
55,CL,CLP,1924289,37,Media,transferencia a peaje lateral,2932.0,transporte,2026-12-04,natural
55,CL,CLP,1924289,37,Media,POS TRX ENERGY FITNESS,8841.0,ocio,2026-07-01,cartola
55,CL,CLP,1924289,37,Media,compra en gasco,35022.0,servicios,2026-12-19,natural
55,CL,CLP,1924289,37,Media,gasto en editorial santillana,1093.0,educacion,2026-04-25,natural
55,CL,CLP,1924289,37,Media,pago a servipag cuentas,2209.0,servicios,2026-12-14,natural
55,CL,CLP,1924289,37,Media,MELT PIZZAS,5936.0,alimentacion,2026-01-01,cartola
55,CL,CLP,1924289,37,Media,BANCO SANTANDER SEGURO,32066.0,otros,2026-03-04,cartola
55,CL,CLP,1924289,37,Media,pago a peaje troncal lampa,13688.0,transporte,2026-09-05,natural
55,CL,CLP,1924289,37,Media,AGUAS DE ANTOFAGASTA,21168.0,servicios,2026-08-19,cartola
55,CL,CLP,1924289,37,Media,compra en juan valdez,3761.0,alimentacion,2026-08-14,natural
55,CL,CLP,1924289,37,Media,DISCOTECA AMANDA,44773.0,ocio,2026-01-19,cartola
55,CL,CLP,1924289,37,Media,PULLMAN BUS,1005.0,transporte,2026-01-31,cartola
55,CL,CLP,1924289,37,Media,pago a lider,504.0,alimentacion,2026-11-29,natural
55,CL,CLP,1924289,37,Media,pago a clínica santa maría,17927.0,salud,2026-05-01,natural
55,CL,CLP,1924289,37,Media,SIBARITAS 87,24280.0,alimentacion,2026-01-24,cartola
55,CL,CLP,1924289,37,Media,pago a vespucio norte,880.0,transporte,2026-11-21,natural
55,CL,CLP,1924289,37,Media,H&M CHILE,1115.0,otros,2026-07-30,cartola
55,CL,CLP,1924289,37,Media,pago mensual de spotify,660.0,streaming,2026-09-12,natural
55,CL,CLP,1924289,37,Media,compra en alvi,1023.0,alimentacion,2026-02-28,natural
55,CL,CLP,1924289,37,Media,NUEVOSUR,2177.0,servicios,2026-04-24,cartola
55,CL,CLP,1924289,37,Media,gasto en copropietarios edificio el golf,32508.0,vivienda,2026-06-09,natural
55,CL,CLP,1924289,37,Media,compra en edipro edificio,10211.0,vivienda,2026-08-08,natural
55,CL,CLP,1924289,37,Media,SUB*AGUAS ANDINAS,13966.0,servicios,2026-12-23,cartola
55,CL,CLP,1924289,37,Media,compra en dunkin donuts,13866.0,alimentacion,2026-06-18,natural
55,CL,CLP,1924289,37,Media,PAC AMAZON PRIME 17/12,7095.0,streaming,2026-01-12,cartola
55,CL,CLP,1924289,37,Media,BOTILLERÍA EL FARO,14794.0,alimentacion,2026-08-30,cartola
55,CL,CLP,1924289,37,Media,transferencia a ticketmaster chile,8392.0,ocio,2026-05-19,natural
55,CL,CLP,1924289,37,Media,ALMACÉN DOÑA JUANA,3499.0,alimentacion,2026-04-07,cartola
55,CL,CLP,1924289,37,Media,ATM DISNEY PLUS 23/12,7629.0,streaming,2026-05-27,cartola
55,CL,CLP,1924289,37,Media,ATM KFC,7064.0,alimentacion,2026-07-01,cartola
55,CL,CLP,1924289,37,Media,KASTOR GASTOS COMUNES,16065.0,vivienda,2026-02-26,cartola
55,CL,CLP,1924289,37,Media,compra en maderas encofrados,37077.0,vivienda,2026-02-11,natural
55,CL,CLP,1924289,37,Media,STEAM GAMES,4904.0,ocio,2026-12-20,cartola
55,CL,CLP,1924289,37,Media,AGUAS DEL ALTIPLANO,13352.0,servicios,2026-07-18,cartola
55,CL,CLP,1924289,37,Media,CONDOVIVE COPROPIEDAD,974.0,vivienda,2026-01-31,cartola
55,CL,CLP,1924289,37,Media,pago a itaú comisiones,13894.0,otros,2026-06-29,natural
55,CL,CLP,1924289,37,Media,ZARA CHILE,4301.0,otros,2026-01-02,cartola
55,CL,CLP,1924289,37,Media,DR AHORRO,787.0,salud,2026-05-18,cartola
55,CL,CLP,1924289,37,Media,transferencia a entel fibra,4181.0,servicios,2026-04-15,natural
55,CL,CLP,1924289,37,Media,ENEL DISTRIBUCIÓN,8738.0,servicios,2026-08-06,cartola
55,CL,CLP,1924289,37,Media,transferencia a colegio san ignacio,1176.0,educacion,2026-08-10,natural
55,CL,CLP,1924289,37,Media,compra en uber chile,23877.0,transporte,2026-11-27,natural
55,CL,CLP,1924289,37,Media,PETROBRAS,749.0,transporte,2026-04-15,cartola
55,CL,CLP,1924289,37,Media,gasto en efe trenes,24636.0,transporte,2026-05-07,natural
55,CL,CLP,1924289,37,Media,TARJETA CENCOSUD,11376.0,otros,2026-09-22,cartola
55,CL,CLP,1924289,37,Media,ISAPRE CONSALUD,3706.0,salud,2026-07-19,cartola
55,CL,CLP,1924289,37,Media,CARGO AUT APPLE MUSIC 27/7,4590.0,streaming,2026-09-09,cartola
55,CL,CLP,1924289,37,Media,EFE TRENES,12508.0,transporte,2026-01-15,cartola
55,CL,CLP,1924289,37,Media,compra en decathlon,8523.0,otros,2026-08-14,natural
55,CL,CLP,1924289,37,Media,compra en tarjeta cencosud,10317.0,otros,2026-12-19,natural
55,CL,CLP,1924289,37,Media,compra en lipigas,4566.0,servicios,2026-04-15,natural
55,CL,CLP,1924289,37,Media,pago mensual de max,6198.0,streaming,2026-08-21,natural
55,CL,CLP,1924289,37,Media,ATM FARMACIAS SALCOBRAND,42540.0,salud,2026-11-15,cartola
55,CL,CLP,1924289,37,Media,transferencia a laboratorio bionet,2230.0,salud,2026-08-07,natural
55,CL,CLP,1924289,37,Media,pago a aiep,5012.0,educacion,2026-10-04,natural
55,CL,CLP,1924289,37,Media,comrpa en metro de santiago,3197.0,transporte,2026-09-18,natural
55,CL,CLP,1924289,37,Media,NF* NETFLIX 2076,13420.0,streaming,2026-12-07,cartola
55,CL,CLP,1924289,37,Media,DOGGIS,13377.0,alimentacion,2026-12-02,cartola
55,CL,CLP,1924289,37,Media,RUTA DEL ITATA,3205.0,transporte,2026-07-09,cartola
55,CL,CLP,1924289,37,Media,PINTURAS SHERWIN WILLIAMS,786.0,vivienda,2026-07-17,cartola
55,CL,CLP,1924289,37,Media,pago a energy fitness,994.0,ocio,2026-02-08,natural
55,CL,CLP,1924289,37,Media,transferencia a pullman bus,5166.0,transporte,2026-06-11,natural
55,CL,CLP,1924289,37,Media,pago a copropietarios edificio el golf,4893.0,vivienda,2026-05-01,natural
55,CL,CLP,1924289,37,Media,EASY,41279.0,vivienda,2026-09-19,cartola
55,CL,CLP,1924289,37,Media,ENEL DISTRIBUCIÓN,5878.0,servicios,2026-08-04,cartola
55,CL,CLP,1924289,37,Media,pago a falabella,2745.0,otros,2026-11-08,natural
55,CL,CLP,1924289,37,Media,CASAIDEAS,20552.0,vivienda,2026-02-18,cartola
55,CL,CLP,1924289,37,Media,transferencia a administración jardines de maipú,6257.0,vivienda,2026-04-02,natural
55,CL,CLP,1924289,37,Media,pago a pago de luz municipalidad,8469.0,servicios,2026-05-09,natural
55,CL,CLP,1924289,37,Media,AUTOPISTA VESPUCIO ORIENTE AVO,932.0,transporte,2026-11-17,cartola
55,CL,CLP,1924289,37,Media,ESTACIONAMIENTO SABA,4472.0,transporte,2026-01-28,cartola
55,CL,CLP,1924289,37,Media,renovación de apple music,26739.0,streaming,2026-12-22,natural
55,CL,CLP,1924289,37,Media,pago a autopisat vespucio oriente avo,8248.0,transporte,2026-05-28,natural
55,CL,CLP,1924289,37,Media,EMPORIO LA ROSA,3913.0,alimentacion,2026-11-24,cartola
55,CL,CLP,1924289,37,Media,CONDOVIVE COPROPIEDAD,9103.0,vivienda,2026-03-06,cartola
55,CL,CLP,1924289,37,Media,ALMACÉN DE BARRIO,22349.0,alimentacion,2026-08-06,cartola
55,CL,CLP,1924289,37,Media,POS TRX DISNEY PLUS 10/12,2966.0,streaming,2026-02-20,cartola
55,CL,CLP,1924289,37,Media,REDFARMA,6517.0,salud,2026-11-01,cartola
56,CL,CLP,851279,27,Alta,TER* ISAPRE COLMENA,5603.0,salud,2026-04-29,cartola
56,CL,CLP,851279,27,Alta,MADERAS ENOCFRADOS,575.0,vivienda,2026-12-16,cartola
56,CL,CLP,851279,27,Alta,gasto en turbus,2013.0,transporte,2026-06-24,natural
56,CL,CLP,851279,27,Alta,CLÍNICA ALEMANA,3685.0,salud,2026-01-30,cartola
56,CL,CLP,851279,27,Alta,gasto en peaje melipilla,5590.0,transporte,2026-02-24,natural
56,CL,CLP,851279,27,Alta,pago a metrogas,860.0,servicios,2026-07-15,natural
56,CL,CLP,851279,27,Alta,SUB*PEDIDOSYA,1263.0,alimentacion,2026-02-10,cartola
56,CL,CLP,851279,27,Alta,gasto en spotify,3233.0,ocio,2026-06-22,natural
56,CL,CLP,851279,27,Alta,transferencia a ruta 68,3185.0,transporte,2026-11-26,natural
56,CL,CLP,851279,27,Alta,PAGO TC BURGER KING,4248.0,alimentacion,2026-08-07,cartola
56,CL,CLP,851279,27,Alta,pago a decathlon,1516.0,otros,2026-07-27,natural
56,CL,CLP,851279,27,Alta,cargo de paramount+,3254.0,streaming,2026-06-07,natural
56,CL,CLP,851279,27,Alta,PAGO TC YOLITO FERRETERÍA,881.0,vivienda,2026-11-29,cartola
56,CL,CLP,851279,27,Alta,pago a fantasilandia,866.0,ocio,2026-08-16,natural
56,CL,CLP,851279,27,Alta,compra en imperial,3596.0,vivienda,2026-03-26,natural
56,CL,CLP,851279,27,Alta,transferencia a caibfy,4840.0,transporte,2026-06-22,natural
56,CL,CLP,851279,27,Alta,LA PICÁ DEL GRINGO,537.0,alimentacion,2026-09-02,cartola
56,CL,CLP,851279,27,Alta,gasot en farmacias cruz verde,548.0,salud,2026-12-26,natural
56,CL,CLP,851279,27,Alta,BOTILLERÍA EL FARO,3486.0,alimentacion,2026-06-22,cartola
56,CL,CLP,851279,27,Alta,compra en cge distribución,1317.0,servicios,2026-12-01,natural
56,CL,CLP,851279,27,Alta,gasto en lipigas,2085.0,servicios,2026-07-31,natural
56,CL,CLP,851279,27,Alta,NF* APPLE MUSIC 14/3,2143.0,streaming,2026-03-25,cartola
56,CL,CLP,851279,27,Alta,AGUAS DE ANTOFAGASTA,823.0,servicios,2026-06-22,cartola
56,CL,CLP,851279,27,Alta,COMPRA WEB FANTASILANDIA,682.0,ocio,2026-05-13,cartola
56,CL,CLP,851279,27,Alta,UNIVERSIDAD SAN SEBASTIÁN USS,8027.0,educacion,2026-10-15,cartola
56,CL,CLP,851279,27,Alta,transferencia a chilquinta,5253.0,servicios,2026-09-19,natural
56,CL,CLP,851279,27,Alta,CLUB DE BAILE,4908.0,ocio,2026-12-16,cartola
56,CL,CLP,851279,27,Alta,TER* TAVELLI,3309.0,alimentacion,2026-10-09,cartola
56,CL,CLP,851279,27,Alta,cargo de spotify,5052.0,streaming,2026-10-20,natural
56,CL,CLP,851279,27,Alta,gasto en petrobras,11482.0,transporte,2026-09-26,natural
56,CL,CLP,851279,27,Alta,AUTOPISTA VESPUCIO ORIENTE AVO,4585.0,transporte,2026-12-15,cartola
56,CL,CLP,851279,27,Alta,CLÍNICA INDISA,1289.0,salud,2026-07-16,cartola
56,CL,CLP,851279,27,Alta,transferencia a pullman bus,3537.0,transporte,2026-01-25,natural
56,CL,CLP,851279,27,Alta,compra en smart fit,2444.0,ocio,2026-05-21,natural
56,CL,CLP,851279,27,Alta,MEGASALUD,3401.0,salud,2026-08-11,cartola
56,CL,CLP,851279,27,Alta,gasto en cinemark,3051.0,ocio,2026-01-20,natural
56,CL,CLP,851279,27,Alta,pago a la polar,8191.0,otros,2026-09-04,natural
56,CL,CLP,851279,27,Alta,gasto en peaje zapata,4415.0,transporte,2026-11-24,natural
56,CL,CLP,851279,27,Alta,gasto en pedidosya,875.0,alimentacion,2026-07-20,natural
56,CL,CLP,851279,27,Alta,pago a discoteca amanda,904.0,ocio,2026-04-25,natural
56,CL,CLP,851279,27,Alta,CLÍNICA BUPA,2311.0,salud,2026-07-08,cartola
56,CL,CLP,851279,27,Alta,transferencia a easy,525.0,vivienda,2026-02-23,natural
56,CL,CLP,851279,27,Alta,PINTURAS SHERWIN WILLIAMS,1603.0,vivienda,2026-06-19,cartola
56,CL,CLP,851279,27,Alta,compra en breal propiedades,1920.0,vivienda,2026-01-11,natural
56,CL,CLP,851279,27,Alta,MELT PIZZAS,1971.0,alimentacion,2026-01-27,cartola
56,CL,CLP,851279,27,Alta,transferencia a antártica libros,16236.0,educacion,2026-12-16,natural
56,CL,CLP,851279,27,Alta,pago a emporio la rosa,1516.0,alimentacion,2026-03-24,natural
56,CL,CLP,851279,27,Alta,GIMNASIO SPORTLIFE,1290.0,ocio,2026-10-17,cartola
56,CL,CLP,851279,27,Alta,ALQUILER PROPIEDADES CHILE,580.0,vivienda,2026-02-07,cartola
56,CL,CLP,851279,27,Alta,compra en peaje lateral,2994.0,transporte,2026-03-28,natural
56,CL,CLP,851279,27,Alta,COMUNIDADFELIZ GASTOS COMUNES,698.0,vivienda,2026-11-17,cartola
56,CL,CLP,851279,27,Alta,ABASTIBLE,4008.0,servicios,2026-06-05,cartola
56,CL,CLP,851279,27,Alta,pago a corona,706.0,otros,2026-11-04,natural
56,CL,CLP,851279,27,Alta,FERRETERÍA PRAT,3597.0,vivienda,2026-10-13,cartola
56,CL,CLP,851279,27,Alta,pago a vespucio norte,7324.0,transporte,2026-07-05,natural
56,CL,CLP,851279,27,Alta,gasto en saesa,1193.0,servicios,2026-05-23,natural
56,CL,CLP,851279,27,Alta,SPACIO1 PETROBRAS,2278.0,alimentacion,2026-07-25,cartola
56,CL,CLP,851279,27,Alta,transferencia a peaje melipilla,2587.0,transporte,2026-05-22,natural
56,CL,CLP,851279,27,Alta,compra en almacén de barrio,6552.0,alimentacion,2026-07-04,natural
56,CL,CLP,851279,27,Alta,PEAJE LATERAL,2640.0,transporte,2026-08-29,cartola
56,CL,CLP,851279,27,Alta,suscripción a paramount+,3508.0,streaming,2026-01-08,natural
56,CL,CLP,851279,27,Alta,KFC,6555.0,alimentacion,2026-03-13,cartola
56,CL,CLP,851279,27,Alta,DUNKIN DONUTS,3433.0,alimentacion,2026-10-15,cartola
56,CL,CLP,851279,27,Alta,SCHOPDOG,1856.0,alimentacion,2026-04-05,cartola
56,CL,CLP,851279,27,Alta,CONSTRUMART,1168.0,vivienda,2026-02-10,cartola
56,CL,CLP,851279,27,Alta,CONDOVIVE COPROPIEDAD,5478.0,vivienda,2026-11-27,cartola
56,CL,CLP,851279,27,Alta,compra en ferretería el candado,8574.0,vivienda,2026-10-28,natural
56,CL,CLP,851279,27,Alta,,14682.0,alimentacion,2026-09-26,natural
56,CL,CLP,851279,27,Alta,cargo de netflix,10929.0,streaming,2026-06-04,natural
56,CL,CLP,851279,27,Alta,compra en estacionamiento mall center,6681.0,transporte,2026-10-02,natural
56,CL,CLP,851279,27,Alta,transferencia a maderas encofrados,4316.0,vivienda,2026-06-03,natural
56,CL,CLP,851279,27,Alta,NF* ENTEL FIBRA,6364.0,servicios,2026-02-22,cartola
56,CL,CLP,851279,27,Alta,gasto en aguas del altiplano,2368.0,servicios,2026-06-28,natural
56,CL,CLP,851279,27,Alta,transferencia a condovive copropiedad,3780.0,vivienda,2026-08-28,natural
56,CL,CLP,851279,27,Alta,UBER CHILE,1794.0,transporte,2026-05-17,cartola
56,CL,CLP,851279,27,Alta,UNIVERSIDAD ANDRÉS BELLO UNAB,1655.0,educacion,2026-09-12,cartola
56,CL,CLP,851279,27,Alta,AMAZON PRIME VIDEO,5914.0,ocio,2026-08-12,cartola
56,CL,CLP,851279,27,Alta,MAMUT,2532.0,alimentacion,2026-06-29,cartola
56,CL,CLP,851279,27,Alta,suscripción a paramount+,998.0,streaming,2026-07-01,natural
56,CL,CLP,851279,27,Alta,,944.0,vivienda,2026-09-16,cartola
56,CL,CLP,851279,27,Alta,ABASTIBLE,8203.0,servicios,2026-08-31,cartola
56,CL,CLP,851279,27,Alta,CARGO AUT MAX 4698,4739.0,streaming,2026-04-06,cartola
56,CL,CLP,851279,27,Alta,gasto en alvi,3305.0,alimentacion,2026-07-16,natural
56,CL,CLP,851279,27,Alta,TARJETA CENCOSUD,2144.0,otros,2026-01-14,cartola
56,CL,CLP,851279,27,Alta,compra en editorial santillana,2358.0,educacion,2026-04-30,natural
56,CL,CLP,851279,27,Alta,gasto en copropietarios edificio el golf,886.0,vivienda,2026-09-26,natural
56,CL,CLP,851279,27,Alta,PASTELERÍA MARMENTINI,2539.0,alimentacion,2026-06-20,cartola
56,CL,CLP,851279,27,Alta,gasto en peaje lateral,6641.0,transporte,2026-03-13,natural
56,CL,CLP,851279,27,Alta,COMPRA WEB DISNEY PLUS 4278,2055.0,streaming,2026-06-28,cartola
56,CL,CLP,851279,27,Alta,compra en universidad diego portales udp,2025.0,educacion,2026-06-19,natural
56,CL,CLP,851279,27,Alta,cargo de hbo max,658.0,streaming,2026-06-03,natural
56,CL,CLP,851279,27,Alta,pago mensual de hbo max,2562.0,streaming,2026-03-23,natural
56,CL,CLP,851279,27,Alta,LABORATORIO BIONET,556.0,salud,2026-01-07,cartola
56,CL,CLP,851279,27,Alta,pago a esval,3535.0,servicios,2026-04-22,natural
56,CL,CLP,851279,27,Alta,PAC DISNEY PLUS 3895,2958.0,streaming,2026-02-17,cartola
56,CL,CLP,851279,27,Alta,PAC NETFLIX 8725,7669.0,streaming,2026-03-21,cartola
56,CL,CLP,851279,27,Alta,suscripción a netflix,3648.0,streaming,2026-11-12,natural
56,CL,CLP,851279,27,Alta,PINTURAS SHERWIN WILLIAMS,1635.0,vivienda,2026-02-02,cartola
56,CL,CLP,851279,27,Alta,compra en santa isabel,3039.0,alimentacion,2026-04-25,natural
56,CL,CLP,851279,27,Alta,pago a mcdonalds,5034.0,alimentacion,2026-01-03,natural
56,CL,CLP,851279,27,Alta,pago a librería qué leo,985.0,educacion,2026-01-04,natural
56,CL,CLP,851279,27,Alta,compra en fonasa,4061.0,salud,2026-12-22,natural
56,CL,CLP,851279,27,Alta,compra en editorial santillana,10396.0,educacion,2026-09-17,natural
56,CL,CLP,851279,27,Alta,CABIFY,1487.0,transporte,2026-02-11,cartola
56,CL,CLP,851279,27,Alta,compra en librería qué leo,4122.0,educacion,2026-01-09,natural
56,CL,CLP,851279,27,Alta,compra en redfarma,7207.0,salud,2026-11-03,natural
56,CL,CLP,851279,27,Alta,CLUB DE BAILE,3000.0,ocio,2026-05-25,cartola
56,CL,CLP,851279,27,Alta,pago a estacionamiento mall center,5297.0,transporte,2026-04-07,natural
56,CL,CLP,851279,27,Alta,pago a maderas encofrados,1559.0,vivienda,2026-10-03,natural
56,CL,CLP,851279,27,Alta,PAC TICKETMASTER CHILE,1529.0,ocio,2026-05-22,cartola
56,CL,CLP,851279,27,Alta,DIMEIGGS,4609.0,educacion,2026-10-05,cartola
56,CL,CLP,851279,27,Alta,gasto en dimeiggs,5114.0,educacion,2026-01-27,natural
56,CL,CLP,851279,27,Alta,pago a uber chile,11569.0,transporte,2026-02-12,natural
56,CL,CLP,851279,27,Alta,CONDOVIVE COPROPIEDAD,1066.0,vivienda,2026-05-11,cartola
56,CL,CLP,851279,27,Alta,pago a ferretería el candado,2643.0,vivienda,2026-08-04,natural
56,CL,CLP,851279,27,Alta,SIBARITAS 87,1207.0,alimentacion,2026-04-04,cartola
56,CL,CLP,851279,27,Alta,transferencia a casaideas,1019.0,vivienda,2026-03-27,natural
56,CL,CLP,851279,27,Alta,pago mensual de netflix,2160.0,streaming,2026-12-11,natural
56,CL,CLP,851279,27,Alta,FARMACIAS SALCOBRAND,1961.0,salud,2026-05-18,cartola
56,CL,CLP,851279,27,Alta,compra en clínica universidad de los andes,1319.0,salud,2026-09-03,natural
56,CL,CLP,851279,27,Alta,transferencia a construmart,1475.0,vivienda,2026-01-21,natural
56,CL,CLP,851279,27,Alta,PASTELERÍA MARMENTINI,1870.0,alimentacion,2026-09-22,cartola
56,CL,CLP,851279,27,Alta,INTEGRAMÉDICA,18810.0,salud,2026-05-28,cartola
56,CL,CLP,851279,27,Alta,pago a melt pizzas,6392.0,alimentacion,2026-07-03,natural
56,CL,CLP,851279,27,Alta,MCDONALDS,726.0,alimentacion,2026-10-19,cartola
56,CL,CLP,851279,27,Alta,RAPPI,8616.0,alimentacion,2026-02-05,cartola
56,CL,CLP,851279,27,Alta,KIDZANIA SANTIAGO,4198.0,ocio,2026-09-03,cartola
56,CL,CLP,851279,27,Alta,gasto en cabify,9259.0,transporte,2026-03-14,natural
56,CL,CLP,851279,27,Alta,AUTOPISTA VESPUCIO ORIENTE AVO,1750.0,transporte,2026-05-30,cartola
56,CL,CLP,851279,27,Alta,SUC. MAX 4250,2614.0,streaming,2026-01-01,cartola
56,CL,CLP,851279,27,Alta,CARGO AUT PASTELERÍA MARMENTINI,9480.0,alimentacion,2026-03-10,cartola
56,CL,CLP,851279,27,Alta,transferencia a uber eats,1332.0,alimentacion,2026-10-20,natural
56,CL,CLP,851279,27,Alta,CLÍNICA UNIVERSIDAD DE LOS ANDES,10340.0,salud,2026-08-18,cartola
56,CL,CLP,851279,27,Alta,REDSALUD,7378.0,salud,2026-07-30,cartola
57,CL,CLP,989570,48,Baja,pago a dunkin donuts,2984.0,alimentacion,2026-12-01,natural
57,CL,CLP,989570,48,Baja,EDIPRO EDIFICIO,6351.0,vivienda,2026-04-05,cartola
57,CL,CLP,989570,48,Baja,CLÍNICA ALEMANA,2506.0,salud,2026-08-05,cartola
57,CL,CLP,989570,48,Baja,VERDULERÍA DON LUCHO,772.0,alimentacion,2026-04-21,cartola
57,CL,CLP,989570,48,Baja,transferencia a pacific fitness,1383.0,ocio,2026-12-19,natural
57,CL,CLP,989570,48,Baja,SERVIPAG CUENTAS,1467.0,servicios,2026-06-29,cartola
57,CL,CLP,989570,48,Baja,pago a farmacias knop,14199.0,salud,2026-06-12,natural
57,CL,CLP,989570,48,Baja,gasto en edipro edificio,2568.0,vivienda,2026-04-29,natural
57,CL,CLP,989570,48,Baja,compra en banco de chile comisiones,9628.0,otros,2026-11-21,natural
57,CL,CLP,989570,48,Baja,gasto en easy,6441.0,vivienda,2026-08-16,natural
57,CL,CLP,989570,48,Baja,,28972.0,streaming,2026-05-25,natural
57,CL,CLP,989570,48,Baja,ISAPRE BANMÉDICA,2446.0,salud,2026-11-04,cartola
57,CL,CLP,989570,48,Baja,gasto en isapre cruz blanca,1324.0,salud,2026-05-22,natural
57,CL,CLP,989570,48,Baja,IMPERIAL,1133.0,vivienda,2026-10-12,cartola
57,CL,CLP,989570,48,Baja,compra en farmacias knop,2117.0,salud,2026-08-14,natural
57,CL,CLP,989570,48,Baja,pago mensual de youtube premium,8846.0,streaming,2026-12-26,natural
57,CL,CLP,989570,48,Baja,transferencia a sodimac homecenter,684.0,vivienda,2026-09-14,natural
57,CL,CLP,989570,48,Baja,POS TRX SENCILLITO CUENTAS,2154.0,servicios,2026-10-12,cartola
57,CL,CLP,989570,48,Baja,POS TRX SHELL,14841.0,transporte,2026-06-14,cartola
57,CL,CLP,989570,48,Baja,CONDOVIVE COPROPIEDAD,6714.0,vivienda,2026-08-09,cartola
57,CL,CLP,989570,48,Baja,PETROBRAS,553.0,transporte,2026-03-10,cartola
57,CL,CLP,989570,48,Baja,transferencia a librería el sembrador,723.0,educacion,2026-05-04,natural
57,CL,CLP,989570,48,Baja,ATM RUTA 68,843.0,transporte,2026-12-05,cartola
57,CL,CLP,989570,48,Baja,VTR INTERNET,21842.0,servicios,2026-01-12,cartola
57,CL,CLP,989570,48,Baja,UNIVERSIDAD DE SANTIAGO USACH,14557.0,educacion,2026-02-21,cartola
57,CL,CLP,989570,48,Baja,AUTOPISTA DEL SOL,14309.0,transporte,2026-05-09,cartola
57,CL,CLP,989570,48,Baja,COMPRA WEB RIPLEY,19805.0,otros,2026-05-15,cartola
57,CL,CLP,989570,48,Baja,,5402.0,servicios,2026-05-25,natural
57,CL,CLP,989570,48,Baja,PINTURAS SHERWIN WILLIAMS,2181.0,vivienda,2026-05-07,cartola
57,CL,CLP,989570,48,Baja,AUTOPISTA VESPUCIO ORIENTE AVO,3939.0,transporte,2026-08-14,cartola
57,CL,CLP,989570,48,Baja,DOGGIS,9741.0,alimentacion,2026-03-12,cartola
57,CL,CLP,989570,48,Baja,compra en clínica alemana,16027.0,salud,2026-09-30,natural
57,CL,CLP,989570,48,Baja,PAGO TC SERVIPAG CUENTAS,4384.0,servicios,2026-07-06,cartola
57,CL,CLP,989570,48,Baja,transferencia a fuente alemana,5885.0,alimentacion,2026-01-03,natural
57,CL,CLP,989570,48,Baja,transferencia a zurich chile,20613.0,otros,2026-10-12,natural
57,CL,CLP,989570,48,Baja,compra en zoológico metropolitano,873.0,ocio,2026-01-22,natural
57,CL,CLP,989570,48,Baja,ABASTIBLE,15221.0,servicios,2026-06-15,cartola
57,CL,CLP,989570,48,Baja,AUTOPISTA VESPUCIO ORIENTE AVO,1332.0,transporte,2026-11-06,cartola
57,CL,CLP,989570,48,Baja,DISCOTECA AMANDA,5077.0,ocio,2026-12-29,cartola
57,CL,CLP,989570,48,Baja,PEAJE ANGOSTURA,1892.0,transporte,2026-09-03,cartola
57,CL,CLP,989570,48,Baja,pago a autopista central,7091.0,transporte,2026-08-22,natural
57,CL,CLP,989570,48,Baja,compra en juan valdez,6278.0,alimentacion,2026-11-21,natural
57,CL,CLP,989570,48,Baja,transferencia a servipag cuentas,3670.0,servicios,2026-06-07,natural
57,CL,CLP,989570,48,Baja,compra en ferretería prat,15277.0,vivienda,2026-05-31,natural
57,CL,CLP,989570,48,Baja,gasto en gtd manquehue,8278.0,servicios,2026-08-01,natural
57,CL,CLP,989570,48,Baja,SUC. AMX 7122,9806.0,streaming,2026-08-06,cartola
57,CL,CLP,989570,48,Baja,pago a colectivo linea 40,1254.0,transporte,2026-09-03,natural
57,CL,CLP,989570,48,Baja,compra en alquiler propiedades chile,16482.0,vivienda,2026-10-30,natural
57,CL,CLP,989570,48,Baja,NF* APPLE MUSIC 6098,1403.0,streaming,2026-10-03,cartola
57,CL,CLP,989570,48,Baja,pago a tarragona,1935.0,alimentacion,2026-05-31,natural
57,CL,CLP,989570,48,Baja,,1052.0,servicios,2026-07-15,natural
57,CL,CLP,989570,48,Baja,transferencia a gasco,4456.0,servicios,2026-01-21,natural
57,CL,CLP,989570,48,Baja,SPARTA,16787.0,otros,2026-09-14,cartola
57,CL,CLP,989570,48,Baja,pago a bravissimo,2234.0,alimentacion,2026-01-17,natural
57,CL,CLP,989570,48,Baja,gasto en juan valdez,3593.0,alimentacion,2026-02-20,natural
57,CL,CLP,989570,48,Baja,pago a spacio1 petrobras,14365.0,alimentacion,2026-09-27,natural
57,CL,CLP,989570,48,Baja,transferencia a gimnasio upgrade,7384.0,ocio,2026-11-11,natural
57,CL,CLP,989570,48,Baja,WEBPAY FALABELLA HOME,10692.0,vivienda,2026-03-24,cartola
57,CL,CLP,989570,48,Baja,CARGO AUT UNIMARC,1849.0,alimentacion,2026-11-02,cartola
57,CL,CLP,989570,48,Baja,pago mensual de netflix,9677.0,streaming,2026-05-04,natural
57,CL,CLP,989570,48,Baja,gasto en seguros metlife,1983.0,otros,2026-10-17,natural
57,CL,CLP,989570,48,Baja,PAGO TC DR AHORRO,33527.0,salud,2026-09-19,cartola
57,CL,CLP,989570,48,Baja,compra en redfarma,6301.0,salud,2026-12-31,natural
57,CL,CLP,989570,48,Baja,pago a sencillito cuentas,9132.0,servicios,2026-02-18,natural
57,CL,CLP,989570,48,Baja,pago a ticketmaster chile,967.0,ocio,2026-01-06,natural
57,CL,CLP,989570,48,Baja,ALMACÉN DOÑA JUANA,2215.0,alimentacion,2026-04-27,cartola
57,CL,CLP,989570,48,Baja,pago a ikea chile,1156.0,vivienda,2026-04-28,natural
57,CL,CLP,989570,48,Baja,SUC. AMAZON PRIME 8052,3797.0,streaming,2026-09-20,cartola
57,CL,CLP,989570,48,Baja,compra en bar el barista,2566.0,ocio,2026-12-19,natural
57,CL,CLP,989570,48,Baja,compra en gtd manquehue,10135.0,servicios,2026-05-09,natural
57,CL,CLP,989570,48,Baja,gasto en clínica alemana,883.0,salud,2026-06-20,natural
57,CL,CLP,989570,48,Baja,NF* TURBUS,10706.0,transporte,2026-01-27,cartola
57,CL,CLP,989570,48,Baja,TER* SPOTIFY 2691,1210.0,streaming,2026-11-10,cartola
57,CL,CLP,989570,48,Baja,gasto en aguas de antofagasta,1732.0,servicios,2026-12-11,natural
57,CL,CLP,989570,48,Baja,POS TRX NETFLIX 9184,12053.0,streaming,2026-04-07,cartola
57,CL,CLP,989570,48,Baja,pago a turbus,10424.0,transporte,2026-01-17,natural
57,CL,CLP,989570,48,Baja,PINTURAS SHERWIN WILLIAMS,4966.0,vivienda,2026-06-22,cartola
57,CL,CLP,989570,48,Baja,ENEL DISTRIBUCIÓN,1112.0,servicios,2026-07-05,cartola
57,CL,CLP,989570,48,Baja,compra en autopista del sol,7227.0,transporte,2026-07-03,natural
57,CL,CLP,989570,48,Baja,gasto en carls jr,4008.0,alimentacion,2026-08-03,natural
57,CL,CLP,989570,48,Baja,gasto en farmacias salcobrand,2922.0,salud,2026-09-08,natural
57,CL,CLP,989570,48,Baja,ALVI,7852.0,alimentacion,2026-08-04,cartola
57,CL,CLP,989570,48,Baja,compra en peaje melipilla,4405.0,transporte,2026-01-29,natural
57,CL,CLP,989570,48,Baja,transferencia a isapre consalud,744.0,salud,2026-04-12,natural
57,CL,CLP,989570,48,Baja,gasto en dunkin donuts,19011.0,alimentacion,2026-05-03,natural
57,CL,CLP,989570,48,Baja,renovación de crunchyroll,11571.0,streaming,2026-02-23,natural
57,CL,CLP,989570,48,Baja,gasto en carls jr,782.0,alimentacion,2026-04-12,natural
57,CL,CLP,989570,48,Baja,compra en ikea chile,5716.0,vivienda,2026-04-27,natural
57,CL,CLP,989570,48,Baja,gasto en vespucio sur,668.0,transporte,2026-04-14,natural
57,CL,CLP,989570,48,Baja,transferencia a superbodega acuenta,13940.0,alimentacion,2026-02-14,natural
57,CL,CLP,989570,48,Baja,compra en essbio,7288.0,servicios,2026-04-24,natural
57,CL,CLP,989570,48,Baja,LABORATORIO BIONET,1453.0,salud,2026-12-09,cartola
57,CL,CLP,989570,48,Baja,KFC,1042.0,alimentacion,2026-06-13,cartola
57,CL,CLP,989570,48,Baja,GTD MANQUEHUE,1200.0,servicios,2026-10-20,cartola
57,CL,CLP,989570,48,Baja,transferencia a ripley,5435.0,otros,2026-07-14,natural
57,CL,CLP,989570,48,Baja,WEBPAY DOGGIS,10177.0,alimentacion,2026-10-19,cartola
57,CL,CLP,989570,48,Baja,COMPRA WEB ESSBIO,989.0,servicios,2026-09-18,cartola
57,CL,CLP,989570,48,Baja,CARGO AUT PINTURAS SHERWIN WILLIAMS,1920.0,vivienda,2026-07-26,cartola
57,CL,CLP,989570,48,Baja,gasto en peaje angostura,3043.0,transporte,2026-02-21,natural
57,CL,CLP,989570,48,Baja,POS TRX GTD MANQUEHUE,1889.0,servicios,2026-02-18,cartola
57,CL,CLP,989570,48,Baja,gasto en mundo pacífico,3811.0,servicios,2026-01-06,natural
57,CL,CLP,989570,48,Baja,NF* LIPIGAS,6296.0,servicios,2026-08-12,cartola
57,CL,CLP,989570,48,Baja,pago a pronto copec,8867.0,alimentacion,2026-01-23,natural
57,CL,CLP,989570,48,Baja,POS TRX SPOTIFY 14/1,25472.0,streaming,2026-05-25,cartola
57,CL,CLP,989570,48,Baja,gasto en chilena consolidada,20508.0,otros,2026-04-20,natural
57,CL,CLP,989570,48,Baja,AUTOPISTA DEL SOL,6481.0,transporte,2026-07-31,cartola
57,CL,CLP,989570,48,Baja,gasto en universidad del desarrollo udd,10170.0,educacion,2026-10-27,natural
57,CL,CLP,989570,48,Baja,SUB*VTR INTERNET,23133.0,servicios,2026-02-10,cartola
57,CL,CLP,989570,48,Baja,DIMEIGGS,669.0,educacion,2026-06-21,cartola
57,CL,CLP,989570,48,Baja,pago a condovive copropiedad,1197.0,vivienda,2026-08-02,natural
57,CL,CLP,989570,48,Baja,transferencia a vtr internet,805.0,servicios,2026-02-21,natural
57,CL,CLP,989570,48,Baja,pago a imperial,6361.0,vivienda,2026-03-11,natural
57,CL,CLP,989570,48,Baja,compra en metro de santiago,11047.0,transporte,2026-07-15,natural
57,CL,CLP,989570,48,Baja,pago a clínica dávila,3511.0,salud,2026-05-31,natural
57,CL,CLP,989570,48,Baja,compra en paris deco,6049.0,vivienda,2026-04-19,natural
57,CL,CLP,989570,48,Baja,transferencia a disney plus,5577.0,ocio,2026-04-28,natural
57,CL,CLP,989570,48,Baja,gasto en metro de santiago,764.0,transporte,2026-12-31,natural
58,CL,CLP,1821685,39,Media,pago a editorial santillana,8997.0,educacion,2026-03-20,natural
58,CL,CLP,1821685,39,Media,CLÍNICA ALEMANA,2653.0,salud,2026-06-26,cartola
58,CL,CLP,1821685,39,Media,transferencia a movistar hogar,12888.0,servicios,2026-10-25,natural
58,CL,CLP,1821685,39,Media,pago a pacific fitness,35528.0,ocio,2026-11-04,natural
58,CL,CLP,1821685,39,Media,COMPRA WEB DISNEY PLUS 4042,6784.0,streaming,2026-04-12,cartola
58,CL,CLP,1821685,39,Media,WEBPAY CABIFY,8187.0,transporte,2026-12-27,cartola
58,CL,CLP,1821685,39,Media,compra en fantasilandia,3033.0,ocio,2026-12-01,natural
58,CL,CLP,1821685,39,Media,BANCO DE CHILE COMISIONES,24605.0,otros,2026-04-22,cartola
58,CL,CLP,1821685,39,Media,transferencia a easy,39229.0,vivienda,2026-06-30,natural
58,CL,CLP,1821685,39,Media,FALABELLA,17070.0,otros,2026-04-14,cartola
58,CL,CLP,1821685,39,Media,POS TRX ISAPRE BANMÉDICA,8656.0,salud,2026-01-16,cartola
58,CL,CLP,1821685,39,Media,transferencia a ruta 68,34753.0,transporte,2026-04-06,natural
58,CL,CLP,1821685,39,Media,PUNTOTICKET,1848.0,ocio,2026-10-20,cartola
58,CL,CLP,1821685,39,Media,transferencia a spotify,7201.0,ocio,2026-05-26,natural
58,CL,CLP,1821685,39,Media,LIBRERÍA SUBSUELO,8532.0,educacion,2026-10-29,cartola
58,CL,CLP,1821685,39,Media,FARMACIAS CRUZ VERDE,7490.0,salud,2026-01-02,cartola
58,CL,CLP,1821685,39,Media,compra en estacionamiento mall center,17937.0,transporte,2026-04-29,natural
58,CL,CLP,1821685,39,Media,SEGUROS SURA,12277.0,otros,2026-12-09,cartola
58,CL,CLP,1821685,39,Media,LIPIGAS,1498.0,servicios,2026-04-04,cartola
58,CL,CLP,1821685,39,Media,transferencia a maderas encofrados,4705.0,vivienda,2026-07-10,natural
58,CL,CLP,1821685,39,Media,CLÍNICA BUPA,4581.0,salud,2026-01-03,cartola
58,CL,CLP,1821685,39,Media,transferencia a almacén doña juana,9224.0,alimentacion,2026-04-21,natural
58,CL,CLP,1821685,39,Media,pago a spacio1 petrobras,3811.0,alimentacion,2026-06-26,natural
58,CL,CLP,1821685,39,Media,TURBUS,1380.0,transporte,2026-09-14,cartola
58,CL,CLP,1821685,39,Media,tarnsferencia a universidad adolfo ibáñez uai,11730.0,educacion,2026-12-27,natural
58,CL,CLP,1821685,39,Media,pago mensual de amazon prime,21062.0,streaming,2026-01-22,natural
58,CL,CLP,1821685,39,Media,PARIS DECO,29672.0,vivienda,2026-08-08,cartola
58,CL,CLP,1821685,39,Media,transferencia a farmacias salcobrand,39782.0,salud,2026-06-22,natural
58,CL,CLP,1821685,39,Media,cargo de spotify,16805.0,streaming,2026-08-12,natural
58,CL,CLP,1821685,39,Media,pago a doggis,1664.0,alimentacion,2026-03-06,natural
58,CL,CLP,1821685,39,Media,PARIS DECO,21217.0,vivienda,2026-10-04,cartola
58,CL,CLP,1821685,39,Media,pago a clínica universidad de los andes,5650.0,salud,2026-09-06,natural
58,CL,CLP,1821685,39,Media,pago a peaje troncal lampa,14479.0,transporte,2026-09-17,natural
58,CL,CLP,1821685,39,Media,OK MARKET,8382.0,alimentacion,2026-05-11,cartola
58,CL,CLP,1821685,39,Media,,19510.0,vivienda,2026-04-23,natural
58,CL,CLP,1821685,39,Media,gasto en kastor gastos comunes,6131.0,vivienda,2026-10-13,natural
58,CL,CLP,1821685,39,Media,pago a abastible,706.0,servicios,2026-10-14,natural
58,CL,CLP,1821685,39,Media,BREAL PROPIEDADES,9002.0,vivienda,2026-07-30,cartola
58,CL,CLP,1821685,39,Media,PEAJE ANGOSTURA,2078.0,transporte,2026-01-20,cartola
58,CL,CLP,1821685,39,Media,gasto en gasco,37247.0,servicios,2026-08-03,natural
58,CL,CLP,1821685,39,Media,transferencia a juan valdez,8280.0,alimentacion,2026-11-06,natural
58,CL,CLP,1821685,39,Media,pago a alvi,8920.0,alimentacion,2026-09-08,natural
58,CL,CLP,1821685,39,Media,pago a aliexpress,26304.0,otros,2026-09-28,natural
58,CL,CLP,1821685,39,Media,GTD MANQUEHUE,10837.0,servicios,2026-06-29,cartola
58,CL,CLP,1821685,39,Media,SCOTIABANK,3989.0,otros,2026-07-13,cartola
58,CL,CLP,1821685,39,Media,CLÍNICA DENTAL CUMBRE,3884.0,salud,2026-11-09,cartola
58,CL,CLP,1821685,39,Media,gasto en estacionamiento saba,7702.0,transporte,2026-03-20,natural
58,CL,CLP,1821685,39,Media,transferencia a dentalalegre,22283.0,salud,2026-06-29,natural
58,CL,CLP,1821685,39,Media,STEAM GAMES,17515.0,ocio,2026-06-12,cartola
58,CL,CLP,1821685,39,Media,gasto en isapre cruz blanca,36390.0,salud,2026-07-21,natural
58,CL,CLP,1821685,39,Media,DUNKIN DONUTS,825.0,alimentacion,2026-01-14,cartola
58,CL,CLP,1821685,39,Media,gasto en sparta,3456.0,otros,2026-12-13,natural
58,CL,CLP,1821685,39,Media,CHILENA CONSOLIDADA,925.0,otros,2026-09-03,cartola
58,CL,CLP,1821685,39,Media,gasto en h&m chile,15382.0,otros,2026-01-14,natural
58,CL,CLP,1821685,39,Media,TER* CHILENA CONSOLIDADA,1679.0,otros,2026-04-09,cartola
58,CL,CLP,1821685,39,Media,transferencia a alquiler propiedades chile,1164.0,vivienda,2026-02-02,natural
58,CL,CLP,1821685,39,Media,pago a almacén de barrio,9123.0,alimentacion,2026-09-14,natural
58,CL,CLP,1821685,39,Media,compra en peaje lateral,5864.0,transporte,2026-02-03,natural
58,CL,CLP,1821685,39,Media,ECO FARMACIAS,13889.0,salud,2026-01-19,cartola
58,CL,CLP,1821685,39,Media,gasto en seguros metlife,7384.0,otros,2026-06-01,natural
58,CL,CLP,1821685,39,Media,TURBUS,6128.0,transporte,2026-09-17,cartola
58,CL,CLP,1821685,39,Media,SCHOPDOG,6131.0,alimentacion,2026-06-13,cartola
58,CL,CLP,1821685,39,Media,SENCILLITO CUENTAS,22729.0,servicios,2026-03-18,cartola
58,CL,CLP,1821685,39,Media,ÓPTICAS SCHILLING,5563.0,salud,2026-11-10,cartola
58,CL,CLP,1821685,39,Media,FERRETERÍA EL CANDADO,4486.0,vivienda,2026-05-17,cartola
58,CL,CLP,1821685,39,Media,ESSBIO,4572.0,servicios,2026-12-25,cartola
58,CL,CLP,1821685,39,Media,KFC,2421.0,alimentacion,2026-07-27,cartola
58,CL,CLP,1821685,39,Media,gasto en mayorista 10,21803.0,alimentacion,2026-08-30,natural
58,CL,CLP,1821685,39,Media,pago mensual de hbo max,1754.0,streaming,2026-03-08,natural
58,CL,CLP,1821685,39,Media,transferencia a dominó,26466.0,alimentacion,2026-04-26,natural
58,CL,CLP,1821685,39,Media,PAC AGUAS DEL ALTIPLANO,3687.0,servicios,2026-07-21,cartola
58,CL,CLP,1821685,39,Media,compra en autopista vespucio oriente avo,25407.0,transporte,2026-09-07,natural
58,CL,CLP,1821685,39,Media,TELEPIZZA,17306.0,alimentacion,2026-10-05,cartola
58,CL,CLP,1821685,39,Media,ALVI,9648.0,alimentacion,2026-04-22,cartola
58,CL,CLP,1821685,39,Media,transferencia a la sanguchera del barrio,12246.0,alimentacion,2026-11-27,natural
58,CL,CLP,1821685,39,Media,gasto en entel fibra,4361.0,servicios,2026-08-22,natural
58,CL,CLP,1821685,39,Media,SPOTIFY,9445.0,ocio,2026-06-25,cartola
58,CL,CLP,1821685,39,Media,compra en club de baile,3826.0,ocio,2026-05-23,natural
58,CL,CLP,1821685,39,Media,ABASTIBEL,5692.0,servicios,2026-02-01,cartola
58,CL,CLP,1821685,39,Media,transferencia a universidad de santiago usach,16003.0,educacion,2026-06-30,natural
58,CL,CLP,1821685,39,Media,SUC. CLÍNICA SANTA MARÍA,3093.0,salud,2026-03-08,cartola
58,CL,CLP,1821685,39,Media,CARGO AUT SUPERBODEGA ACUENTA,20191.0,alimentacion,2026-01-04,cartola
58,CL,CLP,1821685,39,Media,RUTA DEL MAIPO,5215.0,transporte,2026-10-13,cartola
58,CL,CLP,1821685,39,Media,SUB*COPROPIETARIOS EDIFICIO EL GOLF,8403.0,vivienda,2026-09-26,cartola
58,CL,CLP,1821685,39,Media,LIBRERÍA QUÉ LEO,31488.0,educacion,2026-08-24,cartola
58,CL,CLP,1821685,39,Media,transferencia a dentalalegre,12647.0,salud,2026-10-04,natural
58,CL,CLP,1821685,39,Media,,11474.0,alimentacion,2026-02-10,natural
58,CL,CLP,1821685,39,Media,BURGER KING,13754.0,alimentacion,2026-05-01,cartola
58,CL,CLP,1821685,39,Media,pago a amazon chile,27680.0,otros,2026-10-02,natural
58,CL,CLP,1821685,39,Media,,3160.0,alimentacion,2026-08-19,natural
58,CL,CLP,1821685,39,Media,DECATHLON,10508.0,otros,2026-10-31,cartola
58,CL,CLP,1821685,39,Media,transferencia a gimnasio sportlife,5658.0,ocio,2026-03-27,natural
58,CL,CLP,1821685,39,Media,gasto en ok market,562.0,alimentacion,2026-07-11,natural
58,CL,CLP,1821685,39,Media,transferencia a imperial,1481.0,vivienda,2026-10-20,natural
58,CL,CLP,1821685,39,Media,gasto en casaideas,4347.0,vivienda,2026-01-31,natural
58,CL,CLP,1821685,39,Media,transferencia a essbio,9208.0,servicios,2026-11-26,natural
58,CL,CLP,1821685,39,Media,CLARO HOGAR,23590.0,servicios,2026-05-26,cartola
58,CL,CLP,1821685,39,Media,CLÍNICA BUPA,17322.0,salud,2026-04-17,cartola
58,CL,CLP,1821685,39,Media,gasto en gtd manquehue,8915.0,servicios,2026-12-25,natural
58,CL,CLP,1821685,39,Media,transferencia a copropietarios edificio el golf,849.0,vivienda,2026-04-20,natural
58,CL,CLP,1821685,39,Media,gasto en autopista del sol,3725.0,transporte,2026-10-03,natural
58,CL,CLP,1821685,39,Media,SUB*HBO MAX 5140,5053.0,streaming,2026-07-29,cartola
58,CL,CLP,1821685,39,Media,pago a librería qué leo,10753.0,educacion,2026-05-19,natural
58,CL,CLP,1821685,39,Media,CARGO AUT APPLE MUSIC 1091,743.0,streaming,2026-03-27,cartola
58,CL,CLP,1821685,39,Media,transferencia a autopista del sol,8356.0,transporte,2026-02-13,natural
58,CL,CLP,1821685,39,Media,gasto en estacionamiento mall center,25633.0,transporte,2026-03-23,natural
58,CL,CLP,1821685,39,Media,gasto en autopista vespucio oriente avo,13520.0,transporte,2026-03-05,natural
58,CL,CLP,1821685,39,Media,VTR INTERNET,17642.0,servicios,2026-12-09,cartola
58,CL,CLP,1821685,39,Media,pago a farmacias del dr simi,12662.0,salud,2026-11-17,natural
58,CL,CLP,1821685,39,Media,ATM CLÍNICA UNIVERSIDAD DE LOS ANDES,2560.0,salud,2026-02-24,cartola
58,CL,CLP,1821685,39,Media,FARMACIAS DEL DR SIMI,1295.0,salud,2026-03-15,cartola
58,CL,CLP,1821685,39,Media,MAX HBO,19567.0,ocio,2026-05-09,cartola
58,CL,CLP,1821685,39,Media,FERRETERÍA EL CANDADO,13153.0,vivienda,2026-09-13,cartola
58,CL,CLP,1821685,39,Media,transferencia a eco farmacias,9466.0,salud,2026-08-19,natural
58,CL,CLP,1821685,39,Media,compra en mundo pacífico,2321.0,servicios,2026-05-17,natural
58,CL,CLP,1821685,39,Media,pago a ok market,10228.0,alimentacion,2026-12-17,natural
58,CL,CLP,1821685,39,Media,transferencia a condovive copropiedad,954.0,vivienda,2026-12-21,natural
58,CL,CLP,1821685,39,Media,CLÍNICA UNIVERSIDAD DE LOS ANDES,1399.0,salud,2026-04-22,cartola
58,CL,CLP,1821685,39,Media,PETROBRAS,4135.0,transporte,2026-11-04,cartola
58,CL,CLP,1821685,39,Media,H&MC HILE,6488.0,otros,2026-05-26,cartola
58,CL,CLP,1821685,39,Media,transferencia a wom fibra,1421.0,servicios,2026-02-02,natural
59,CL,CLP,701664,51,Baja,UNIVERSIDAD ADOLFO IBÁÑEZ UAI,2598.0,educacion,2026-08-11,cartola
59,CL,CLP,701664,51,Baja,gasto en verdulería don lucho,4771.0,alimentacion,2026-10-21,natural
59,CL,CLP,701664,51,Baja,compra en spacio1 petrobras,14291.0,alimentacion,2026-11-06,natural
59,CL,CLP,701664,51,Baja,PINTURAS SHERWIN WILLIAMS,8520.0,vivienda,2026-08-07,cartola
59,CL,CLP,701664,51,Baja,ENTEL FIBRA,2584.0,servicios,2026-08-22,cartola
59,CL,CLP,701664,51,Baja,transferencia a ruta 68,4818.0,transporte,2026-09-05,natural
59,CL,CLP,701664,51,Baja,pago a kastor gastos comunes,907.0,vivienda,2026-02-21,natural
59,CL,CLP,701664,51,Baja,TELEPIZZA,3828.0,alimentacion,2026-01-15,cartola
59,CL,CLP,701664,51,Baja,gasto en farmacias cruz verde,18532.0,salud,2026-11-20,natural
59,CL,CLP,701664,51,Baja,gasto en yoilto ferretería,3401.0,vivienda,2026-04-22,natural
59,CL,CLP,701664,51,Baja,pago a fantasilandia,12225.0,ocio,2026-07-03,natural
59,CL,CLP,701664,51,Baja,CORY,2435.0,alimentacion,2026-12-26,cartola
59,CL,CLP,701664,51,Baja,ALQUILER PROPIEDADES CHILE,31487.0,vivienda,2026-01-07,cartola
59,CL,CLP,701664,51,Baja,compra en librería subsuelo,4030.0,educacion,2026-02-20,natural
59,CL,CLP,701664,51,Baja,SODIMAC HOMECENTER,744.0,vivienda,2026-12-31,cartola
59,CL,CLP,701664,51,Baja,pago a sencillito cuentas,4114.0,servicios,2026-07-05,natural
59,CL,CLP,701664,51,Baja,FERRETERÍA PRAT,1494.0,vivienda,2026-10-14,cartola
59,CL,CLP,701664,51,Baja,pago a peaje angostura,1103.0,transporte,2026-04-16,natural
59,CL,CLP,701664,51,Baja,,8005.0,transporte,2026-01-13,cartola
59,CL,CLP,701664,51,Baja,compra en aguas de antofagasta,1502.0,servicios,2026-05-26,natural
59,CL,CLP,701664,51,Baja,ALMACÉN DOÑA JUANA,7413.0,alimentacion,2026-04-29,cartola
59,CL,CLP,701664,51,Baja,TER* UNIVERSIDAD SAN SEBASTIÁN USS,1583.0,educacion,2026-07-22,cartola
59,CL,CLP,701664,51,Baja,pago a falabella home,1006.0,vivienda,2026-05-21,natural
59,CL,CLP,701664,51,Baja,CLUB DE BAILE,16979.0,ocio,2026-04-25,cartola
59,CL,CLP,701664,51,Baja,pago a ripley,2090.0,otros,2026-06-01,natural
59,CL,CLP,701664,51,Baja,SAESA,4282.0,servicios,2026-02-26,cartola
59,CL,CLP,701664,51,Baja,PETROBRAS,4383.0,transporte,2026-06-06,cartola
59,CL,CLP,701664,51,Baja,transferencia a lipigas,3827.0,servicios,2026-11-06,natural
59,CL,CLP,701664,51,Baja,WEBPAY DOGGIS,11459.0,alimentacion,2026-05-13,cartola
59,CL,CLP,701664,51,Baja,SENCILLITO CUENTAS,5224.0,servicios,2026-06-12,cartola
59,CL,CLP,701664,51,Baja,SPARTA,2407.0,otros,2026-10-02,cartola
59,CL,CLP,701664,51,Baja,POS TRX CRUNCHYROLL 5277,9233.0,streaming,2026-07-02,cartola
59,CL,CLP,701664,51,Baja,gasto en esval,930.0,servicios,2026-03-18,natural
59,CL,CLP,701664,51,Baja,CASAIDEAS,3658.0,vivienda,2026-11-21,cartola
59,CL,CLP,701664,51,Baja,gasto en pizza hut,13998.0,alimentacion,2026-02-13,natural
59,CL,CLP,701664,51,Baja,pago a abastible,4571.0,servicios,2026-07-25,natural
59,CL,CLP,701664,51,Baja,UNIVERSIDAD DEL DESARROLLO UDD,7905.0,educacion,2026-02-07,cartola
59,CL,CLP,701664,51,Baja,pago a nuevosur,4935.0,servicios,2026-11-14,natural
59,CL,CLP,701664,51,Baja,transferencia a easy,8513.0,vivienda,2026-01-22,natural
59,CL,CLP,701664,51,Baja,pago a juan valdez,13459.0,alimentacion,2026-03-14,natural
59,CL,CLP,701664,51,Baja,gasto en fonasa,1484.0,salud,2026-08-29,natural
59,CL,CLP,701664,51,Baja,MELT PIZZAS,866.0,alimentacion,2026-06-03,cartola
59,CL,CLP,701664,51,Baja,TOMMY BEANS,3080.0,alimentacion,2026-08-25,cartola
59,CL,CLP,701664,51,Baja,pago a cge distribución,5634.0,servicios,2026-01-05,natural
59,CL,CLP,701664,51,Baja,RAPPI,1200.0,alimentacion,2026-08-09,cartola
59,CL,CLP,701664,51,Baja,,809.0,transporte,2026-03-27,natural
59,CL,CLP,701664,51,Baja,PEAJE LATERAL,1955.0,transporte,2026-06-26,cartola
59,CL,CLP,701664,51,Baja,transferencia a steam games,16151.0,ocio,2026-09-16,natural
59,CL,CLP,701664,51,Baja,gasto en lider,5528.0,alimentacion,2026-08-08,natural
59,CL,CLP,701664,51,Baja,pago a dunkin donuts,2388.0,alimentacion,2026-02-07,natural
59,CL,CLP,701664,51,Baja,gasto en sibaritas 87,996.0,alimentacion,2026-05-22,natural
59,CL,CLP,701664,51,Baja,TEATRO CAUPOLICÁN,2049.0,ocio,2026-08-23,cartola
59,CL,CLP,701664,51,Baja,pago a saesa,867.0,servicios,2026-07-22,natural
59,CL,CLP,701664,51,Baja,gasto en construmart,523.0,vivienda,2026-11-25,natural
59,CL,CLP,701664,51,Baja,pago a peaje melipilla,11044.0,transporte,2026-10-21,natural
59,CL,CLP,701664,51,Baja,pago a almacén de barrio,28181.0,alimentacion,2026-06-21,natural
59,CL,CLP,701664,51,Baja,PAGO DE LUZ MUNICIPALIDAD,835.0,servicios,2026-05-05,cartola
59,CL,CLP,701664,51,Baja,gasto en metrogas,564.0,servicios,2026-10-08,natural
59,CL,CLP,701664,51,Baja,KFC,1863.0,alimentacion,2026-09-29,cartola
59,CL,CLP,701664,51,Baja,PARIS DECO,2883.0,vivienda,2026-09-01,cartola
59,CL,CLP,701664,51,Baja,DISNEY PLUS,1067.0,ocio,2026-01-15,cartola
59,CL,CLP,701664,51,Baja,transferencia a botillería el faro,1670.0,alimentacion,2026-08-14,natural
59,CL,CLP,701664,51,Baja,gasto en gasco,1044.0,servicios,2026-05-11,natural
59,CL,CLP,701664,51,Baja,FERRETERÍA EL CANDADO,6929.0,vivienda,2026-07-14,cartola
59,CL,CLP,701664,51,Baja,gasto en essbio,5804.0,servicios,2026-10-20,natural
59,CL,CLP,701664,51,Baja,gasto en kfc,4691.0,alimentacion,2026-07-28,natural
59,CL,CLP,701664,51,Baja,KASTOR GASTOS COMUNES,2280.0,vivienda,2026-04-23,cartola
59,CL,CLP,701664,51,Baja,TURBUS,11161.0,transporte,2026-09-01,cartola
59,CL,CLP,701664,51,Baja,gasto en entel fibra,16252.0,servicios,2026-06-15,natural
59,CL,CLP,701664,51,Baja,pago a dr ahorro,888.0,salud,2026-07-10,natural
59,CL,CLP,701664,51,Baja,compra en autopista vespucio oriente avo,1175.0,transporte,2026-09-14,natural
59,CL,CLP,701664,51,Baja,transferencia a netflix chile,3472.0,ocio,2026-11-23,natural
59,CL,CLP,701664,51,Baja,PULLMAN BUS,717.0,transporte,2026-12-25,cartola
59,CL,CLP,701664,51,Baja,NUEVOSUR,2670.0,servicios,2026-10-02,cartola
59,CL,CLP,701664,51,Baja,pago a didi taxi,4058.0,transporte,2026-02-21,natural
59,CL,CLP,701664,51,Baja,pago a farmacias knop,3437.0,salud,2026-06-07,natural
59,CL,CLP,701664,51,Baja,FERRETERÍA PRAT,1871.0,vivienda,2026-12-29,cartola
59,CL,CLP,701664,51,Baja,gasto en abastible,3640.0,servicios,2026-02-24,natural
59,CL,CLP,701664,51,Baja,transferencia a petrobras,14848.0,transporte,2026-01-14,natural
59,CL,CLP,701664,51,Baja,compra en efe trenes,1074.0,transporte,2026-09-26,natural
59,CL,CLP,701664,51,Baja,gasto en superbodega acuenta,4952.0,alimentacion,2026-12-06,natural
59,CL,CLP,701664,51,Baja,COMPRA WEB KIDZANIA SANTIAGO,1101.0,ocio,2026-01-27,cartola
59,CL,CLP,701664,51,Baja,WEBPAY PULLMAN BUS,588.0,transporte,2026-02-10,cartola
59,CL,CLP,701664,51,Baja,compra en efe trenes,3736.0,transporte,2026-10-31,natural
59,CL,CLP,701664,51,Baja,CARLS JR,516.0,alimentacion,2026-09-25,cartola
59,CL,CLP,701664,51,Baja,STARBUCKS,637.0,alimentacion,2026-01-06,cartola
59,CL,CLP,701664,51,Baja,compra en lipigas,876.0,servicios,2026-08-30,natural
59,CL,CLP,701664,51,Baja,EFE TRENES,3874.0,transporte,2026-06-11,cartola
59,CL,CLP,701664,51,Baja,VERDULERÍA DON LUCHO,5657.0,alimentacion,2026-06-29,cartola
59,CL,CLP,701664,51,Baja,AUTOPISTA DEL SOL,1053.0,transporte,2026-10-24,cartola
59,CL,CLP,701664,51,Baja,ESVAL,5137.0,servicios,2026-01-06,cartola
59,CL,CLP,701664,51,Baja,pago a ok market,938.0,alimentacion,2026-09-28,natural
59,CL,CLP,701664,51,Baja,cargo de apple music,4425.0,streaming,2026-09-29,natural
59,CL,CLP,701664,51,Baja,gasto en doggis,2472.0,alimentacion,2026-06-05,natural
59,CL,CLP,701664,51,Baja,compra en rut adel itata,4938.0,transporte,2026-03-26,natural
59,CL,CLP,701664,51,Baja,PAGO TC HBO MAX 7071,24715.0,streaming,2026-07-19,cartola
59,CL,CLP,701664,51,Baja,pago a energy fitness,12931.0,ocio,2026-01-10,natural
59,CL,CLP,701664,51,Baja,STEAM GAMES,637.0,ocio,2026-08-30,cartola
59,CL,CLP,701664,51,Baja,FONASA,10087.0,salud,2026-07-20,cartola
59,CL,CLP,701664,51,Baja,AUTOPISTA DLE SOL,655.0,transporte,2026-10-02,cartola
59,CL,CLP,701664,51,Baja,COMPRA WEB UNIVERSIDAD DE CHILE,14239.0,educacion,2026-08-13,cartola
59,CL,CLP,701664,51,Baja,PAGO TC SPOTIFY 27/4,1541.0,streaming,2026-03-09,cartola
59,CL,CLP,701664,51,Baja,PAC FERIA LIBRE PINTO,2241.0,alimentacion,2026-07-03,cartola
59,CL,CLP,701664,51,Baja,cargo de crunchyroll,694.0,streaming,2026-02-11,natural
59,CL,CLP,701664,51,Baja,SUC. COPROPIETARIOS EDIFICIO EL GOLF,554.0,vivienda,2026-05-31,cartola
59,CL,CLP,701664,51,Baja,pago a maderas encofrados,6040.0,vivienda,2026-03-25,natural
59,CL,CLP,701664,51,Baja,TARJETA CENCOSUD,13446.0,otros,2026-05-14,cartola
59,CL,CLP,701664,51,Baja,transferencia a uber chile,4393.0,transporte,2026-11-05,natural
59,CL,CLP,701664,51,Baja,TER* APPLE MUSIC 5472,5858.0,streaming,2026-12-20,cartola
59,CL,CLP,701664,51,Baja,pago a saesa,6682.0,servicios,2026-10-25,natural
59,CL,CLP,701664,51,Baja,TER* MAX HBO,1420.0,ocio,2026-01-30,cartola
59,CL,CLP,701664,51,Baja,FERRETERÍA EL CANDADO,508.0,vivienda,2026-06-19,cartola
59,CL,CLP,701664,51,Baja,ESVAL,789.0,servicios,2026-06-17,cartola
60,CL,CLP,1706914,5,Alta,VERDULERÍA DON LUCHO,2930.0,alimentacion,2026-08-09,cartola
60,CL,CLP,1706914,5,Alta,gasto en megasalud,12817.0,salud,2026-02-05,natural
60,CL,CLP,1706914,5,Alta,transferencia a amazon prime video,40010.0,ocio,2026-01-02,natural
60,CL,CLP,1706914,5,Alta,pago a cabify,35509.0,transporte,2026-12-27,natural
60,CL,CLP,1706914,5,Alta,gasto en edipro edificio,2901.0,vivienda,2026-10-01,natural
60,CL,CLP,1706914,5,Alta,pago a peaje troncal lampa,1145.0,transporte,2026-06-26,natural
60,CL,CLP,1706914,5,Alta,pago a easy,1739.0,vivienda,2026-09-21,natural
60,CL,CLP,1706914,5,Alta,transferencia a copec,13118.0,transporte,2026-07-05,natural
60,CL,CLP,1706914,5,Alta,compra en alvi,14017.0,alimentacion,2026-01-15,natural
60,CL,CLP,1706914,5,Alta,compra en librería subsuelo,12151.0,educacion,2026-10-06,natural
60,CL,CLP,1706914,5,Alta,gasto en saesa,4438.0,servicios,2026-07-13,natural
60,CL,CLP,1706914,5,Alta,ALQUILER PROPIEDADES CHILE,2016.0,vivienda,2026-07-17,cartola
60,CL,CLP,1706914,5,Alta,pago a la picá del gringo,9418.0,alimentacion,2026-12-15,natural
60,CL,CLP,1706914,5,Alta,pago a sodimac homecenter,7162.0,vivienda,2026-11-01,natural
60,CL,CLP,1706914,5,Alta,pago a universidad de chile,14139.0,educacion,2026-03-05,natural
60,CL,CLP,1706914,5,Alta,FERRETERÍA PRAT,6308.0,vivienda,2026-10-17,cartola
60,CL,CLP,1706914,5,Alta,PEAJE ANGOSTURA,4479.0,transporte,2026-01-18,cartola
60,CL,CLP,1706914,5,Alta,compra en paris,3764.0,otros,2026-03-05,natural
60,CL,CLP,1706914,5,Alta,gasto en clínica bupa,2574.0,salud,2026-12-28,natural
60,CL,CLP,1706914,5,Alta,gasto en ruta 68,3347.0,transporte,2026-11-26,natural
60,CL,CLP,1706914,5,Alta,gasto en redsalud,1079.0,salud,2026-12-24,natural
60,CL,CLP,1706914,5,Alta,DR AHORRO,4615.0,salud,2026-09-08,cartola
60,CL,CLP,1706914,5,Alta,transferencia a tricot,516.0,otros,2026-05-21,natural
60,CL,CLP,1706914,5,Alta,PARIS DECO,2235.0,vivienda,2026-11-04,cartola
60,CL,CLP,1706914,5,Alta,SAESA,14880.0,servicios,2026-11-16,cartola
60,CL,CLP,1706914,5,Alta,CINEPLANET,4266.0,ocio,2026-09-02,cartola
60,CL,CLP,1706914,5,Alta,AUTOPISTA VESPUCIO ORIENTE AVO,11954.0,transporte,2026-10-17,cartola
60,CL,CLP,1706914,5,Alta,CLÍNICA INDISA,13672.0,salud,2026-12-17,cartola
60,CL,CLP,1706914,5,Alta,pago a sencillito cuentas,9429.0,servicios,2026-03-28,natural
60,CL,CLP,1706914,5,Alta,AUTOPISTA VESPUCIO ORIENTE AVO,34527.0,transporte,2026-07-18,cartola
60,CL,CLP,1706914,5,Alta,gasto en peaje troncal lampa,660.0,transporte,2026-05-20,natural
60,CL,CLP,1706914,5,Alta,COPEC,14538.0,transporte,2026-03-17,cartola
60,CL,CLP,1706914,5,Alta,compra en casaideas,34550.0,vivienda,2026-01-19,natural
60,CL,CLP,1706914,5,Alta,pago a isapre colmena,21478.0,salud,2026-11-26,natural
60,CL,CLP,1706914,5,Alta,compra en abastible,1991.0,servicios,2026-02-19,natural
60,CL,CLP,1706914,5,Alta,pago a universidad del desarrollo udd,4288.0,educacion,2026-08-20,natural
60,CL,CLP,1706914,5,Alta,transferencia a energy fitness,2051.0,ocio,2026-10-22,natural
60,CL,CLP,1706914,5,Alta,pago a clínica dávila,9963.0,salud,2026-01-12,natural
60,CL,CLP,1706914,5,Alta,compra en smart fit,13493.0,ocio,2026-12-01,natural
60,CL,CLP,1706914,5,Alta,TER* ALVI,4132.0,alimentacion,2026-01-15,cartola
60,CL,CLP,1706914,5,Alta,compra en aliexpress,8401.0,otros,2026-01-28,natural
60,CL,CLP,1706914,5,Alta,ATM FALABELLA HOME,12721.0,vivienda,2026-10-19,cartola
60,CL,CLP,1706914,5,Alta,PEAJE TRONCAL LAMPA,5927.0,transporte,2026-11-17,cartola
60,CL,CLP,1706914,5,Alta,transferencia a aguas de antofagasta,20848.0,servicios,2026-09-07,natural
60,CL,CLP,1706914,5,Alta,NF* ALQUILER PROPIEDADES CHILE,15996.0,vivienda,2026-04-08,cartola
60,CL,CLP,1706914,5,Alta,compra en dentalalegre,724.0,salud,2026-10-30,natural
60,CL,CLP,1706914,5,Alta,AGUAS DEL ALTIPLANO,10515.0,servicios,2026-12-03,cartola
60,CL,CLP,1706914,5,Alta,LIDER,2907.0,alimentacion,2026-02-08,cartola
60,CL,CLP,1706914,5,Alta,gasto en kastor gastos comunes,8834.0,vivienda,2026-02-07,natural
60,CL,CLP,1706914,5,Alta,SIBARITAS 87,34062.0,alimentacion,2026-10-27,cartola
60,CL,CLP,1706914,5,Alta,PAGO DE LUZ MUNICIPALIDAD,22887.0,servicios,2026-06-28,cartola
60,CL,CLP,1706914,5,Alta,pago a peaje troncal lampa,5616.0,transporte,2026-04-07,natural
60,CL,CLP,1706914,5,Alta,pago a spacio1 petrobras,3734.0,alimentacion,2026-10-09,natural
60,CL,CLP,1706914,5,Alta,CARGO AUT ALVI,2894.0,alimentacion,2026-08-26,cartola
60,CL,CLP,1706914,5,Alta,RUTA DEL MAIPO,8238.0,transporte,2026-06-13,cartola
60,CL,CLP,1706914,5,Alta,DENTALALEGRE,1314.0,salud,2026-04-07,cartola
60,CL,CLP,1706914,5,Alta,gasto en metrogas,8634.0,servicios,2026-09-14,natural
60,CL,CLP,1706914,5,Alta,FARMACIAS DEL DR SIMI,808.0,salud,2026-09-19,cartola
60,CL,CLP,1706914,5,Alta,NF* DUNKIN DONUTS,4240.0,alimentacion,2026-10-20,cartola
60,CL,CLP,1706914,5,Alta,compra en redfarma,2691.0,salud,2026-09-15,natural
60,CL,CLP,1706914,5,Alta,COMPRA WEB PUNTOTICKET,38440.0,ocio,2026-09-06,cartola
60,CL,CLP,1706914,5,Alta,transferencia a gasco,14075.0,servicios,2026-09-02,natural
60,CL,CLP,1706914,5,Alta,gasto en almacén doña juana,4661.0,alimentacion,2026-09-08,natural
60,CL,CLP,1706914,5,Alta,POS TRX VERDULERÍA DON LUCHO,1056.0,alimentacion,2026-05-03,cartola
60,CL,CLP,1706914,5,Alta,pago a redfarma,7880.0,salud,2026-11-21,natural
60,CL,CLP,1706914,5,Alta,ITAÚ COMISIONES,2601.0,otros,2026-06-18,cartola
60,CL,CLP,1706914,5,Alta,,8329.0,transporte,2026-06-24,natural
60,CL,CLP,1706914,5,Alta,ENTEL FIBRA,19545.0,servicios,2026-09-26,cartola
60,CL,CLP,1706914,5,Alta,TURBUS,10364.0,transporte,2026-07-23,cartola
60,CL,CLP,1706914,5,Alta,gasto en gtd manquehue,10883.0,servicios,2026-11-21,natural
60,CL,CLP,1706914,5,Alta,pago a augas de antofagasta,8437.0,servicios,2026-03-07,natural
60,CL,CLP,1706914,5,Alta,transferencia a alvi,28396.0,alimentacion,2026-11-11,natural
60,CL,CLP,1706914,5,Alta,suscripción a youtube premium,29109.0,streaming,2026-11-20,natural
60,CL,CLP,1706914,5,Alta,SUC. MAMUT,7789.0,alimentacion,2026-02-28,cartola
60,CL,CLP,1706914,5,Alta,CABIFY,3954.0,transporte,2026-08-07,cartola
60,CL,CLP,1706914,5,Alta,pago a tommy beans,6668.0,alimentacion,2026-09-23,natural
60,CL,CLP,1706914,5,Alta,cargo de hbo max,2237.0,streaming,2026-05-21,natural
60,CL,CLP,1706914,5,Alta,PETROBRAS,10959.0,transporte,2026-08-24,cartola
60,CL,CLP,1706914,5,Alta,,7512.0,transporte,2026-08-06,cartola
60,CL,CLP,1706914,5,Alta,compra en vtr internet,1181.0,servicios,2026-01-15,natural
60,CL,CLP,1706914,5,Alta,MPAFRE,2386.0,otros,2026-10-29,cartola
60,CL,CLP,1706914,5,Alta,DUNKIN DONUTS,7077.0,alimentacion,2026-05-18,cartola
60,CL,CLP,1706914,5,Alta,ATM CLÍNICA SANTA MARÍA,23679.0,salud,2026-08-20,cartola
60,CL,CLP,1706914,5,Alta,pago a aguas del altiplano,9053.0,servicios,2026-03-30,natural
60,CL,CLP,1706914,5,Alta,transferencia a mundo pacífico,12397.0,servicios,2026-03-18,natural
60,CL,CLP,1706914,5,Alta,gasto en universidad diego portales udp,4486.0,educacion,2026-05-16,natural
60,CL,CLP,1706914,5,Alta,SUPREBODEGA ACUENTA,9179.0,alimentacion,2026-04-20,cartola
60,CL,CLP,1706914,5,Alta,pgao a easy,6426.0,vivienda,2026-12-19,natural
60,CL,CLP,1706914,5,Alta,gasto en decathlon,11660.0,otros,2026-10-28,natural
60,CL,CLP,1706914,5,Alta,pago a copropietarios edificio el golf,562.0,vivienda,2026-04-01,natural
60,CL,CLP,1706914,5,Alta,MAX HBO,7365.0,ocio,2026-07-09,cartola
60,CL,CLP,1706914,5,Alta,SHELL,3802.0,transporte,2026-03-14,cartola
60,CL,CLP,1706914,5,Alta,VESPUCIO NORTE,4277.0,transporte,2026-06-22,cartola
60,CL,CLP,1706914,5,Alta,ESSBIO,35125.0,servicios,2026-02-04,cartola
60,CL,CLP,1706914,5,Alta,pago a santa isabel,2186.0,alimentacion,2026-07-29,natural
60,CL,CLP,1706914,5,Alta,CLÍNICA BUPA,4040.0,salud,2026-10-25,cartola
60,CL,CLP,1706914,5,Alta,CLÍNICA ALEMANA,7726.0,salud,2026-05-13,cartola
60,CL,CLP,1706914,5,Alta,MUNDO PACÍFICO,21538.0,servicios,2026-10-10,cartola
60,CL,CLP,1706914,5,Alta,pago a unimarc,5840.0,alimentacion,2026-07-17,natural
60,CL,CLP,1706914,5,Alta,tranfserencia a edipro edificio,14757.0,vivienda,2026-02-01,natural
60,CL,CLP,1706914,5,Alta,transferencia a falabella,21024.0,otros,2026-05-16,natural
60,CL,CLP,1706914,5,Alta,ESSBIO,4020.0,servicios,2026-09-05,cartola
60,CL,CLP,1706914,5,Alta,compra en entel fibra,5404.0,servicios,2026-12-25,natural
60,CL,CLP,1706914,5,Alta,transferencia a pago de luz municipalidad,4777.0,servicios,2026-12-07,natural
60,CL,CLP,1706914,5,Alta,MADERAS ENCOFRADOS,19381.0,vivienda,2026-05-26,cartola
60,CL,CLP,1706914,5,Alta,VTR INTERNET,833.0,servicios,2026-05-23,cartola
60,CL,CLP,1706914,5,Alta,ALMACÉN DE BARRIO,3995.0,alimentacion,2026-08-22,cartola
60,CL,CLP,1706914,5,Alta,ALQUILER PROPIEDADES CHILE,12325.0,vivienda,2026-02-13,cartola
60,CL,CLP,1706914,5,Alta,NETFLIX CHILE,9029.0,ocio,2026-02-01,cartola
60,CL,CLP,1706914,5,Alta,WEBPAY CRUNCHYROLL 13/9,6210.0,streaming,2026-08-19,cartola
60,CL,CLP,1706914,5,Alta,BCI SEGUROS,8412.0,otros,2026-01-28,cartola
60,CL,CLP,1706914,5,Alta,renovación de max,2385.0,streaming,2026-06-09,natural
60,CL,CLP,1706914,5,Alta,CORONA,6104.0,otros,2026-11-29,cartola
60,CL,CLP,1706914,5,Alta,compra en eco farmacias,7547.0,salud,2026-07-26,natural
60,CL,CLP,1706914,5,Alta,CHILQUINTA,25076.0,servicios,2026-01-18,cartola
60,CL,CLP,1706914,5,Alta,gasto en aguas andinas,3274.0,servicios,2026-04-13,natural
60,CL,CLP,1706914,5,Alta,transferencia a chilquinta,21925.0,servicios,2026-03-11,natural
60,CL,CLP,1706914,5,Alta,pago mensual de crunchyroll,11197.0,streaming,2026-04-29,natural
60,CL,CLP,1706914,5,Alta,SCHOPDOG,1150.0,alimentacion,2026-06-09,cartola
60,CL,CLP,1706914,5,Alta,transferencia a aguas del altiplano,13972.0,servicios,2026-08-20,natural
60,CL,CLP,1706914,5,Alta,pago a mcdonalds,1159.0,alimentacion,2026-12-19,natural
60,CL,CLP,1706914,5,Alta,BREAL PROPIEDADES,64409.0,vivienda,2026-08-31,cartola
60,CL,CLP,1706914,5,Alta,RUTA DEL MAIPO,22326.0,transporte,2026-02-04,cartola
60,CL,CLP,1706914,5,Alta,gasto en universidad de los andes,3823.0,educacion,2026-11-21,natural
60,CL,CLP,1706914,5,Alta,gasto en autopista vespucio oriente avo,3224.0,transporte,2026-12-21,natural
60,CL,CLP,1706914,5,Alta,COMPRA WEB KASTOR GASTOS COMUNES,5204.0,vivienda,2026-08-27,cartola
60,CL,CLP,1706914,5,Alta,PASTELERÍA MARMENTINI,4770.0,alimentacion,2026-11-30,cartola
60,CL,CLP,1706914,5,Alta,PAGO DE LUZ MUNICIPALIDAD,5046.0,servicios,2026-05-29,cartola
60,CL,CLP,1706914,5,Alta,TER* SERVIPAG CUENTAS,4151.0,servicios,2026-04-21,cartola
60,CL,CLP,1706914,5,Alta,CSAAIDEAS,10515.0,vivienda,2026-01-17,cartola
60,CL,CLP,1706914,5,Alta,pago a colectivo linae 40,1944.0,transporte,2026-08-14,natural
60,CL,CLP,1706914,5,Alta,ÓPTICAS SCHILLING,20267.0,salud,2026-05-20,cartola
60,CL,CLP,1706914,5,Alta,ALQUILER PROPIEDADES CHILE,18130.0,vivienda,2026-05-24,cartola
61,CL,CLP,714020,18,Media,SPACIO1 PETROBRAS,1297.0,alimentacion,2026-04-20,cartola
61,CL,CLP,714020,18,Media,SEGUROS METLIFE,2830.0,otros,2026-12-04,cartola
61,CL,CLP,714020,18,Media,ALQUILER PROPIEDADES CHILE,818.0,vivienda,2026-03-19,cartola
61,CL,CLP,714020,18,Media,RUTA 68,4390.0,transporte,2026-01-02,cartola
61,CL,CLP,714020,18,Media,BURGER KING,1397.0,alimentacion,2026-11-17,cartola
61,CL,CLP,714020,18,Media,gasto en pontificia universidad católica,1968.0,educacion,2026-10-03,natural
61,CL,CLP,714020,18,Media,SCHOPDOG,3087.0,alimentacion,2026-10-17,cartola
61,CL,CLP,714020,18,Media,SERVIPAG CUENTAS,796.0,servicios,2026-06-18,cartola
61,CL,CLP,714020,18,Media,PAPA JOHNS,974.0,alimentacion,2026-01-23,cartola
61,CL,CLP,714020,18,Media,compra en puntoticket,5610.0,ocio,2026-10-21,natural
61,CL,CLP,714020,18,Media,gasto en cabify,2714.0,transporte,2026-06-21,natural
61,CL,CLP,714020,18,Media,LIBRERÍA SUBSUELO,9693.0,educacion,2026-11-19,cartola
61,CL,CLP,714020,18,Media,transferencia a botillería el faro,5747.0,alimentacion,2026-11-14,natural
61,CL,CLP,714020,18,Media,SENCILLITO CUENTAS,692.0,servicios,2026-06-18,cartola
61,CL,CLP,714020,18,Media,pago a feria chilena del libro,4646.0,educacion,2026-04-28,natural
61,CL,CLP,714020,18,Media,ENERGY FITNESS,505.0,ocio,2026-11-27,cartola
61,CL,CLP,714020,18,Media,pago a fuente alemana,7355.0,alimentacion,2026-05-12,natural
61,CL,CLP,714020,18,Media,transferencia a schopdog,23100.0,alimentacion,2026-04-03,natural
61,CL,CLP,714020,18,Media,,3670.0,servicios,2026-09-08,natural
61,CL,CLP,714020,18,Media,FALABELLA HOME,5562.0,vivienda,2026-01-10,cartola
61,CL,CLP,714020,18,Media,,1312.0,servicios,2026-02-20,cartola
61,CL,CLP,714020,18,Media,SCHOPDOG,2788.0,alimentacion,2026-12-15,cartola
61,CL,CLP,714020,18,Media,FERIA CHILENA DEL LIBRO,9391.0,educacion,2026-10-21,cartola
61,CL,CLP,714020,18,Media,SAESA,888.0,servicios,2026-05-09,cartola
61,CL,CLP,714020,18,Media,transferencia a pinturas sherwin williams,1495.0,vivienda,2026-09-06,natural
61,CL,CLP,714020,18,Media,pago a lipigas,2856.0,servicios,2026-04-12,natural
61,CL,CLP,714020,18,Media,pago mensual de crunchyroll,6034.0,streaming,2026-12-03,natural
61,CL,CLP,714020,18,Media,MERCADO LIBRE,2284.0,otros,2026-03-24,cartola
61,CL,CLP,714020,18,Media,WEBPAYS ERVIPAG CUENTAS,12728.0,servicios,2026-07-10,cartola
61,CL,CLP,714020,18,Media,PAGO TC PEAJE TRONCAL LAMPA,916.0,transporte,2026-05-23,cartola
61,CL,CLP,714020,18,Media,ESVAL,2244.0,servicios,2026-08-25,cartola
61,CL,CLP,714020,18,Media,CENTRO MÉDICO SAN LORENZO,5979.0,salud,2026-10-14,cartola
61,CL,CLP,714020,18,Media,compra en peaje zapata,1241.0,transporte,2026-10-04,natural
61,CL,CLP,714020,18,Media,gasto en zara chile,5175.0,otros,2026-10-18,natural
61,CL,CLP,714020,18,Media,pago mensual de disney plus,869.0,streaming,2026-06-18,natural
61,CL,CLP,714020,18,Media,SODIMAC HOMECENTER,942.0,vivienda,2026-05-24,cartola
61,CL,CLP,714020,18,Media,pago a clínica dávila,625.0,salud,2026-07-03,natural
61,CL,CLP,714020,18,Media,CLÍNICA UNIVERSIDAD DE LOS ANDES,12881.0,salud,2026-02-14,cartola
61,CL,CLP,714020,18,Media,transferencia a ruta del itata,3887.0,transporte,2026-08-31,natural
61,CL,CLP,714020,18,Media,PAC PLAYSTATION NETWORK,7709.0,ocio,2026-11-11,cartola
61,CL,CLP,714020,18,Media,compra en falabella home,1959.0,vivienda,2026-09-25,natural
61,CL,CLP,714020,18,Media,SCOTIABANK,4351.0,otros,2026-09-10,cartola
61,CL,CLP,714020,18,Media,compra en rappi,3309.0,alimentacion,2026-10-16,natural
61,CL,CLP,714020,18,Media,JUAN VALDEZ,14116.0,alimentacion,2026-07-31,cartola
61,CL,CLP,714020,18,Media,PEAJE LATERAL,6669.0,transporte,2026-06-26,cartola
61,CL,CLP,714020,18,Media,PULLMAN BUS,6353.0,transporte,2026-01-21,cartola
61,CL,CLP,714020,18,Media,PAC SCOTIABANK,815.0,otros,2026-02-21,cartola
61,CL,CLP,714020,18,Media,CLÍNICA SANTA MARÍA,3865.0,salud,2026-08-21,cartola
61,CL,CLP,714020,18,Media,compra en peaje melipilla,3048.0,transporte,2026-05-03,natural
61,CL,CLP,714020,18,Media,gasto en integramédica,12735.0,salud,2026-12-28,natural
61,CL,CLP,714020,18,Media,gasto en megasalud,1441.0,salud,2026-04-10,natural
61,CL,CLP,714020,18,Media,gasto en construmart,1523.0,vivienda,2026-08-02,natural
61,CL,CLP,714020,18,Media,pago a wom fibra,2567.0,servicios,2026-11-23,natural
61,CL,CLP,714020,18,Media,FALABELLA HOME,1351.0,vivienda,2026-05-15,cartola
61,CL,CLP,714020,18,Media,gasto en unimarc,670.0,alimentacion,2026-11-14,natural
61,CL,CLP,714020,18,Media,METRO DE SANTIAGO,9436.0,transporte,2026-08-06,cartola
61,CL,CLP,714020,18,Media,BREAL PROPIEDADES,3958.0,vivienda,2026-03-29,cartola
61,CL,CLP,714020,18,Media,gasto en paris deco,9572.0,vivienda,2026-10-07,natural
61,CL,CLP,714020,18,Media,REDFARMA,8616.0,salud,2026-02-09,cartola
61,CL,CLP,714020,18,Media,SENCILLITO CUENTAS,1605.0,servicios,2026-08-28,cartola
61,CL,CLP,714020,18,Media,gasto en sibaritas 87,3844.0,alimentacion,2026-11-28,natural
61,CL,CLP,714020,18,Media,transferencia a redfarma,1147.0,salud,2026-07-01,natural
61,CL,CLP,714020,18,Media,pago a inacap,11956.0,educacion,2026-09-22,natural
61,CL,CLP,714020,18,Media,pago a gasco,2509.0,servicios,2026-09-16,natural
61,CL,CLP,714020,18,Media,compra en kastor gastos comunes,2424.0,vivienda,2026-07-01,natural
61,CL,CLP,714020,18,Media,TURBUS,1747.0,transporte,2026-01-21,cartola
61,CL,CLP,714020,18,Media,ENTEL FIBRA,2991.0,servicios,2026-12-17,cartola
61,CL,CLP,714020,18,Media,PAC IMPERIAL,1405.0,vivienda,2026-07-15,cartola
61,CL,CLP,714020,18,Media,TER* AUTOPISTA VESPUCIO ORIENTE AVO,2276.0,transporte,2026-07-31,cartola
61,CL,CLP,714020,18,Media,IKEA CHILE,7795.0,vivienda,2026-01-16,cartola
61,CL,CLP,714020,18,Media,compra en yolito ferretería,8707.0,vivienda,2026-07-21,natural
61,CL,CLP,714020,18,Media,gasto en la sanguchera del barrio,1757.0,alimentacion,2026-12-29,natural
61,CL,CLP,714020,18,Media,PAC ENTEL FIBRA,3067.0,servicios,2026-08-06,cartola
61,CL,CLP,714020,18,Media,gasto en emporio la rosa,10028.0,alimentacion,2026-04-03,natural
61,CL,CLP,714020,18,Media,gasto en sencillito cuentas,632.0,servicios,2026-05-19,natural
61,CL,CLP,714020,18,Media,WEBPAY CONDOVIVE COPROPIEDAD,10655.0,vivienda,2026-06-06,cartola
61,CL,CLP,714020,18,Media,pago a emporio la rosa,1199.0,alimentacion,2026-12-01,natural
61,CL,CLP,714020,18,Media,transferencia a aiep,5498.0,educacion,2026-03-11,natural
61,CL,CLP,714020,18,Media,VTR INTERNET,4232.0,servicios,2026-10-31,cartola
61,CL,CLP,714020,18,Media,transferencia a upa!,3900.0,alimentacion,2026-01-15,natural
61,CL,CLP,714020,18,Media,DUNKIN DONUTS,9502.0,alimentacion,2026-08-23,cartola
61,CL,CLP,714020,18,Media,compra en efe trenes,519.0,transporte,2026-07-31,natural
61,CL,CLP,714020,18,Media,PEAJE LATERAL,2065.0,transporte,2026-10-17,cartola
61,CL,CLP,714020,18,Media,transferencia a starbucks,3743.0,alimentacion,2026-03-01,natural
61,CL,CLP,714020,18,Media,pago a burger king,8078.0,alimentacion,2026-09-09,natural
61,CL,CLP,714020,18,Media,SUPERBODEGA ACUENTA,1182.0,alimentacion,2026-01-02,cartola
61,CL,CLP,714020,18,Media,pago a essbio,7868.0,servicios,2026-08-24,natural
61,CL,CLP,714020,18,Media,pago a pinturas sherwin williams,2472.0,vivienda,2026-12-02,natural
61,CL,CLP,714020,18,Media,COLECTIVO LINEA 40,1014.0,transporte,2026-01-19,cartola
61,CL,CLP,714020,18,Media,pago a construmart,6893.0,vivienda,2026-02-18,natural
61,CL,CLP,714020,18,Media,pago a aiep,577.0,educacion,2026-01-28,natural
61,CL,CLP,714020,18,Media,compra en casaideas,3503.0,vivienda,2026-02-17,natural
61,CL,CLP,714020,18,Media,gasto en zurich chile,1107.0,otros,2026-06-14,natural
61,CL,CLP,714020,18,Media,CLARO HOGAR,2135.0,servicios,2026-12-31,cartola
61,CL,CLP,714020,18,Media,gasto en peaje angostura,4452.0,transporte,2026-06-25,natural
61,CL,CLP,714020,18,Media,FUENTE ALEMANA,3934.0,alimentacion,2026-03-14,cartola
61,CL,CLP,714020,18,Media,PAC OXXO,2512.0,alimentacion,2026-12-22,cartola
61,CL,CLP,714020,18,Media,WEBPAY EASY,2715.0,vivienda,2026-01-29,cartola
61,CL,CLP,714020,18,Media,,1246.0,otros,2026-06-06,cartola
61,CL,CLP,714020,18,Media,gasto en condovive copropiedad,2948.0,vivienda,2026-11-10,natural
61,CL,CLP,714020,18,Media,transferencia a disney plus,14838.0,ocio,2026-10-31,natural
61,CL,CLP,714020,18,Media,AUTOPISTA DEL SOL,9205.0,transporte,2026-10-06,cartola
61,CL,CLP,714020,18,Media,,760.0,alimentacion,2026-10-10,cartola
61,CL,CLP,714020,18,Media,compra en autopista vespucio oriente avo,978.0,transporte,2026-01-07,natural
61,CL,CLP,714020,18,Media,gasto en vtr internet,13132.0,servicios,2026-11-01,natural
61,CL,CLP,714020,18,Media,gasto en almacén de barrio,3624.0,alimentacion,2026-07-01,natural
61,CL,CLP,714020,18,Media,pago a fuente alemana,3739.0,alimentacion,2026-04-19,natural
61,CL,CLP,714020,18,Media,renovación de youtube premium,7351.0,streaming,2026-11-20,natural
61,CL,CLP,714020,18,Media,gasto en eco farmacias,1831.0,salud,2026-07-25,natural
61,CL,CLP,714020,18,Media,suscripción a spotify,3186.0,streaming,2026-08-22,natural
61,CL,CLP,714020,18,Media,PARIS DECO,16775.0,vivienda,2026-07-06,cartola
61,CL,CLP,714020,18,Media,MUNDO PACÍFICO,5402.0,servicios,2026-11-25,cartola
61,CL,CLP,714020,18,Media,gasto en instituto profesional santo tomás,809.0,educacion,2026-12-23,natural
62,CL,CLP,1115270,31,Alta,PINTURAS SHERWIN WILLIAMS,8575.0,vivienda,2026-03-30,cartola
62,CL,CLP,1115270,31,Alta,CABIFY,37087.0,transporte,2026-12-07,cartola
62,CL,CLP,1115270,31,Alta,compra en edipro edificio,13919.0,vivienda,2026-11-11,natural
62,CL,CLP,1115270,31,Alta,pago a burger king,15742.0,alimentacion,2026-08-29,natural
62,CL,CLP,1115270,31,Alta,CGE DISTRIBUCIÓN,9674.0,servicios,2026-09-23,cartola
62,CL,CLP,1115270,31,Alta,pago a enel distribución,5777.0,servicios,2026-08-11,natural
62,CL,CLP,1115270,31,Alta,gasto en servipag cuentas,832.0,servicios,2026-08-24,natural
62,CL,CLP,1115270,31,Alta,SEGUROS SURA,5885.0,otros,2026-06-02,cartola
62,CL,CLP,1115270,31,Alta,pago a autopista central,967.0,transporte,2026-02-26,natural
62,CL,CLP,1115270,31,Alta,compra en alquiler propiedades chile,13088.0,vivienda,2026-11-18,natural
62,CL,CLP,1115270,31,Alta,pago a librería subsuelo,3974.0,educacion,2026-04-22,natural
62,CL,CLP,1115270,31,Alta,BOTILLERÍA EL FARO,7226.0,alimentacion,2026-01-15,cartola
62,CL,CLP,1115270,31,Alta,FALABELLA,911.0,otros,2026-09-26,cartola
62,CL,CLP,1115270,31,Alta,suscripción a amaozn prime,4618.0,streaming,2026-04-24,natural
62,CL,CLP,1115270,31,Alta,pago a ok market,2167.0,alimentacion,2026-09-09,natural
62,CL,CLP,1115270,31,Alta,compra en petrobras,2027.0,transporte,2026-05-22,natural
62,CL,CLP,1115270,31,Alta,AGUAS DE ANTOFAGASTA,2984.0,servicios,2026-04-24,cartola
62,CL,CLP,1115270,31,Alta,NF* FANTASILANDIA,949.0,ocio,2026-10-17,cartola
62,CL,CLP,1115270,31,Alta,VESPUCIO SUR,3799.0,transporte,2026-12-23,cartola
62,CL,CLP,1115270,31,Alta,pago a falabella home,4029.0,vivienda,2026-01-25,natural
62,CL,CLP,1115270,31,Alta,transferencia a schopdog,12020.0,alimentacion,2026-11-06,natural
62,CL,CLP,1115270,31,Alta,NF* ENTEL FIBRA,3597.0,servicios,2026-09-12,cartola
62,CL,CLP,1115270,31,Alta,gasto en universidad andrés bello unab,2731.0,educacion,2026-09-25,natural
62,CL,CLP,1115270,31,Alta,TER* PETROBRAS,31726.0,transporte,2026-05-06,cartola
62,CL,CLP,1115270,31,Alta,gasto en lipigas,5118.0,servicios,2026-09-07,natural
62,CL,CLP,1115270,31,Alta,DOGGIS,3867.0,alimentacion,2026-10-14,cartola
62,CL,CLP,1115270,31,Alta,PULLMAN BUS,4141.0,transporte,2026-11-30,cartola
62,CL,CLP,1115270,31,Alta,AUTOPISTA VESPUCIO ORIENTE AVO,10012.0,transporte,2026-02-22,cartola
62,CL,CLP,1115270,31,Alta,pago a fuente alemana,2518.0,alimentacion,2026-02-12,natural
62,CL,CLP,1115270,31,Alta,transferencia a farmacias cruz verde,2979.0,salud,2026-06-15,natural
62,CL,CLP,1115270,31,Alta,PEDRO JUAN Y DIEGO,8523.0,alimentacion,2026-02-11,cartola
62,CL,CLP,1115270,31,Alta,transferencia a abastible,955.0,servicios,2026-06-25,natural
62,CL,CLP,1115270,31,Alta,transferencia a abastible,12111.0,servicios,2026-03-08,natural
62,CL,CLP,1115270,31,Alta,pago mensual de spotify,3400.0,streaming,2026-03-07,natural
62,CL,CLP,1115270,31,Alta,SODIMAC HOMECENTER,5262.0,vivienda,2026-03-24,cartola
62,CL,CLP,1115270,31,Alta,pago a wendy's,8563.0,alimentacion,2026-12-16,natural
62,CL,CLP,1115270,31,Alta,compra en editorial santillana,1870.0,educacion,2026-04-15,natural
62,CL,CLP,1115270,31,Alta,BREAL PROPIEDADES,13359.0,vivienda,2026-10-14,cartola
62,CL,CLP,1115270,31,Alta,transferencia a tarjeta bip!,23415.0,transporte,2026-07-05,natural
62,CL,CLP,1115270,31,Alta,GTD MANQUEHUE,4121.0,servicios,2026-10-11,cartola
62,CL,CLP,1115270,31,Alta,PACIFIC FITNESS,16704.0,ocio,2026-01-04,cartola
62,CL,CLP,1115270,31,Alta,transferencia a rappi,1149.0,alimentacion,2026-06-28,natural
62,CL,CLP,1115270,31,Alta,TICKETMASTER CHILE,13579.0,ocio,2026-08-25,cartola
62,CL,CLP,1115270,31,Alta,PEAJE LATERAL,2252.0,transporte,2026-01-18,cartola
62,CL,CLP,1115270,31,Alta,gasto en tarragona,2256.0,alimentacion,2026-10-30,natural
62,CL,CLP,1115270,31,Alta,ISAPRE CRUZ BLANCA,1565.0,salud,2026-01-09,cartola
62,CL,CLP,1115270,31,Alta,EFE TRENES,2305.0,transporte,2026-01-29,cartola
62,CL,CLP,1115270,31,Alta,gasto en sibairtas 87,1451.0,alimentacion,2026-05-24,natural
62,CL,CLP,1115270,31,Alta,VESPUCIO NORTE,14283.0,transporte,2026-12-14,cartola
62,CL,CLP,1115270,31,Alta,JUAN VALDEZ,13859.0,alimentacion,2026-05-29,cartola
62,CL,CLP,1115270,31,Alta,SUC. PARAMOUNT+ 2/11,652.0,streaming,2026-03-05,cartola
62,CL,CLP,1115270,31,Alta,gasto en isapre banmédica,932.0,salud,2026-07-06,natural
62,CL,CLP,1115270,31,Alta,KIDZANIA SANTIAGO,11971.0,ocio,2026-08-15,cartola
62,CL,CLP,1115270,31,Alta,transferencia a copropietarios edificio el golf,3077.0,vivienda,2026-04-28,natural
62,CL,CLP,1115270,31,Alta,pago a max hbo,1121.0,ocio,2026-12-22,natural
62,CL,CLP,1115270,31,Alta,AGUAS ANDINAS,4320.0,servicios,2026-09-11,cartola
62,CL,CLP,1115270,31,Alta,transferencia a esval,3258.0,servicios,2026-01-31,natural
62,CL,CLP,1115270,31,Alta,DISNEY PLUS,1495.0,ocio,2026-06-10,cartola
62,CL,CLP,1115270,31,Alta,INSTITUTO PROFESIONAL SANTO TOMÁS,7710.0,educacion,2026-08-03,cartola
62,CL,CLP,1115270,31,Alta,WEBPAY SPOTIFY 9057,6031.0,streaming,2026-06-18,cartola
62,CL,CLP,1115270,31,Alta,compra en almacén doña juana,635.0,alimentacion,2026-03-22,natural
62,CL,CLP,1115270,31,Alta,gasto en verdulería don lucho,15687.0,alimentacion,2026-02-15,natural
62,CL,CLP,1115270,31,Alta,REDFARMA,4941.0,salud,2026-02-18,cartola
62,CL,CLP,1115270,31,Alta,MAYORISTA 10,1740.0,alimentacion,2026-10-25,cartola
62,CL,CLP,1115270,31,Alta,GTD MANQUEHUE,1396.0,servicios,2026-10-10,cartola
62,CL,CLP,1115270,31,Alta,CLÍNICA ALEMANA,883.0,salud,2026-03-29,cartola
62,CL,CLP,1115270,31,Alta,PAC IMPERIAL,3341.0,vivienda,2026-05-01,cartola
62,CL,CLP,1115270,31,Alta,CONDOVIVE COPROPIEDAD,880.0,vivienda,2026-01-03,cartola
62,CL,CLP,1115270,31,Alta,CARGO AUT HBO MAX 7163,3249.0,streaming,2026-11-12,cartola
62,CL,CLP,1115270,31,Alta,cargo de crunchyroll,974.0,streaming,2026-08-15,natural
62,CL,CLP,1115270,31,Alta,compra en turbus,6464.0,transporte,2026-03-20,natural
62,CL,CLP,1115270,31,Alta,LIBRERÍA SUBSUELO,9298.0,educacion,2026-05-25,cartola
62,CL,CLP,1115270,31,Alta,transferencia a giro cajero redbanc,4820.0,otros,2026-08-30,natural
62,CL,CLP,1115270,31,Alta,pago a sencillito cuentas,6888.0,servicios,2026-02-01,natural
62,CL,CLP,1115270,31,Alta,ABASTIBLE,16844.0,servicios,2026-09-20,cartola
62,CL,CLP,1115270,31,Alta,CONSTRUMART,6148.0,vivienda,2026-07-30,cartola
62,CL,CLP,1115270,31,Alta,ALVI,2737.0,alimentacion,2026-03-12,cartola
62,CL,CLP,1115270,31,Alta,gasto en peaje melipilla,3608.0,transporte,2026-07-16,natural
62,CL,CLP,1115270,31,Alta,MUNDO PACÍFICO,11906.0,servicios,2026-02-27,cartola
62,CL,CLP,1115270,31,Alta,CLÍNICA ALEMANA,847.0,salud,2026-04-22,cartola
62,CL,CLP,1115270,31,Alta,EFE TRENES,2382.0,transporte,2026-02-17,cartola
62,CL,CLP,1115270,31,Alta,DISCOTECA AMANDA,5204.0,ocio,2026-07-04,cartola
62,CL,CLP,1115270,31,Alta,IKEA CHILE,6819.0,vivienda,2026-11-23,cartola
62,CL,CLP,1115270,31,Alta,PAGO TC BAR LA VIRGEN,8715.0,ocio,2026-06-14,cartola
62,CL,CLP,1115270,31,Alta,COMPRA WEB PASSLINE,2315.0,ocio,2026-08-03,cartola
62,CL,CLP,1115270,31,Alta,INACAP,953.0,educacion,2026-11-27,cartola
62,CL,CLP,1115270,31,Alta,PAGO TC LIBRERÍA SUBSUELO,18722.0,educacion,2026-11-26,cartola
62,CL,CLP,1115270,31,Alta,compra en clínica dental cumbre,620.0,salud,2026-08-01,natural
62,CL,CLP,1115270,31,Alta,SUC. ECO FARMACIAS,609.0,salud,2026-11-07,cartola
62,CL,CLP,1115270,31,Alta,transferencia a papa johns,4129.0,alimentacion,2026-02-10,natural
62,CL,CLP,1115270,31,Alta,gasto en pago de luz municipalidad,10340.0,servicios,2026-12-19,natural
62,CL,CLP,1115270,31,Alta,gasto en pinturas sherwin williams,9003.0,vivienda,2026-10-16,natural
62,CL,CLP,1115270,31,Alta,compra en santa isabel,16778.0,alimentacion,2026-06-17,natural
62,CL,CLP,1115270,31,Alta,gasto en peaje angostura,923.0,transporte,2026-02-03,natural
62,CL,CLP,1115270,31,Alta,compra en fuente alemana,2848.0,alimentacion,2026-11-14,natural
62,CL,CLP,1115270,31,Alta,MUNDO PACÍFICO,2004.0,servicios,2026-10-02,cartola
62,CL,CLP,1115270,31,Alta,AMAZON CHILE,11921.0,otros,2026-07-16,cartola
62,CL,CLP,1115270,31,Alta,gasto en pronto copec,4050.0,alimentacion,2026-07-10,natural
62,CL,CLP,1115270,31,Alta,gasto en burger king,720.0,alimentacion,2026-01-10,natural
62,CL,CLP,1115270,31,Alta,POS TRX FERIA LIBRE PINTO,7440.0,alimentacion,2026-04-30,cartola
62,CL,CLP,1115270,31,Alta,PAC AUTOPISTA DEL SOL,2975.0,transporte,2026-05-03,cartola
62,CL,CLP,1115270,31,Alta,suscripción a disney plus,4578.0,streaming,2026-09-04,natural
62,CL,CLP,1115270,31,Alta,WEBPAY VTR INTERNET,13553.0,servicios,2026-12-26,cartola
62,CL,CLP,1115270,31,Alta,transferencia a kastor gastos comunes,1793.0,vivienda,2026-08-09,natural
62,CL,CLP,1115270,31,Alta,gasto en farmacias del dr simi,1661.0,salud,2026-09-18,natural
62,CL,CLP,1115270,31,Alta,CLÍNICA UNIVERSIDAD DE LOS ANDES,1846.0,salud,2026-02-27,cartola
62,CL,CLP,1115270,31,Alta,IMPERIAL,2494.0,vivienda,2026-11-11,cartola
62,CL,CLP,1115270,31,Alta,compra en metro de santiago,686.0,transporte,2026-05-08,natural
62,CL,CLP,1115270,31,Alta,AUTOPISTA CENTRAL,7221.0,transporte,2026-07-06,cartola
62,CL,CLP,1115270,31,Alta,pago a paris deco,1405.0,vivienda,2026-07-24,natural
62,CL,CLP,1115270,31,Alta,CASAIDEAS,15749.0,vivienda,2026-03-27,cartola
62,CL,CLP,1115270,31,Alta,transferencia a aguas del altiplano,1468.0,servicios,2026-04-14,natural
62,CL,CLP,1115270,31,Alta,gasto en petrobras,1784.0,transporte,2026-05-23,natural
62,CL,CLP,1115270,31,Alta,trasnferencia a aguas andinas,2130.0,servicios,2026-07-24,natural
62,CL,CLP,1115270,31,Alta,SUPEROBDEGA ACUENTA,8845.0,alimentacion,2026-05-09,cartola
62,CL,CLP,1115270,31,Alta,ENTEL FIBRA,3372.0,servicios,2026-09-03,cartola
62,CL,CLP,1115270,31,Alta,LIBRERÍA SUBSUELO,10342.0,educacion,2026-02-07,cartola
63,CL,CLP,1667752,19,Alta,pago a feria chilena del libro,3515.0,educacion,2026-07-14,natural
63,CL,CLP,1667752,19,Alta,ATM INSTITUTO PROFESIONAL SANTO TOMÁS,3034.0,educacion,2026-07-11,cartola
63,CL,CLP,1667752,19,Alta,BANCO DE CHILE COMISIONES,32138.0,otros,2026-03-09,cartola
63,CL,CLP,1667752,19,Alta,TER* STEAM GAMES,4142.0,ocio,2026-08-30,cartola
63,CL,CLP,1667752,19,Alta,COPEC,4458.0,transporte,2026-03-31,cartola
63,CL,CLP,1667752,19,Alta,gasto en gimnasio upgrade,7199.0,ocio,2026-12-11,natural
63,CL,CLP,1667752,19,Alta,gasto en librería subsuelo,2030.0,educacion,2026-01-10,natural
63,CL,CLP,1667752,19,Alta,SAESA,9567.0,servicios,2026-09-21,cartola
63,CL,CLP,1667752,19,Alta,ABASTIBLE,14783.0,servicios,2026-09-25,cartola
63,CL,CLP,1667752,19,Alta,gasto en claro hogar,20839.0,servicios,2026-11-16,natural
63,CL,CLP,1667752,19,Alta,renovación de youtube premium,16799.0,streaming,2026-04-28,natural
63,CL,CLP,1667752,19,Alta,cargo de disney plus,2159.0,streaming,2026-09-07,natural
63,CL,CLP,1667752,19,Alta,CINEHOYTS,8230.0,ocio,2026-02-28,cartola
63,CL,CLP,1667752,19,Alta,transferencia a lipigas,532.0,servicios,2026-07-14,natural
63,CL,CLP,1667752,19,Alta,SUC. MADERAS ENCOFRADOS,1061.0,vivienda,2026-10-23,cartola
63,CL,CLP,1667752,19,Alta,SCHOPDOG,7840.0,alimentacion,2026-04-07,cartola
63,CL,CLP,1667752,19,Alta,FANTASILANDIA,3942.0,ocio,2026-05-07,cartola
63,CL,CLP,1667752,19,Alta,SUC. VTR INTERNET,15543.0,servicios,2026-09-03,cartola
63,CL,CLP,1667752,19,Alta,transferencia a cory,17412.0,alimentacion,2026-03-28,natural
63,CL,CLP,1667752,19,Alta,LABORATORIO BIONET,30514.0,salud,2026-03-18,cartola
63,CL,CLP,1667752,19,Alta,NF* TAVELLI,19327.0,alimentacion,2026-07-23,cartola
63,CL,CLP,1667752,19,Alta,pago a max hob,668.0,ocio,2026-05-26,natural
63,CL,CLP,1667752,19,Alta,gasto en universidad de santiago usach,6280.0,educacion,2026-05-29,natural
63,CL,CLP,1667752,19,Alta,pago a tarragona,4310.0,alimentacion,2026-04-21,natural
63,CL,CLP,1667752,19,Alta,NUEVOSUR,6595.0,servicios,2026-05-09,cartola
63,CL,CLP,1667752,19,Alta,PULLMAN BUS,2358.0,transporte,2026-09-10,cartola
63,CL,CLP,1667752,19,Alta,pago mensual de apple music,1390.0,streaming,2026-06-15,natural
63,CL,CLP,1667752,19,Alta,FUENTE ALEMANA,9948.0,alimentacion,2026-10-24,cartola
63,CL,CLP,1667752,19,Alta,renovación de spotify,17224.0,streaming,2026-05-17,natural
63,CL,CLP,1667752,19,Alta,PEDRO JUAN Y DIEGO,16359.0,alimentacion,2026-10-06,cartola
63,CL,CLP,1667752,19,Alta,PIZZA HUT,8104.0,alimentacion,2026-11-30,cartola
63,CL,CLP,1667752,19,Alta,transferencia a zara chile,9985.0,otros,2026-01-11,natural
63,CL,CLP,1667752,19,Alta,ABASTIBLE,9817.0,servicios,2026-03-12,cartola
63,CL,CLP,1667752,19,Alta,NF* NUEVOSUR,15898.0,servicios,2026-06-08,cartola
63,CL,CLP,1667752,19,Alta,pago a wendy's,664.0,alimentacion,2026-08-04,natural
63,CL,CLP,1667752,19,Alta,PINTURAS SHERWIN WILLIAMS,16726.0,vivienda,2026-01-26,cartola
63,CL,CLP,1667752,19,Alta,pago a alvi,11796.0,alimentacion,2026-10-13,natural
63,CL,CLP,1667752,19,Alta,compra en esval,2984.0,servicios,2026-06-11,natural
63,CL,CLP,1667752,19,Alta,gasto en antártica libros,680.0,educacion,2026-04-12,natural
63,CL,CLP,1667752,19,Alta,pago mensual de netflix,1553.0,streaming,2026-03-10,natural
63,CL,CLP,1667752,19,Alta,gasto en administración jardines de maipú,10053.0,vivienda,2026-05-13,natural
63,CL,CLP,1667752,19,Alta,pago a lipigas,19199.0,servicios,2026-07-08,natural
63,CL,CLP,1667752,19,Alta,CARGO AUT DISCOTECA AMANDA,5507.0,ocio,2026-07-30,cartola
63,CL,CLP,1667752,19,Alta,compra en comunidadfeliz gastos comunes,6442.0,vivienda,2026-08-31,natural
63,CL,CLP,1667752,19,Alta,ABASTIBLE,36767.0,servicios,2026-06-15,cartola
63,CL,CLP,1667752,19,Alta,EFE TRENES,3238.0,transporte,2026-03-02,cartola
63,CL,CLP,1667752,19,Alta,PAC PEAJE MELIPILLA,1480.0,transporte,2026-12-28,cartola
63,CL,CLP,1667752,19,Alta,transferencia a pago de luz municipalidad,5686.0,servicios,2026-10-06,natural
63,CL,CLP,1667752,19,Alta,JUNA VALDEZ,18518.0,alimentacion,2026-04-23,cartola
63,CL,CLP,1667752,19,Alta,compra en spacio1 petrobras,13296.0,alimentacion,2026-01-30,natural
63,CL,CLP,1667752,19,Alta,gasto en wom fibra,7265.0,servicios,2026-11-19,natural
63,CL,CLP,1667752,19,Alta,FALABELLA HOME,45215.0,vivienda,2026-06-10,cartola
63,CL,CLP,1667752,19,Alta,WEBPAY UNIMARC,17949.0,alimentacion,2026-08-22,cartola
63,CL,CLP,1667752,19,Alta,EDIPRO EDIFICIO,863.0,vivienda,2026-12-05,cartola
63,CL,CLP,1667752,19,Alta,BREAL PROPIEDADES,18450.0,vivienda,2026-06-19,cartola
63,CL,CLP,1667752,19,Alta,DUNKIN DONUTS,1197.0,alimentacion,2026-02-26,cartola
63,CL,CLP,1667752,19,Alta,transferencia a schopdog,14202.0,alimentacion,2026-08-28,natural
63,CL,CLP,1667752,19,Alta,AUTOPISTA CENTRAL,3194.0,transporte,2026-09-14,cartola
63,CL,CLP,1667752,19,Alta,gasto en ópticas schilling,16113.0,salud,2026-12-24,natural
63,CL,CLP,1667752,19,Alta,WOMF IBRA,5011.0,servicios,2026-07-20,cartola
63,CL,CLP,1667752,19,Alta,AMAZON PRIME VIDEO,27892.0,ocio,2026-11-21,cartola
63,CL,CLP,1667752,19,Alta,transferencia a disney plus,5553.0,ocio,2026-11-11,natural
63,CL,CLP,1667752,19,Alta,KASTOR GASTOS COMUNES,13067.0,vivienda,2026-10-29,cartola
63,CL,CLP,1667752,19,Alta,LIBRERÍA QUÉ LEO,4552.0,educacion,2026-04-16,cartola
63,CL,CLP,1667752,19,Alta,transferencia a clínica alemana,33676.0,salud,2026-10-17,natural
63,CL,CLP,1667752,19,Alta,DECATHLON,20526.0,otros,2026-04-11,cartola
63,CL,CLP,1667752,19,Alta,GTD MANQUEHUE,3768.0,servicios,2026-04-07,cartola
63,CL,CLP,1667752,19,Alta,gasto en aguas de antofagasta,40168.0,servicios,2026-06-02,natural
63,CL,CLP,1667752,19,Alta,compra en clínica alemana,5972.0,salud,2026-01-29,natural
63,CL,CLP,1667752,19,Alta,transferencia a universidad diego portales udp,14261.0,educacion,2026-06-02,natural
63,CL,CLP,1667752,19,Alta,WEBPAY PC FACTORY,18356.0,otros,2026-03-14,cartola
63,CL,CLP,1667752,19,Alta,SPOTIFY,753.0,ocio,2026-01-04,cartola
63,CL,CLP,1667752,19,Alta,FERRETERÍA PRAT,43161.0,vivienda,2026-08-25,cartola
63,CL,CLP,1667752,19,Alta,transferencia a uber chile,5707.0,transporte,2026-02-07,natural
63,CL,CLP,1667752,19,Alta,pago a farmacias salcobrand,2844.0,salud,2026-01-20,natural
63,CL,CLP,1667752,19,Alta,EFE TRENES,25705.0,transporte,2026-04-23,cartola
63,CL,CLP,1667752,19,Alta,SUC. PEAJE MELIPILLA,16404.0,transporte,2026-01-23,cartola
63,CL,CLP,1667752,19,Alta,ISAPRE CONSALUD,1226.0,salud,2026-05-16,cartola
63,CL,CLP,1667752,19,Alta,transferencia a clínica alemana,1682.0,salud,2026-09-05,natural
63,CL,CLP,1667752,19,Alta,PAC CGE DISTRIBUCIÓN,16975.0,servicios,2026-10-28,cartola
63,CL,CLP,1667752,19,Alta,AGUAS DEL ALTIPLANO,1051.0,servicios,2026-04-07,cartola
63,CL,CLP,1667752,19,Alta,TER* YOUTUBE PREMIUM 4024,33668.0,streaming,2026-02-02,cartola
63,CL,CLP,1667752,19,Alta,COMPRA WEB BURGER KING,18287.0,alimentacion,2026-05-15,cartola
63,CL,CLP,1667752,19,Alta,compra en copropietarios edificio el golf,5524.0,vivienda,2026-09-12,natural
63,CL,CLP,1667752,19,Alta,VERDULERÍA DON LUCHO,6094.0,alimentacion,2026-10-05,cartola
63,CL,CLP,1667752,19,Alta,compra en pastelería marmentini,9545.0,alimentacion,2026-05-13,natural
63,CL,CLP,1667752,19,Alta,COLECTIVO LINEA 40,6052.0,transporte,2026-08-26,cartola
63,CL,CLP,1667752,19,Alta,pago a lbirería nacional,20680.0,educacion,2026-01-15,natural
63,CL,CLP,1667752,19,Alta,pago a papa johns,49717.0,alimentacion,2026-10-04,natural
63,CL,CLP,1667752,19,Alta,pago a integramédica,11871.0,salud,2026-05-06,natural
63,CL,CLP,1667752,19,Alta,gasto en ruta del itata,7983.0,transporte,2026-12-11,natural
63,CL,CLP,1667752,19,Alta,transferencia a bar la virgen,3406.0,ocio,2026-01-17,natural
63,CL,CLP,1667752,19,Alta,compra en gtd manquehue,14322.0,servicios,2026-11-08,natural
63,CL,CLP,1667752,19,Alta,SUB*GTD MANQUEHUE,15638.0,servicios,2026-02-19,cartola
63,CL,CLP,1667752,19,Alta,OXXO,15621.0,alimentacion,2026-05-15,cartola
63,CL,CLP,1667752,19,Alta,UNIMARC,1129.0,alimentacion,2026-11-02,cartola
63,CL,CLP,1667752,19,Alta,gasto en spotify,31003.0,ocio,2026-03-01,natural
63,CL,CLP,1667752,19,Alta,ESTACIONAMIENTO SABA,5577.0,transporte,2026-05-05,cartola
63,CL,CLP,1667752,19,Alta,transferencia a inacap,18425.0,educacion,2026-04-26,natural
63,CL,CLP,1667752,19,Alta,PAGO TC ENTEL FIBRA,19278.0,servicios,2026-06-22,cartola
63,CL,CLP,1667752,19,Alta,gasto en pago de luz municipalidad,14211.0,servicios,2026-07-06,natural
63,CL,CLP,1667752,19,Alta,POS TRX YOUTUBE PREMIUM 2997,6789.0,streaming,2026-03-29,cartola
63,CL,CLP,1667752,19,Alta,transferencia a estacionamiento saba,12671.0,transporte,2026-07-22,natural
63,CL,CLP,1667752,19,Alta,UBER CHILE,555.0,transporte,2026-12-27,cartola
63,CL,CLP,1667752,19,Alta,FUENTE ALEMANA,19396.0,alimentacion,2026-11-07,cartola
63,CL,CLP,1667752,19,Alta,IMPERIAL,1418.0,vivienda,2026-11-16,cartola
63,CL,CLP,1667752,19,Alta,pago a jumbo,6831.0,alimentacion,2026-07-01,natural
63,CL,CLP,1667752,19,Alta,pago a autopista central,1478.0,transporte,2026-12-18,natural
63,CL,CLP,1667752,19,Alta,PARIS DECO,24524.0,vivienda,2026-06-17,cartola
63,CL,CLP,1667752,19,Alta,compra en didi taxi,10802.0,transporte,2026-06-30,natural
63,CL,CLP,1667752,19,Alta,gasto en metro de santiago,15871.0,transporte,2026-10-27,natural
63,CL,CLP,1667752,19,Alta,CHILQUINTA,15510.0,servicios,2026-05-10,cartola
63,CL,CLP,1667752,19,Alta,transferencia a autopista vespucio oriente avo,24905.0,transporte,2026-05-29,natural
63,CL,CLP,1667752,19,Alta,FARMACIAS SALCOBRAND,1922.0,salud,2026-11-02,cartola
63,CL,CLP,1667752,19,Alta,compra en entel fibra,14570.0,servicios,2026-07-28,natural
63,CL,CLP,1667752,19,Alta,WOM FIBRA,11569.0,servicios,2026-04-21,cartola
63,CL,CLP,1667752,19,Alta,transferencia a aguas del altiplano,999.0,servicios,2026-05-17,natural
63,CL,CLP,1667752,19,Alta,ISAPRE CONSALUD,3040.0,salud,2026-12-21,cartola
63,CL,CLP,1667752,19,Alta,REDFARMA,4209.0,salud,2026-07-30,cartola
63,CL,CLP,1667752,19,Alta,ISAPRE CONSALUD,1018.0,salud,2026-05-26,cartola
64,CL,CLP,718969,46,Media,FUENTE SUIZA,2930.0,alimentacion,2026-11-09,cartola
64,CL,CLP,718969,46,Media,ATM BURGER KING,4974.0,alimentacion,2026-11-07,cartola
64,CL,CLP,718969,46,Media,transferencia a easy,797.0,vivienda,2026-12-04,natural
64,CL,CLP,718969,46,Media,BREAL PROPIEDADES,17635.0,vivienda,2026-12-29,cartola
64,CL,CLP,718969,46,Media,gasto en isapre banmédica,6567.0,salud,2026-12-24,natural
64,CL,CLP,718969,46,Media,transferencia a isapre cruz blanca,1446.0,salud,2026-08-21,natural
64,CL,CLP,718969,46,Media,gasto en autpoista central,6467.0,transporte,2026-05-27,natural
64,CL,CLP,718969,46,Media,ABASTIBLE,4297.0,servicios,2026-04-21,cartola
64,CL,CLP,718969,46,Media,PAGO TC COLECTIVO LINEA 40,581.0,transporte,2026-12-29,cartola
64,CL,CLP,718969,46,Media,BOTILLERÍA EL FARO,985.0,alimentacion,2026-12-24,cartola
64,CL,CLP,718969,46,Media,SENCILLITO CUENTAS,737.0,servicios,2026-01-03,cartola
64,CL,CLP,718969,46,Media,MAYORISTA 10,8319.0,alimentacion,2026-07-30,cartola
64,CL,CLP,718969,46,Media,OK MARKET,4029.0,alimentacion,2026-01-25,cartola
64,CL,CLP,718969,46,Media,SUB*MADERAS ENCOFRADOS,1913.0,vivienda,2026-11-27,cartola
64,CL,CLP,718969,46,Media,PAC COPROPIETARIOS EDIFICIO EL GOLF,678.0,vivienda,2026-07-03,cartola
64,CL,CLP,718969,46,Media,PARIS DECO,3323.0,vivienda,2026-03-02,cartola
64,CL,CLP,718969,46,Media,VESPUCIO SUR,3741.0,transporte,2026-05-03,cartola
64,CL,CLP,718969,46,Media,transferencia a falabella home,6078.0,vivienda,2026-02-24,natural
64,CL,CLP,718969,46,Media,SCHOPDOG,17597.0,alimentacion,2026-06-12,cartola
64,CL,CLP,718969,46,Media,pago a clínica dávila,2866.0,salud,2026-07-06,natural
64,CL,CLP,718969,46,Media,gasto en metro de santiago,2616.0,transporte,2026-02-08,natural
64,CL,CLP,718969,46,Media,PAGO TC AMAZON PRIME 9747,2319.0,streaming,2026-07-04,cartola
64,CL,CLP,718969,46,Media,compra en autopista vespucio oriente avo,8807.0,transporte,2026-03-24,natural
64,CL,CLP,718969,46,Media,compra en librería qué leo,853.0,educacion,2026-07-14,natural
64,CL,CLP,718969,46,Media,SENCILLITO CUENTAS,2115.0,servicios,2026-02-03,cartola
64,CL,CLP,718969,46,Media,transferencia a universidad diego portales udp,6482.0,educacion,2026-04-23,natural
64,CL,CLP,718969,46,Media,FUENTE ALEMANA,924.0,alimentacion,2026-08-18,cartola
64,CL,CLP,718969,46,Media,IMPERIAL,1715.0,vivienda,2026-10-10,cartola
64,CL,CLP,718969,46,Media,transferencia a pedro juan y diego,5150.0,alimentacion,2026-10-14,natural
64,CL,CLP,718969,46,Media,compra en kastor gastos comunes,1033.0,vivienda,2026-06-04,natural
64,CL,CLP,718969,46,Media,ABASTIBLE,1810.0,servicios,2026-06-14,cartola
64,CL,CLP,718969,46,Media,BREAL PROPIEDADES,3342.0,vivienda,2026-07-01,cartola
64,CL,CLP,718969,46,Media,CMR FALABELLA COBROS,2753.0,otros,2026-08-27,cartola
64,CL,CLP,718969,46,Media,WENDY'S,563.0,alimentacion,2026-05-17,cartola
64,CL,CLP,718969,46,Media,compra en juan valdez,13981.0,alimentacion,2026-12-05,natural
64,CL,CLP,718969,46,Media,compra en servipag cuentas,1011.0,servicios,2026-09-23,natural
64,CL,CLP,718969,46,Media,transferencia a esval,6956.0,servicios,2026-07-06,natural
64,CL,CLP,718969,46,Media,gasto en peaje melipilla,539.0,transporte,2026-11-06,natural
64,CL,CLP,718969,46,Media,EMPORIO LA ROSA,3162.0,alimentacion,2026-06-16,cartola
64,CL,CLP,718969,46,Media,pago a colectivo linea 40,968.0,transporte,2026-09-17,natural
64,CL,CLP,718969,46,Media,gasto en ópticas schilling,764.0,salud,2026-05-23,natural
64,CL,CLP,718969,46,Media,PEDIDOSYA,676.0,alimentacion,2026-07-23,cartola
64,CL,CLP,718969,46,Media,WEBPAY CHILENA CONSOLIDADA,3027.0,otros,2026-06-25,cartola
64,CL,CLP,718969,46,Media,gasto en abastible,3638.0,servicios,2026-09-19,natural
64,CL,CLP,718969,46,Media,SUB*EFE TRENES,719.0,transporte,2026-09-09,cartola
64,CL,CLP,718969,46,Media,compra en sibaritas 87,19494.0,alimentacion,2026-11-25,natural
64,CL,CLP,718969,46,Media,pago a integramédica,1497.0,salud,2026-07-19,natural
64,CL,CLP,718969,46,Media,ATM PEAJE TRONCAL LAMPA,3083.0,transporte,2026-07-18,cartola
64,CL,CLP,718969,46,Media,transfernecia a chilquinta,1224.0,servicios,2026-07-15,natural
64,CL,CLP,718969,46,Media,PEAJE MELIPILLA,3420.0,transporte,2026-11-10,cartola
64,CL,CLP,718969,46,Media,NUEVOSUR,7083.0,servicios,2026-03-18,cartola
64,CL,CLP,718969,46,Media,pago a unimarc,3697.0,alimentacion,2026-01-19,natural
64,CL,CLP,718969,46,Media,transferencia a la sanguchera del barrio,1689.0,alimentacion,2026-03-03,natural
64,CL,CLP,718969,46,Media,UBER CHILE,1434.0,transporte,2026-11-23,cartola
64,CL,CLP,718969,46,Media,DUNKIN DONUTS,7144.0,alimentacion,2026-10-08,cartola
64,CL,CLP,718969,46,Media,DIDI TAXI,632.0,transporte,2026-09-07,cartola
64,CL,CLP,718969,46,Media,SENCILLITO CUENTAS,2320.0,servicios,2026-08-15,cartola
64,CL,CLP,718969,46,Media,pago a estacionamiento saba,825.0,transporte,2026-05-07,natural
64,CL,CLP,718969,46,Media,gasto en ferretería el candado,1498.0,vivienda,2026-02-27,natural
64,CL,CLP,718969,46,Media,compra en amazon prime video,832.0,ocio,2026-07-23,natural
64,CL,CLP,718969,46,Media,GASCO,10938.0,servicios,2026-08-31,cartola
64,CL,CLP,718969,46,Media,CARGO AUT ESTACIONAMIENTO MALL CENTER,6610.0,transporte,2026-11-28,cartola
64,CL,CLP,718969,46,Media,gasto en gtd manquehue,4133.0,servicios,2026-11-22,natural
64,CL,CLP,718969,46,Media,transferencia a entel fibra,1276.0,servicios,2026-09-09,natural
64,CL,CLP,718969,46,Media,compra en amazon prime video,3584.0,ocio,2026-11-18,natural
64,CL,CLP,718969,46,Media,compra en librería qué leo,3694.0,educacion,2026-07-18,natural
64,CL,CLP,718969,46,Media,compra en aguas de antofagasta,4482.0,servicios,2026-12-09,natural
64,CL,CLP,718969,46,Media,gasto en clínica alemana,739.0,salud,2026-05-19,natural
64,CL,CLP,718969,46,Media,AMAZON PRIME VIDEO,18118.0,ocio,2026-05-02,cartola
64,CL,CLP,718969,46,Media,CARGO AUT DISNEY PLUS 23/7,3145.0,streaming,2026-02-18,cartola
64,CL,CLP,718969,46,Media,NF* SPOTIFY,13110.0,ocio,2026-10-31,cartola
64,CL,CLP,718969,46,Media,SENCILLITO CUENTAS,614.0,servicios,2026-12-09,cartola
64,CL,CLP,718969,46,Media,UBER CHILE,1428.0,transporte,2026-09-08,cartola
64,CL,CLP,718969,46,Media,compra en construmart,551.0,vivienda,2026-01-07,natural
64,CL,CLP,718969,46,Media,compra en alvi,7371.0,alimentacion,2026-08-07,natural
64,CL,CLP,718969,46,Media,FERRETERÍA EL CANDADO,1937.0,vivienda,2026-03-18,cartola
64,CL,CLP,718969,46,Media,gasto en isapre consalud,9217.0,salud,2026-06-28,natural
64,CL,CLP,718969,46,Media,transferencia a copropietarios edificio el golf,8968.0,vivienda,2026-05-25,natural
64,CL,CLP,718969,46,Media,PAC EFE TRENES,5533.0,transporte,2026-06-03,cartola
64,CL,CLP,718969,46,Media,NF* NETFLIX 1982,5503.0,streaming,2026-05-01,cartola
64,CL,CLP,718969,46,Media,gasto en ruta del maipo,6048.0,transporte,2026-05-04,natural
64,CL,CLP,718969,46,Media,transferencia a lipigas,5624.0,servicios,2026-05-30,natural
64,CL,CLP,718969,46,Media,AGUAS DE ANTOFAGASTA,2457.0,servicios,2026-09-25,cartola
64,CL,CLP,718969,46,Media,gasto en easy,5766.0,vivienda,2026-11-23,natural
64,CL,CLP,718969,46,Media,CLUB DE BAILE,11433.0,ocio,2026-01-01,cartola
64,CL,CLP,718969,46,Media,COLECTIVO LINEA 40,2030.0,transporte,2026-06-10,cartola
64,CL,CLP,718969,46,Media,transferencia a librería nacional,14553.0,educacion,2026-09-01,natural
64,CL,CLP,718969,46,Media,compra en imperial,897.0,vivienda,2026-09-08,natural
64,CL,CLP,718969,46,Media,suscripción a youtube premium,2156.0,streaming,2026-03-05,natural
64,CL,CLP,718969,46,Media,PINTURAS SHERWIN WILLIAMS,711.0,vivienda,2026-10-26,cartola
64,CL,CLP,718969,46,Media,ZURICH CHILE,680.0,otros,2026-09-05,cartola
64,CL,CLP,718969,46,Media,transferencia a falabella home,8484.0,vivienda,2026-10-24,natural
64,CL,CLP,718969,46,Media,GTD MANQUEHUE,12581.0,servicios,2026-04-25,cartola
64,CL,CLP,718969,46,Media,FONASA,7552.0,salud,2026-10-22,cartola
64,CL,CLP,718969,46,Media,LIPIGAS,18858.0,servicios,2026-01-01,cartola
64,CL,CLP,718969,46,Media,transferencia a pronto copec,1224.0,alimentacion,2026-02-10,natural
64,CL,CLP,718969,46,Media,,762.0,vivienda,2026-06-22,natural
64,CL,CLP,718969,46,Media,pago a feria libre pinto,3693.0,alimentacion,2026-03-29,natural
64,CL,CLP,718969,46,Media,ATM APPLE MUSIC 4243,8869.0,streaming,2026-04-08,cartola
64,CL,CLP,718969,46,Media,FERIA LIBRE PINTO,1099.0,alimentacion,2026-09-08,cartola
64,CL,CLP,718969,46,Media,gasto en autopista vespucio oriente avo,27207.0,transporte,2026-12-01,natural
64,CL,CLP,718969,46,Media,compra en upa!,4629.0,alimentacion,2026-05-21,natural
64,CL,CLP,718969,46,Media,POS TRX UBER CHILE,19384.0,transporte,2026-03-12,cartola
64,CL,CLP,718969,46,Media,gasto en fuente alemana,2281.0,alimentacion,2026-05-17,natural
64,CL,CLP,718969,46,Media,pago a emporio la rosa,3076.0,alimentacion,2026-04-09,natural
64,CL,CLP,718969,46,Media,compra en jumbo,7008.0,alimentacion,2026-05-31,natural
64,CL,CLP,718969,46,Media,gasto en bci seguros,7901.0,otros,2026-06-24,natural
64,CL,CLP,718969,46,Media,compra en esval,1332.0,servicios,2026-06-16,natural
64,CL,CLP,718969,46,Media,gasto en redfarma,13338.0,salud,2026-12-09,natural
64,CL,CLP,718969,46,Media,pago a ok market,10146.0,alimentacion,2026-09-14,natural
64,CL,CLP,718969,46,Media,transferencia a cineplanet,1235.0,ocio,2026-11-26,natural
64,CL,CLP,718969,46,Media,DUOC UC,691.0,educacion,2026-03-06,cartola
64,CL,CLP,718969,46,Media,PETROBRAS,3441.0,transporte,2026-03-10,cartola
64,CL,CLP,718969,46,Media,transferencia a efe trenes,3103.0,transporte,2026-03-08,natural
64,CL,CLP,718969,46,Media,gasto en wom fibra,6188.0,servicios,2026-02-19,natural
64,CL,CLP,718969,46,Media,CLÍNICA DENTAL CUMBRE,813.0,salud,2026-11-05,cartola
64,CL,CLP,718969,46,Media,gasto en kidzania santiago,5198.0,ocio,2026-04-01,natural
64,CL,CLP,718969,46,Media,pago a didi taxi,4811.0,transporte,2026-04-25,natural
64,CL,CLP,718969,46,Media,CARGO AUT CRUNCHYROLL 25/3,1336.0,streaming,2026-02-26,cartola
64,CL,CLP,718969,46,Media,SUC. HBO MAX 7764,3925.0,streaming,2026-12-08,cartola
64,CL,CLP,718969,46,Media,pago a mundo pacífico,1262.0,servicios,2026-01-18,natural
64,CL,CLP,718969,46,Media,transferencia a juan valdez,798.0,alimentacion,2026-09-29,natural
64,CL,CLP,718969,46,Media,renovación de amazon prime,4274.0,streaming,2026-05-10,natural
64,CL,CLP,718969,46,Media,COMPRA WEB ALIEXPRESS,19046.0,otros,2026-09-26,cartola
64,CL,CLP,718969,46,Media,transferencia a giro cajero redbanc,1358.0,otros,2026-03-21,natural
64,CL,CLP,718969,46,Media,LA PICÁ DEL GRINGO,2204.0,alimentacion,2026-10-26,cartola
64,CL,CLP,718969,46,Media,SENCILLITO CUENTAS,1489.0,servicios,2026-11-06,cartola
64,CL,CLP,718969,46,Media,PINTURAS SHERWIN WILLIAMS,1556.0,vivienda,2026-07-21,cartola
64,CL,CLP,718969,46,Media,COSTANERA NORTE,2600.0,transporte,2026-08-13,cartola
65,CL,CLP,753618,67,Alta,gasto en peaje troncal lampa,6041.0,transporte,2026-07-23,natural
65,CL,CLP,753618,67,Alta,gasto en decathlon,2934.0,otros,2026-07-25,natural
65,CL,CLP,753618,67,Alta,gasto en schopdog,2634.0,alimentacion,2026-10-13,natural
65,CL,CLP,753618,67,Alta,pago a yolito ferretería,4553.0,vivienda,2026-04-15,natural
65,CL,CLP,753618,67,Alta,compra en maderas encofrados,1246.0,vivienda,2026-06-25,natural
65,CL,CLP,753618,67,Alta,ATM MAX 5/11,4146.0,streaming,2026-07-30,cartola
65,CL,CLP,753618,67,Alta,ABASTIBLE,9639.0,servicios,2026-01-31,cartola
65,CL,CLP,753618,67,Alta,compra en colectivo linea 40,4426.0,transporte,2026-08-23,natural
65,CL,CLP,753618,67,Alta,CINMEARK,741.0,ocio,2026-06-02,cartola
65,CL,CLP,753618,67,Alta,gasto en estacionamiento mall center,1678.0,transporte,2026-07-15,natural
65,CL,CLP,753618,67,Alta,MAYORISTA 10,5865.0,alimentacion,2026-09-26,cartola
65,CL,CLP,753618,67,Alta,pago a peaje angostura,11261.0,transporte,2026-06-19,natural
65,CL,CLP,753618,67,Alta,pago a farmacias salcobrand,1635.0,salud,2026-12-23,natural
65,CL,CLP,753618,67,Alta,PEAJE ANGOSTURA,6507.0,transporte,2026-11-19,cartola
65,CL,CLP,753618,67,Alta,ATM PARIS DECO,7050.0,vivienda,2026-12-02,cartola
65,CL,CLP,753618,67,Alta,ATM FALABELLA HOME,973.0,vivienda,2026-08-20,cartola
65,CL,CLP,753618,67,Alta,pago a cory,6610.0,alimentacion,2026-07-03,natural
65,CL,CLP,753618,67,Alta,,1386.0,streaming,2026-12-25,cartola
65,CL,CLP,753618,67,Alta,TAVELLI,3181.0,alimentacion,2026-10-02,cartola
65,CL,CLP,753618,67,Alta,renovación de max,2738.0,streaming,2026-02-01,natural
65,CL,CLP,753618,67,Alta,pago a chilquinta,3847.0,servicios,2026-06-26,natural
65,CL,CLP,753618,67,Alta,gasto en lipigas,4770.0,servicios,2026-03-06,natural
65,CL,CLP,753618,67,Alta,suscripción a apple music,2056.0,streaming,2026-07-17,natural
65,CL,CLP,753618,67,Alta,DOMINÓ,7751.0,alimentacion,2026-01-27,cartola
65,CL,CLP,753618,67,Alta,PAPA JOHNS,5863.0,alimentacion,2026-05-31,cartola
65,CL,CLP,753618,67,Alta,CARGO AUT PACIFIC FITNESS,5442.0,ocio,2026-10-30,cartola
65,CL,CLP,753618,67,Alta,OK MARKET,2167.0,alimentacion,2026-09-25,cartola
65,CL,CLP,753618,67,Alta,compra en buses metropolitana,1096.0,transporte,2026-03-07,natural
65,CL,CLP,753618,67,Alta,gasto en kastor gastos comunes,2397.0,vivienda,2026-05-13,natural
65,CL,CLP,753618,67,Alta,MADERAS ENCOFRADOS,8087.0,vivienda,2026-03-23,cartola
65,CL,CLP,753618,67,Alta,compra en dentalalegre,747.0,salud,2026-11-15,natural
65,CL,CLP,753618,67,Alta,pago a universidad san sebastián uss,14324.0,educacion,2026-11-24,natural
65,CL,CLP,753618,67,Alta,WENDY'S,5830.0,alimentacion,2026-04-08,cartola
65,CL,CLP,753618,67,Alta,CARGO AUT JUAN VALDEZ,4375.0,alimentacion,2026-03-14,cartola
65,CL,CLP,753618,67,Alta,ALVI,3998.0,alimentacion,2026-11-23,cartola
65,CL,CLP,753618,67,Alta,FERRETERÍA PRAT,3127.0,vivienda,2026-01-30,cartola
65,CL,CLP,753618,67,Alta,GTD MANQUEHUE,4510.0,servicios,2026-05-05,cartola
65,CL,CLP,753618,67,Alta,compra en emporio la rosa,1938.0,alimentacion,2026-07-29,natural
65,CL,CLP,753618,67,Alta,ADMINISTRACIÓN JARDINES DE MAIPÚ,6599.0,vivienda,2026-09-29,cartola
65,CL,CLP,753618,67,Alta,pago mensual de max,4214.0,streaming,2026-08-01,natural
65,CL,CLP,753618,67,Alta,PEDIDOSYA,5216.0,alimentacion,2026-05-13,cartola
65,CL,CLP,753618,67,Alta,transferencia a aguas del altiplano,5561.0,servicios,2026-06-06,natural
65,CL,CLP,753618,67,Alta,ATM NETFLIX 2370,1058.0,streaming,2026-12-23,cartola
65,CL,CLP,753618,67,Alta,pago a gasco,881.0,servicios,2026-01-22,natural
65,CL,CLP,753618,67,Alta,compra en sibaritas 87,5709.0,alimentacion,2026-03-24,natural
65,CL,CLP,753618,67,Alta,gasto en bravissimo,1062.0,alimentacion,2026-08-22,natural
65,CL,CLP,753618,67,Alta,JUAN VALDEZ,3084.0,alimentacion,2026-03-01,cartola
65,CL,CLP,753618,67,Alta,SPACIO1 PETROBRAS,2074.0,alimentacion,2026-07-07,cartola
65,CL,CLP,753618,67,Alta,WEBPAY ISAPRE BANMÉDICA,1069.0,salud,2026-09-16,cartola
65,CL,CLP,753618,67,Alta,compra en isapre consalud,661.0,salud,2026-10-28,natural
65,CL,CLP,753618,67,Alta,compra en copropietarios edificio el golf,6206.0,vivienda,2026-11-02,natural
65,CL,CLP,753618,67,Alta,compra en eco farmacias,3309.0,salud,2026-01-02,natural
65,CL,CLP,753618,67,Alta,,2624.0,vivienda,2026-09-28,cartola
65,CL,CLP,753618,67,Alta,SUC. PARIS DECO,10215.0,vivienda,2026-05-23,cartola
65,CL,CLP,753618,67,Alta,pago a redfarma,672.0,salud,2026-07-07,natural
65,CL,CLP,753618,67,Alta,CONSTRUMART,1055.0,vivienda,2026-12-18,cartola
65,CL,CLP,753618,67,Alta,CARGO AUT SIBARITAS 87,4999.0,alimentacion,2026-12-07,cartola
65,CL,CLP,753618,67,Alta,ALMACÉN DOÑA JUANA,5278.0,alimentacion,2026-08-12,cartola
65,CL,CLP,753618,67,Alta,KIEA CHILE,1835.0,vivienda,2026-06-29,cartola
65,CL,CLP,753618,67,Alta,KFC,10663.0,alimentacion,2026-01-23,cartola
65,CL,CLP,753618,67,Alta,gasto en kastor gastos comunes,9847.0,vivienda,2026-12-21,natural
65,CL,CLP,753618,67,Alta,NF* MADERAS ENCOFRADOS,536.0,vivienda,2026-04-17,cartola
65,CL,CLP,753618,67,Alta,PULLMAN BUS,669.0,transporte,2026-10-24,cartola
65,CL,CLP,753618,67,Alta,transferencia a dr ahorro,6068.0,salud,2026-08-17,natural
65,CL,CLP,753618,67,Alta,LIBRERÍA QUÉ LEO,1444.0,educacion,2026-11-09,cartola
65,CL,CLP,753618,67,Alta,UBER CHILE,596.0,transporte,2026-10-08,cartola
65,CL,CLP,753618,67,Alta,PULLMAN BUS,5435.0,transporte,2026-04-20,cartola
65,CL,CLP,753618,67,Alta,compra en maderas encofrados,2144.0,vivienda,2026-02-06,natural
65,CL,CLP,753618,67,Alta,ENTEL FIBRA,2398.0,servicios,2026-02-09,cartola
65,CL,CLP,753618,67,Alta,ENEL DISTRIBUCIÓN,729.0,servicios,2026-03-26,cartola
65,CL,CLP,753618,67,Alta,LABORATORIO BIONET,3824.0,salud,2026-10-29,cartola
65,CL,CLP,753618,67,Alta,UBER CHLIE,2833.0,transporte,2026-07-07,cartola
65,CL,CLP,753618,67,Alta,TER* EMPORIO LA ROSA,819.0,alimentacion,2026-08-28,cartola
65,CL,CLP,753618,67,Alta,transferencia a alvi,1471.0,alimentacion,2026-12-24,natural
65,CL,CLP,753618,67,Alta,pago a superbodega acuenta,3213.0,alimentacion,2026-12-20,natural
65,CL,CLP,753618,67,Alta,pago a ruta del maipo,9153.0,transporte,2026-01-19,natural
65,CL,CLP,753618,67,Alta,COPROPIETARIOS EDIFICIO EL GOLF,8948.0,vivienda,2026-12-13,cartola
65,CL,CLP,753618,67,Alta,compra en cge distribución,1201.0,servicios,2026-11-21,natural
65,CL,CLP,753618,67,Alta,pago a dentalalegre,4704.0,salud,2026-09-18,natural
65,CL,CLP,753618,67,Alta,pago a ikea chile,5283.0,vivienda,2026-06-07,natural
65,CL,CLP,753618,67,Alta,PARIS DECO,5851.0,vivienda,2026-10-31,cartola
65,CL,CLP,753618,67,Alta,pago a librería el sembrador,2991.0,educacion,2026-04-22,natural
65,CL,CLP,753618,67,Alta,,1155.0,transporte,2026-09-13,cartola
65,CL,CLP,753618,67,Alta,CLUB DE BAILE,5071.0,ocio,2026-01-18,cartola
65,CL,CLP,753618,67,Alta,COPROPIETARIOS EDIFICIO EL GOLF,683.0,vivienda,2026-10-14,cartola
65,CL,CLP,753618,67,Alta,SUB*MAX 5367,630.0,streaming,2026-10-08,cartola
65,CL,CLP,753618,67,Alta,pago a imperial,3290.0,vivienda,2026-09-02,natural
65,CL,CLP,753618,67,Alta,pago mensual de youtube premium,14518.0,streaming,2026-01-08,natural
65,CL,CLP,753618,67,Alta,transferencia a feria chilena del libro,982.0,educacion,2026-07-12,natural
65,CL,CLP,753618,67,Alta,pago a redsalud,3670.0,salud,2026-11-14,natural
65,CL,CLP,753618,67,Alta,pago a peaje angostura,1280.0,transporte,2026-01-07,natural
65,CL,CLP,753618,67,Alta,transferencia a gtd manquehue,8097.0,servicios,2026-05-16,natural
65,CL,CLP,753618,67,Alta,OXXO,3183.0,alimentacion,2026-01-19,cartola
65,CL,CLP,753618,67,Alta,PAGO TC DISNEY PLUS 4215,822.0,streaming,2026-05-19,cartola
65,CL,CLP,753618,67,Alta,SPOTIFY,1075.0,ocio,2026-06-26,cartola
65,CL,CLP,753618,67,Alta,transferencia a ópticas schilling,2003.0,salud,2026-01-11,natural
65,CL,CLP,753618,67,Alta,SUB*DIDI TAXI,1052.0,transporte,2026-04-24,cartola
65,CL,CLP,753618,67,Alta,gasto en laboratorio bionet,1191.0,salud,2026-07-13,natural
65,CL,CLP,753618,67,Alta,compra en pago de luz municipalidad,4030.0,servicios,2026-07-15,natural
65,CL,CLP,753618,67,Alta,MADERAS ENCOFRADOS,1849.0,vivienda,2026-12-14,cartola
65,CL,CLP,753618,67,Alta,KASTOR GASTOS COMUNES,4581.0,vivienda,2026-08-13,cartola
65,CL,CLP,753618,67,Alta,gasto en almacén de barrio,822.0,alimentacion,2026-09-18,natural
65,CL,CLP,753618,67,Alta,DIMEIGGS,3328.0,educacion,2026-04-26,cartola
65,CL,CLP,753618,67,Alta,TER* FARMACIAS DEL DR SIMI,2071.0,salud,2026-05-30,cartola
65,CL,CLP,753618,67,Alta,gasto en condovive copropiedad,1129.0,vivienda,2026-06-14,natural
65,CL,CLP,753618,67,Alta,transferencia a autopista central,2783.0,transporte,2026-09-09,natural
65,CL,CLP,753618,67,Alta,ECO FARMACIAS,543.0,salud,2026-06-30,cartola
65,CL,CLP,753618,67,Alta,gasto en inacap,6219.0,educacion,2026-03-18,natural
65,CL,CLP,753618,67,Alta,,3534.0,vivienda,2026-04-26,cartola
65,CL,CLP,753618,67,Alta,gasto en condovive copropiedad,2879.0,vivienda,2026-03-08,natural
65,CL,CLP,753618,67,Alta,AGUAS ANDINAS,507.0,servicios,2026-01-13,cartola
65,CL,CLP,753618,67,Alta,pago a construmart,1198.0,vivienda,2026-04-02,natural
65,CL,CLP,753618,67,Alta,pago a h&m chile,2401.0,otros,2026-09-03,natural
65,CL,CLP,753618,67,Alta,suscripción a netflix,3547.0,streaming,2026-09-24,natural
65,CL,CLP,753618,67,Alta,CLÍNICA DENTAL CUMBRE,716.0,salud,2026-05-19,cartola
65,CL,CLP,753618,67,Alta,transferencia a edipro edificio,743.0,vivienda,2026-12-07,natural
65,CL,CLP,753618,67,Alta,compra en didi taxi,1495.0,transporte,2026-09-30,natural
65,CL,CLP,753618,67,Alta,ANTÁRTICA LIBROS,2332.0,educacion,2026-10-31,cartola
65,CL,CLP,753618,67,Alta,transferencia a farmacias knop,721.0,salud,2026-07-10,natural
65,CL,CLP,753618,67,Alta,COPROPIETARIOS EDIFICIO EL GOLF,2396.0,vivienda,2026-04-07,cartola
65,CL,CLP,753618,67,Alta,pago a librería nacional,1461.0,educacion,2026-11-27,natural
66,CL,CLP,1598591,56,Baja,EASY,10272.0,vivienda,2026-11-15,cartola
66,CL,CLP,1598591,56,Baja,SUB*FARMACIAS CRUZ VERDE,3018.0,salud,2026-01-15,cartola
66,CL,CLP,1598591,56,Baja,CARGO AUT PEAJE MELIPILLA,12000.0,transporte,2026-09-05,cartola
66,CL,CLP,1598591,56,Baja,compra en papa johns,4723.0,alimentacion,2026-06-21,natural
66,CL,CLP,1598591,56,Baja,WEBPAY CORY,29191.0,alimentacion,2026-08-06,cartola
66,CL,CLP,1598591,56,Baja,transferencia a abastible,12283.0,servicios,2026-05-17,natural
66,CL,CLP,1598591,56,Baja,pago a maconline,3776.0,otros,2026-11-17,natural
66,CL,CLP,1598591,56,Baja,BOTILLERÍA EL FARO,7418.0,alimentacion,2026-08-15,cartola
66,CL,CLP,1598591,56,Baja,gasto en estacionamiento mall center,21712.0,transporte,2026-02-13,natural
66,CL,CLP,1598591,56,Baja,MAYORISTA 10,4733.0,alimentacion,2026-01-20,cartola
66,CL,CLP,1598591,56,Baja,transferencia a aiep,8633.0,educacion,2026-04-29,natural
66,CL,CLP,1598591,56,Baja,PAGO TC PETROBRAS,13186.0,transporte,2026-08-22,cartola
66,CL,CLP,1598591,56,Baja,,16269.0,transporte,2026-12-02,cartola
66,CL,CLP,1598591,56,Baja,pago a paris deco,2213.0,vivienda,2026-12-22,natural
66,CL,CLP,1598591,56,Baja,compra en vtr internet,9645.0,servicios,2026-09-19,natural
66,CL,CLP,1598591,56,Baja,DR AHORRO,28177.0,salud,2026-03-24,cartola
66,CL,CLP,1598591,56,Baja,gasto en autopista del sol,39998.0,transporte,2026-01-31,natural
66,CL,CLP,1598591,56,Baja,AUTOPISTA CENTRAL,12365.0,transporte,2026-11-18,cartola
66,CL,CLP,1598591,56,Baja,pago a saesa,47653.0,servicios,2026-10-01,natural
66,CL,CLP,1598591,56,Baja,SIBARITAS 87,9795.0,alimentacion,2026-08-22,cartola
66,CL,CLP,1598591,56,Baja,pago a lipigas,6770.0,servicios,2026-01-28,natural
66,CL,CLP,1598591,56,Baja,CLÍNICA INDISA,9290.0,salud,2026-09-09,cartola
66,CL,CLP,1598591,56,Baja,CLÍNICA ALEMANA,1424.0,salud,2026-11-20,cartola
66,CL,CLP,1598591,56,Baja,PAPA JOHNS,5950.0,alimentacion,2026-09-10,cartola
66,CL,CLP,1598591,56,Baja,gasto en copropietarios edificio el golf,7103.0,vivienda,2026-08-27,natural
66,CL,CLP,1598591,56,Baja,COMPRA WEB FARMACIAS CRUZ VERDE,21868.0,salud,2026-11-10,cartola
66,CL,CLP,1598591,56,Baja,transferencia a editorial santillana,16465.0,educacion,2026-06-24,natural
66,CL,CLP,1598591,56,Baja,pago a pizza hut,10654.0,alimentacion,2026-07-13,natural
66,CL,CLP,1598591,56,Baja,,4941.0,ocio,2026-06-29,natural
66,CL,CLP,1598591,56,Baja,pago a breal propiedades,2398.0,vivienda,2026-10-22,natural
66,CL,CLP,1598591,56,Baja,BUFFALO WAFFLES,4950.0,alimentacion,2026-08-03,cartola
66,CL,CLP,1598591,56,Baja,gasto en clínica dávila,13190.0,salud,2026-07-22,natural
66,CL,CLP,1598591,56,Baja,pago a pinturas sherwin williams,3535.0,vivienda,2026-09-07,natural
66,CL,CLP,1598591,56,Baja,RUTA DEL ITATA,6448.0,transporte,2026-12-28,cartola
66,CL,CLP,1598591,56,Baja,AIEP,5664.0,educacion,2026-09-14,cartola
66,CL,CLP,1598591,56,Baja,TOMMY BEANS,16803.0,alimentacion,2026-03-16,cartola
66,CL,CLP,1598591,56,Baja,suscripción a youtube premium,24929.0,streaming,2026-12-10,natural
66,CL,CLP,1598591,56,Baja,GIMNASIO SPORTLIFE,13921.0,ocio,2026-07-21,cartola
66,CL,CLP,1598591,56,Baja,WEBPAY HBO MAX 5128,4841.0,streaming,2026-05-22,cartola
66,CL,CLP,1598591,56,Baja,renovación de disney plus,6575.0,streaming,2026-07-25,natural
66,CL,CLP,1598591,56,Baja,TARRAGONA,1792.0,alimentacion,2026-07-18,cartola
66,CL,CLP,1598591,56,Baja,RUTA 68,2132.0,transporte,2026-06-20,cartola
66,CL,CLP,1598591,56,Baja,DUNKIN DONUTS,2079.0,alimentacion,2026-11-12,cartola
66,CL,CLP,1598591,56,Baja,SIBARITAS 87,1621.0,alimentacion,2026-08-16,cartola
66,CL,CLP,1598591,56,Baja,transferencia a instituto profesional santo tomás,2293.0,educacion,2026-06-28,natural
66,CL,CLP,1598591,56,Baja,transferencia a juan valdez,2624.0,alimentacion,2026-10-02,natural
66,CL,CLP,1598591,56,Baja,compra en cineplanet,1374.0,ocio,2026-03-03,natural
66,CL,CLP,1598591,56,Baja,gasto en wom fibra,11842.0,servicios,2026-11-23,natural
66,CL,CLP,1598591,56,Baja,ISAPRE CONSALUD,53814.0,salud,2026-07-23,cartola
66,CL,CLP,1598591,56,Baja,CARGO AUT COPROPIETARIOS EDIFICIO EL GOLF,24480.0,vivienda,2026-05-13,cartola
66,CL,CLP,1598591,56,Baja,PAC YOUTUBE PREMIUM 9902,541.0,streaming,2026-03-13,cartola
66,CL,CLP,1598591,56,Baja,NETFLIX CHILE,6371.0,ocio,2026-03-19,cartola
66,CL,CLP,1598591,56,Baja,SUB*DR AHORRO,22716.0,salud,2026-07-08,cartola
66,CL,CLP,1598591,56,Baja,apgo a didi taxi,1675.0,transporte,2026-12-22,natural
66,CL,CLP,1598591,56,Baja,CONSTRUMART,21793.0,vivienda,2026-03-12,cartola
66,CL,CLP,1598591,56,Baja,ATM ESTACIONAMIENTO SABA,10403.0,transporte,2026-09-20,cartola
66,CL,CLP,1598591,56,Baja,FERRETERÍA EL CANDADO,31018.0,vivienda,2026-11-02,cartola
66,CL,CLP,1598591,56,Baja,pago a essbio,24182.0,servicios,2026-02-15,natural
66,CL,CLP,1598591,56,Baja,ATM DISNEY PLUS,13091.0,ocio,2026-08-12,cartola
66,CL,CLP,1598591,56,Baja,transferencia a mayorista 10,12421.0,alimentacion,2026-11-24,natural
66,CL,CLP,1598591,56,Baja,pago a turbus,2777.0,transporte,2026-09-07,natural
66,CL,CLP,1598591,56,Baja,SUC. ENTEL FIBRA,1438.0,servicios,2026-03-17,cartola
66,CL,CLP,1598591,56,Baja,transferencia a dr ahorro,6218.0,salud,2026-03-15,natural
66,CL,CLP,1598591,56,Baja,SPACIO1 PETROBRAS,2392.0,alimentacion,2026-05-22,cartola
66,CL,CLP,1598591,56,Baja,compra en uber chile,1251.0,transporte,2026-03-14,natural
66,CL,CLP,1598591,56,Baja,STEAM GAMES,4170.0,ocio,2026-04-12,cartola
66,CL,CLP,1598591,56,Baja,transferencia a maderas encofrados,22813.0,vivienda,2026-04-04,natural
66,CL,CLP,1598591,56,Baja,PINTURAS SHERWIN WILLIAMS,1080.0,vivienda,2026-03-06,cartola
66,CL,CLP,1598591,56,Baja,COMPRA WEB AMAZON PRIME 6420,4010.0,streaming,2026-07-12,cartola
66,CL,CLP,1598591,56,Baja,TOMMY BEANS,6391.0,alimentacion,2026-03-03,cartola
66,CL,CLP,1598591,56,Baja,gasto en uber chile,8276.0,transporte,2026-01-20,natural
66,CL,CLP,1598591,56,Baja,suscripción a spotify,2321.0,streaming,2026-08-29,natural
66,CL,CLP,1598591,56,Baja,gasto en aiep,38574.0,educacion,2026-07-22,natural
66,CL,CLP,1598591,56,Baja,pago a vtr internet,10017.0,servicios,2026-10-27,natural
66,CL,CLP,1598591,56,Baja,compra en ruta del maipo,8552.0,transporte,2026-07-14,natural
66,CL,CLP,1598591,56,Baja,gasto en steam games,953.0,ocio,2026-03-03,natural
66,CL,CLP,1598591,56,Baja,YOLITO FERRETERÍA,7702.0,vivienda,2026-04-17,cartola
66,CL,CLP,1598591,56,Baja,CARLS JR,21058.0,alimentacion,2026-05-05,cartola
66,CL,CLP,1598591,56,Baja,ISAPRE CONSALUD,2873.0,salud,2026-10-28,cartola
66,CL,CLP,1598591,56,Baja,UNIVERSIDAD DIEGO PORTALES UDP,5011.0,educacion,2026-09-24,cartola
66,CL,CLP,1598591,56,Baja,TER* COPROPIETARIOS EDIFICIO EL GOLF,955.0,vivienda,2026-07-21,cartola
66,CL,CLP,1598591,56,Baja,EASY,43656.0,vivienda,2026-06-11,cartola
66,CL,CLP,1598591,56,Baja,transferencia a pinturas sherwin williams,799.0,vivienda,2026-12-10,natural
66,CL,CLP,1598591,56,Baja,KFC,26465.0,alimentacion,2026-10-29,cartola
66,CL,CLP,1598591,56,Baja,NF* CONSTRUMART,4348.0,vivienda,2026-04-22,cartola
66,CL,CLP,1598591,56,Baja,pago mensual de youtube premium,10258.0,streaming,2026-12-03,natural
66,CL,CLP,1598591,56,Baja,CARGO AUT PARAMOUNT+ 9695,13173.0,streaming,2026-02-01,cartola
66,CL,CLP,1598591,56,Baja,gasto en pinturas sherwin williams,1758.0,vivienda,2026-04-08,natural
66,CL,CLP,1598591,56,Baja,REDSALUD,6794.0,salud,2026-09-04,cartola
66,CL,CLP,1598591,56,Baja,gasto en falabella home,4560.0,vivienda,2026-09-18,natural
66,CL,CLP,1598591,56,Baja,gasto en gtd manquehue,675.0,servicios,2026-07-10,natural
66,CL,CLP,1598591,56,Baja,pago a fonasa,20743.0,salud,2026-01-29,natural
66,CL,CLP,1598591,56,Baja,COMPRA WEB EASY,535.0,vivienda,2026-02-17,cartola
66,CL,CLP,1598591,56,Baja,transferencia a enel distribución,12268.0,servicios,2026-09-07,natural
66,CL,CLP,1598591,56,Baja,ÓPTICAS SCHILLING,4366.0,salud,2026-08-14,cartola
66,CL,CLP,1598591,56,Baja,CASAIDEAS,2471.0,vivienda,2026-09-29,cartola
66,CL,CLP,1598591,56,Baja,TER* AMAZON PRIME 1712,12739.0,streaming,2026-06-02,cartola
66,CL,CLP,1598591,56,Baja,transferencia a universidad del desarrollo udd,9898.0,educacion,2026-11-24,natural
66,CL,CLP,1598591,56,Baja,pago mensual de netflix,4386.0,streaming,2026-10-12,natural
66,CL,CLP,1598591,56,Baja,TICKETMASTER CHILE,8333.0,ocio,2026-06-29,cartola
66,CL,CLP,1598591,56,Baja,compra en condovive copropiedad,3274.0,vivienda,2026-10-29,natural
66,CL,CLP,1598591,56,Baja,ALQUILER PROPIEDADES CHILE,23082.0,vivienda,2026-06-02,cartola
66,CL,CLP,1598591,56,Baja,UBER CHILE,4362.0,transporte,2026-08-22,cartola
66,CL,CLP,1598591,56,Baja,suscripción a disney plus,3257.0,streaming,2026-01-23,natural
66,CL,CLP,1598591,56,Baja,AUTOPISTA CENTRAL,16142.0,transporte,2026-04-04,cartola
66,CL,CLP,1598591,56,Baja,METRO DE SANTIAGO,869.0,transporte,2026-09-02,cartola
66,CL,CLP,1598591,56,Baja,transferencia a mundo pacífico,3614.0,servicios,2026-10-17,natural
66,CL,CLP,1598591,56,Baja,COMPRA WEB AGUAS DEL ALTIPLANO,5451.0,servicios,2026-06-09,cartola
66,CL,CLP,1598591,56,Baja,compra en farmacias salcobrand,24776.0,salud,2026-10-12,natural
66,CL,CLP,1598591,56,Baja,COMPRA WEB YOUTUBE PREMIUM 7822,34801.0,streaming,2026-01-09,cartola
66,CL,CLP,1598591,56,Baja,gasto en farmacias salcobrand,14599.0,salud,2026-07-04,natural
66,CL,CLP,1598591,56,Baja,ADMINISTRACIÓN JARDINES DE MAIPÚ,7857.0,vivienda,2026-10-22,cartola
66,CL,CLP,1598591,56,Baja,INTEGRAMÉDICA,11853.0,salud,2026-05-15,cartola
66,CL,CLP,1598591,56,Baja,MELT PIZZAS,6190.0,alimentacion,2026-04-20,cartola
66,CL,CLP,1598591,56,Baja,RUTA DEL MAIPO,4112.0,transporte,2026-03-10,cartola
66,CL,CLP,1598591,56,Baja,CARGO AUT DIDI TAXI,34859.0,transporte,2026-05-16,cartola
66,CL,CLP,1598591,56,Baja,CARGO AUT ANTÁRTICA LIBROS,1420.0,educacion,2026-04-06,cartola
66,CL,CLP,1598591,56,Baja,gasto en farmacias knop,4925.0,salud,2026-04-29,natural
66,CL,CLP,1598591,56,Baja,cargo de crunchyroll,26565.0,streaming,2026-10-01,natural
66,CL,CLP,1598591,56,Baja,transferencia a kastor gastos comunes,14875.0,vivienda,2026-12-24,natural
66,CL,CLP,1598591,56,Baja,PASTELERÍA MARMENTINI,676.0,alimentacion,2026-12-27,cartola
66,CL,CLP,1598591,56,Baja,COPROPIETARIOS EDIFICIO EL GOLF,1248.0,vivienda,2026-09-29,cartola
67,CL,CLP,1733916,8,Alta,FALABELLA,26560.0,otros,2026-01-28,cartola
67,CL,CLP,1733916,8,Alta,ALVI,2915.0,alimentacion,2026-10-23,cartola
67,CL,CLP,1733916,8,Alta,PAPA JOHNS,19792.0,alimentacion,2026-07-30,cartola
67,CL,CLP,1733916,8,Alta,CORY,25925.0,alimentacion,2026-10-12,cartola
67,CL,CLP,1733916,8,Alta,transferencia a librería nacional,23788.0,educacion,2026-01-20,natural
67,CL,CLP,1733916,8,Alta,gasto en maconline,31114.0,otros,2026-01-20,natural
67,CL,CLP,1733916,8,Alta,COPEC,18903.0,transporte,2026-11-26,cartola
67,CL,CLP,1733916,8,Alta,BOTILLERÍA EL FARO,9218.0,alimentacion,2026-04-30,cartola
67,CL,CLP,1733916,8,Alta,FERIA CHILENA DEL LIBRO,5401.0,educacion,2026-04-07,cartola
67,CL,CLP,1733916,8,Alta,,6930.0,streaming,2026-04-30,cartola
67,CL,CLP,1733916,8,Alta,PERTOBRAS,21102.0,transporte,2026-01-25,cartola
67,CL,CLP,1733916,8,Alta,COPROPIETARIOS EDIFICIO EL GOLF,3673.0,vivienda,2026-06-02,cartola
67,CL,CLP,1733916,8,Alta,gasto en paris deco,1777.0,vivienda,2026-09-02,natural
67,CL,CLP,1733916,8,Alta,BANCO DE CHILE COMISIONES,1554.0,otros,2026-09-17,cartola
67,CL,CLP,1733916,8,Alta,transferencia a amazon prime video,17967.0,ocio,2026-01-04,natural
67,CL,CLP,1733916,8,Alta,,14679.0,vivienda,2026-05-23,natural
67,CL,CLP,1733916,8,Alta,compra en autopista central,7050.0,transporte,2026-10-09,natural
67,CL,CLP,1733916,8,Alta,gasto en eco farmacias,3291.0,salud,2026-12-01,natural
67,CL,CLP,1733916,8,Alta,compra en mercado libre,11593.0,otros,2026-12-12,natural
67,CL,CLP,1733916,8,Alta,compra en tarragona,719.0,alimentacion,2026-11-23,natural
67,CL,CLP,1733916,8,Alta,compra en doggis,8601.0,alimentacion,2026-06-09,natural
67,CL,CLP,1733916,8,Alta,SUC. HBO MAX 7306,5204.0,streaming,2026-03-17,cartola
67,CL,CLP,1733916,8,Alta,gasto en clínica universidad de los andes,39021.0,salud,2026-04-09,natural
67,CL,CLP,1733916,8,Alta,pago a copropietarios edificio el golf,7254.0,vivienda,2026-06-29,natural
67,CL,CLP,1733916,8,Alta,gasto en esval,8229.0,servicios,2026-05-07,natural
67,CL,CLP,1733916,8,Alta,transferencia a pedro juan y diego,12761.0,alimentacion,2026-02-01,natural
67,CL,CLP,1733916,8,Alta,gasto en dmoov chile,6787.0,ocio,2026-09-22,natural
67,CL,CLP,1733916,8,Alta,PEDIDOSYA,2605.0,alimentacion,2026-11-30,cartola
67,CL,CLP,1733916,8,Alta,compra en discoteca amanda,7892.0,ocio,2026-01-13,natural
67,CL,CLP,1733916,8,Alta,BUFFALO WAFFLES,29568.0,alimentacion,2026-12-18,cartola
67,CL,CLP,1733916,8,Alta,transferencia a clínica dávila,5402.0,salud,2026-12-05,natural
67,CL,CLP,1733916,8,Alta,compra en juan valdez,11657.0,alimentacion,2026-07-21,natural
67,CL,CLP,1733916,8,Alta,compra en servipag cuentas,39103.0,servicios,2026-01-18,natural
67,CL,CLP,1733916,8,Alta,transferencia a ferretería prat,18142.0,vivienda,2026-04-03,natural
67,CL,CLP,1733916,8,Alta,transferencia a tommy beans,11019.0,alimentacion,2026-10-07,natural
67,CL,CLP,1733916,8,Alta,gasto en peaje troncal lampa,13639.0,transporte,2026-12-24,natural
67,CL,CLP,1733916,8,Alta,pago a universidad adolfo ibáñez uai,28229.0,educacion,2026-11-12,natural
67,CL,CLP,1733916,8,Alta,pago a alquiler propiedades chile,32901.0,vivienda,2026-03-01,natural
67,CL,CLP,1733916,8,Alta,ATM ABASTIBLE,35564.0,servicios,2026-08-02,cartola
67,CL,CLP,1733916,8,Alta,TER* COMUNIDADFELIZ GASTOS COMUNES,10062.0,vivienda,2026-04-10,cartola
67,CL,CLP,1733916,8,Alta,ISAPRE CRUZ BLANCA,4974.0,salud,2026-01-01,cartola
67,CL,CLP,1733916,8,Alta,pago a kastor gastos comunes,1463.0,vivienda,2026-02-12,natural
67,CL,CLP,1733916,8,Alta,ABASTIBLE,4988.0,servicios,2026-11-07,cartola
67,CL,CLP,1733916,8,Alta,compra en teatro caupolicán,29329.0,ocio,2026-06-17,natural
67,CL,CLP,1733916,8,Alta,gasto en h&m chile,22586.0,otros,2026-07-11,natural
67,CL,CLP,1733916,8,Alta,gasto en petrobras,7595.0,transporte,2026-02-03,natural
67,CL,CLP,1733916,8,Alta,PEAJE MELIPILLA,7886.0,transporte,2026-02-03,cartola
67,CL,CLP,1733916,8,Alta,pago a isapre consalud,3784.0,salud,2026-06-25,natural
67,CL,CLP,1733916,8,Alta,,6207.0,vivienda,2026-07-15,cartola
67,CL,CLP,1733916,8,Alta,suscripción a netflix,12835.0,streaming,2026-06-07,natural
67,CL,CLP,1733916,8,Alta,transferencia a breal propiedades,5273.0,vivienda,2026-09-02,natural
67,CL,CLP,1733916,8,Alta,DUNKIN DONUTS,2133.0,alimentacion,2026-12-06,cartola
67,CL,CLP,1733916,8,Alta,PAC CRUNCHYROLL 1250,7972.0,streaming,2026-12-12,cartola
67,CL,CLP,1733916,8,Alta,WEBPAY CONSTURMART,2615.0,vivienda,2026-12-01,cartola
67,CL,CLP,1733916,8,Alta,pago a sibaritas 87,37490.0,alimentacion,2026-03-12,natural
67,CL,CLP,1733916,8,Alta,WEBPAY DISNEY PLUS,5068.0,ocio,2026-11-23,cartola
67,CL,CLP,1733916,8,Alta,AMAZON PRIME VIDEO,24622.0,ocio,2026-04-24,cartola
67,CL,CLP,1733916,8,Alta,DUOC UC,2618.0,educacion,2026-10-12,cartola
67,CL,CLP,1733916,8,Alta,MAYORISTA 10,2148.0,alimentacion,2026-05-23,cartola
67,CL,CLP,1733916,8,Alta,DR AHORRO,9826.0,salud,2026-04-07,cartola
67,CL,CLP,1733916,8,Alta,ENTEL FIBRA,15477.0,servicios,2026-11-05,cartola
67,CL,CLP,1733916,8,Alta,TURBUS,8566.0,transporte,2026-11-16,cartola
67,CL,CLP,1733916,8,Alta,SUC. CONDOVIVE COPROPIEDAD,2674.0,vivienda,2026-07-31,cartola
67,CL,CLP,1733916,8,Alta,gasto en uber chile,816.0,transporte,2026-07-04,natural
67,CL,CLP,1733916,8,Alta,pago a pullman bus,9863.0,transporte,2026-07-24,natural
67,CL,CLP,1733916,8,Alta,MADERAS ENCOFRADOS,1438.0,vivienda,2026-12-30,cartola
67,CL,CLP,1733916,8,Alta,DIDI TAXI,4305.0,transporte,2026-08-04,cartola
67,CL,CLP,1733916,8,Alta,gasto en emporio la rosa,11535.0,alimentacion,2026-09-03,natural
67,CL,CLP,1733916,8,Alta,transferencia a laboratorio bionet,1057.0,salud,2026-08-27,natural
67,CL,CLP,1733916,8,Alta,gasto en uber chile,1394.0,transporte,2026-10-20,natural
67,CL,CLP,1733916,8,Alta,compra en construmart,652.0,vivienda,2026-01-08,natural
67,CL,CLP,1733916,8,Alta,pago a efe trenes,56749.0,transporte,2026-03-19,natural
67,CL,CLP,1733916,8,Alta,VTR INTERNET,5013.0,servicios,2026-11-20,cartola
67,CL,CLP,1733916,8,Alta,RUTA DEL MAIPO,24192.0,transporte,2026-10-04,cartola
67,CL,CLP,1733916,8,Alta,NF* DUNKIN DONUTS,3559.0,alimentacion,2026-07-21,cartola
67,CL,CLP,1733916,8,Alta,ATM YOUTUBE PREMIUM 1212,14329.0,streaming,2026-08-02,cartola
67,CL,CLP,1733916,8,Alta,compra en carls jr,2532.0,alimentacion,2026-04-04,natural
67,CL,CLP,1733916,8,Alta,MUNDO PACÍFICO,7064.0,servicios,2026-03-16,cartola
67,CL,CLP,1733916,8,Alta,VESPUCIO SUR,17827.0,transporte,2026-06-06,cartola
67,CL,CLP,1733916,8,Alta,EFE TRENES,17355.0,transporte,2026-06-02,cartola
67,CL,CLP,1733916,8,Alta,compra en easy,16193.0,vivienda,2026-05-22,natural
67,CL,CLP,1733916,8,Alta,AUTOPISTA DEL SOL,17776.0,transporte,2026-03-19,cartola
67,CL,CLP,1733916,8,Alta,COPROPIETARIOS EDIFICIO EL GOLF,2433.0,vivienda,2026-11-18,cartola
67,CL,CLP,1733916,8,Alta,METRO DE SANTIAGO,6741.0,transporte,2026-07-01,cartola
67,CL,CLP,1733916,8,Alta,IMPERIAL,6793.0,vivienda,2026-07-14,cartola
67,CL,CLP,1733916,8,Alta,COLEGIO SAINT GEORGE,22651.0,educacion,2026-06-07,cartola
67,CL,CLP,1733916,8,Alta,gasto en emporio la rosa,3607.0,alimentacion,2026-05-26,natural
67,CL,CLP,1733916,8,Alta,SANTA ISABEL,27454.0,alimentacion,2026-02-23,cartola
67,CL,CLP,1733916,8,Alta,GTD MANQUEHUE,6137.0,servicios,2026-12-22,cartola
67,CL,CLP,1733916,8,Alta,GTD MANQUEHUE,11347.0,servicios,2026-10-04,cartola
67,CL,CLP,1733916,8,Alta,transferencia a oxxo,3207.0,alimentacion,2026-11-05,natural
67,CL,CLP,1733916,8,Alta,AMAZON CHILE,5409.0,otros,2026-03-24,cartola
67,CL,CLP,1733916,8,Alta,FARMACIAS KNOP,12670.0,salud,2026-06-05,cartola
67,CL,CLP,1733916,8,Alta,compra en estacionamiento saba,7363.0,transporte,2026-01-04,natural
67,CL,CLP,1733916,8,Alta,pago mensual de netflix,27337.0,streaming,2026-11-07,natural
67,CL,CLP,1733916,8,Alta,ENTEL FIBRA,13683.0,servicios,2026-09-28,cartola
67,CL,CLP,1733916,8,Alta,pago ae stacionamiento mall center,8511.0,transporte,2026-03-05,natural
67,CL,CLP,1733916,8,Alta,ATM MADERAS ENCOFRADOS,22299.0,vivienda,2026-04-22,cartola
67,CL,CLP,1733916,8,Alta,transferencia a dimeiggs,11217.0,educacion,2026-08-27,natural
67,CL,CLP,1733916,8,Alta,pago a almacén de barrio,10673.0,alimentacion,2026-05-24,natural
67,CL,CLP,1733916,8,Alta,VTR INTERNET,2897.0,servicios,2026-01-20,cartola
67,CL,CLP,1733916,8,Alta,EMPORIO LA ROSA,5144.0,alimentacion,2026-03-05,cartola
67,CL,CLP,1733916,8,Alta,transferencia a jumbo,11775.0,alimentacion,2026-10-16,natural
67,CL,CLP,1733916,8,Alta,CLÍNICA DÁVILA,22773.0,salud,2026-03-22,cartola
67,CL,CLP,1733916,8,Alta,pago a paris deco,3883.0,vivienda,2026-07-16,natural
67,CL,CLP,1733916,8,Alta,WEBPAY MUNDO PACÍFICO,2485.0,servicios,2026-03-10,cartola
67,CL,CLP,1733916,8,Alta,ECO FARMACIAS,9224.0,salud,2026-07-05,cartola
67,CL,CLP,1733916,8,Alta,compra en barrio chicken,712.0,alimentacion,2026-06-16,natural
67,CL,CLP,1733916,8,Alta,CARLS JR,12839.0,alimentacion,2026-07-24,cartola
67,CL,CLP,1733916,8,Alta,CHILQUINTA,12437.0,servicios,2026-06-13,cartola
67,CL,CLP,1733916,8,Alta,ENTEL FIBRA,4490.0,servicios,2026-04-04,cartola
67,CL,CLP,1733916,8,Alta,gasto en schopdog,22857.0,alimentacion,2026-09-06,natural
67,CL,CLP,1733916,8,Alta,gasto en clínica dental cumbre,7143.0,salud,2026-03-09,natural
67,CL,CLP,1733916,8,Alta,COMPRA WEB APPLE MUSIC 6823,10628.0,streaming,2026-12-09,cartola
67,CL,CLP,1733916,8,Alta,pago a didi taxi,2409.0,transporte,2026-01-21,natural
67,CL,CLP,1733916,8,Alta,compra en ruta del maipo,5532.0,transporte,2026-11-15,natural
67,CL,CLP,1733916,8,Alta,PAGO TC GASCO,20313.0,servicios,2026-03-26,cartola
67,CL,CLP,1733916,8,Alta,AUTOPISTA VESPUCIO ORIENTE AVO,2452.0,transporte,2026-01-24,cartola
67,CL,CLP,1733916,8,Alta,KASTOR GASTOS COMUNES,5072.0,vivienda,2026-04-21,cartola
67,CL,CLP,1733916,8,Alta,SUC. NETFLIX 7778,3921.0,streaming,2026-12-17,cartola
67,CL,CLP,1733916,8,Alta,pago a pago de luz municipalidad,1678.0,servicios,2026-03-24,natural
67,CL,CLP,1733916,8,Alta,AUTOPISTA VESPUCIO ORIENTE AVO,3503.0,transporte,2026-12-24,cartola
67,CL,CLP,1733916,8,Alta,VESPUCIO SUR,2714.0,transporte,2026-03-19,cartola
67,CL,CLP,1733916,8,Alta,SEGUROS METLIFE,26336.0,otros,2026-05-20,cartola
67,CL,CLP,1733916,8,Alta,PAC HBO MAX 9855,13838.0,streaming,2026-09-28,cartola
67,CL,CLP,1733916,8,Alta,gasto en costanera norte,3891.0,transporte,2026-12-05,natural
67,CL,CLP,1733916,8,Alta,PAGO TC YOUTUBE PREMIUM 6525,14758.0,streaming,2026-06-18,cartola
67,CL,CLP,1733916,8,Alta,pago a gtd manquehue,1208.0,servicios,2026-09-19,natural
67,CL,CLP,1733916,8,Alta,CONSTRUMART,7657.0,vivienda,2026-08-03,cartola
67,CL,CLP,1733916,8,Alta,pago a seguros metlife,2951.0,otros,2026-03-08,natural
68,CL,CLP,1959933,27,Baja,transferencia a gimnasio upgrade,13208.0,ocio,2026-01-08,natural
68,CL,CLP,1959933,27,Baja,transferencia a fantasilandia,21926.0,ocio,2026-12-16,natural
68,CL,CLP,1959933,27,Baja,transferencia a imperial,3419.0,vivienda,2026-12-06,natural
68,CL,CLP,1959933,27,Baja,pago a abastible,26011.0,servicios,2026-11-20,natural
68,CL,CLP,1959933,27,Baja,gasto en la picá del gringo,16717.0,alimentacion,2026-06-25,natural
68,CL,CLP,1959933,27,Baja,transferencia a copec,15487.0,transporte,2026-08-16,natural
68,CL,CLP,1959933,27,Baja,PAC BAR EL BARISTA,5048.0,ocio,2026-11-19,cartola
68,CL,CLP,1959933,27,Baja,SUB*CRUNCHYROLL 26/12,25938.0,streaming,2026-01-18,cartola
68,CL,CLP,1959933,27,Baja,pago a lipigas,12055.0,servicios,2026-02-25,natural
68,CL,CLP,1959933,27,Baja,transferencia a cineplanet,22655.0,ocio,2026-02-04,natural
68,CL,CLP,1959933,27,Baja,compra en peaje angostura,5313.0,transporte,2026-04-28,natural
68,CL,CLP,1959933,27,Baja,ISAPRE CRUZ BLANCA,1868.0,salud,2026-10-09,cartola
68,CL,CLP,1959933,27,Baja,UNIVERSIDAD SAN SEBASTIÁN USS,4793.0,educacion,2026-09-11,cartola
68,CL,CLP,1959933,27,Baja,CHILQUINTA,7207.0,servicios,2026-08-01,cartola
68,CL,CLP,1959933,27,Baja,CARGO AUT AUTOPISTA DEL SOL,9044.0,transporte,2026-03-02,cartola
68,CL,CLP,1959933,27,Baja,CLÍNICA DÁVILA,8483.0,salud,2026-03-29,cartola
68,CL,CLP,1959933,27,Baja,transferencia a pastelería marmentini,9370.0,alimentacion,2026-09-28,natural
68,CL,CLP,1959933,27,Baja,transferencia a sibaritas 87,21870.0,alimentacion,2026-12-13,natural
68,CL,CLP,1959933,27,Baja,TARRAGONA,2212.0,alimentacion,2026-02-01,cartola
68,CL,CLP,1959933,27,Baja,CONSTRUMART,4507.0,vivienda,2026-05-13,cartola
68,CL,CLP,1959933,27,Baja,PULLMAN BUS,26039.0,transporte,2026-03-05,cartola
68,CL,CLP,1959933,27,Baja,pago a clínica universidad de los andes,9753.0,salud,2026-07-18,natural
68,CL,CLP,1959933,27,Baja,transferencia a copropietarios edificio el golf,10388.0,vivienda,2026-09-13,natural
68,CL,CLP,1959933,27,Baja,gasto en imperial,7714.0,vivienda,2026-12-08,natural
68,CL,CLP,1959933,27,Baja,transferencia a gtd manquehue,9447.0,servicios,2026-06-04,natural
68,CL,CLP,1959933,27,Baja,ISAPRE COLMENA,2619.0,salud,2026-08-19,cartola
68,CL,CLP,1959933,27,Baja,PEDIDOSYA,9391.0,alimentacion,2026-10-28,cartola
68,CL,CLP,1959933,27,Baja,pago a emporio la rosa,69627.0,alimentacion,2026-02-04,natural
68,CL,CLP,1959933,27,Baja,ENERGY FITNESS,9905.0,ocio,2026-01-26,cartola
68,CL,CLP,1959933,27,Baja,transferencia a gasco,539.0,servicios,2026-01-23,natural
68,CL,CLP,1959933,27,Baja,JUAN VALDEZ,18885.0,alimentacion,2026-05-21,cartola
68,CL,CLP,1959933,27,Baja,compra en servipag cuentas,5991.0,servicios,2026-10-12,natural
68,CL,CLP,1959933,27,Baja,compra en melt pizzas,1980.0,alimentacion,2026-11-16,natural
68,CL,CLP,1959933,27,Baja,CARGO AUT PEAJE MELIPILLA,23542.0,transporte,2026-06-05,cartola
68,CL,CLP,1959933,27,Baja,NF* MEGASALUD,2617.0,salud,2026-04-23,cartola
68,CL,CLP,1959933,27,Baja,transferencia a colectivo linea 40,30081.0,transporte,2026-05-19,natural
68,CL,CLP,1959933,27,Baja,LIPIGAS,6917.0,servicios,2026-07-28,cartola
68,CL,CLP,1959933,27,Baja,PEDIDOYSA,16110.0,alimentacion,2026-11-19,cartola
68,CL,CLP,1959933,27,Baja,pago mensual de netflix,9395.0,streaming,2026-12-30,natural
68,CL,CLP,1959933,27,Baja,ABASTIBLE,3518.0,servicios,2026-03-27,cartola
68,CL,CLP,1959933,27,Baja,gasto en clínica santa maría,13193.0,salud,2026-10-12,natural
68,CL,CLP,1959933,27,Baja,transferencia a abastible,37586.0,servicios,2026-03-01,natural
68,CL,CLP,1959933,27,Baja,NF* BRAVISSIMO,17418.0,alimentacion,2026-02-23,cartola
68,CL,CLP,1959933,27,Baja,gasto en universidad andrés bello unab,10991.0,educacion,2026-04-03,natural
68,CL,CLP,1959933,27,Baja,pago a construmart,55407.0,vivienda,2026-11-21,natural
68,CL,CLP,1959933,27,Baja,SUC. ISAPRE BANMÉDICA,3658.0,salud,2026-09-22,cartola
68,CL,CLP,1959933,27,Baja,pago a nuevosur,764.0,servicios,2026-08-01,natural
68,CL,CLP,1959933,27,Baja,cargo de netflix,832.0,streaming,2026-01-10,natural
68,CL,CLP,1959933,27,Baja,transferencia a la sanguchera del barrio,14715.0,alimentacion,2026-12-24,natural
68,CL,CLP,1959933,27,Baja,SUC. DUOC UC,21039.0,educacion,2026-07-22,cartola
68,CL,CLP,1959933,27,Baja,compra en servicio impuestos internos sii,11961.0,otros,2026-07-15,natural
68,CL,CLP,1959933,27,Baja,REDFARMA,27931.0,salud,2026-02-27,cartola
68,CL,CLP,1959933,27,Baja,PAGO TC AUTOPISTA CENTRAL,14205.0,transporte,2026-09-13,cartola
68,CL,CLP,1959933,27,Baja,CONDOVIVE COPROPIEDAD,5500.0,vivienda,2026-08-11,cartola
68,CL,CLP,1959933,27,Baja,pago a almacén doña juana,2373.0,alimentacion,2026-06-29,natural
68,CL,CLP,1959933,27,Baja,CARGO AUT NETFLIX 9992,30676.0,streaming,2026-12-28,cartola
68,CL,CLP,1959933,27,Baja,ATM PARAMOUNT+ 6803,1298.0,streaming,2026-02-04,cartola
68,CL,CLP,1959933,27,Baja,compra en aguas del altiplano,9290.0,servicios,2026-12-25,natural
68,CL,CLP,1959933,27,Baja,GTD MANQUEHUE,4472.0,servicios,2026-04-13,cartola
68,CL,CLP,1959933,27,Baja,PAC DOMINÓ,3757.0,alimentacion,2026-06-10,cartola
68,CL,CLP,1959933,27,Baja,compra en subway,12315.0,alimentacion,2026-07-19,natural
68,CL,CLP,1959933,27,Baja,LIBRERÍA QUÉ LEO,3120.0,educacion,2026-06-09,cartola
68,CL,CLP,1959933,27,Baja,WEBPAY DISNEY PLUS 13/3,29439.0,streaming,2026-07-02,cartola
68,CL,CLP,1959933,27,Baja,PULLMAN BUS,6181.0,transporte,2026-12-19,cartola
68,CL,CLP,1959933,27,Baja,cargo de hbo max,13422.0,streaming,2026-05-16,natural
68,CL,CLP,1959933,27,Baja,REDFARMA,15436.0,salud,2026-08-14,cartola
68,CL,CLP,1959933,27,Baja,gasto en enel distribución,13628.0,servicios,2026-08-31,natural
68,CL,CLP,1959933,27,Baja,TER* TOMMY BEANS,27729.0,alimentacion,2026-04-16,cartola
68,CL,CLP,1959933,27,Baja,ABASTIBLE,3118.0,servicios,2026-03-12,cartola
68,CL,CLP,1959933,27,Baja,gasto en emporio la rosa,1068.0,alimentacion,2026-03-18,natural
68,CL,CLP,1959933,27,Baja,EFE TRENES,677.0,transporte,2026-02-23,cartola
68,CL,CLP,1959933,27,Baja,ATM FERRETREÍA EL CANDADO,24944.0,vivienda,2026-10-04,cartola
68,CL,CLP,1959933,27,Baja,UPA!,42980.0,alimentacion,2026-04-21,cartola
68,CL,CLP,1959933,27,Baja,transferencia a dunkin donuts,4275.0,alimentacion,2026-08-12,natural
68,CL,CLP,1959933,27,Baja,pago a efe trenes,14031.0,transporte,2026-03-16,natural
68,CL,CLP,1959933,27,Baja,DISCOTECA AMANDA,1005.0,ocio,2026-01-14,cartola
68,CL,CLP,1959933,27,Baja,KIDZANIA SANTIAGO,2480.0,ocio,2026-09-15,cartola
68,CL,CLP,1959933,27,Baja,gasto en paris deco,13868.0,vivienda,2026-07-08,natural
68,CL,CLP,1959933,27,Baja,COPROPIETARIOS EDIFICIO EL GOLF,809.0,vivienda,2026-12-30,cartola
68,CL,CLP,1959933,27,Baja,transferencia a easy,7499.0,vivienda,2026-08-27,natural
68,CL,CLP,1959933,27,Baja,CLARO HOGAR,12890.0,servicios,2026-11-30,cartola
68,CL,CLP,1959933,27,Baja,KFC,17230.0,alimentacion,2026-10-31,cartola
68,CL,CLP,1959933,27,Baja,NF* OK MARKET,7176.0,alimentacion,2026-04-01,cartola
68,CL,CLP,1959933,27,Baja,IMPERIAL,11805.0,vivienda,2026-07-03,cartola
68,CL,CLP,1959933,27,Baja,,9202.0,servicios,2026-01-17,natural
68,CL,CLP,1959933,27,Baja,RUTA DEL ITATA,637.0,transporte,2026-01-12,cartola
68,CL,CLP,1959933,27,Baja,gasto en santa isabel,16111.0,alimentacion,2026-06-15,natural
68,CL,CLP,1959933,27,Baja,CLÍNICA BUPA,2244.0,salud,2026-05-26,cartola
68,CL,CLP,1959933,27,Baja,compra en pullman bus,781.0,transporte,2026-02-06,natural
68,CL,CLP,1959933,27,Baja,WEBPAY MAX 8535,7118.0,streaming,2026-03-11,cartola
68,CL,CLP,1959933,27,Baja,compra en autopista del sol,23814.0,transporte,2026-06-18,natural
68,CL,CLP,1959933,27,Baja,CABIFY,1940.0,transporte,2026-12-01,cartola
68,CL,CLP,1959933,27,Baja,,669.0,servicios,2026-09-10,natural
68,CL,CLP,1959933,27,Baja,gasto en chilena consolidada,1382.0,otros,2026-12-12,natural
68,CL,CLP,1959933,27,Baja,transferencia a laboratorio bionet,5363.0,salud,2026-10-24,natural
68,CL,CLP,1959933,27,Baja,pago a bar el barista,10297.0,ocio,2026-05-22,natural
68,CL,CLP,1959933,27,Baja,pago a vtr internet,2544.0,servicios,2026-09-30,natural
68,CL,CLP,1959933,27,Baja,VTR INTERNET,19212.0,servicios,2026-08-13,cartola
68,CL,CLP,1959933,27,Baja,transferencia a condovive copropiedad,16605.0,vivienda,2026-07-02,natural
68,CL,CLP,1959933,27,Baja,AUTOPISTA VESPUCIO ORIENTE AVO,14122.0,transporte,2026-08-09,cartola
68,CL,CLP,1959933,27,Baja,SAESA,7930.0,servicios,2026-02-22,cartola
68,CL,CLP,1959933,27,Baja,transferencia a jumbo,5392.0,alimentacion,2026-04-28,natural
68,CL,CLP,1959933,27,Baja,LIBRERÍA SUBSUELO,5587.0,educacion,2026-12-31,cartola
68,CL,CLP,1959933,27,Baja,METRO DE SANTIAGO,8297.0,transporte,2026-06-08,cartola
68,CL,CLP,1959933,27,Baja,pago a fuente suiza,955.0,alimentacion,2026-05-16,natural
68,CL,CLP,1959933,27,Baja,METRO DE SANTIAGO,13604.0,transporte,2026-03-18,cartola
68,CL,CLP,1959933,27,Baja,compra en condovive copropiedad,5139.0,vivienda,2026-12-02,natural
68,CL,CLP,1959933,27,Baja,gasto en ikea chile,3020.0,vivienda,2026-02-14,natural
68,CL,CLP,1959933,27,Baja,CINEPLANET,3870.0,ocio,2026-01-18,cartola
68,CL,CLP,1959933,27,Baja,compra en dimeiggs,2359.0,educacion,2026-12-21,natural
68,CL,CLP,1959933,27,Baja,SUC. TEATRO CAUPOLICÁN,27506.0,ocio,2026-07-24,cartola
68,CL,CLP,1959933,27,Baja,PAGO TC APPLE MUSIC 7952,2197.0,streaming,2026-11-20,cartola
68,CL,CLP,1959933,27,Baja,EDIPRO EDIFICIO,25448.0,vivienda,2026-03-24,cartola
68,CL,CLP,1959933,27,Baja,DIDI TAXI,10075.0,transporte,2026-02-19,cartola
69,CL,CLP,1473548,19,Baja,GTD MANQUEHUE,10108.0,servicios,2026-08-28,cartola
69,CL,CLP,1473548,19,Baja,pago a clínica dávila,1215.0,salud,2026-08-14,natural
69,CL,CLP,1473548,19,Baja,compra en abastible,753.0,servicios,2026-07-05,natural
69,CL,CLP,1473548,19,Baja,compra en la picá del gringo,9067.0,alimentacion,2026-02-17,natural
69,CL,CLP,1473548,19,Baja,gasto en sodimac homecenter,2386.0,vivienda,2026-07-27,natural
69,CL,CLP,1473548,19,Baja,compra en botillería el faro,19833.0,alimentacion,2026-06-06,natural
69,CL,CLP,1473548,19,Baja,gasto en farmacias ahumada,8211.0,salud,2026-08-13,natural
69,CL,CLP,1473548,19,Baja,gasto en energy fitness,2593.0,ocio,2026-05-24,natural
69,CL,CLP,1473548,19,Baja,compra en fuente alemana,2240.0,alimentacion,2026-04-21,natural
69,CL,CLP,1473548,19,Baja,PEAJE ANGOSTURA,4861.0,transporte,2026-11-14,cartola
69,CL,CLP,1473548,19,Baja,trasnferencia a ruta 68,540.0,transporte,2026-12-29,natural
69,CL,CLP,1473548,19,Baja,gasto en redsalud,821.0,salud,2026-12-28,natural
69,CL,CLP,1473548,19,Baja,gasto en amazon prime video,1268.0,ocio,2026-05-12,natural
69,CL,CLP,1473548,19,Baja,SCHPODOG,9768.0,alimentacion,2026-04-23,cartola
69,CL,CLP,1473548,19,Baja,CLÍNICA DÁVILA,4727.0,salud,2026-11-20,cartola
69,CL,CLP,1473548,19,Baja,gasto en pastelería marmentini,1100.0,alimentacion,2026-06-10,natural
69,CL,CLP,1473548,19,Baja,transferencia a sibaritas 87,7336.0,alimentacion,2026-11-30,natural
69,CL,CLP,1473548,19,Baja,pago a clínica universidad de los andes,3612.0,salud,2026-03-16,natural
69,CL,CLP,1473548,19,Baja,gasto en construmart,4687.0,vivienda,2026-10-08,natural
69,CL,CLP,1473548,19,Baja,gasto en sencillito cuentas,1579.0,servicios,2026-01-07,natural
69,CL,CLP,1473548,19,Baja,pago a smart fit,5259.0,ocio,2026-04-23,natural
69,CL,CLP,1473548,19,Baja,transferencia a megasalud,25367.0,salud,2026-02-05,natural
69,CL,CLP,1473548,19,Baja,ESVAL,1124.0,servicios,2026-10-19,cartola
69,CL,CLP,1473548,19,Baja,gasto en buses metropolitana,2189.0,transporte,2026-08-11,natural
69,CL,CLP,1473548,19,Baja,pago a abastible,1825.0,servicios,2026-07-30,natural
69,CL,CLP,1473548,19,Baja,COMPRA WEB MADERAS ENCOFRADOS,1873.0,vivienda,2026-01-18,cartola
69,CL,CLP,1473548,19,Baja,gasto en breal propiedades,3119.0,vivienda,2026-08-29,natural
69,CL,CLP,1473548,19,Baja,transferencia a sodimac homecenter,11170.0,vivienda,2026-05-14,natural
69,CL,CLP,1473548,19,Baja,EASY,15993.0,vivienda,2026-08-08,cartola
69,CL,CLP,1473548,19,Baja,UJAN VALDEZ,1481.0,alimentacion,2026-04-12,cartola
69,CL,CLP,1473548,19,Baja,HDI SEGUROS,5131.0,otros,2026-05-20,cartola
69,CL,CLP,1473548,19,Baja,MELT PIZZAS,6640.0,alimentacion,2026-06-18,cartola
69,CL,CLP,1473548,19,Baja,ISAPRE BANMÉDICA,4835.0,salud,2026-07-10,cartola
69,CL,CLP,1473548,19,Baja,SCOTIABANK,3731.0,otros,2026-01-25,cartola
69,CL,CLP,1473548,19,Baja,transferencia a administración jardines de maipú,1397.0,vivienda,2026-02-02,natural
69,CL,CLP,1473548,19,Baja,,4390.0,salud,2026-12-09,natural
69,CL,CLP,1473548,19,Baja,pago a abastible,3361.0,servicios,2026-11-25,natural
69,CL,CLP,1473548,19,Baja,compra en comunidadfeliz gastos comunes,10404.0,vivienda,2026-01-06,natural
69,CL,CLP,1473548,19,Baja,compra en ruta 68,9452.0,transporte,2026-07-13,natural
69,CL,CLP,1473548,19,Baja,CARGO AUT PASSLINE,943.0,ocio,2026-08-18,cartola
69,CL,CLP,1473548,19,Baja,ISAPRE BANMÉDICA,607.0,salud,2026-05-17,cartola
69,CL,CLP,1473548,19,Baja,pago a bravissimo,15648.0,alimentacion,2026-11-19,natural
69,CL,CLP,1473548,19,Baja,PEAJE TRONCAL LAMPA,5026.0,transporte,2026-08-04,cartola
69,CL,CLP,1473548,19,Baja,SPACIO1 PETROBRAS,12783.0,alimentacion,2026-12-15,cartola
69,CL,CLP,1473548,19,Baja,pago a alquiler propiedades chile,682.0,vivienda,2026-06-17,natural
69,CL,CLP,1473548,19,Baja,ALMACÉN DE BARRIO,4900.0,alimentacion,2026-10-09,cartola
69,CL,CLP,1473548,19,Baja,PAGO DE LUZ MUNICIPALIDAD,5081.0,servicios,2026-02-07,cartola
69,CL,CLP,1473548,19,Baja,MAX HBO,12919.0,ocio,2026-06-12,cartola
69,CL,CLP,1473548,19,Baja,transferencia a kfc,673.0,alimentacion,2026-05-22,natural
69,CL,CLP,1473548,19,Baja,ESVAL,1802.0,servicios,2026-09-05,cartola
69,CL,CLP,1473548,19,Baja,ESSBIO,3420.0,servicios,2026-04-13,cartola
69,CL,CLP,1473548,19,Baja,gasto en autopista central,13165.0,transporte,2026-07-18,natural
69,CL,CLP,1473548,19,Baja,UNIVERSIDAD DE LOS ANDES,18318.0,educacion,2026-07-19,cartola
69,CL,CLP,1473548,19,Baja,DISNEY PLUS,32266.0,ocio,2026-02-11,cartola
69,CL,CLP,1473548,19,Baja,TURBUS,20965.0,transporte,2026-05-27,cartola
69,CL,CLP,1473548,19,Baja,GASCO,565.0,servicios,2026-07-12,cartola
69,CL,CLP,1473548,19,Baja,AGUAS DEL LATIPLANO,797.0,servicios,2026-02-07,cartola
69,CL,CLP,1473548,19,Baja,MADERAS ENCOFRADOS,1047.0,vivienda,2026-05-21,cartola
69,CL,CLP,1473548,19,Baja,transferencia a clínica alemana,2812.0,salud,2026-04-16,natural
69,CL,CLP,1473548,19,Baja,TURBUS,11610.0,transporte,2026-06-01,cartola
69,CL,CLP,1473548,19,Baja,SPACIO1 PETROBRAS,14626.0,alimentacion,2026-12-18,cartola
69,CL,CLP,1473548,19,Baja,ITAÚ COMISIONES,1355.0,otros,2026-11-22,cartola
69,CL,CLP,1473548,19,Baja,ENTEL FIBRA,6336.0,servicios,2026-02-07,cartola
69,CL,CLP,1473548,19,Baja,PAC DISNEY PLUS 9948,16341.0,streaming,2026-04-07,cartola
69,CL,CLP,1473548,19,Baja,gasto en disney plus,4084.0,ocio,2026-04-18,natural
69,CL,CLP,1473548,19,Baja,pago a yolito ferretería,716.0,vivienda,2026-04-29,natural
69,CL,CLP,1473548,19,Baja,SUC. TOMMY BEANS,4012.0,alimentacion,2026-05-31,cartola
69,CL,CLP,1473548,19,Baja,FARMACIAS DEL DR SIMI,3089.0,salud,2026-03-15,cartola
69,CL,CLP,1473548,19,Baja,suscripción a youtube premium,5649.0,streaming,2026-02-26,natural
69,CL,CLP,1473548,19,Baja,gasto en efe trenes,3784.0,transporte,2026-12-01,natural
69,CL,CLP,1473548,19,Baja,pago a peaje melipilla,751.0,transporte,2026-10-19,natural
69,CL,CLP,1473548,19,Baja,gasto en upa!,33527.0,alimentacion,2026-11-09,natural
69,CL,CLP,1473548,19,Baja,compra en pullman bus,5140.0,transporte,2026-09-12,natural
69,CL,CLP,1473548,19,Baja,compra en yolito ferretería,4206.0,vivienda,2026-09-11,natural
69,CL,CLP,1473548,19,Baja,transferencia a peaje lateral,20269.0,transporte,2026-09-16,natural
69,CL,CLP,1473548,19,Baja,ISAPRE CONSALUD,1110.0,salud,2026-09-27,cartola
69,CL,CLP,1473548,19,Baja,CARGO AUT REDSALUD,1375.0,salud,2026-02-03,cartola
69,CL,CLP,1473548,19,Baja,PASSLINE,10816.0,ocio,2026-11-22,cartola
69,CL,CLP,1473548,19,Baja,suscripción a netflix,1981.0,streaming,2026-11-21,natural
69,CL,CLP,1473548,19,Baja,CLUB DE BAILE,10523.0,ocio,2026-08-26,cartola
69,CL,CLP,1473548,19,Baja,COPROPIETARIOS EDIFICIO EL GOLF,2076.0,vivienda,2026-06-28,cartola
69,CL,CLP,1473548,19,Baja,pago a gtd manquehue,1115.0,servicios,2026-01-29,natural
69,CL,CLP,1473548,19,Baja,CARGO AUT SPOTIFY 9443,4770.0,streaming,2026-08-15,cartola
69,CL,CLP,1473548,19,Baja,suscripción a netflix,1435.0,streaming,2026-08-20,natural
69,CL,CLP,1473548,19,Baja,compra en emporio la rosa,9295.0,alimentacion,2026-10-31,natural
69,CL,CLP,1473548,19,Baja,compra en bar la virgen,6718.0,ocio,2026-12-16,natural
69,CL,CLP,1473548,19,Baja,PEAJE ANGOSTURA,16855.0,transporte,2026-12-01,cartola
69,CL,CLP,1473548,19,Baja,PULLMAN BUS,10013.0,transporte,2026-04-27,cartola
69,CL,CLP,1473548,19,Baja,TEATRO NESCAFÉ DE LAS ARTES,1307.0,ocio,2026-07-26,cartola
69,CL,CLP,1473548,19,Baja,transferencia a autopista del sol,10553.0,transporte,2026-07-04,natural
69,CL,CLP,1473548,19,Baja,PAGO TC EDIPRO EDIFICIO,6727.0,vivienda,2026-05-18,cartola
69,CL,CLP,1473548,19,Baja,FALABELLA,7245.0,otros,2026-11-19,cartola
69,CL,CLP,1473548,19,Baja,compra en redfarma,11701.0,salud,2026-06-13,natural
69,CL,CLP,1473548,19,Baja,AMAZON CHILE,5590.0,otros,2026-03-16,cartola
69,CL,CLP,1473548,19,Baja,ÓPTICAS GMO,4112.0,salud,2026-08-21,cartola
69,CL,CLP,1473548,19,Baja,pago a smart fit,6635.0,ocio,2026-10-11,natural
69,CL,CLP,1473548,19,Baja,UPA!,2318.0,alimentacion,2026-09-12,cartola
69,CL,CLP,1473548,19,Baja,gasto en vtr internet,1321.0,servicios,2026-01-09,natural
69,CL,CLP,1473548,19,Baja,CARGO AUT SMART FIT,6283.0,ocio,2026-07-22,cartola
69,CL,CLP,1473548,19,Baja,SAESA,1746.0,servicios,2026-11-01,cartola
69,CL,CLP,1473548,19,Baja,gasto en vtr internet,546.0,servicios,2026-04-01,natural
69,CL,CLP,1473548,19,Baja,PUNTOTICKET,880.0,ocio,2026-11-28,cartola
69,CL,CLP,1473548,19,Baja,ECO FARMACIAS,6143.0,salud,2026-05-30,cartola
69,CL,CLP,1473548,19,Baja,INACAP,2947.0,educacion,2026-12-26,cartola
69,CL,CLP,1473548,19,Baja,METRO DE SANTIAGO,9146.0,transporte,2026-06-25,cartola
69,CL,CLP,1473548,19,Baja,CINEPLANET,3082.0,ocio,2026-02-02,cartola
69,CL,CLP,1473548,19,Baja,pago a clínica universidad de los andes,4362.0,salud,2026-07-03,natural
69,CL,CLP,1473548,19,Baja,gasto en cineplanet,3426.0,ocio,2026-06-06,natural
69,CL,CLP,1473548,19,Baja,pagoa  entel fibra,6891.0,servicios,2026-02-22,natural
69,CL,CLP,1473548,19,Baja,transferencia a aliexpress,2885.0,otros,2026-10-23,natural
69,CL,CLP,1473548,19,Baja,PAC MELT PIZZAS,21744.0,alimentacion,2026-07-21,cartola
69,CL,CLP,1473548,19,Baja,gasto en edipro edificio,18031.0,vivienda,2026-10-01,natural
69,CL,CLP,1473548,19,Baja,,12348.0,transporte,2026-06-24,cartola
69,CL,CLP,1473548,19,Baja,pago a ruta del maipo,16578.0,transporte,2026-09-01,natural
69,CL,CLP,1473548,19,Baja,gasto en servicio impuestos internos sii,3908.0,otros,2026-09-26,natural
69,CL,CLP,1473548,19,Baja,SUC. MUNDO PACÍFICO,5039.0,servicios,2026-03-15,cartola
69,CL,CLP,1473548,19,Baja,compra en kastor gastos comunes,8881.0,vivienda,2026-04-06,natural
69,CL,CLP,1473548,19,Baja,gasto en pastelería marmentini,7807.0,alimentacion,2026-12-27,natural
69,CL,CLP,1473548,19,Baja,UBER EATS,14507.0,alimentacion,2026-06-22,cartola
69,CL,CLP,1473548,19,Baja,BURGER KING,8257.0,alimentacion,2026-06-04,cartola
69,CL,CLP,1473548,19,Baja,REDSALUD,40362.0,salud,2026-07-02,cartola
69,CL,CLP,1473548,19,Baja,COLECTIVO LINEA 40,2808.0,transporte,2026-11-19,cartola
69,CL,CLP,1473548,19,Baja,gasto en librería qué leo,11730.0,educacion,2026-10-16,natural
69,CL,CLP,1473548,19,Baja,UNIVERSIDAD DIEGO PORTALES UDP,7839.0,educacion,2026-09-15,cartola
69,CL,CLP,1473548,19,Baja,BCI SEGUROS,7705.0,otros,2026-03-16,cartola
69,CL,CLP,1473548,19,Baja,GTD MANQUEHUE,2584.0,servicios,2026-06-23,cartola
69,CL,CLP,1473548,19,Baja,CONSTRUMART,10092.0,vivienda,2026-11-26,cartola
69,CL,CLP,1473548,19,Baja,ADMINISTRACIÓN JARDINES DE MAIPÚ,15115.0,vivienda,2026-08-19,cartola
69,CL,CLP,1473548,19,Baja,gasto en isapre consalud,1616.0,salud,2026-09-04,natural
69,CL,CLP,1473548,19,Baja,BUSES METROPOLITANA,6437.0,transporte,2026-06-10,cartola
69,CL,CLP,1473548,19,Baja,pago a aguas de antofagasta,3263.0,servicios,2026-07-05,natural
69,CL,CLP,1473548,19,Baja,FUENTE SUIZA,29892.0,alimentacion,2026-05-23,cartola
69,CL,CLP,1473548,19,Baja,transferencia a tarragona,4271.0,alimentacion,2026-10-09,natural
69,CL,CLP,1473548,19,Baja,transferencia a sencillito cuentas,1699.0,servicios,2026-05-08,natural
70,CL,CLP,1273290,33,Alta,NF* DISNEY PLUS 2598,2987.0,streaming,2026-05-25,cartola
70,CL,CLP,1273290,33,Alta,ABASTIBLE,11093.0,servicios,2026-08-16,cartola
70,CL,CLP,1273290,33,Alta,COLECTIVO LINEA 40,6551.0,transporte,2026-11-05,cartola
70,CL,CLP,1273290,33,Alta,cargo de apple music,17270.0,streaming,2026-04-24,natural
70,CL,CLP,1273290,33,Alta,pago mensual de hbo max,2957.0,streaming,2026-03-04,natural
70,CL,CLP,1273290,33,Alta,COMPRA WEB DISNEY PLUS 8/10,9480.0,streaming,2026-10-02,cartola
70,CL,CLP,1273290,33,Alta,PEAJE ANGOSTURA,11256.0,transporte,2026-05-04,cartola
70,CL,CLP,1273290,33,Alta,COMPRA WEB AMAZON PRIME 6555,1322.0,streaming,2026-03-27,cartola
70,CL,CLP,1273290,33,Alta,gasto en banco de chile comisiones,4120.0,otros,2026-03-11,natural
70,CL,CLP,1273290,33,Alta,gasto en almacén doña juana,5308.0,alimentacion,2026-02-16,natural
70,CL,CLP,1273290,33,Alta,pago a spacio1 petrobras,3539.0,alimentacion,2026-07-18,natural
70,CL,CLP,1273290,33,Alta,FALABELLA HOME,3130.0,vivienda,2026-12-30,cartola
70,CL,CLP,1273290,33,Alta,pago a aguas del altiplano,9336.0,servicios,2026-07-20,natural
70,CL,CLP,1273290,33,Alta,gasto en tavelli,1958.0,alimentacion,2026-10-03,natural
70,CL,CLP,1273290,33,Alta,pago a saesa,9948.0,servicios,2026-02-06,natural
70,CL,CLP,1273290,33,Alta,transferencia a pinturas sherwin williams,22010.0,vivienda,2026-07-22,natural
70,CL,CLP,1273290,33,Alta,TARRAGONA,6705.0,alimentacion,2026-05-10,cartola
70,CL,CLP,1273290,33,Alta,gasto en costanera norte,7610.0,transporte,2026-10-19,natural
70,CL,CLP,1273290,33,Alta,COLEGIO SAINT GEORGE,575.0,educacion,2026-03-05,cartola
70,CL,CLP,1273290,33,Alta,AUTOPISTA VESPUCIO ORIENTE AVO,16090.0,transporte,2026-09-20,cartola
70,CL,CLP,1273290,33,Alta,gasto en pontificia universidad católica,2706.0,educacion,2026-04-30,natural
70,CL,CLP,1273290,33,Alta,compra en zurich chile,7685.0,otros,2026-10-05,natural
70,CL,CLP,1273290,33,Alta,pago mensual de max,31144.0,streaming,2026-07-21,natural
70,CL,CLP,1273290,33,Alta,ATM HBO MAX 5760,7286.0,streaming,2026-02-15,cartola
70,CL,CLP,1273290,33,Alta,pago a autopista vespucio oriente avo,10384.0,transporte,2026-06-17,natural
70,CL,CLP,1273290,33,Alta,gasto en emporio la rosa,4745.0,alimentacion,2026-04-20,natural
70,CL,CLP,1273290,33,Alta,gasto en buffalo waffles,501.0,alimentacion,2026-02-15,natural
70,CL,CLP,1273290,33,Alta,transferencia a wendy's,12861.0,alimentacion,2026-07-31,natural
70,CL,CLP,1273290,33,Alta,PINTURAS SHERWIN WILLIAMS,1039.0,vivienda,2026-03-28,cartola
70,CL,CLP,1273290,33,Alta,gasto en servipag cuentas,9710.0,servicios,2026-10-18,natural
70,CL,CLP,1273290,33,Alta,transferencia a aliexpress,884.0,otros,2026-06-06,natural
70,CL,CLP,1273290,33,Alta,pago a falabella home,15962.0,vivienda,2026-09-22,natural
70,CL,CLP,1273290,33,Alta,SUC. PARAMOUNT+ 26/1,1381.0,streaming,2026-09-22,cartola
70,CL,CLP,1273290,33,Alta,transferencia a colectivo linea 40,5813.0,transporte,2026-01-22,natural
70,CL,CLP,1273290,33,Alta,ALQUILER PROPIEDADES CHILE,7319.0,vivienda,2026-09-13,cartola
70,CL,CLP,1273290,33,Alta,PEAJE LATERAL,4924.0,transporte,2026-07-10,cartola
70,CL,CLP,1273290,33,Alta,WEBPAY MAX 23/11,3354.0,streaming,2026-08-20,cartola
70,CL,CLP,1273290,33,Alta,compra en lider,5078.0,alimentacion,2026-07-05,natural
70,CL,CLP,1273290,33,Alta,UNIVERSIDAD DE LOS ANDES,3004.0,educacion,2026-11-22,cartola
70,CL,CLP,1273290,33,Alta,transferencia a peaje melipilla,4641.0,transporte,2026-07-02,natural
70,CL,CLP,1273290,33,Alta,PAGO DE LUZ MUNICIPALIDAD,3579.0,servicios,2026-07-21,cartola
70,CL,CLP,1273290,33,Alta,H&M CHILE,6724.0,otros,2026-03-06,cartola
70,CL,CLP,1273290,33,Alta,compra en petrobras,2187.0,transporte,2026-02-12,natural
70,CL,CLP,1273290,33,Alta,PEAJE MELIPILLA,36059.0,transporte,2026-08-09,cartola
70,CL,CLP,1273290,33,Alta,RUTA DEL MAIPO,5594.0,transporte,2026-01-17,cartola
70,CL,CLP,1273290,33,Alta,gasto en peaje lateral,1738.0,transporte,2026-11-20,natural
70,CL,CLP,1273290,33,Alta,ECO FARMACIAS,5219.0,salud,2026-10-12,cartola
70,CL,CLP,1273290,33,Alta,FARMACIAS DEL DR SIMI,16206.0,salud,2026-07-02,cartola
70,CL,CLP,1273290,33,Alta,gasto en dr ahorro,890.0,salud,2026-02-13,natural
70,CL,CLP,1273290,33,Alta,,9162.0,vivienda,2026-07-07,cartola
70,CL,CLP,1273290,33,Alta,compra en puntoticket,6392.0,ocio,2026-09-20,natural
70,CL,CLP,1273290,33,Alta,CONDOVIVE COPROPIEDAD,1496.0,vivienda,2026-06-23,cartola
70,CL,CLP,1273290,33,Alta,transferencia a almacén doña juana,13693.0,alimentacion,2026-02-23,natural
70,CL,CLP,1273290,33,Alta,compra en amazon prime video,3705.0,ocio,2026-08-08,natural
70,CL,CLP,1273290,33,Alta,DIDI TAXI,2800.0,transporte,2026-02-15,cartola
70,CL,CLP,1273290,33,Alta,UNIVERSIDAD SAN SEBASTIÁN USS,14177.0,educacion,2026-09-17,cartola
70,CL,CLP,1273290,33,Alta,cargo de spotify,8192.0,streaming,2026-07-14,natural
70,CL,CLP,1273290,33,Alta,ENTEL FIBRA,18398.0,servicios,2026-12-13,cartola
70,CL,CLP,1273290,33,Alta,compra en imperial,8002.0,vivienda,2026-03-02,natural
70,CL,CLP,1273290,33,Alta,AUTOPISTA VESPUCIO ORIENTE AVO,10870.0,transporte,2026-06-15,cartola
70,CL,CLP,1273290,33,Alta,gasto en ikea chile,14576.0,vivienda,2026-06-09,natural
70,CL,CLP,1273290,33,Alta,transferencia a clínica alemana,650.0,salud,2026-04-21,natural
70,CL,CLP,1273290,33,Alta,TURBUS,12046.0,transporte,2026-02-06,cartola
70,CL,CLP,1273290,33,Alta,pago mensual de disney plus,7657.0,streaming,2026-01-03,natural
70,CL,CLP,1273290,33,Alta,CABIFY,580.0,transporte,2026-01-13,cartola
70,CL,CLP,1273290,33,Alta,compra en laboratorio bionet,5719.0,salud,2026-06-11,natural
70,CL,CLP,1273290,33,Alta,FARMACIAS DEL DR SIMI,693.0,salud,2026-12-10,cartola
70,CL,CLP,1273290,33,Alta,PETROBRAS,10720.0,transporte,2026-11-28,cartola
70,CL,CLP,1273290,33,Alta,ADMINISTRACIÓN JARDINES DE MAIPÚ,6366.0,vivienda,2026-09-21,cartola
70,CL,CLP,1273290,33,Alta,ISAPRE BANMÉDICA,24714.0,salud,2026-03-24,cartola
70,CL,CLP,1273290,33,Alta,UPA!,1628.0,alimentacion,2026-09-22,cartola
70,CL,CLP,1273290,33,Alta,pago a clínica alemana,7499.0,salud,2026-11-30,natural
70,CL,CLP,1273290,33,Alta,PASTELERÍA MARMENTINI,1914.0,alimentacion,2026-08-07,cartola
70,CL,CLP,1273290,33,Alta,gasto en carls jr,7665.0,alimentacion,2026-05-26,natural
70,CL,CLP,1273290,33,Alta,ISAPRE CONSALUD,10324.0,salud,2026-10-25,cartola
70,CL,CLP,1273290,33,Alta,compra en bci seguros,10314.0,otros,2026-10-24,natural
70,CL,CLP,1273290,33,Alta,compra en aguas de antofagasta,13587.0,servicios,2026-06-10,natural
70,CL,CLP,1273290,33,Alta,pago a cineplanet,15465.0,ocio,2026-08-17,natural
70,CL,CLP,1273290,33,Alta,CLUB DE BAILE,647.0,ocio,2026-08-22,cartola
70,CL,CLP,1273290,33,Alta,COLECTIVO LINEA 40,3385.0,transporte,2026-03-30,cartola
70,CL,CLP,1273290,33,Alta,LIBRERÍA NACIONAL,9354.0,educacion,2026-11-29,cartola
70,CL,CLP,1273290,33,Alta,WEBPAY APPLE MUSIC 6482,5557.0,streaming,2026-11-06,cartola
70,CL,CLP,1273290,33,Alta,compra en casaideas,1703.0,vivienda,2026-08-03,natural
70,CL,CLP,1273290,33,Alta,transferencia a zurich chile,6477.0,otros,2026-04-07,natural
70,CL,CLP,1273290,33,Alta,LIBRERÍA SUBSUELO,4213.0,educacion,2026-08-01,cartola
70,CL,CLP,1273290,33,Alta,compra en mapfre,3980.0,otros,2026-12-20,natural
70,CL,CLP,1273290,33,Alta,FUENTE ALEMANA,13359.0,alimentacion,2026-11-08,cartola
70,CL,CLP,1273290,33,Alta,RUTA DEL ITATA,4215.0,transporte,2026-04-10,cartola
70,CL,CLP,1273290,33,Alta,PAC LIPIGAS,644.0,servicios,2026-01-10,cartola
70,CL,CLP,1273290,33,Alta,compra en edipro edificio,543.0,vivienda,2026-09-08,natural
70,CL,CLP,1273290,33,Alta,compra en condovive copropiedad,15615.0,vivienda,2026-08-15,natural
70,CL,CLP,1273290,33,Alta,gasto en feria libre pinto,26035.0,alimentacion,2026-09-06,natural
70,CL,CLP,1273290,33,Alta,compra en administración jardines de maipú,9387.0,vivienda,2026-06-18,natural
70,CL,CLP,1273290,33,Alta,gasto en bar el barista,3648.0,ocio,2026-05-10,natural
70,CL,CLP,1273290,33,Alta,PIZZA HUT,22463.0,alimentacion,2026-01-19,cartola
70,CL,CLP,1273290,33,Alta,TICKETMASTER HCILE,8751.0,ocio,2026-12-02,cartola
70,CL,CLP,1273290,33,Alta,pago a almacén de barrio,14974.0,alimentacion,2026-08-23,natural
70,CL,CLP,1273290,33,Alta,pago a alquiler propiedades chile,11688.0,vivienda,2026-12-11,natural
70,CL,CLP,1273290,33,Alta,UBER CHILE,3837.0,transporte,2026-01-01,cartola
70,CL,CLP,1273290,33,Alta,compra en eco farmacias,5244.0,salud,2026-05-10,natural
70,CL,CLP,1273290,33,Alta,WOM FIBRA,1658.0,servicios,2026-01-27,cartola
70,CL,CLP,1273290,33,Alta,transferencia a metro de santiago,2780.0,transporte,2026-01-02,natural
70,CL,CLP,1273290,33,Alta,gasto en didi taxi,12121.0,transporte,2026-09-07,natural
70,CL,CLP,1273290,33,Alta,MAX HBO,18066.0,ocio,2026-08-10,cartola
70,CL,CLP,1273290,33,Alta,PAGO TC CONDOVIVE COPROPIEDAD,10377.0,vivienda,2026-05-18,cartola
70,CL,CLP,1273290,33,Alta,compra en aguas andinas,5038.0,servicios,2026-10-02,natural
70,CL,CLP,1273290,33,Alta,gasto en superbodega acuenta,728.0,alimentacion,2026-05-21,natural
70,CL,CLP,1273290,33,Alta,gasto en efe trenes,755.0,transporte,2026-11-08,natural
70,CL,CLP,1273290,33,Alta,SUC. SPOTIFY 17/1,3775.0,streaming,2026-04-05,cartola
70,CL,CLP,1273290,33,Alta,transferencia a ferretería prat,5018.0,vivienda,2026-06-22,natural
70,CL,CLP,1273290,33,Alta,gasto en edipro edificio,7562.0,vivienda,2026-02-26,natural
70,CL,CLP,1273290,33,Alta,RAPPI,997.0,alimentacion,2026-04-12,cartola
70,CL,CLP,1273290,33,Alta,TER* IKEA CHILE,36853.0,vivienda,2026-06-18,cartola
70,CL,CLP,1273290,33,Alta,pago a cabify,3642.0,transporte,2026-03-11,natural
70,CL,CLP,1273290,33,Alta,transferencia a autopista vespucio oriente avo,15171.0,transporte,2026-12-04,natural
71,CL,CLP,1713475,17,Baja,SEGUROS METLIFE,8501.0,otros,2026-08-10,cartola
71,CL,CLP,1713475,17,Baja,transferencia a la picá del gringo,6684.0,alimentacion,2026-12-22,natural
71,CL,CLP,1713475,17,Baja,BOTILLERÍA EL FARO,6824.0,alimentacion,2026-04-21,cartola
71,CL,CLP,1713475,17,Baja,BOTILLERÍA EL FARO,6154.0,alimentacion,2026-04-14,cartola
71,CL,CLP,1713475,17,Baja,FERRETERÍA PRAT,8342.0,vivienda,2026-01-15,cartola
71,CL,CLP,1713475,17,Baja,compra en ok market,3518.0,alimentacion,2026-09-27,natural
71,CL,CLP,1713475,17,Baja,TER* ANTÁRTICA ILBROS,28772.0,educacion,2026-06-08,cartola
71,CL,CLP,1713475,17,Baja,transferencia a aguas de antofagasta,7415.0,servicios,2026-06-06,natural
71,CL,CLP,1713475,17,Baja,ALMACÉN DOÑA JUANA,20307.0,alimentacion,2026-01-27,cartola
71,CL,CLP,1713475,17,Baja,POS TRX BANCO DE CHILE COMISIONES,7098.0,otros,2026-03-26,cartola
71,CL,CLP,1713475,17,Baja,compra en chilquinta,13942.0,servicios,2026-01-09,natural
71,CL,CLP,1713475,17,Baja,pago a autopista del sol,4521.0,transporte,2026-10-03,natural
71,CL,CLP,1713475,17,Baja,gasto en clínica dávila,10789.0,salud,2026-08-15,natural
71,CL,CLP,1713475,17,Baja,gasto en saesa,7592.0,servicios,2026-07-05,natural
71,CL,CLP,1713475,17,Baja,CHILQUINTA,5035.0,servicios,2026-03-20,cartola
71,CL,CLP,1713475,17,Baja,UNIVERSIDAD DEL DESARROLLO UDD,23478.0,educacion,2026-08-04,cartola
71,CL,CLP,1713475,17,Baja,compra en movistar arena,1316.0,ocio,2026-02-26,natural
71,CL,CLP,1713475,17,Baja,pago a pullman bus,7344.0,transporte,2026-05-24,natural
71,CL,CLP,1713475,17,Baja,AUTOPISTA VESPUCIO ORIENTE AVO,2379.0,transporte,2026-12-22,cartola
71,CL,CLP,1713475,17,Baja,FUENTE ALEMANA,21721.0,alimentacion,2026-11-27,cartola
71,CL,CLP,1713475,17,Baja,FARMACIAS CRUZ VERDE,3217.0,salud,2026-03-08,cartola
71,CL,CLP,1713475,17,Baja,GTD MANQUEHUE,11044.0,servicios,2026-10-02,cartola
71,CL,CLP,1713475,17,Baja,KASTOR GASTOS COMUNES,1992.0,vivienda,2026-04-15,cartola
71,CL,CLP,1713475,17,Baja,pago a maderas encofrados,5712.0,vivienda,2026-07-07,natural
71,CL,CLP,1713475,17,Baja,ABASTIBLE,25270.0,servicios,2026-06-13,cartola
71,CL,CLP,1713475,17,Baja,PEAJE ANGOSTURA,1999.0,transporte,2026-09-24,cartola
71,CL,CLP,1713475,17,Baja,CLÍNICA DÁVILA,11976.0,salud,2026-02-20,cartola
71,CL,CLP,1713475,17,Baja,pago a autopista vespucio oriente avo,2518.0,transporte,2026-05-06,natural
71,CL,CLP,1713475,17,Baja,SUC. SERVIPAG CUENTAS,5914.0,servicios,2026-03-21,cartola
71,CL,CLP,1713475,17,Baja,pago a ferretería prat,8561.0,vivienda,2026-07-02,natural
71,CL,CLP,1713475,17,Baja,compra en peaje melipilla,9477.0,transporte,2026-11-06,natural
71,CL,CLP,1713475,17,Baja,COMPRA WEB HBO MAX 4190,10153.0,streaming,2026-01-17,cartola
71,CL,CLP,1713475,17,Baja,gasto en clínica dental cumbre,11248.0,salud,2026-06-19,natural
71,CL,CLP,1713475,17,Baja,compra en lipigas,3490.0,servicios,2026-10-07,natural
71,CL,CLP,1713475,17,Baja,PAGO TC BANCO SANTANDER SEGURO,5647.0,otros,2026-10-31,cartola
71,CL,CLP,1713475,17,Baja,transferencia a aguas del altiplano,839.0,servicios,2026-08-02,natural
71,CL,CLP,1713475,17,Baja,RUTA 68,16115.0,transporte,2026-07-17,cartola
71,CL,CLP,1713475,17,Baja,cargo de hbo max,19970.0,streaming,2026-01-07,natural
71,CL,CLP,1713475,17,Baja,ISAPRE BANMÉDICA,2445.0,salud,2026-01-11,cartola
71,CL,CLP,1713475,17,Baja,pago a ikea chile,2476.0,vivienda,2026-01-12,natural
71,CL,CLP,1713475,17,Baja,SAESA,1121.0,servicios,2026-05-13,cartola
71,CL,CLP,1713475,17,Baja,gasto en chilena consolidada,38732.0,otros,2026-05-08,natural
71,CL,CLP,1713475,17,Baja,compra en chilena consolidada,18115.0,otros,2026-05-28,natural
71,CL,CLP,1713475,17,Baja,compra en ruta del maipo,4924.0,transporte,2026-02-23,natural
71,CL,CLP,1713475,17,Baja,UNIMARC,7237.0,alimentacion,2026-11-07,cartola
71,CL,CLP,1713475,17,Baja,compra en max hbo,3800.0,ocio,2026-03-20,natural
71,CL,CLP,1713475,17,Baja,KFC,10008.0,alimentacion,2026-12-12,cartola
71,CL,CLP,1713475,17,Baja,POS TRX ESVAL,13904.0,servicios,2026-04-07,cartola
71,CL,CLP,1713475,17,Baja,DIDI TAXI,6527.0,transporte,2026-09-06,cartola
71,CL,CLP,1713475,17,Baja,BOTILLERÍA EL FARO,22762.0,alimentacion,2026-05-07,cartola
71,CL,CLP,1713475,17,Baja,ÓPTICAS SCHILLING,8010.0,salud,2026-01-30,cartola
71,CL,CLP,1713475,17,Baja,pago a disney plus,1714.0,ocio,2026-01-24,natural
71,CL,CLP,1713475,17,Baja,transferencia a inacap,10715.0,educacion,2026-07-20,natural
71,CL,CLP,1713475,17,Baja,,6827.0,otros,2026-05-11,natural
71,CL,CLP,1713475,17,Baja,ESTACIONAMIENTO MALL CENTER,30196.0,transporte,2026-05-02,cartola
71,CL,CLP,1713475,17,Baja,KFC,5474.0,alimentacion,2026-12-22,cartola
71,CL,CLP,1713475,17,Baja,ALQUILER PROPIEDADES CHILE,5674.0,vivienda,2026-11-23,cartola
71,CL,CLP,1713475,17,Baja,compra en dr ahorro,11578.0,salud,2026-05-30,natural
71,CL,CLP,1713475,17,Baja,cargo de max,8239.0,streaming,2026-01-14,natural
71,CL,CLP,1713475,17,Baja,TER* TELEPIZZA,5163.0,alimentacion,2026-10-31,cartola
71,CL,CLP,1713475,17,Baja,pago a yolito ferretería,50435.0,vivienda,2026-01-29,natural
71,CL,CLP,1713475,17,Baja,pago a nuevosur,3960.0,servicios,2026-02-19,natural
71,CL,CLP,1713475,17,Baja,pago a entel fibra,3578.0,servicios,2026-08-28,natural
71,CL,CLP,1713475,17,Baja,pago a giro cajero redbanc,21991.0,otros,2026-10-10,natural
71,CL,CLP,1713475,17,Baja,AUTOPISTA DEL SOL,834.0,transporte,2026-12-18,cartola
71,CL,CLP,1713475,17,Baja,POS TRX FARMACIAS DEL DR SIMI,2473.0,salud,2026-06-05,cartola
71,CL,CLP,1713475,17,Baja,PETROBRAS,9824.0,transporte,2026-05-17,cartola
71,CL,CLP,1713475,17,Baja,compra en efe trenes,1951.0,transporte,2026-11-23,natural
71,CL,CLP,1713475,17,Baja,transferencia a superbodega acuenta,46825.0,alimentacion,2026-12-02,natural
71,CL,CLP,1713475,17,Baja,transferencia a isapre consalud,6867.0,salud,2026-06-03,natural
71,CL,CLP,1713475,17,Baja,BCI SEGUROS,10012.0,otros,2026-03-22,cartola
71,CL,CLP,1713475,17,Baja,renovación de youtube premium,1924.0,streaming,2026-03-28,natural
71,CL,CLP,1713475,17,Baja,transferencia a carls jr,3760.0,alimentacion,2026-09-21,natural
71,CL,CLP,1713475,17,Baja,NF* KIDZANIA SANTIAGO,10494.0,ocio,2026-09-15,cartola
71,CL,CLP,1713475,17,Baja,compra en bar la ivrgen,8777.0,ocio,2026-07-04,natural
71,CL,CLP,1713475,17,Baja,transferencia a aguas de antofagasta,16884.0,servicios,2026-06-29,natural
71,CL,CLP,1713475,17,Baja,gasto en petrobras,3452.0,transporte,2026-07-05,natural
71,CL,CLP,1713475,17,Baja,SUB*LIBRERÍA SUBSUELO,11665.0,educacion,2026-05-03,cartola
71,CL,CLP,1713475,17,Baja,KFC,3784.0,alimentacion,2026-04-06,cartola
71,CL,CLP,1713475,17,Baja,pago mensual de amazon prime,9725.0,streaming,2026-04-03,natural
71,CL,CLP,1713475,17,Baja,compra en farmacias ahumada,10223.0,salud,2026-01-03,natural
71,CL,CLP,1713475,17,Baja,TEATRO CAUPOLICÁN,1430.0,ocio,2026-01-02,cartola
71,CL,CLP,1713475,17,Baja,FONASA,8754.0,salud,2026-11-01,cartola
71,CL,CLP,1713475,17,Baja,BAR LA VIRGEN,856.0,ocio,2026-05-28,cartola
71,CL,CLP,1713475,17,Baja,gasto en mcdonalds,7655.0,alimentacion,2026-10-12,natural
71,CL,CLP,1713475,17,Baja,pago a fuente alemana,13159.0,alimentacion,2026-05-25,natural
71,CL,CLP,1713475,17,Baja,COPROPIETARIOS EDIFICIO EL GOLF,832.0,vivienda,2026-11-26,cartola
71,CL,CLP,1713475,17,Baja,gasto en unimarc,30728.0,alimentacion,2026-12-27,natural
71,CL,CLP,1713475,17,Baja,CABIFY,6756.0,transporte,2026-09-19,cartola
71,CL,CLP,1713475,17,Baja,compra en ticketmaster chile,30675.0,ocio,2026-03-03,natural
71,CL,CLP,1713475,17,Baja,pago a didi taxi,1250.0,transporte,2026-08-14,natural
71,CL,CLP,1713475,17,Baja,LABORATORIO BIONET,32947.0,salud,2026-01-31,cartola
71,CL,CLP,1713475,17,Baja,compra en estacionamiento mall center,1273.0,transporte,2026-07-09,natural
71,CL,CLP,1713475,17,Baja,MADERAS ENCOFRADOS,6812.0,vivienda,2026-09-25,cartola
71,CL,CLP,1713475,17,Baja,renovación de disney plus,30600.0,streaming,2026-01-12,natural
71,CL,CLP,1713475,17,Baja,transferencia a dimeiggs,2915.0,educacion,2026-07-10,natural
71,CL,CLP,1713475,17,Baja,compra en autopista vespucio oriente avo,899.0,transporte,2026-01-25,natural
71,CL,CLP,1713475,17,Baja,UBER CHILE,17340.0,transporte,2026-04-01,cartola
71,CL,CLP,1713475,17,Baja,transferencia a jumbo,9971.0,alimentacion,2026-03-29,natural
71,CL,CLP,1713475,17,Baja,ALMACÉN DE BARRIO,7939.0,alimentacion,2026-11-28,cartola
71,CL,CLP,1713475,17,Baja,compra en eco farmacias,1000.0,salud,2026-10-01,natural
71,CL,CLP,1713475,17,Baja,NF* CASAIDEAS,11656.0,vivienda,2026-10-28,cartola
71,CL,CLP,1713475,17,Baja,YOLITO FERRETERÍA,2072.0,vivienda,2026-04-21,cartola
71,CL,CLP,1713475,17,Baja,pago a condovive copropiedad,29456.0,vivienda,2026-03-21,natural
71,CL,CLP,1713475,17,Baja,gasto en autopista vespucio oriente avo,12738.0,transporte,2026-11-20,natural
71,CL,CLP,1713475,17,Baja,NF* SUPERBODEGA ACUENTA,13511.0,alimentacion,2026-05-20,cartola
71,CL,CLP,1713475,17,Baja,EFE TRENES,2913.0,transporte,2026-08-02,cartola
71,CL,CLP,1713475,17,Baja,COMPRA WEB INTEGRAMÉDICA,23403.0,salud,2026-01-18,cartola
71,CL,CLP,1713475,17,Baja,MELT PIZZAS,8492.0,alimentacion,2026-02-23,cartola
71,CL,CLP,1713475,17,Baja,gasto en mcdonalds,21411.0,alimentacion,2026-04-07,natural
71,CL,CLP,1713475,17,Baja,cargo de amazon prime,3478.0,streaming,2026-10-10,natural
71,CL,CLP,1713475,17,Baja,TELEPIZZA,15500.0,alimentacion,2026-08-22,cartola
71,CL,CLP,1713475,17,Baja,SUC. HBO MAX 25/6,9406.0,streaming,2026-08-28,cartola
71,CL,CLP,1713475,17,Baja,TOMMY BEANS,546.0,alimentacion,2026-11-30,cartola
71,CL,CLP,1713475,17,Baja,gasto en abastible,5720.0,servicios,2026-12-10,natural
71,CL,CLP,1713475,17,Baja,COMPRA WEB MAX 9/5,2237.0,streaming,2026-02-23,cartola
71,CL,CLP,1713475,17,Baja,INTEGRAMÉDICA,4897.0,salud,2026-03-28,cartola
71,CL,CLP,1713475,17,Baja,pago a smart fit,5321.0,ocio,2026-09-18,natural
71,CL,CLP,1713475,17,Baja,renovación de amazon prime,7090.0,streaming,2026-08-24,natural
71,CL,CLP,1713475,17,Baja,compra en gimnasio sportlife,10092.0,ocio,2026-05-03,natural
71,CL,CLP,1713475,17,Baja,compra en sencillito cuentas,9313.0,servicios,2026-02-23,natural
71,CL,CLP,1713475,17,Baja,pago a alquielr propiedades chile,715.0,vivienda,2026-07-16,natural
71,CL,CLP,1713475,17,Baja,transferencia a entel fibra,15287.0,servicios,2026-02-08,natural
71,CL,CLP,1713475,17,Baja,CARGO AUT ISAPRE BANMÉDICA,32791.0,salud,2026-12-31,cartola
71,CL,CLP,1713475,17,Baja,CINEPLANET,4719.0,ocio,2026-08-16,cartola
71,CL,CLP,1713475,17,Baja,CLUB DE BAILE,2181.0,ocio,2026-08-25,cartola
72,CL,CLP,1873343,75,Media,PAC SPOTIFY 5627,4324.0,streaming,2026-10-15,cartola
72,CL,CLP,1873343,75,Media,FARMACIAS CRUZ VERDE,7327.0,salud,2026-04-24,cartola
72,CL,CLP,1873343,75,Media,compra en sencillito cuentas,1662.0,servicios,2026-02-07,natural
72,CL,CLP,1873343,75,Media,SHELL,19740.0,transporte,2026-08-18,cartola
72,CL,CLP,1873343,75,Media,gasto en lipigas,10144.0,servicios,2026-06-15,natural
72,CL,CLP,1873343,75,Media,gasto en fuente alemana,28213.0,alimentacion,2026-07-01,natural
72,CL,CLP,1873343,75,Media,AGUAS DE ANTOFAGASTA,8325.0,servicios,2026-07-24,cartola
72,CL,CLP,1873343,75,Media,PARIS DECO,34527.0,vivienda,2026-09-02,cartola
72,CL,CLP,1873343,75,Media,CARGO AUT FALABELLA HOME,27067.0,vivienda,2026-12-25,cartola
72,CL,CLP,1873343,75,Media,CORY,10454.0,alimentacion,2026-11-29,cartola
72,CL,CLP,1873343,75,Media,transferencia a schopdog,33055.0,alimentacion,2026-11-05,natural
72,CL,CLP,1873343,75,Media,pago a tavelli,4748.0,alimentacion,2026-05-01,natural
72,CL,CLP,1873343,75,Media,TER* PASTELERÍA MARMENTINI,5538.0,alimentacion,2026-09-16,cartola
72,CL,CLP,1873343,75,Media,transferencia a farmacias salcobrand,566.0,salud,2026-07-29,natural
72,CL,CLP,1873343,75,Media,LIPIGAS,10826.0,servicios,2026-11-06,cartola
72,CL,CLP,1873343,75,Media,gasto en doggis,15574.0,alimentacion,2026-10-23,natural
72,CL,CLP,1873343,75,Media,PARIS DECO,18071.0,vivienda,2026-07-13,cartola
72,CL,CLP,1873343,75,Media,IMPERIAL,1975.0,vivienda,2026-03-09,cartola
72,CL,CLP,1873343,75,Media,pago a pontificia universidad católica,7146.0,educacion,2026-04-24,natural
72,CL,CLP,1873343,75,Media,pago a copec,2368.0,transporte,2026-08-08,natural
72,CL,CLP,1873343,75,Media,transferencia a gtd manquehue,13204.0,servicios,2026-08-08,natural
72,CL,CLP,1873343,75,Media,compra en peaje zapata,2092.0,transporte,2026-08-06,natural
72,CL,CLP,1873343,75,Media,AUTOPISTA VESPUCIO ORIENTE AVO,28536.0,transporte,2026-08-25,cartola
72,CL,CLP,1873343,75,Media,compra en breal propiedades,3190.0,vivienda,2026-10-25,natural
72,CL,CLP,1873343,75,Media,pago a clínica bupa,4192.0,salud,2026-04-04,natural
72,CL,CLP,1873343,75,Media,gasto en easy,23158.0,vivienda,2026-09-10,natural
72,CL,CLP,1873343,75,Media,JUAN VALDEZ,7463.0,alimentacion,2026-12-23,cartola
72,CL,CLP,1873343,75,Media,compra en alvi,927.0,alimentacion,2026-08-03,natural
72,CL,CLP,1873343,75,Media,,8303.0,alimentacion,2026-09-15,cartola
72,CL,CLP,1873343,75,Media,PAGO TC PEAJE MELIPILLA,1075.0,transporte,2026-12-13,cartola
72,CL,CLP,1873343,75,Media,gasto en peaje troncal lampa,51386.0,transporte,2026-08-28,natural
72,CL,CLP,1873343,75,Media,RAPPI,10793.0,alimentacion,2026-11-11,cartola
72,CL,CLP,1873343,75,Media,ESTACIONAMIENTO SABA,3607.0,transporte,2026-08-02,cartola
72,CL,CLP,1873343,75,Media,gasto en peaje lateral,10093.0,transporte,2026-04-08,natural
72,CL,CLP,1873343,75,Media,,973.0,alimentacion,2026-01-16,natural
72,CL,CLP,1873343,75,Media,ISAPRE CRUZ BLANCA,19577.0,salud,2026-06-03,cartola
72,CL,CLP,1873343,75,Media,SUC. EFE TRENES,31572.0,transporte,2026-01-16,cartola
72,CL,CLP,1873343,75,Media,transferencia a sibaritas 87,25249.0,alimentacion,2026-07-17,natural
72,CL,CLP,1873343,75,Media,INSTITUTO PROFESIONAL SANTO TOMÁS,5089.0,educacion,2026-04-18,cartola
72,CL,CLP,1873343,75,Media,pago a universidad andrés bello unab,4796.0,educacion,2026-01-23,natural
72,CL,CLP,1873343,75,Media,compra en chilquinta,1053.0,servicios,2026-02-06,natural
72,CL,CLP,1873343,75,Media,CARGO AUT AMX 17/5,12823.0,streaming,2026-11-24,cartola
72,CL,CLP,1873343,75,Media,transferencia a nuevosur,9315.0,servicios,2026-06-14,natural
72,CL,CLP,1873343,75,Media,UNIMARC,7483.0,alimentacion,2026-04-26,cartola
72,CL,CLP,1873343,75,Media,transferencia a la sanguchera del barrio,28984.0,alimentacion,2026-05-30,natural
72,CL,CLP,1873343,75,Media,transferencia a kfc,2236.0,alimentacion,2026-01-06,natural
72,CL,CLP,1873343,75,Media,pago a dr ahorro,531.0,salud,2026-05-25,natural
72,CL,CLP,1873343,75,Media,SCHOPDOG,927.0,alimentacion,2026-10-21,cartola
72,CL,CLP,1873343,75,Media,BOTILLERÍA EL FARO,3076.0,alimentacion,2026-10-20,cartola
72,CL,CLP,1873343,75,Media,SEGUROS SURA,1188.0,otros,2026-06-26,cartola
72,CL,CLP,1873343,75,Media,compra en wom fibra,8504.0,servicios,2026-03-02,natural
72,CL,CLP,1873343,75,Media,pgao a verdulería don lucho,4588.0,alimentacion,2026-03-18,natural
72,CL,CLP,1873343,75,Media,transferencia a didi taxi,2422.0,transporte,2026-03-27,natural
72,CL,CLP,1873343,75,Media,SUC. DISNEY PLUS 9068,16873.0,streaming,2026-07-10,cartola
72,CL,CLP,1873343,75,Media,transferencia a gtd manquehue,2783.0,servicios,2026-01-07,natural
72,CL,CLP,1873343,75,Media,pago a steam games,14158.0,ocio,2026-03-26,natural
72,CL,CLP,1873343,75,Media,COMPRA WEB SUBWAY,5228.0,alimentacion,2026-09-19,cartola
72,CL,CLP,1873343,75,Media,pago a spacio1 petrobras,8726.0,alimentacion,2026-09-16,natural
72,CL,CLP,1873343,75,Media,pago a ikea chile,33050.0,vivienda,2026-02-16,natural
72,CL,CLP,1873343,75,Media,PULLMAN BUS,840.0,transporte,2026-04-04,cartola
72,CL,CLP,1873343,75,Media,gasto en amazon prime video,8441.0,ocio,2026-08-12,natural
72,CL,CLP,1873343,75,Media,ENTEL FIBRA,23449.0,servicios,2026-10-06,cartola
72,CL,CLP,1873343,75,Media,FARMACIAS KNOP,10789.0,salud,2026-01-03,cartola
72,CL,CLP,1873343,75,Media,TOMMY BEANS,3945.0,alimentacion,2026-05-09,cartola
72,CL,CLP,1873343,75,Media,transferencia a carls jr,6169.0,alimentacion,2026-11-19,natural
72,CL,CLP,1873343,75,Media,pago a farmacias salcobrand,13875.0,salud,2026-09-06,natural
72,CL,CLP,1873343,75,Media,gasto en clínica santa maría,26949.0,salud,2026-08-17,natural
72,CL,CLP,1873343,75,Media,pago a peaje melipilla,510.0,transporte,2026-11-23,natural
72,CL,CLP,1873343,75,Media,ISAPRE CONSALUD,903.0,salud,2026-05-11,cartola
72,CL,CLP,1873343,75,Media,compra en bci seguros,4784.0,otros,2026-08-16,natural
72,CL,CLP,1873343,75,Media,compra en pastelería marmentini,3224.0,alimentacion,2026-06-26,natural
72,CL,CLP,1873343,75,Media,CARLS JR,3745.0,alimentacion,2026-11-19,cartola
72,CL,CLP,1873343,75,Media,IKEA CHILE,3043.0,vivienda,2026-11-07,cartola
72,CL,CLP,1873343,75,Media,cargo de crunchyroll,2652.0,streaming,2026-01-31,natural
72,CL,CLP,1873343,75,Media,SUPERBODEGA ACUENTA,1703.0,alimentacion,2026-03-07,cartola
72,CL,CLP,1873343,75,Media,INACAP,33066.0,educacion,2026-07-25,cartola
72,CL,CLP,1873343,75,Media,transferencia a pastelería marmentini,1895.0,alimentacion,2026-04-11,natural
72,CL,CLP,1873343,75,Media,compra en kfc,2782.0,alimentacion,2026-11-16,natural
72,CL,CLP,1873343,75,Media,gasto en metro de santiago,3440.0,transporte,2026-01-31,natural
72,CL,CLP,1873343,75,Media,pago a farmacias ahumada,32894.0,salud,2026-07-10,natural
72,CL,CLP,1873343,75,Media,INTEGRAMÉDICA,17150.0,salud,2026-03-07,cartola
72,CL,CLP,1873343,75,Media,EMPORIO LA ROSA,18973.0,alimentacion,2026-10-30,cartola
72,CL,CLP,1873343,75,Media,gasto en santa isabel,1347.0,alimentacion,2026-08-23,natural
72,CL,CLP,1873343,75,Media,GTD MANQUEHUE,22022.0,servicios,2026-10-05,cartola
72,CL,CLP,1873343,75,Media,compra en steam games,6383.0,ocio,2026-07-21,natural
72,CL,CLP,1873343,75,Media,compra en copropietarios edificio el golf,3710.0,vivienda,2026-12-16,natural
72,CL,CLP,1873343,75,Media,PAC APPLE MUSIC 3577,10433.0,streaming,2026-08-13,cartola
72,CL,CLP,1873343,75,Media,PC FACTORY,21015.0,otros,2026-03-24,cartola
72,CL,CLP,1873343,75,Media,ÓPTICAS SCHILLING,18350.0,salud,2026-02-15,cartola
72,CL,CLP,1873343,75,Media,POS TRX ESSBIO,26858.0,servicios,2026-03-30,cartola
72,CL,CLP,1873343,75,Media,compra en laboratorio bionet,32038.0,salud,2026-07-05,natural
72,CL,CLP,1873343,75,Media,ATM ESTACIONAMIENTO MALL CENTER,3309.0,transporte,2026-07-08,cartola
72,CL,CLP,1873343,75,Media,transferencia a pizza hut,6710.0,alimentacion,2026-09-03,natural
72,CL,CLP,1873343,75,Media,WEBPAY UPA!,1057.0,alimentacion,2026-09-14,cartola
72,CL,CLP,1873343,75,Media,UBER CHILE,25731.0,transporte,2026-12-18,cartola
72,CL,CLP,1873343,75,Media,transferencia a dimeiggs,2043.0,educacion,2026-03-02,natural
72,CL,CLP,1873343,75,Media,NETFLIX CHILE,24053.0,ocio,2026-04-15,cartola
72,CL,CLP,1873343,75,Media,compra en condovive copropiedad,4862.0,vivienda,2026-12-03,natural
72,CL,CLP,1873343,75,Media,compra en puntoticket,5586.0,ocio,2026-01-14,natural
72,CL,CLP,1873343,75,Media,compra en sibaritas 87,800.0,alimentacion,2026-03-18,natural
72,CL,CLP,1873343,75,Media,compra en didi taxi,4817.0,transporte,2026-08-18,natural
72,CL,CLP,1873343,75,Media,gasto en max hbo,26679.0,ocio,2026-06-16,natural
72,CL,CLP,1873343,75,Media,SUC. BCI SEGUROS,1077.0,otros,2026-02-01,cartola
72,CL,CLP,1873343,75,Media,transferencia a clínica universidad de los andes,6345.0,salud,2026-04-06,natural
72,CL,CLP,1873343,75,Media,CHILQUINTA,557.0,servicios,2026-04-14,cartola
72,CL,CLP,1873343,75,Media,PASSLINE,5640.0,ocio,2026-11-08,cartola
72,CL,CLP,1873343,75,Media,VESPUCIO NORTE,2306.0,transporte,2026-05-14,cartola
72,CL,CLP,1873343,75,Media,MELT PIZZAS,3537.0,alimentacion,2026-08-05,cartola
72,CL,CLP,1873343,75,Media,suscripción a max,25559.0,streaming,2026-03-08,natural
72,CL,CLP,1873343,75,Media,REDFARMA,6970.0,salud,2026-06-27,cartola
72,CL,CLP,1873343,75,Media,KIDZANIA SANTIAGO,3893.0,ocio,2026-09-04,cartola
72,CL,CLP,1873343,75,Media,compra en spotify,10830.0,ocio,2026-10-21,natural
72,CL,CLP,1873343,75,Media,TOMMY BEANS,1865.0,alimentacion,2026-08-23,cartola
73,CL,CLP,1361882,32,Baja,ATM SENCILLITO CUENTAS,2240.0,servicios,2026-04-06,cartola
73,CL,CLP,1361882,32,Baja,renovación de youtube premium,2156.0,streaming,2026-07-14,natural
73,CL,CLP,1361882,32,Baja,pago mensual de apple music,24430.0,streaming,2026-02-27,natural
73,CL,CLP,1361882,32,Baja,OK MARKET,530.0,alimentacion,2026-12-18,cartola
73,CL,CLP,1361882,32,Baja,CINEPLANET,4248.0,ocio,2026-10-21,cartola
73,CL,CLP,1361882,32,Baja,SCHOPDOG,15550.0,alimentacion,2026-06-03,cartola
73,CL,CLP,1361882,32,Baja,transferencia a enel distribución,11131.0,servicios,2026-03-05,natural
73,CL,CLP,1361882,32,Baja,pago a vtr internet,13112.0,servicios,2026-06-07,natural
73,CL,CLP,1361882,32,Baja,gasto en chilquinta,27203.0,servicios,2026-09-22,natural
73,CL,CLP,1361882,32,Baja,SCHOPDOG,3716.0,alimentacion,2026-05-01,cartola
73,CL,CLP,1361882,32,Baja,gasto en tavelli,2811.0,alimentacion,2026-10-15,natural
73,CL,CLP,1361882,32,Baja,pago a max hbo,1022.0,ocio,2026-08-02,natural
73,CL,CLP,1361882,32,Baja,WEBPAY CINEPLANET,1233.0,ocio,2026-06-11,cartola
73,CL,CLP,1361882,32,Baja,AUTOPISTA VESPUCIO ORIENTE AVO,6263.0,transporte,2026-04-15,cartola
73,CL,CLP,1361882,32,Baja,,1302.0,salud,2026-05-27,natural
73,CL,CLP,1361882,32,Baja,DOMINÓ,10112.0,alimentacion,2026-07-01,cartola
73,CL,CLP,1361882,32,Baja,SMART FIT,1048.0,ocio,2026-03-23,cartola
73,CL,CLP,1361882,32,Baja,FUENTE ALEMANA,2279.0,alimentacion,2026-01-12,cartola
73,CL,CLP,1361882,32,Baja,suscripción a spotify,9019.0,streaming,2026-01-04,natural
73,CL,CLP,1361882,32,Baja,compra en casaideas,2238.0,vivienda,2026-02-12,natural
73,CL,CLP,1361882,32,Baja,gasto en kastor gastos comunes,9898.0,vivienda,2026-02-20,natural
73,CL,CLP,1361882,32,Baja,CLÍNICA UNIVERSIDAD DE LOS ANDES,41631.0,salud,2026-09-18,cartola
73,CL,CLP,1361882,32,Baja,TARJETA CENCOSUD,12099.0,otros,2026-05-14,cartola
73,CL,CLP,1361882,32,Baja,NUEVOSUR,3173.0,servicios,2026-03-28,cartola
73,CL,CLP,1361882,32,Baja,EASY,17512.0,vivienda,2026-12-28,cartola
73,CL,CLP,1361882,32,Baja,transferencia a smart fit,1067.0,ocio,2026-08-05,natural
73,CL,CLP,1361882,32,Baja,SUC. SPOTIFY 6902,9793.0,streaming,2026-03-09,cartola
73,CL,CLP,1361882,32,Baja,compra en aliexpress,1055.0,otros,2026-05-23,natural
73,CL,CLP,1361882,32,Baja,GTD MANQUEHUE,1455.0,servicios,2026-12-12,cartola
73,CL,CLP,1361882,32,Baja,pago a scotiabank,33293.0,otros,2026-02-11,natural
73,CL,CLP,1361882,32,Baja,gasto en rappi,3396.0,alimentacion,2026-05-19,natural
73,CL,CLP,1361882,32,Baja,gasto en alquiler propiedades chile,13029.0,vivienda,2026-03-14,natural
73,CL,CLP,1361882,32,Baja,NF* CRUNCHYORLL 6804,3579.0,streaming,2026-09-24,cartola
73,CL,CLP,1361882,32,Baja,compra en comunidadfeliz gastos comunes,13903.0,vivienda,2026-07-13,natural
73,CL,CLP,1361882,32,Baja,ISAPRE CRUZ BLANCA,25526.0,salud,2026-06-04,cartola
73,CL,CLP,1361882,32,Baja,pago a gasco,4338.0,servicios,2026-09-03,natural
73,CL,CLP,1361882,32,Baja,compra en isapre banmédica,6217.0,salud,2026-11-10,natural
73,CL,CLP,1361882,32,Baja,PAGO DE LUZ MUNICIPALIDAD,7514.0,servicios,2026-08-06,cartola
73,CL,CLP,1361882,32,Baja,transferencia a saesa,20715.0,servicios,2026-09-10,natural
73,CL,CLP,1361882,32,Baja,compra en construmart,2251.0,vivienda,2026-10-04,natural
73,CL,CLP,1361882,32,Baja,compra en alquiler propiedades chile,7167.0,vivienda,2026-10-04,natural
73,CL,CLP,1361882,32,Baja,CARGO AUT SPOTIFY 2929,2978.0,streaming,2026-03-13,cartola
73,CL,CLP,1361882,32,Baja,pago a copropietarios edificio el golf,1855.0,vivienda,2026-05-09,natural
73,CL,CLP,1361882,32,Baja,METROGAS,673.0,servicios,2026-12-24,cartola
73,CL,CLP,1361882,32,Baja,FARMACIAS DEL DR SIMI,7354.0,salud,2026-07-05,cartola
73,CL,CLP,1361882,32,Baja,AMAZON PRIME VIDEO,16217.0,ocio,2026-01-13,cartola
73,CL,CLP,1361882,32,Baja,WEBPAY ESSBIO,3284.0,servicios,2026-11-25,cartola
73,CL,CLP,1361882,32,Baja,CARGO AUT CHILENA CONSOLIDADA,6102.0,otros,2026-08-08,cartola
73,CL,CLP,1361882,32,Baja,TICKETMASTER CHILE,7795.0,ocio,2026-01-06,cartola
73,CL,CLP,1361882,32,Baja,DIDI TAXI,4063.0,transporte,2026-08-27,cartola
73,CL,CLP,1361882,32,Baja,,17725.0,alimentacion,2026-04-22,natural
73,CL,CLP,1361882,32,Baja,DIDI TAXI,3418.0,transporte,2026-08-16,cartola
73,CL,CLP,1361882,32,Baja,ESTACIONAMIENTO MALL CENTER,1013.0,transporte,2026-01-17,cartola
73,CL,CLP,1361882,32,Baja,AMAZON PRIME VIDEO,1180.0,ocio,2026-03-14,cartola
73,CL,CLP,1361882,32,Baja,pago a steam games,16803.0,ocio,2026-01-12,natural
73,CL,CLP,1361882,32,Baja,AGUAS DEL ALTIPLANO,33556.0,servicios,2026-03-27,cartola
73,CL,CLP,1361882,32,Baja,GTD MANQUEHUE,2587.0,servicios,2026-06-29,cartola
73,CL,CLP,1361882,32,Baja,transferencia a netflix chile,1176.0,ocio,2026-05-02,natural
73,CL,CLP,1361882,32,Baja,pago a entel fibra,4993.0,servicios,2026-07-23,natural
73,CL,CLP,1361882,32,Baja,AMAZON PRIME VIDEO,9378.0,ocio,2026-03-11,cartola
73,CL,CLP,1361882,32,Baja,PINTURAS SHERWIN WILLIAMS,7190.0,vivienda,2026-04-18,cartola
73,CL,CLP,1361882,32,Baja,compra en giro cajero redbanc,22895.0,otros,2026-07-20,natural
73,CL,CLP,1361882,32,Baja,SUC. TOMMY BEANS,12915.0,alimentacion,2026-02-21,cartola
73,CL,CLP,1361882,32,Baja,compra en carls jr,15417.0,alimentacion,2026-02-06,natural
73,CL,CLP,1361882,32,Baja,CONSTRUMART,5918.0,vivienda,2026-04-27,cartola
73,CL,CLP,1361882,32,Baja,ALVI,3007.0,alimentacion,2026-09-16,cartola
73,CL,CLP,1361882,32,Baja,gasto en ferretería el candado,9177.0,vivienda,2026-09-21,natural
73,CL,CLP,1361882,32,Baja,CARGO AUT MUNDO PACÍFICO,4386.0,servicios,2026-10-30,cartola
73,CL,CLP,1361882,32,Baja,transferencia a gtd manquehue,2574.0,servicios,2026-03-05,natural
73,CL,CLP,1361882,32,Baja,YOLITO FERRETERÍA,1253.0,vivienda,2026-02-11,cartola
73,CL,CLP,1361882,32,Baja,gasto en carls jr,5693.0,alimentacion,2026-02-12,natural
73,CL,CLP,1361882,32,Baja,MUNDO PACÍFICO,6843.0,servicios,2026-05-05,cartola
73,CL,CLP,1361882,32,Baja,transferencia a bci seguros,6381.0,otros,2026-09-27,natural
73,CL,CLP,1361882,32,Baja,compra en efe trenes,940.0,transporte,2026-12-13,natural
73,CL,CLP,1361882,32,Baja,PARIS,6402.0,otros,2026-08-21,cartola
73,CL,CLP,1361882,32,Baja,compra en pastelería marmentini,1399.0,alimentacion,2026-05-12,natural
73,CL,CLP,1361882,32,Baja,PAGO TC ESVAL,8267.0,servicios,2026-01-02,cartola
73,CL,CLP,1361882,32,Baja,OK MARKET,4256.0,alimentacion,2026-04-25,cartola
73,CL,CLP,1361882,32,Baja,pago a imperial,14330.0,vivienda,2026-01-01,natural
73,CL,CLP,1361882,32,Baja,transferencia a doggis,11426.0,alimentacion,2026-11-27,natural
73,CL,CLP,1361882,32,Baja,compra en essbio,9776.0,servicios,2026-03-06,natural
73,CL,CLP,1361882,32,Baja,VESPUCIO SUR,9152.0,transporte,2026-05-05,cartola
73,CL,CLP,1361882,32,Baja,gasto en mcdonalds,6236.0,alimentacion,2026-09-13,natural
73,CL,CLP,1361882,32,Baja,,890.0,salud,2026-11-18,cartola
73,CL,CLP,1361882,32,Baja,gasto en mundo pacífico,8084.0,servicios,2026-05-23,natural
73,CL,CLP,1361882,32,Baja,EASY,4772.0,vivienda,2026-11-24,cartola
73,CL,CLP,1361882,32,Baja,compra en spotify,4810.0,ocio,2026-09-03,natural
73,CL,CLP,1361882,32,Baja,pago a enel distribución,3614.0,servicios,2026-04-26,natural
73,CL,CLP,1361882,32,Baja,pago a didi taxi,20073.0,transporte,2026-10-30,natural
73,CL,CLP,1361882,32,Baja,ADMINISTRACIÓN JARDINES DE MAIPÚ,2177.0,vivienda,2026-03-31,cartola
73,CL,CLP,1361882,32,Baja,FERIA LIBRE PINTO,2888.0,alimentacion,2026-10-23,cartola
73,CL,CLP,1361882,32,Baja,transferencia a maderas encofrados,25017.0,vivienda,2026-02-11,natural
73,CL,CLP,1361882,32,Baja,pago a upa!,12604.0,alimentacion,2026-02-04,natural
73,CL,CLP,1361882,32,Baja,transferencia a almacén de barrio,993.0,alimentacion,2026-02-10,natural
73,CL,CLP,1361882,32,Baja,SMART FIT,17945.0,ocio,2026-12-07,cartola
73,CL,CLP,1361882,32,Baja,pago a farmacias del dr simi,1950.0,salud,2026-05-04,natural
73,CL,CLP,1361882,32,Baja,transferencia a condovive copropiedad,9285.0,vivienda,2026-02-26,natural
73,CL,CLP,1361882,32,Baja,gasto en bci seguros,6109.0,otros,2026-10-21,natural
73,CL,CLP,1361882,32,Baja,transferencia a metro de santiago,5838.0,transporte,2026-08-23,natural
73,CL,CLP,1361882,32,Baja,FUENTE SUIZA,9600.0,alimentacion,2026-04-06,cartola
73,CL,CLP,1361882,32,Baja,YOLITO FERRETERÍA,1761.0,vivienda,2026-11-15,cartola
73,CL,CLP,1361882,32,Baja,pgao a petrobras,1314.0,transporte,2026-12-09,natural
73,CL,CLP,1361882,32,Baja,compra en aguas andinas,8005.0,servicios,2026-05-12,natural
73,CL,CLP,1361882,32,Baja,pago a petrobras,2604.0,transporte,2026-06-25,natural
73,CL,CLP,1361882,32,Baja,SUB*PASTELERÍA MARMENTINI,27671.0,alimentacion,2026-02-21,cartola
73,CL,CLP,1361882,32,Baja,TEATRO CAUPOLICÁN,4556.0,ocio,2026-02-07,cartola
73,CL,CLP,1361882,32,Baja,FERRETERÍA PRAT,898.0,vivienda,2026-12-09,cartola
73,CL,CLP,1361882,32,Baja,MCDONALDS,8783.0,alimentacion,2026-01-05,cartola
73,CL,CLP,1361882,32,Baja,DISNEY PLUS,2773.0,ocio,2026-08-01,cartola
73,CL,CLP,1361882,32,Baja,compra en aguas de antofagasta,1220.0,servicios,2026-04-30,natural
73,CL,CLP,1361882,32,Baja,compra en gasco,4169.0,servicios,2026-11-22,natural
73,CL,CLP,1361882,32,Baja,compra en copropietarios edificio el golf,25264.0,vivienda,2026-07-28,natural
74,CL,CLP,543585,46,Baja,FALABELLA,1958.0,otros,2026-11-23,cartola
74,CL,CLP,543585,46,Baja,transferencia a ferretería prat,605.0,vivienda,2026-11-02,natural
74,CL,CLP,543585,46,Baja,gasto en lipigas,7819.0,servicios,2026-09-12,natural
74,CL,CLP,543585,46,Baja,transferencia a farmacias salcobrand,857.0,salud,2026-04-23,natural
74,CL,CLP,543585,46,Baja,cargo de spotify,6275.0,streaming,2026-01-30,natural
74,CL,CLP,543585,46,Baja,CHILENA CONSOLIDADA,1023.0,otros,2026-06-26,cartola
74,CL,CLP,543585,46,Baja,COMPRA WEB BANCO DE CHILE COMISIONES,4652.0,otros,2026-12-04,cartola
74,CL,CLP,543585,46,Baja,AMAZON PRIME VIDEO,545.0,ocio,2026-06-20,cartola
74,CL,CLP,543585,46,Baja,TER* COMUNIDADFELIZ GASTOS COMUNES,629.0,vivienda,2026-09-02,cartola
74,CL,CLP,543585,46,Baja,apgo mensual de crunchyroll,3419.0,streaming,2026-12-19,natural
74,CL,CLP,543585,46,Baja,compra en pastelería marmentini,885.0,alimentacion,2026-07-22,natural
74,CL,CLP,543585,46,Baja,compra en sibaritas 87,3371.0,alimentacion,2026-08-14,natural
74,CL,CLP,543585,46,Baja,gasto en maderas encofrados,2178.0,vivienda,2026-03-21,natural
74,CL,CLP,543585,46,Baja,COSTANERA NORTE,809.0,transporte,2026-02-04,cartola
74,CL,CLP,543585,46,Baja,MERCDAO LIBRE,7236.0,otros,2026-02-21,cartola
74,CL,CLP,543585,46,Baja,SMART FIT,1619.0,ocio,2026-06-10,cartola
74,CL,CLP,543585,46,Baja,gasto en megasalud,3566.0,salud,2026-03-25,natural
74,CL,CLP,543585,46,Baja,,1870.0,vivienda,2026-11-24,cartola
74,CL,CLP,543585,46,Baja,pago a la polar,2494.0,otros,2026-01-26,natural
74,CL,CLP,543585,46,Baja,ISAPRE COLMENA,970.0,salud,2026-08-13,cartola
74,CL,CLP,543585,46,Baja,transferencia a zara chile,601.0,otros,2026-11-13,natural
74,CL,CLP,543585,46,Baja,PAGO TC PARAMOUNT+ 4/7,2104.0,streaming,2026-06-03,cartola
74,CL,CLP,543585,46,Baja,ENERGY FITNESS,1561.0,ocio,2026-10-20,cartola
74,CL,CLP,543585,46,Baja,gasto en easy,1330.0,vivienda,2026-04-05,natural
74,CL,CLP,543585,46,Baja,AUTOPISTA VESPUCIO ORIENTE AVO,3003.0,transporte,2026-08-13,cartola
74,CL,CLP,543585,46,Baja,TER* ALVI,3154.0,alimentacion,2026-09-24,cartola
74,CL,CLP,543585,46,Baja,transferencia a ferretería prat,1052.0,vivienda,2026-05-13,natural
74,CL,CLP,543585,46,Baja,compra en gtd manquehue,1112.0,servicios,2026-03-07,natural
74,CL,CLP,543585,46,Baja,pago a pacific fitness,1427.0,ocio,2026-07-29,natural
74,CL,CLP,543585,46,Baja,RAPPI,973.0,alimentacion,2026-06-02,cartola
74,CL,CLP,543585,46,Baja,ESTACIONAMIENTO SABA,724.0,transporte,2026-06-21,cartola
74,CL,CLP,543585,46,Baja,PEAJE LATERAL,1070.0,transporte,2026-07-03,cartola
74,CL,CLP,543585,46,Baja,pago a aguas del altiplano,15019.0,servicios,2026-06-29,natural
74,CL,CLP,543585,46,Baja,pago a ruta 68,3588.0,transporte,2026-11-18,natural
74,CL,CLP,543585,46,Baja,PAC GASCO,1023.0,servicios,2026-03-09,cartola
74,CL,CLP,543585,46,Baja,LIBRERÍA NACIONAL,828.0,educacion,2026-07-21,cartola
74,CL,CLP,543585,46,Baja,pago mensual de crunchyroll,3417.0,streaming,2026-01-06,natural
74,CL,CLP,543585,46,Baja,compra en imperial,1556.0,vivienda,2026-01-15,natural
74,CL,CLP,543585,46,Baja,agsto en petrobras,4157.0,transporte,2026-02-11,natural
74,CL,CLP,543585,46,Baja,ALQUILER PROPIEDADES CHILE,6913.0,vivienda,2026-01-31,cartola
74,CL,CLP,543585,46,Baja,pago a falabella home,2460.0,vivienda,2026-06-30,natural
74,CL,CLP,543585,46,Baja,POS TRX AMAZON PRIME 9243,557.0,streaming,2026-09-19,cartola
74,CL,CLP,543585,46,Baja,pago a la sanguchera del barrio,4099.0,alimentacion,2026-10-16,natural
74,CL,CLP,543585,46,Baja,transferencia a netflix chile,8390.0,ocio,2026-01-21,natural
74,CL,CLP,543585,46,Baja,pago a turbus,2335.0,transporte,2026-07-01,natural
74,CL,CLP,543585,46,Baja,SCHOPDOG,3082.0,alimentacion,2026-07-03,cartola
74,CL,CLP,543585,46,Baja,transferencia a construmart,1107.0,vivienda,2026-09-01,natural
74,CL,CLP,543585,46,Baja,transferencia a sibaritas 87,1292.0,alimentacion,2026-12-16,natural
74,CL,CLP,543585,46,Baja,REDFARMA,3568.0,salud,2026-05-29,cartola
74,CL,CLP,543585,46,Baja,suscripción a spotify,7068.0,streaming,2026-09-13,natural
74,CL,CLP,543585,46,Baja,GASCO,2667.0,servicios,2026-04-10,cartola
74,CL,CLP,543585,46,Baja,pago a kastor gastos comunes,4196.0,vivienda,2026-02-24,natural
74,CL,CLP,543585,46,Baja,compra en dr ahorro,506.0,salud,2026-07-05,natural
74,CL,CLP,543585,46,Baja,transferencia a clínica alemana,641.0,salud,2026-11-16,natural
74,CL,CLP,543585,46,Baja,transferencia a subway,2042.0,alimentacion,2026-03-27,natural
74,CL,CLP,543585,46,Baja,transferencia a autopista vespucio oriente avo,522.0,transporte,2026-06-23,natural
74,CL,CLP,543585,46,Baja,transferencia a netflix chile,2711.0,ocio,2026-01-22,natural
74,CL,CLP,543585,46,Baja,compra en yolito ferretería,927.0,vivienda,2026-09-01,natural
74,CL,CLP,543585,46,Baja,DR AHORRO,4217.0,salud,2026-03-01,cartola
74,CL,CLP,543585,46,Baja,compra en mamut,4440.0,alimentacion,2026-04-14,natural
74,CL,CLP,543585,46,Baja,gasto en farmacias knop,1676.0,salud,2026-05-19,natural
74,CL,CLP,543585,46,Baja,gasto en tommy beans,536.0,alimentacion,2026-10-30,natural
74,CL,CLP,543585,46,Baja,UBER CHILE,2799.0,transporte,2026-06-08,cartola
74,CL,CLP,543585,46,Baja,gasto en petrobras,13265.0,transporte,2026-08-20,natural
74,CL,CLP,543585,46,Baja,cargo de apple music,2621.0,streaming,2026-03-18,natural
74,CL,CLP,543585,46,Baja,pago a vtr internet,517.0,servicios,2026-01-22,natural
74,CL,CLP,543585,46,Baja,COMPRA WEB RUTA DE LMAIPO,683.0,transporte,2026-05-25,cartola
74,CL,CLP,543585,46,Baja,compra en gtd manquehue,1039.0,servicios,2026-02-07,natural
74,CL,CLP,543585,46,Baja,transferencia a pastelería marmentini,586.0,alimentacion,2026-10-08,natural
74,CL,CLP,543585,46,Baja,pago a universidad del desarrollo udd,4510.0,educacion,2026-10-15,natural
74,CL,CLP,543585,46,Baja,transferencia a ikea chile,5011.0,vivienda,2026-05-23,natural
74,CL,CLP,543585,46,Baja,gasto en bar la virgen,805.0,ocio,2026-01-13,natural
74,CL,CLP,543585,46,Baja,transferencia a aguas de antofagasta,1060.0,servicios,2026-07-05,natural
74,CL,CLP,543585,46,Baja,VERDULERÍA DON LUCHO,725.0,alimentacion,2026-09-24,cartola
74,CL,CLP,543585,46,Baja,transferencia a pastelería marmentini,6429.0,alimentacion,2026-09-26,natural
74,CL,CLP,543585,46,Baja,ATM ESVAL,1879.0,servicios,2026-04-07,cartola
74,CL,CLP,543585,46,Baja,GTD MANQUEHUE,2871.0,servicios,2026-12-23,cartola
74,CL,CLP,543585,46,Baja,transferencia a ripley,1444.0,otros,2026-10-21,natural
74,CL,CLP,543585,46,Baja,INTEGRAMÉDICA,2682.0,salud,2026-01-01,cartola
74,CL,CLP,543585,46,Baja,TEATRO NESCAFÉ DE LAS ARTES,1311.0,ocio,2026-10-22,cartola
74,CL,CLP,543585,46,Baja,compra en zurich chile,1116.0,otros,2026-01-27,natural
74,CL,CLP,543585,46,Baja,transferencia a clínica bupa,2707.0,salud,2026-02-05,natural
74,CL,CLP,543585,46,Baja,transferencia a fuente alemana,2405.0,alimentacion,2026-06-09,natural
74,CL,CLP,543585,46,Baja,TER* RUTA DEL ITATA,935.0,transporte,2026-01-31,cartola
74,CL,CLP,543585,46,Baja,compra en autopista del sol,626.0,transporte,2026-09-19,natural
74,CL,CLP,543585,46,Baja,EDIPRO EDIFICIO,1237.0,vivienda,2026-12-11,cartola
74,CL,CLP,543585,46,Baja,CONDOVIVE COPROPIEDAD,1443.0,vivienda,2026-07-29,cartola
74,CL,CLP,543585,46,Baja,pago a essbio,2665.0,servicios,2026-05-30,natural
74,CL,CLP,543585,46,Baja,TER* DISNEY PLUS 3876,6615.0,streaming,2026-01-31,cartola
74,CL,CLP,543585,46,Baja,ESTACIONAMIENTO MALL CENTER,1111.0,transporte,2026-11-25,cartola
74,CL,CLP,543585,46,Baja,gasto en clínica universidad de los andes,751.0,salud,2026-10-29,natural
74,CL,CLP,543585,46,Baja,DIMEIGGS,579.0,educacion,2026-12-19,cartola
74,CL,CLP,543585,46,Baja,compra en uber chile,1877.0,transporte,2026-08-07,natural
74,CL,CLP,543585,46,Baja,transferencia a paris,1510.0,otros,2026-09-10,natural
74,CL,CLP,543585,46,Baja,SAESA,3512.0,servicios,2026-06-20,cartola
74,CL,CLP,543585,46,Baja,PAC JUMBO,747.0,alimentacion,2026-09-14,cartola
74,CL,CLP,543585,46,Baja,compra en ferretería el candado,2428.0,vivienda,2026-02-26,natural
74,CL,CLP,543585,46,Baja,AIEP,5791.0,educacion,2026-01-09,cartola
74,CL,CLP,543585,46,Baja,CASAIDEAS,6497.0,vivienda,2026-01-05,cartola
74,CL,CLP,543585,46,Baja,pago a aguas del altiplano,8577.0,servicios,2026-12-01,natural
74,CL,CLP,543585,46,Baja,gasto en farmacias salcobrand,3991.0,salud,2026-04-24,natural
74,CL,CLP,543585,46,Baja,IKEA CHILE,6359.0,vivienda,2026-09-22,cartola
74,CL,CLP,543585,46,Baja,gasto en petrobras,719.0,transporte,2026-06-22,natural
74,CL,CLP,543585,46,Baja,pago a efe trenes,592.0,transporte,2026-08-08,natural
74,CL,CLP,543585,46,Baja,PARIS DECO,704.0,vivienda,2026-01-24,cartola
74,CL,CLP,543585,46,Baja,transferencia a ferretería prat,3300.0,vivienda,2026-06-19,natural
74,CL,CLP,543585,46,Baja,gasto en mcdonalds,7456.0,alimentacion,2026-04-13,natural
74,CL,CLP,543585,46,Baja,pago a redfarma,557.0,salud,2026-03-01,natural
74,CL,CLP,543585,46,Baja,pago a aguas de antofagasta,2725.0,servicios,2026-03-27,natural
74,CL,CLP,543585,46,Baja,transferencia a tommy beans,3691.0,alimentacion,2026-09-12,natural
74,CL,CLP,543585,46,Baja,gasto en copropietarios edificio el golf,7062.0,vivienda,2026-06-14,natural
74,CL,CLP,543585,46,Baja,JUAN VALDEZ,2800.0,alimentacion,2026-06-16,cartola
74,CL,CLP,543585,46,Baja,PASTELERÍA MARMENTINI,9458.0,alimentacion,2026-03-25,cartola
74,CL,CLP,543585,46,Baja,compra en integramédica,1137.0,salud,2026-07-21,natural
74,CL,CLP,543585,46,Baja,pago a clínica universidad de los andes,1158.0,salud,2026-03-31,natural
74,CL,CLP,543585,46,Baja,transferencia a abastible,2106.0,servicios,2026-03-30,natural
74,CL,CLP,543585,46,Baja,SENCILLITO CUENTAS,1301.0,servicios,2026-04-30,cartola
74,CL,CLP,543585,46,Baja,,655.0,alimentacion,2026-07-07,natural
74,CL,CLP,543585,46,Baja,TOTTUS,3539.0,alimentacion,2026-07-07,cartola
74,CL,CLP,543585,46,Baja,MELT PIZZAS,3747.0,alimentacion,2026-09-19,cartola
74,CL,CLP,543585,46,Baja,transferencia a peaje melipilla,3696.0,transporte,2026-02-21,natural
74,CL,CLP,543585,46,Baja,CHILQUINTA,1138.0,servicios,2026-05-20,cartola
74,CL,CLP,543585,46,Baja,AUTOPISTA DEL SOL,1987.0,transporte,2026-01-19,cartola
74,CL,CLP,543585,46,Baja,PEDRO JUAN Y DIEGO,1200.0,alimentacion,2026-03-16,cartola
74,CL,CLP,543585,46,Baja,gasto en rappi,729.0,alimentacion,2026-05-10,natural
74,CL,CLP,543585,46,Baja,CLÍNICA UNIVERSIDAD DE LOS ANDES,2223.0,salud,2026-02-24,cartola
74,CL,CLP,543585,46,Baja,VTR INTERNET,770.0,servicios,2026-04-10,cartola
74,CL,CLP,543585,46,Baja,transferencia a movistar arena,568.0,ocio,2026-10-26,natural
74,CL,CLP,543585,46,Baja,transferencia a uber eats,3788.0,alimentacion,2026-01-17,natural
74,CL,CLP,543585,46,Baja,,853.0,otros,2026-04-26,natural
74,CL,CLP,543585,46,Baja,transferencia a movistar hogar,8592.0,servicios,2026-06-01,natural
74,CL,CLP,543585,46,Baja,transferencia a autopista central,1948.0,transporte,2026-11-26,natural
74,CL,CLP,543585,46,Baja,,10962.0,ocio,2026-04-26,cartola
74,CL,CLP,543585,46,Baja,pago a bar el barista,1041.0,ocio,2026-11-19,natural
75,CL,CLP,564044,66,Baja,pago mensual de disney plus,1209.0,streaming,2026-12-03,natural
75,CL,CLP,564044,66,Baja,ENERGY FITNESS,4738.0,ocio,2026-04-17,cartola
75,CL,CLP,564044,66,Baja,PETROBRAS,943.0,transporte,2026-07-08,cartola
75,CL,CLP,564044,66,Baja,SUC. CLÍNICA BUPA,3113.0,salud,2026-02-05,cartola
75,CL,CLP,564044,66,Baja,pago a almacén doña juana,662.0,alimentacion,2026-03-26,natural
75,CL,CLP,564044,66,Baja,transferencia a bar la virgen,654.0,ocio,2026-06-18,natural
75,CL,CLP,564044,66,Baja,compra en chilquinta,1711.0,servicios,2026-10-11,natural
75,CL,CLP,564044,66,Baja,COMPRA WEB SCHOPDOG,771.0,alimentacion,2026-02-04,cartola
75,CL,CLP,564044,66,Baja,gasto en entel fibra,3405.0,servicios,2026-07-03,natural
75,CL,CLP,564044,66,Baja,transferencia a saesa,707.0,servicios,2026-04-09,natural
75,CL,CLP,564044,66,Baja,MERCADO LIBRE,1092.0,otros,2026-08-25,cartola
75,CL,CLP,564044,66,Baja,transferencia a lipigas,2183.0,servicios,2026-05-02,natural
75,CL,CLP,564044,66,Baja,LIBRERÍA QUÉ LEO,874.0,educacion,2026-01-23,cartola
75,CL,CLP,564044,66,Baja,transferencia a paris deco,1237.0,vivienda,2026-03-04,natural
75,CL,CLP,564044,66,Baja,IMPERIAL,4404.0,vivienda,2026-11-22,cartola
75,CL,CLP,564044,66,Baja,ATM MEGASALUD,514.0,salud,2026-05-30,cartola
75,CL,CLP,564044,66,Baja,transferencia a cinemark,1206.0,ocio,2026-03-21,natural
75,CL,CLP,564044,66,Baja,renovación de youtube premium,1037.0,streaming,2026-11-11,natural
75,CL,CLP,564044,66,Baja,PAGO TC APPLE MUSIC 5916,1439.0,streaming,2026-06-02,cartola
75,CL,CLP,564044,66,Baja,PO STRX ABASTIBLE,2038.0,servicios,2026-01-17,cartola
75,CL,CLP,564044,66,Baja,gasto en breal propiedades,1214.0,vivienda,2026-02-08,natural
75,CL,CLP,564044,66,Baja,transferencia a sodimac homecenter,4064.0,vivienda,2026-11-29,natural
75,CL,CLP,564044,66,Baja,gasto en easy,847.0,vivienda,2026-07-21,natural
75,CL,CLP,564044,66,Baja,compra en autopista vespucio oriente avo,1472.0,transporte,2026-10-07,natural
75,CL,CLP,564044,66,Baja,SUB*SERVIPAG CUENTAS,1255.0,servicios,2026-03-29,cartola
75,CL,CLP,564044,66,Baja,POS TRX NETFLIX 6677,2717.0,streaming,2026-10-27,cartola
75,CL,CLP,564044,66,Baja,pago a tommy beans,8829.0,alimentacion,2026-10-19,natural
75,CL,CLP,564044,66,Baja,EASY,1860.0,vivienda,2026-12-21,cartola
75,CL,CLP,564044,66,Baja,transferencia a administración jardines de maipú,11287.0,vivienda,2026-03-11,natural
75,CL,CLP,564044,66,Baja,JUAN VALDEZ,937.0,alimentacion,2026-05-04,cartola
75,CL,CLP,564044,66,Baja,,579.0,alimentacion,2026-02-14,cartola
75,CL,CLP,564044,66,Baja,compra en chilena consolidada,732.0,otros,2026-06-03,natural
75,CL,CLP,564044,66,Baja,SUB*LIDER,1309.0,alimentacion,2026-06-29,cartola
75,CL,CLP,564044,66,Baja,CLÍNICA SANTA MARÍA,991.0,salud,2026-01-31,cartola
75,CL,CLP,564044,66,Baja,cargo de max,1096.0,streaming,2026-02-14,natural
75,CL,CLP,564044,66,Baja,WEBPAY TEATRO CAUPOLICÁN,1476.0,ocio,2026-11-19,cartola
75,CL,CLP,564044,66,Baja,,1075.0,transporte,2026-11-28,cartola
75,CL,CLP,564044,66,Baja,gasto en cineplanet,742.0,ocio,2026-02-09,natural
75,CL,CLP,564044,66,Baja,,915.0,alimentacion,2026-07-01,natural
75,CL,CLP,564044,66,Baja,ISAPRE CONSALUD,5666.0,salud,2026-10-24,cartola
75,CL,CLP,564044,66,Baja,DECATHLON,937.0,otros,2026-03-22,cartola
75,CL,CLP,564044,66,Baja,ECO FARMACIAS,3260.0,salud,2026-02-07,cartola
75,CL,CLP,564044,66,Baja,pago a breal propiedades,2466.0,vivienda,2026-12-22,natural
75,CL,CLP,564044,66,Baja,gasto en dunkin donuts,1451.0,alimentacion,2026-02-26,natural
75,CL,CLP,564044,66,Baja,SCHOPDOG,711.0,alimentacion,2026-11-18,cartola
75,CL,CLP,564044,66,Baja,BOTILLERÍA EL FARO,1199.0,alimentacion,2026-01-30,cartola
75,CL,CLP,564044,66,Baja,ÓPTICAS SCHILLING,2336.0,salud,2026-09-23,cartola
75,CL,CLP,564044,66,Baja,gasto en wom fibra,1125.0,servicios,2026-08-15,natural
75,CL,CLP,564044,66,Baja,compra en verdulería don lucho,630.0,alimentacion,2026-11-13,natural
75,CL,CLP,564044,66,Baja,SUB*CRUNCHYROLL 8623,553.0,streaming,2026-04-07,cartola
75,CL,CLP,564044,66,Baja,suscripción a paramount+,5518.0,streaming,2026-01-04,natural
75,CL,CLP,564044,66,Baja,AMAZON PRIME VIDEO,1512.0,ocio,2026-11-06,cartola
75,CL,CLP,564044,66,Baja,NF* DOMINÓ,2556.0,alimentacion,2026-04-01,cartola
75,CL,CLP,564044,66,Baja,IMPERIAL,1756.0,vivienda,2026-03-30,cartola
75,CL,CLP,564044,66,Baja,suscripción a disney plus,5366.0,streaming,2026-11-16,natural
75,CL,CLP,564044,66,Baja,COMPRA WEB FARMACIAS DEL DR SIMI,2062.0,salud,2026-04-02,cartola
75,CL,CLP,564044,66,Baja,compra en universidad andrés bello unab,1707.0,educacion,2026-05-30,natural
75,CL,CLP,564044,66,Baja,compra en dr ahorro,6733.0,salud,2026-08-22,natural
75,CL,CLP,564044,66,Baja,transferencia a redfarma,3313.0,salud,2026-12-03,natural
75,CL,CLP,564044,66,Baja,transferencia a giro cajero redbanc,1070.0,otros,2026-07-04,natural
75,CL,CLP,564044,66,Baja,CARGO AUT NETFLIX 4989,510.0,streaming,2026-02-13,cartola
75,CL,CLP,564044,66,Baja,FARMACIAS DEL DR SIMI,4030.0,salud,2026-06-29,cartola
75,CL,CLP,564044,66,Baja,UNIVERSIDAD DE SANTIAGO USACH,4707.0,educacion,2026-03-17,cartola
75,CL,CLP,564044,66,Baja,compra en esval,2052.0,servicios,2026-05-24,natural
75,CL,CLP,564044,66,Baja,transferencia a peaje melipilla,2106.0,transporte,2026-04-11,natural
75,CL,CLP,564044,66,Baja,transferencia a mundo pacífico,2603.0,servicios,2026-09-29,natural
75,CL,CLP,564044,66,Baja,pago a gtd manquehue,1506.0,servicios,2026-02-24,natural
75,CL,CLP,564044,66,Baja,NF* EFE TRENES,2970.0,transporte,2026-07-08,cartola
75,CL,CLP,564044,66,Baja,DENTALALEGRE,576.0,salud,2026-10-23,cartola
75,CL,CLP,564044,66,Baja,pago a tarjeta cencosud,8469.0,otros,2026-08-07,natural
75,CL,CLP,564044,66,Baja,PAC NETFLIX 6131,3613.0,streaming,2026-10-04,cartola
75,CL,CLP,564044,66,Baja,PASSLINE,2598.0,ocio,2026-03-07,cartola
75,CL,CLP,564044,66,Baja,SUB*PARIS,990.0,otros,2026-05-16,cartola
75,CL,CLP,564044,66,Baja,CLARO HOGAR,1245.0,servicios,2026-07-18,cartola
75,CL,CLP,564044,66,Baja,COLECTIVO LINEA 40,1371.0,transporte,2026-09-23,cartola
75,CL,CLP,564044,66,Baja,GTD MANQUEHUE,2822.0,servicios,2026-02-12,cartola
75,CL,CLP,564044,66,Baja,SHELL,2616.0,transporte,2026-12-27,cartola
75,CL,CLP,564044,66,Baja,transferencia a doggis,1256.0,alimentacion,2026-08-16,natural
75,CL,CLP,564044,66,Baja,EMPORIO LA ROSA,2475.0,alimentacion,2026-08-15,cartola
75,CL,CLP,564044,66,Baja,compra en vespucio sur,4378.0,transporte,2026-03-04,natural
75,CL,CLP,564044,66,Baja,gasto en mcdonalds,670.0,alimentacion,2026-09-07,natural
75,CL,CLP,564044,66,Baja,PULLMAN BUS,1560.0,transporte,2026-12-04,cartola
75,CL,CLP,564044,66,Baja,XOXO,3702.0,alimentacion,2026-09-07,cartola
75,CL,CLP,564044,66,Baja,compra en easy,2058.0,vivienda,2026-11-03,natural
75,CL,CLP,564044,66,Baja,CARGO AUT CABIFY,2746.0,transporte,2026-08-26,cartola
75,CL,CLP,564044,66,Baja,ÓPTICAS SCHILLING,1894.0,salud,2026-02-25,cartola
75,CL,CLP,564044,66,Baja,FERIA LIBRE PINTO,12536.0,alimentacion,2026-06-20,cartola
75,CL,CLP,564044,66,Baja,,533.0,salud,2026-11-11,natural
75,CL,CLP,564044,66,Baja,ÓPTICAS GMO,1759.0,salud,2026-05-10,cartola
75,CL,CLP,564044,66,Baja,gasto en pizza hut,629.0,alimentacion,2026-05-31,natural
75,CL,CLP,564044,66,Baja,gasto en upa!,1154.0,alimentacion,2026-04-28,natural
75,CL,CLP,564044,66,Baja,compra en almacén de barrio,1258.0,alimentacion,2026-07-23,natural
75,CL,CLP,564044,66,Baja,DIMEIGGS,883.0,educacion,2026-08-23,cartola
75,CL,CLP,564044,66,Baja,EMPORIO LA ROSA,8636.0,alimentacion,2026-01-17,cartola
75,CL,CLP,564044,66,Baja,transferencia a metro de santiago,7641.0,transporte,2026-03-23,natural
75,CL,CLP,564044,66,Baja,transferencia a librería subsuelo,1067.0,educacion,2026-01-14,natural
75,CL,CLP,564044,66,Baja,transferencia a esval,2659.0,servicios,2026-03-22,natural
75,CL,CLP,564044,66,Baja,compra en casaideas,1988.0,vivienda,2026-07-26,natural
75,CL,CLP,564044,66,Baja,OK MARKET,4403.0,alimentacion,2026-07-23,cartola
75,CL,CLP,564044,66,Baja,FARMACIAS SALCOBRAND,2572.0,salud,2026-09-29,cartola
75,CL,CLP,564044,66,Baja,CARLS JR,1043.0,alimentacion,2026-01-23,cartola
75,CL,CLP,564044,66,Baja,SUPERBODEGA ACUENTA,3752.0,alimentacion,2026-04-12,cartola
75,CL,CLP,564044,66,Baja,compra en pastelería marmentini,3578.0,alimentacion,2026-06-11,natural
75,CL,CLP,564044,66,Baja,WOM FIBRA,1857.0,servicios,2026-04-08,cartola
75,CL,CLP,564044,66,Baja,gasto en colectivo linea 40,6075.0,transporte,2026-05-24,natural
75,CL,CLP,564044,66,Baja,gasto en mcdonalds,6227.0,alimentacion,2026-04-14,natural
75,CL,CLP,564044,66,Baja,gasto en breal propiedades,1933.0,vivienda,2026-11-20,natural
75,CL,CLP,564044,66,Baja,POS TRX IKEA CHILE,2439.0,vivienda,2026-06-20,cartola
75,CL,CLP,564044,66,Baja,transferencia a servicio impuestos internos sii,14746.0,otros,2026-03-05,natural
75,CL,CLP,564044,66,Baja,cargo de spotify,925.0,streaming,2026-09-01,natural
75,CL,CLP,564044,66,Baja,pago a kastor gastos comunes,1022.0,vivienda,2026-03-12,natural
75,CL,CLP,564044,66,Baja,SUB*SMART FIT,526.0,ocio,2026-10-01,cartola
75,CL,CLP,564044,66,Baja,PAGO DE LUZ MUNICIPALIDAD,5892.0,servicios,2026-05-05,cartola
75,CL,CLP,564044,66,Baja,INSTITUTO PROFESIONAL SANTO TOMÁS,3554.0,educacion,2026-11-13,cartola
75,CL,CLP,564044,66,Baja,,606.0,streaming,2026-05-28,cartola
75,CL,CLP,564044,66,Baja,TER* PARAMOUNT+ 8024,10431.0,streaming,2026-07-11,cartola
75,CL,CLP,564044,66,Baja,pago a pinturas sherwin williams,3420.0,vivienda,2026-12-03,natural
75,CL,CLP,564044,66,Baja,POS TRX APPLE MUSIC 7989,4951.0,streaming,2026-08-14,cartola
75,CL,CLP,564044,66,Baja,CASAIDEAS,995.0,vivienda,2026-12-28,cartola
75,CL,CLP,564044,66,Baja,pago a maderas encofrados,1831.0,vivienda,2026-10-11,natural
75,CL,CLP,564044,66,Baja,CHILQUINTA,3124.0,servicios,2026-06-12,cartola
75,CL,CLP,564044,66,Baja,renovación de disney plus,2039.0,streaming,2026-01-08,natural
75,CL,CLP,564044,66,Baja,gasto en pedro juan y diego,2861.0,alimentacion,2026-12-13,natural
75,CL,CLP,564044,66,Baja,ATM ZOOLÓGICO METROPOLITANO,4436.0,ocio,2026-06-01,cartola
75,CL,CLP,564044,66,Baja,transferencia a librería el sembrador,1221.0,educacion,2026-11-18,natural
75,CL,CLP,564044,66,Baja,pago a integramédica,4918.0,salud,2026-04-05,natural
75,CL,CLP,564044,66,Baja,,713.0,ocio,2026-03-05,natural
75,CL,CLP,564044,66,Baja,transferencia a farmacias salcobrand,823.0,salud,2026-03-06,natural
76,CL,CLP,942296,10,Media,LIPIGAS,9266.0,servicios,2026-05-17,cartola
76,CL,CLP,942296,10,Media,pago a fuente alemana,629.0,alimentacion,2026-07-14,natural
76,CL,CLP,942296,10,Media,COPROPIETARIOS EDIFICIO EL GOLF,782.0,vivienda,2026-04-27,cartola
76,CL,CLP,942296,10,Media,transferencia a isapre cruz blanca,4177.0,salud,2026-12-30,natural
76,CL,CLP,942296,10,Media,SPACIO1 PETROBRAS,6533.0,alimentacion,2026-03-10,cartola
76,CL,CLP,942296,10,Media,compra en falabella home,957.0,vivienda,2026-01-28,natural
76,CL,CLP,942296,10,Media,SCHOPDOG,12316.0,alimentacion,2026-12-01,cartola
76,CL,CLP,942296,10,Media,gasto en tavelli,17657.0,alimentacion,2026-01-14,natural
76,CL,CLP,942296,10,Media,transferencia a metro de santiago,4524.0,transporte,2026-02-15,natural
76,CL,CLP,942296,10,Media,gasto en sibaritas 87,3188.0,alimentacion,2026-01-16,natural
76,CL,CLP,942296,10,Media,MADERAS ENCOFRADOS,6570.0,vivienda,2026-07-28,cartola
76,CL,CLP,942296,10,Media,transferencia a construmart,1934.0,vivienda,2026-06-07,natural
76,CL,CLP,942296,10,Media,PAC COLEGIO SAINT GEORGE,3302.0,educacion,2026-12-03,cartola
76,CL,CLP,942296,10,Media,transferencia a sparta,12041.0,otros,2026-08-15,natural
76,CL,CLP,942296,10,Media,COMPRA WEB NETFLIX 8807,15136.0,streaming,2026-08-29,cartola
76,CL,CLP,942296,10,Media,transferencia a copec,12719.0,transporte,2026-02-27,natural
76,CL,CLP,942296,10,Media,transferencia a pedro juan y diego,1479.0,alimentacion,2026-10-31,natural
76,CL,CLP,942296,10,Media,gasto en abastible,1285.0,servicios,2026-11-01,natural
76,CL,CLP,942296,10,Media,POS TRX ABASTIBLE,1716.0,servicios,2026-12-11,cartola
76,CL,CLP,942296,10,Media,compra en emporio la rosa,2828.0,alimentacion,2026-05-10,natural
76,CL,CLP,942296,10,Media,CMR FALABELLA COBROS,1832.0,otros,2026-08-05,cartola
76,CL,CLP,942296,10,Media,UNIVERSIDAD DE LOS ANDES,2277.0,educacion,2026-01-14,cartola
76,CL,CLP,942296,10,Media,transferencia a juan valdez,4709.0,alimentacion,2026-12-25,natural
76,CL,CLP,942296,10,Media,FONASA,6984.0,salud,2026-08-31,cartola
76,CL,CLP,942296,10,Media,PAGO TC ALIEXPRESS,6462.0,otros,2026-05-25,cartola
76,CL,CLP,942296,10,Media,FALABELLA OHME,8182.0,vivienda,2026-11-22,cartola
76,CL,CLP,942296,10,Media,CGE IDSTRIBUCIÓN,1114.0,servicios,2026-08-05,cartola
76,CL,CLP,942296,10,Media,transferencia a aguas de antofagasta,857.0,servicios,2026-03-05,natural
76,CL,CLP,942296,10,Media,TICKETMASTER CHILE,7567.0,ocio,2026-06-07,cartola
76,CL,CLP,942296,10,Media,PEAJE LATERAL,3700.0,transporte,2026-06-11,cartola
76,CL,CLP,942296,10,Media,transferencia a tarragona,4193.0,alimentacion,2026-01-18,natural
76,CL,CLP,942296,10,Media,RUTA 68,1227.0,transporte,2026-11-15,cartola
76,CL,CLP,942296,10,Media,pago a efe trenes,1432.0,transporte,2026-02-18,natural
76,CL,CLP,942296,10,Media,FERRETERÍA PRAT,4941.0,vivienda,2026-02-25,cartola
76,CL,CLP,942296,10,Media,IKEA CHILE,9523.0,vivienda,2026-12-13,cartola
76,CL,CLP,942296,10,Media,PACIFIC FITNESS,12090.0,ocio,2026-02-27,cartola
76,CL,CLP,942296,10,Media,SPACIO1 PETROBRAS,3371.0,alimentacion,2026-06-04,cartola
76,CL,CLP,942296,10,Media,ALQUILER PROPIEDADES CHILE,3830.0,vivienda,2026-02-24,cartola
76,CL,CLP,942296,10,Media,pago a isapre consalud,8696.0,salud,2026-12-07,natural
76,CL,CLP,942296,10,Media,transferencia a colegio saint george,3747.0,educacion,2026-01-19,natural
76,CL,CLP,942296,10,Media,transferencia a eco farmacias,3534.0,salud,2026-05-31,natural
76,CL,CLP,942296,10,Media,TER* MAX 1989,11439.0,streaming,2026-12-25,cartola
76,CL,CLP,942296,10,Media,DR AHORRO,7580.0,salud,2026-04-18,cartola
76,CL,CLP,942296,10,Media,ESSBIO,11648.0,servicios,2026-02-16,cartola
76,CL,CLP,942296,10,Media,pago a autopista central,1196.0,transporte,2026-07-26,natural
76,CL,CLP,942296,10,Media,compra en condovive copropiedad,3610.0,vivienda,2026-12-29,natural
76,CL,CLP,942296,10,Media,pago a almacén doña juana,8978.0,alimentacion,2026-12-06,natural
76,CL,CLP,942296,10,Media,DR AHORRO,572.0,salud,2026-05-08,cartola
76,CL,CLP,942296,10,Media,FERRETERÍA EL CANDADO,7690.0,vivienda,2026-07-04,cartola
76,CL,CLP,942296,10,Media,compra en kastor gastos comunes,982.0,vivienda,2026-02-27,natural
76,CL,CLP,942296,10,Media,KFC,8020.0,alimentacion,2026-05-23,cartola
76,CL,CLP,942296,10,Media,PULLMAN BUS,4599.0,transporte,2026-04-07,cartola
76,CL,CLP,942296,10,Media,SUBWAY,1043.0,alimentacion,2026-02-16,cartola
76,CL,CLP,942296,10,Media,GTD MANQUEHUE,3115.0,servicios,2026-07-10,cartola
76,CL,CLP,942296,10,Media,pago a uber chile,5564.0,transporte,2026-05-20,natural
76,CL,CLP,942296,10,Media,pago a alvi,4881.0,alimentacion,2026-04-13,natural
76,CL,CLP,942296,10,Media,transferencia a la sanguchera del barrio,2707.0,alimentacion,2026-08-19,natural
76,CL,CLP,942296,10,Media,ENTEL FIBRA,11155.0,servicios,2026-12-06,cartola
76,CL,CLP,942296,10,Media,gasto en emporio la rosa,3558.0,alimentacion,2026-02-18,natural
76,CL,CLP,942296,10,Media,compra en sencillito cuentas,3425.0,servicios,2026-04-22,natural
76,CL,CLP,942296,10,Media,transferencia a farmacias del dr simi,952.0,salud,2026-11-12,natural
76,CL,CLP,942296,10,Media,EMPORIO LA ROSA,12400.0,alimentacion,2026-11-18,cartola
76,CL,CLP,942296,10,Media,NF* ESVAL,947.0,servicios,2026-03-28,cartola
76,CL,CLP,942296,10,Media,ISAPRE BANMÉDICA,3651.0,salud,2026-10-09,cartola
76,CL,CLP,942296,10,Media,MUNDO PACÍFICO,7906.0,servicios,2026-11-23,cartola
76,CL,CLP,942296,10,Media,gasto en pullman bus,1179.0,transporte,2026-09-09,natural
76,CL,CLP,942296,10,Media,gasto en clínica santa maría,3641.0,salud,2026-03-15,natural
76,CL,CLP,942296,10,Media,PEAJE LATERAL,1338.0,transporte,2026-02-16,cartola
76,CL,CLP,942296,10,Media,,6927.0,servicios,2026-03-17,cartola
76,CL,CLP,942296,10,Media,gasto en paris deco,4036.0,vivienda,2026-04-06,natural
76,CL,CLP,942296,10,Media,transferencia a aguas de antofagasta,9413.0,servicios,2026-01-31,natural
76,CL,CLP,942296,10,Media,transferencia a easy,10928.0,vivienda,2026-01-22,natural
76,CL,CLP,942296,10,Media,compra en pinturas sherwin williams,5082.0,vivienda,2026-01-17,natural
76,CL,CLP,942296,10,Media,KFC,6278.0,alimentacion,2026-07-31,cartola
76,CL,CLP,942296,10,Media,pago a tarjeta cencosud,3871.0,otros,2026-05-28,natural
76,CL,CLP,942296,10,Media,transferencia a papa johns,2357.0,alimentacion,2026-08-23,natural
76,CL,CLP,942296,10,Media,VESPUCIO NORTE,5074.0,transporte,2026-12-20,cartola
76,CL,CLP,942296,10,Media,ZURICH CHILE,11606.0,otros,2026-11-01,cartola
76,CL,CLP,942296,10,Media,gasto en vespucio sur,2618.0,transporte,2026-03-28,natural
76,CL,CLP,942296,10,Media,renovación de crunchyroll,1834.0,streaming,2026-02-07,natural
76,CL,CLP,942296,10,Media,EDIPRO EDIFICIO,2389.0,vivienda,2026-02-22,cartola
76,CL,CLP,942296,10,Media,EDITORIAL SANTILLANA,2777.0,educacion,2026-01-28,cartola
76,CL,CLP,942296,10,Media,LIPIGAS,1088.0,servicios,2026-07-19,cartola
76,CL,CLP,942296,10,Media,UNIVERSIDAD DE CHILE,3352.0,educacion,2026-06-22,cartola
76,CL,CLP,942296,10,Media,pago a burger king,3312.0,alimentacion,2026-10-01,natural
76,CL,CLP,942296,10,Media,compra en didi taxi,4313.0,transporte,2026-02-19,natural
76,CL,CLP,942296,10,Media,compra en colegio sna ignacio,2189.0,educacion,2026-12-11,natural
76,CL,CLP,942296,10,Media,gasto en copropietarios edificio el golf,4613.0,vivienda,2026-06-26,natural
76,CL,CLP,942296,10,Media,FERIA CHILENA DEL LIBRO,10228.0,educacion,2026-10-28,cartola
76,CL,CLP,942296,10,Media,CARGO AUT DIMEIGGS,15116.0,educacion,2026-08-15,cartola
76,CL,CLP,942296,10,Media,transferencia a condovive copropiedad,4256.0,vivienda,2026-05-07,natural
76,CL,CLP,942296,10,Media,pago a fuente alemana,848.0,alimentacion,2026-01-21,natural
76,CL,CLP,942296,10,Media,IMPERIAL,16912.0,vivienda,2026-07-18,cartola
76,CL,CLP,942296,10,Media,CONDOVIVE COPROPIEDAD,5945.0,vivienda,2026-07-08,cartola
76,CL,CLP,942296,10,Media,TER* YOUTUBE PREMIUM 2916,1989.0,streaming,2026-11-28,cartola
76,CL,CLP,942296,10,Media,GIRO CAJERO REDBANC,773.0,otros,2026-06-01,cartola
76,CL,CLP,942296,10,Media,compra en fuente suiza,752.0,alimentacion,2026-06-09,natural
76,CL,CLP,942296,10,Media,pago a ok market,892.0,alimentacion,2026-12-13,natural
76,CL,CLP,942296,10,Media,renovación de crunchyroll,979.0,streaming,2026-04-06,natural
76,CL,CLP,942296,10,Media,gasto en aguas andinas,11291.0,servicios,2026-12-18,natural
76,CL,CLP,942296,10,Media,pago a universidad de santiago usach,3780.0,educacion,2026-03-16,natural
76,CL,CLP,942296,10,Media,PASSLINE,5848.0,ocio,2026-03-23,cartola
76,CL,CLP,942296,10,Media,SCHOPDOG,8554.0,alimentacion,2026-05-08,cartola
76,CL,CLP,942296,10,Media,compra en melt pizzas,7617.0,alimentacion,2026-12-25,natural
76,CL,CLP,942296,10,Media,RUTA DEL MAIPO,10407.0,transporte,2026-05-13,cartola
76,CL,CLP,942296,10,Media,suscripción a apple music,16609.0,streaming,2026-05-19,natural
76,CL,CLP,942296,10,Media,COMPRA WEB ISAPRE CONSALUD,2809.0,salud,2026-09-03,cartola
76,CL,CLP,942296,10,Media,pago a spotify,14586.0,ocio,2026-10-18,natural
76,CL,CLP,942296,10,Media,SUB*AUTOPISTA VESPUCIO ORIENTE AVO,6241.0,transporte,2026-04-22,cartola
76,CL,CLP,942296,10,Media,pago a abastible,1214.0,servicios,2026-06-19,natural
76,CL,CLP,942296,10,Media,AUTOPISTA VESPUCIO ORIENTE AVO,5562.0,transporte,2026-03-28,cartola
76,CL,CLP,942296,10,Media,COPROPIETARIOS EDIFICIO EL GOLF,5638.0,vivienda,2026-04-29,cartola
76,CL,CLP,942296,10,Media,pago a instituto profesional santo tomás,11479.0,educacion,2026-04-08,natural
76,CL,CLP,942296,10,Media,ABASTIBLE,2267.0,servicios,2026-08-28,cartola
76,CL,CLP,942296,10,Media,SEGUROS METLIFE,4271.0,otros,2026-12-03,cartola
76,CL,CLP,942296,10,Media,SENCILLITO CUENTAS,637.0,servicios,2026-03-23,cartola
76,CL,CLP,942296,10,Media,SUC. COSTANERA NORTE,1961.0,transporte,2026-08-24,cartola
76,CL,CLP,942296,10,Media,CASAIDEAS,1147.0,vivienda,2026-10-09,cartola
76,CL,CLP,942296,10,Media,pago a la polar,3585.0,otros,2026-01-03,natural
76,CL,CLP,942296,10,Media,FARMACIAS SALCOBRAND,8262.0,salud,2026-02-28,cartola
76,CL,CLP,942296,10,Media,ESSBIO,1123.0,servicios,2026-04-26,cartola
76,CL,CLP,942296,10,Media,RUTA DEL MAIPO,3641.0,transporte,2026-05-11,cartola
76,CL,CLP,942296,10,Media,transferencia a ikea chile,1108.0,vivienda,2026-07-20,natural
76,CL,CLP,942296,10,Media,CLÍNICA UNIVERSIDAD DE LOS ANDES,625.0,salud,2026-10-19,cartola
76,CL,CLP,942296,10,Media,pago a fuente suiza,3475.0,alimentacion,2026-12-08,natural
76,CL,CLP,942296,10,Media,transferencia a movistar arena,1109.0,ocio,2026-08-04,natural
76,CL,CLP,942296,10,Media,FARMACIAS SALCOBRAND,4300.0,salud,2026-05-04,cartola
76,CL,CLP,942296,10,Media,MOVISTAR HOGAR,1084.0,servicios,2026-05-10,cartola
76,CL,CLP,942296,10,Media,compra en movistar hogar,548.0,servicios,2026-01-27,natural
76,CL,CLP,942296,10,Media,EDIPRO EDIFICIO,3879.0,vivienda,2026-06-14,cartola
76,CL,CLP,942296,10,Media,transferencia a movistar hogar,4348.0,servicios,2026-03-09,natural
76,CL,CLP,942296,10,Media,COMPRA WEB TELEPIZZA,513.0,alimentacion,2026-04-08,cartola
76,CL,CLP,942296,10,Media,SAESA,4138.0,servicios,2026-10-06,cartola
76,CL,CLP,942296,10,Media,gasto en la sanguchera del barrio,8857.0,alimentacion,2026-09-04,natural
76,CL,CLP,942296,10,Media,transferencia a movistar hogar,6224.0,servicios,2026-04-22,natural
76,CL,CLP,942296,10,Media,transferencia a didi taxi,683.0,transporte,2026-07-26,natural
76,CL,CLP,942296,10,Media,transferencia a nuevosur,4361.0,servicios,2026-12-18,natural
76,CL,CLP,942296,10,Media,TER* ENTEL FIBRA,5419.0,servicios,2026-11-30,cartola
77,CL,CLP,1267595,48,Media,COMPRA WEB MADERAS ENCOFRADOS,30822.0,vivienda,2026-10-08,cartola
77,CL,CLP,1267595,48,Media,transferencia a peaje angostura,9230.0,transporte,2026-07-08,natural
77,CL,CLP,1267595,48,Media,FANTASILANDIA,14373.0,ocio,2026-10-29,cartola
77,CL,CLP,1267595,48,Media,gasto en spacio1 petrobras,19662.0,alimentacion,2026-11-06,natural
77,CL,CLP,1267595,48,Media,compra en universidad de santiago usach,11738.0,educacion,2026-08-25,natural
77,CL,CLP,1267595,48,Media,gasto en comunidadfeliz gastos comunes,6954.0,vivienda,2026-02-03,natural
77,CL,CLP,1267595,48,Media,transferencia a paris deco,2982.0,vivienda,2026-12-06,natural
77,CL,CLP,1267595,48,Media,METRO DE SANTIAGO,18045.0,transporte,2026-05-15,cartola
77,CL,CLP,1267595,48,Media,pago a chilquinta,6132.0,servicios,2026-03-03,natural
77,CL,CLP,1267595,48,Media,gasto en clínica universidad de los andes,9076.0,salud,2026-11-09,natural
77,CL,CLP,1267595,48,Media,transferencia a nuevosur,773.0,servicios,2026-08-15,natural
77,CL,CLP,1267595,48,Media,DOMINÓ,6439.0,alimentacion,2026-04-03,cartola
77,CL,CLP,1267595,48,Media,IMPERIAL,11214.0,vivienda,2026-04-26,cartola
77,CL,CLP,1267595,48,Media,FUENTE ALEMANA,8212.0,alimentacion,2026-11-28,cartola
77,CL,CLP,1267595,48,Media,OK MARKET,5572.0,alimentacion,2026-05-13,cartola
77,CL,CLP,1267595,48,Media,transferencia a buses metropolitana,2367.0,transporte,2026-11-28,natural
77,CL,CLP,1267595,48,Media,transferencia a abastible,3469.0,servicios,2026-10-20,natural
77,CL,CLP,1267595,48,Media,compra en smart fit,11291.0,ocio,2026-07-12,natural
77,CL,CLP,1267595,48,Media,,2376.0,alimentacion,2026-01-30,cartola
77,CL,CLP,1267595,48,Media,transferencia a buffalo waffles,9101.0,alimentacion,2026-10-25,natural
77,CL,CLP,1267595,48,Media,AUTOPISTA CENTRAL,8341.0,transporte,2026-03-02,cartola
77,CL,CLP,1267595,48,Media,transferencia a mundo pacífico,32958.0,servicios,2026-10-31,natural
77,CL,CLP,1267595,48,Media,SUC. BREAL PROPIEDADES,587.0,vivienda,2026-12-06,cartola
77,CL,CLP,1267595,48,Media,NF* ALIEXPRESS,1071.0,otros,2026-12-15,cartola
77,CL,CLP,1267595,48,Media,PEAJE MELIPILLA,6604.0,transporte,2026-11-20,cartola
77,CL,CLP,1267595,48,Media,PEAJE TRONCAL LAMPA,7011.0,transporte,2026-10-29,cartola
77,CL,CLP,1267595,48,Media,compra en clínica dental cumbre,1039.0,salud,2026-03-18,natural
77,CL,CLP,1267595,48,Media,ALQUILER PROPIEDADES CHILE,16363.0,vivienda,2026-05-01,cartola
77,CL,CLP,1267595,48,Media,pago a dentalalegre,6391.0,salud,2026-01-03,natural
77,CL,CLP,1267595,48,Media,,3985.0,servicios,2026-02-06,cartola
77,CL,CLP,1267595,48,Media,gasto en ruta 68,3595.0,transporte,2026-05-27,natural
77,CL,CLP,1267595,48,Media,compra en kastor gastos comunes,18500.0,vivienda,2026-04-02,natural
77,CL,CLP,1267595,48,Media,ABASTIBLE,2051.0,servicios,2026-12-05,cartola
77,CL,CLP,1267595,48,Media,PAGO DE LUZ MUNICIPALIDAD,1637.0,servicios,2026-09-30,cartola
77,CL,CLP,1267595,48,Media,transferencia a juan valdez,2244.0,alimentacion,2026-03-28,natural
77,CL,CLP,1267595,48,Media,FARMACIAS SALCOBRAND,9183.0,salud,2026-02-09,cartola
77,CL,CLP,1267595,48,Media,gasto en alvi,15593.0,alimentacion,2026-06-27,natural
77,CL,CLP,1267595,48,Media,transferencia a falabella home,3763.0,vivienda,2026-11-25,natural
77,CL,CLP,1267595,48,Media,DENTALALEGRE,1783.0,salud,2026-10-12,cartola
77,CL,CLP,1267595,48,Media,ECO FARMACIAS,2197.0,salud,2026-02-11,cartola
77,CL,CLP,1267595,48,Media,KFC,9038.0,alimentacion,2026-10-12,cartola
77,CL,CLP,1267595,48,Media,ESVAL,2644.0,servicios,2026-03-07,cartola
77,CL,CLP,1267595,48,Media,transferencia a schopdog,19639.0,alimentacion,2026-05-04,natural
77,CL,CLP,1267595,48,Media,AUTOPISTA CENTRAL,1027.0,transporte,2026-05-25,cartola
77,CL,CLP,1267595,48,Media,GASCO,1131.0,servicios,2026-04-19,cartola
77,CL,CLP,1267595,48,Media,transferencia a instituto profesional santo tomás,866.0,educacion,2026-04-02,natural
77,CL,CLP,1267595,48,Media,DR AHORRO,17492.0,salud,2026-11-04,cartola
77,CL,CLP,1267595,48,Media,compra en kfc,9861.0,alimentacion,2026-03-01,natural
77,CL,CLP,1267595,48,Media,transferencia a aguas del altiplano,29620.0,servicios,2026-12-16,natural
77,CL,CLP,1267595,48,Media,TURBUS,3837.0,transporte,2026-08-15,cartola
77,CL,CLP,1267595,48,Media,pago a dominó,2239.0,alimentacion,2026-08-28,natural
77,CL,CLP,1267595,48,Media,AGUAS DEL ALTIPLANO,7728.0,servicios,2026-07-31,cartola
77,CL,CLP,1267595,48,Media,SMART FIT,7225.0,ocio,2026-04-08,cartola
77,CL,CLP,1267595,48,Media,suscripción a amazon prime,8370.0,streaming,2026-01-14,natural
77,CL,CLP,1267595,48,Media,ENTEL FIBRA,3997.0,servicios,2026-08-06,cartola
77,CL,CLP,1267595,48,Media,compra en turbus,967.0,transporte,2026-06-19,natural
77,CL,CLP,1267595,48,Media,REDFARMA,709.0,salud,2026-09-13,cartola
77,CL,CLP,1267595,48,Media,SPOTIFY,10205.0,ocio,2026-06-20,cartola
77,CL,CLP,1267595,48,Media,transferencia a tommy beans,6935.0,alimentacion,2026-03-14,natural
77,CL,CLP,1267595,48,Media,pago a condovive copropiedad,16106.0,vivienda,2026-05-27,natural
77,CL,CLP,1267595,48,Media,gasto en cineplanet,3345.0,ocio,2026-12-06,natural
77,CL,CLP,1267595,48,Media,transferencia a passline,15821.0,ocio,2026-11-13,natural
77,CL,CLP,1267595,48,Media,VTR INTERNET,5189.0,servicios,2026-04-16,cartola
77,CL,CLP,1267595,48,Media,gasto en ruta del maipo,952.0,transporte,2026-04-04,natural
77,CL,CLP,1267595,48,Media,DUNKIN DONUTS,35693.0,alimentacion,2026-03-04,cartola
77,CL,CLP,1267595,48,Media,gasto en pastelería marmentini,6715.0,alimentacion,2026-06-03,natural
77,CL,CLP,1267595,48,Media,compra en comunidadfeliz gastos comunes,9295.0,vivienda,2026-09-12,natural
77,CL,CLP,1267595,48,Media,pago a kidzania santiago,10401.0,ocio,2026-12-17,natural
77,CL,CLP,1267595,48,Media,compra en lipigas,4213.0,servicios,2026-02-04,natural
77,CL,CLP,1267595,48,Media,AGUAS DE ANTOFAGASTA,12886.0,servicios,2026-11-19,cartola
77,CL,CLP,1267595,48,Media,gasto en essbio,19119.0,servicios,2026-11-08,natural
77,CL,CLP,1267595,48,Media,transferencia a pastelería marmentini,4584.0,alimentacion,2026-10-23,natural
77,CL,CLP,1267595,48,Media,CLÍNICA DENTAL CUMBRE,10017.0,salud,2026-09-10,cartola
77,CL,CLP,1267595,48,Media,GTD MANQUEHUE,13249.0,servicios,2026-06-06,cartola
77,CL,CLP,1267595,48,Media,ESVAL,1974.0,servicios,2026-05-14,cartola
77,CL,CLP,1267595,48,Media,pago a casaideas,3785.0,vivienda,2026-05-09,natural
77,CL,CLP,1267595,48,Media,TEATRO NESCAFÉ DE LAS ARTES,1078.0,ocio,2026-10-07,cartola
77,CL,CLP,1267595,48,Media,gasto en bar la virgen,8630.0,ocio,2026-12-24,natural
77,CL,CLP,1267595,48,Media,compra en mcdonalds,15111.0,alimentacion,2026-09-09,natural
77,CL,CLP,1267595,48,Media,FUENTE ALEMANA,8835.0,alimentacion,2026-05-15,cartola
77,CL,CLP,1267595,48,Media,FONASA,1855.0,salud,2026-11-27,cartola
77,CL,CLP,1267595,48,Media,UNIMARC,7400.0,alimentacion,2026-01-11,cartola
77,CL,CLP,1267595,48,Media,ENEL DISTRIBUCIÓN,16864.0,servicios,2026-10-19,cartola
77,CL,CLP,1267595,48,Media,gasto en estacionamiento saba,3376.0,transporte,2026-05-28,natural
77,CL,CLP,1267595,48,Media,ESSBIO,16735.0,servicios,2026-11-15,cartola
77,CL,CLP,1267595,48,Media,SIBARITAS 87,14373.0,alimentacion,2026-03-21,cartola
77,CL,CLP,1267595,48,Media,ESTACIONAMIENTO MALL CENTER,690.0,transporte,2026-12-10,cartola
77,CL,CLP,1267595,48,Media,transferencia a pizza hut,2562.0,alimentacion,2026-01-30,natural
77,CL,CLP,1267595,48,Media,gasto en kastor gastos comunes,7330.0,vivienda,2026-12-25,natural
77,CL,CLP,1267595,48,Media,pago a almacén de barrio,11838.0,alimentacion,2026-08-17,natural
77,CL,CLP,1267595,48,Media,pago mensual de amazon prime,19890.0,streaming,2026-03-25,natural
77,CL,CLP,1267595,48,Media,compra en uber chile,9591.0,transporte,2026-05-30,natural
77,CL,CLP,1267595,48,Media,DIMEIGGS,4480.0,educacion,2026-12-27,cartola
77,CL,CLP,1267595,48,Media,compra en ferretería el candado,1911.0,vivienda,2026-07-08,natural
77,CL,CLP,1267595,48,Media,pago a eco farmacias,13361.0,salud,2026-01-21,natural
77,CL,CLP,1267595,48,Media,PAC YOUTUBE PREMIUM 7/8,2169.0,streaming,2026-02-06,cartola
77,CL,CLP,1267595,48,Media,YOLITO FERRETERÍA,11130.0,vivienda,2026-09-03,cartola
77,CL,CLP,1267595,48,Media,PETROBRAS,1872.0,transporte,2026-10-10,cartola
77,CL,CLP,1267595,48,Media,SMART FIT,894.0,ocio,2026-04-12,cartola
77,CL,CLP,1267595,48,Media,SUPERBODEGA ACUENTA,2707.0,alimentacion,2026-10-21,cartola
77,CL,CLP,1267595,48,Media,cargo de youtube premium,3140.0,streaming,2026-08-20,natural
77,CL,CLP,1267595,48,Media,,9754.0,alimentacion,2026-11-12,cartola
77,CL,CLP,1267595,48,Media,CLÍNICA DENTAL CUMBRE,1642.0,salud,2026-11-22,cartola
77,CL,CLP,1267595,48,Media,KIDZANIA SANTIAGO,24936.0,ocio,2026-10-15,cartola
77,CL,CLP,1267595,48,Media,compra en rappi,7566.0,alimentacion,2026-12-02,natural
77,CL,CLP,1267595,48,Media,KIDZANIA SANTIAGO,6321.0,ocio,2026-09-02,cartola
77,CL,CLP,1267595,48,Media,PAC CABIFY,5340.0,transporte,2026-06-26,cartola
77,CL,CLP,1267595,48,Media,CARGO AUT MAX 6917,7827.0,streaming,2026-08-01,cartola
77,CL,CLP,1267595,48,Media,,857.0,otros,2026-04-12,natural
77,CL,CLP,1267595,48,Media,SUC. PASTELERÍA MARMENTINI,43193.0,alimentacion,2026-10-13,cartola
77,CL,CLP,1267595,48,Media,UBER EATS,7633.0,alimentacion,2026-01-22,cartola
77,CL,CLP,1267595,48,Media,CLÍNICA UNIVERSIDAD DE LOS ANDES,518.0,salud,2026-10-14,cartola
77,CL,CLP,1267595,48,Media,transferencia a redsalud,8346.0,salud,2026-10-03,natural
77,CL,CLP,1267595,48,Media,SEGUROS METLIFE,5379.0,otros,2026-05-27,cartola
77,CL,CLP,1267595,48,Media,SENCILLITO CUENTAS,1051.0,servicios,2026-06-16,cartola
77,CL,CLP,1267595,48,Media,COSTANERA NORTE,24178.0,transporte,2026-04-01,cartola
77,CL,CLP,1267595,48,Media,GIMNASIO SPORTLIFE,571.0,ocio,2026-12-31,cartola
77,CL,CLP,1267595,48,Media,,8074.0,salud,2026-10-10,natural
78,CL,CLP,525939,34,Media,gasto en aguas de antofagasta,3707.0,servicios,2026-03-17,natural
78,CL,CLP,525939,34,Media,compra en almacén doña juana,565.0,alimentacion,2026-01-30,natural
78,CL,CLP,525939,34,Media,pago a bar la virgen,938.0,ocio,2026-12-06,natural
78,CL,CLP,525939,34,Media,CHILQUINTA,1581.0,servicios,2026-05-06,cartola
78,CL,CLP,525939,34,Media,cargo de apple music,1095.0,streaming,2026-02-23,natural
78,CL,CLP,525939,34,Media,AUTOPISTA CENTRAL,9519.0,transporte,2026-10-10,cartola
78,CL,CLP,525939,34,Media,SUC. PASTELERÍA MARMENTINI,2803.0,alimentacion,2026-12-06,cartola
78,CL,CLP,525939,34,Media,PETROBRAS,942.0,transporte,2026-09-20,cartola
78,CL,CLP,525939,34,Media,transferencia a banco de chile comisiones,537.0,otros,2026-12-26,natural
78,CL,CLP,525939,34,Media,CONSTRUMART,2395.0,vivienda,2026-08-10,cartola
78,CL,CLP,525939,34,Media,transferencia a clínica alemana,1252.0,salud,2026-11-24,natural
78,CL,CLP,525939,34,Media,SUB*CRUNCHYROLL 1605,4226.0,streaming,2026-01-02,cartola
78,CL,CLP,525939,34,Media,pago a pacific fitness,2241.0,ocio,2026-11-02,natural
78,CL,CLP,525939,34,Media,OK MARKET,1613.0,alimentacion,2026-05-26,cartola
78,CL,CLP,525939,34,Media,POS TRX CENTRO MÉDICO SAN LORENZO,9360.0,salud,2026-01-18,cartola
78,CL,CLP,525939,34,Media,compra en kastor gastos comunes,1407.0,vivienda,2026-01-16,natural
78,CL,CLP,525939,34,Media,gasto en smart fit,1453.0,ocio,2026-11-04,natural
78,CL,CLP,525939,34,Media,transferencia a peaje lateral,3112.0,transporte,2026-06-08,natural
78,CL,CLP,525939,34,Media,PEAJE ANGOSTURA,4708.0,transporte,2026-12-06,cartola
78,CL,CLP,525939,34,Media,POS TRX WENDY'S,2794.0,alimentacion,2026-12-18,cartola
78,CL,CLP,525939,34,Media,compra en pinturas sherwin williams,3406.0,vivienda,2026-10-25,natural
78,CL,CLP,525939,34,Media,transferencia a servipag cuentas,1325.0,servicios,2026-07-28,natural
78,CL,CLP,525939,34,Media,FERRETERÍA PRAT,1854.0,vivienda,2026-07-24,cartola
78,CL,CLP,525939,34,Media,pago a peaje melipilla,623.0,transporte,2026-04-23,natural
78,CL,CLP,525939,34,Media,transferencia a emporio la rosa,3238.0,alimentacion,2026-06-27,natural
78,CL,CLP,525939,34,Media,ADMINISTRACIÓN JARDINES DE MAIPÚ,711.0,vivienda,2026-07-28,cartola
78,CL,CLP,525939,34,Media,pago a estacionamiento saba,1135.0,transporte,2026-01-15,natural
78,CL,CLP,525939,34,Media,pago a construmart,7708.0,vivienda,2026-12-12,natural
78,CL,CLP,525939,34,Media,transferencia a aguas del altiplano,1037.0,servicios,2026-10-25,natural
78,CL,CLP,525939,34,Media,ABASTIBLE,622.0,servicios,2026-02-14,cartola
78,CL,CLP,525939,34,Media,PAGO TC CRUNCHYROLL 9262,886.0,streaming,2026-04-04,cartola
78,CL,CLP,525939,34,Media,gasto en peaje melipilla,1139.0,transporte,2026-04-17,natural
78,CL,CLP,525939,34,Media,transferencia a bravissimo,1827.0,alimentacion,2026-10-05,natural
78,CL,CLP,525939,34,Media,transferencia a imperial,627.0,vivienda,2026-02-07,natural
78,CL,CLP,525939,34,Media,PAGO TC PARAMOUNT+ 1539,1108.0,streaming,2026-07-17,cartola
78,CL,CLP,525939,34,Media,gasto en alquiler propiedades chile,984.0,vivienda,2026-07-11,natural
78,CL,CLP,525939,34,Media,pago a falabella home,996.0,vivienda,2026-12-23,natural
78,CL,CLP,525939,34,Media,UNIMARC,506.0,alimentacion,2026-02-13,cartola
78,CL,CLP,525939,34,Media,PAC ECO FARMACIAS,1473.0,salud,2026-11-28,cartola
78,CL,CLP,525939,34,Media,transferencia a kfc,949.0,alimentacion,2026-01-07,natural
78,CL,CLP,525939,34,Media,DUNKIN DONUTS,693.0,alimentacion,2026-11-12,cartola
78,CL,CLP,525939,34,Media,compra en essbio,6159.0,servicios,2026-01-01,natural
78,CL,CLP,525939,34,Media,pago ac onstrumart,6167.0,vivienda,2026-03-03,natural
78,CL,CLP,525939,34,Media,SIBARITAS 87,666.0,alimentacion,2026-12-09,cartola
78,CL,CLP,525939,34,Media,compra en ferretería el candado,505.0,vivienda,2026-03-30,natural
78,CL,CLP,525939,34,Media,IKEA CHILE,2250.0,vivienda,2026-01-18,cartola
78,CL,CLP,525939,34,Media,compra en kfc,2829.0,alimentacion,2026-04-18,natural
78,CL,CLP,525939,34,Media,BAR EL BARISTA,8971.0,ocio,2026-05-15,cartola
78,CL,CLP,525939,34,Media,,1345.0,servicios,2026-11-06,cartola
78,CL,CLP,525939,34,Media,NF* PULLMAN BUS,2734.0,transporte,2026-03-08,cartola
78,CL,CLP,525939,34,Media,compra en amazon prime video,5978.0,ocio,2026-04-03,natural
78,CL,CLP,525939,34,Media,AUTOPISTA VESPUCIO ORIENTE AVO,1697.0,transporte,2026-05-18,cartola
78,CL,CLP,525939,34,Media,DUOC UC,1200.0,educacion,2026-02-28,cartola
78,CL,CLP,525939,34,Media,WEBPAY ALVI,1346.0,alimentacion,2026-07-06,cartola
78,CL,CLP,525939,34,Media,ATM UNIVERSIDAD DIEGO PORTALES UDP,734.0,educacion,2026-03-10,cartola
78,CL,CLP,525939,34,Media,pago a mamut,946.0,alimentacion,2026-04-08,natural
78,CL,CLP,525939,34,Media,ENEL DISTRIBUCIÓN,3954.0,servicios,2026-01-08,cartola
78,CL,CLP,525939,34,Media,pago a tommy beans,773.0,alimentacion,2026-11-07,natural
78,CL,CLP,525939,34,Media,UBER CHILE,633.0,transporte,2026-02-25,cartola
78,CL,CLP,525939,34,Media,transferencia a petrobras,5847.0,transporte,2026-12-26,natural
78,CL,CLP,525939,34,Media,COMPRA WEB ESVAL,1666.0,servicios,2026-04-24,cartola
78,CL,CLP,525939,34,Media,PEAJE MELIPILLA,775.0,transporte,2026-03-29,cartola
78,CL,CLP,525939,34,Media,pago a upa!,866.0,alimentacion,2026-05-18,natural
78,CL,CLP,525939,34,Media,DUNKIN DONUTS,781.0,alimentacion,2026-04-18,cartola
78,CL,CLP,525939,34,Media,transferencia a yolito ferretería,614.0,vivienda,2026-01-23,natural
78,CL,CLP,525939,34,Media,PEAJE LATERAL,5226.0,transporte,2026-05-24,cartola
78,CL,CLP,525939,34,Media,gasto en tarjeta cencosud,530.0,otros,2026-12-23,natural
78,CL,CLP,525939,34,Media,gasto en vespucio sur,2343.0,transporte,2026-05-24,natural
78,CL,CLP,525939,34,Media,SUPERBODEGA ACUENTA,555.0,alimentacion,2026-04-18,cartola
78,CL,CLP,525939,34,Media,transferencia a farmacias salcobrand,8479.0,salud,2026-12-17,natural
78,CL,CLP,525939,34,Media,PASTELERÍA MARMENTINI,2625.0,alimentacion,2026-01-06,cartola
78,CL,CLP,525939,34,Media,COLECTIVO LINEA 40,6629.0,transporte,2026-01-30,cartola
78,CL,CLP,525939,34,Media,METRO DE SANTIAGO,1440.0,transporte,2026-11-03,cartola
78,CL,CLP,525939,34,Media,ESVAL,4726.0,servicios,2026-12-28,cartola
78,CL,CLP,525939,34,Media,CORONA,5457.0,otros,2026-12-11,cartola
78,CL,CLP,525939,34,Media,compra en emporio la rosa,3447.0,alimentacion,2026-05-07,natural
78,CL,CLP,525939,34,Media,SANTA ISABEL,801.0,alimentacion,2026-05-01,cartola
78,CL,CLP,525939,34,Media,compra en falabella home,904.0,vivienda,2026-04-09,natural
78,CL,CLP,525939,34,Media,transferencia a fuente alemana,524.0,alimentacion,2026-06-15,natural
78,CL,CLP,525939,34,Media,compra en oxxo,1061.0,alimentacion,2026-09-25,natural
78,CL,CLP,525939,34,Media,cargo de max,3667.0,streaming,2026-11-21,natural
78,CL,CLP,525939,34,Media,FARMACIAS KNOP,2312.0,salud,2026-03-14,cartola
78,CL,CLP,525939,34,Media,gasto en librería qué leo,2120.0,educacion,2026-10-27,natural
78,CL,CLP,525939,34,Media,cargo de youtube premium,828.0,streaming,2026-02-21,natural
78,CL,CLP,525939,34,Media,,764.0,streaming,2026-08-15,natural
78,CL,CLP,525939,34,Media,PAGO DE LUZ MUNICIPALIDAD,657.0,servicios,2026-07-12,cartola
78,CL,CLP,525939,34,Media,pago a maderas encofrados,1452.0,vivienda,2026-08-27,natural
78,CL,CLP,525939,34,Media,TICKETMASTER CHILE,3827.0,ocio,2026-01-10,cartola
78,CL,CLP,525939,34,Media,WEBPAY ALMACÉN DE BARRIO,834.0,alimentacion,2026-10-29,cartola
78,CL,CLP,525939,34,Media,gasto en vtr internet,3406.0,servicios,2026-12-25,natural
78,CL,CLP,525939,34,Media,EMPORIO LA ROSA,1920.0,alimentacion,2026-08-16,cartola
78,CL,CLP,525939,34,Media,compra en tricot,6152.0,otros,2026-10-20,natural
78,CL,CLP,525939,34,Media,LIBRERÍA SUBSUELO,753.0,educacion,2026-02-21,cartola
78,CL,CLP,525939,34,Media,METRO DE SANTIAGO,1702.0,transporte,2026-08-28,cartola
78,CL,CLP,525939,34,Media,pago a didi taxi,598.0,transporte,2026-03-22,natural
78,CL,CLP,525939,34,Media,compra en metro de santiago,1159.0,transporte,2026-01-13,natural
78,CL,CLP,525939,34,Media,pago a universidad de santiago usach,2008.0,educacion,2026-12-23,natural
78,CL,CLP,525939,34,Media,gasto en carls jr,3747.0,alimentacion,2026-05-08,natural
78,CL,CLP,525939,34,Media,PAC CINEPLANET,627.0,ocio,2026-10-31,cartola
78,CL,CLP,525939,34,Media,,699.0,salud,2026-01-11,cartola
78,CL,CLP,525939,34,Media,SCHOPDOG,2835.0,alimentacion,2026-03-22,cartola
78,CL,CLP,525939,34,Media,GIMNASIO SPORTLIFE,1369.0,ocio,2026-09-18,cartola
78,CL,CLP,525939,34,Media,compra en isapre consalud,1868.0,salud,2026-01-06,natural
78,CL,CLP,525939,34,Media,transferencia a didi taxi,5136.0,transporte,2026-08-10,natural
78,CL,CLP,525939,34,Media,KIDZANIA SANTIAGO,1963.0,ocio,2026-10-25,cartola
78,CL,CLP,525939,34,Media,UNIVERSIDAD DE LOS ANDES,3001.0,educacion,2026-03-22,cartola
78,CL,CLP,525939,34,Media,COPROPIETARIOS EDIFICIO EL GOLF,3037.0,vivienda,2026-01-03,cartola
78,CL,CLP,525939,34,Media,compra en abastibel,4622.0,servicios,2026-03-01,natural
78,CL,CLP,525939,34,Media,gasto en pastelería marmentini,2886.0,alimentacion,2026-08-09,natural
78,CL,CLP,525939,34,Media,transferencia a uber eats,848.0,alimentacion,2026-02-18,natural
78,CL,CLP,525939,34,Media,AUTOPISTA VESPUCIO ORIENTE AVO,1189.0,transporte,2026-08-16,cartola
78,CL,CLP,525939,34,Media,gasto en vespucio sur,12889.0,transporte,2026-10-17,natural
78,CL,CLP,525939,34,Media,COLECTIVO LINEA 40,621.0,transporte,2026-10-20,cartola
78,CL,CLP,525939,34,Media,PAC AMAZON PRIME 3543,2509.0,streaming,2026-10-25,cartola
78,CL,CLP,525939,34,Media,pago a metrogas,5256.0,servicios,2026-07-12,natural
78,CL,CLP,525939,34,Media,MELT PIZZAS,2508.0,alimentacion,2026-09-14,cartola
78,CL,CLP,525939,34,Media,GTD MANQUEHUE,1322.0,servicios,2026-04-13,cartola
78,CL,CLP,525939,34,Media,CARGO AUT PETROBRAS,897.0,transporte,2026-05-26,cartola
78,CL,CLP,525939,34,Media,transferencia a club de baile,1275.0,ocio,2026-10-17,natural
78,CL,CLP,525939,34,Media,compra en easy,571.0,vivienda,2026-09-14,natural
78,CL,CLP,525939,34,Media,compra en ikea chile,9202.0,vivienda,2026-11-05,natural
78,CL,CLP,525939,34,Media,compra en pizza hut,3565.0,alimentacion,2026-10-05,natural
78,CL,CLP,525939,34,Media,VESPUCIO NORTE,3929.0,transporte,2026-07-08,cartola
78,CL,CLP,525939,34,Media,pago a tarragona,1626.0,alimentacion,2026-06-27,natural
79,CL,CLP,1701482,66,Alta,TER* ENEL DISTRIBUCIÓN,1356.0,servicios,2026-11-30,cartola
79,CL,CLP,1701482,66,Alta,PAGO TC FALABELLA HOME,2794.0,vivienda,2026-07-03,cartola
79,CL,CLP,1701482,66,Alta,,1154.0,educacion,2026-02-13,natural
79,CL,CLP,1701482,66,Alta,COMUNIDADFELIZ GASTOS COMUNES,8104.0,vivienda,2026-01-12,cartola
79,CL,CLP,1701482,66,Alta,RIPLEY,1407.0,otros,2026-01-08,cartola
79,CL,CLP,1701482,66,Alta,SAESA,12674.0,servicios,2026-03-21,cartola
79,CL,CLP,1701482,66,Alta,MERCADO LIBRE,2207.0,otros,2026-10-24,cartola
79,CL,CLP,1701482,66,Alta,SUC. PARAMOUNT+ 2907,14340.0,streaming,2026-06-11,cartola
79,CL,CLP,1701482,66,Alta,NUEVOSUR,1888.0,servicios,2026-10-29,cartola
79,CL,CLP,1701482,66,Alta,CLÍNICA ALEMANA,11457.0,salud,2026-08-04,cartola
79,CL,CLP,1701482,66,Alta,IMPERIAL,3632.0,vivienda,2026-09-05,cartola
79,CL,CLP,1701482,66,Alta,COPROPIETARIOS EDIFICIO EL GOLF,7845.0,vivienda,2026-01-29,cartola
79,CL,CLP,1701482,66,Alta,PAGO TC CRUNCHYROLL 1660,771.0,streaming,2026-05-13,cartola
79,CL,CLP,1701482,66,Alta,CENTRO MÉDICO SAN LORENZO,6130.0,salud,2026-01-05,cartola
79,CL,CLP,1701482,66,Alta,ABASTIBLE,1443.0,servicios,2026-09-01,cartola
79,CL,CLP,1701482,66,Alta,ABASTIBLE,5973.0,servicios,2026-01-30,cartola
79,CL,CLP,1701482,66,Alta,transferencia a abastible,1366.0,servicios,2026-04-27,natural
79,CL,CLP,1701482,66,Alta,ENERGY FITNESS,5152.0,ocio,2026-06-27,cartola
79,CL,CLP,1701482,66,Alta,compra en gasco,1051.0,servicios,2026-09-18,natural
79,CL,CLP,1701482,66,Alta,PINTURAS SHERWIN WILLIAMS,2227.0,vivienda,2026-08-23,cartola
79,CL,CLP,1701482,66,Alta,transferencia a ruta del itata,8106.0,transporte,2026-05-21,natural
79,CL,CLP,1701482,66,Alta,PLAYSTATION NETWORK,33690.0,ocio,2026-11-01,cartola
79,CL,CLP,1701482,66,Alta,gasto en banco santander seguro,5347.0,otros,2026-12-11,natural
79,CL,CLP,1701482,66,Alta,EMPORIO LA ROSA,10419.0,alimentacion,2026-02-19,cartola
79,CL,CLP,1701482,66,Alta,pago a aguas de antofagasta,6951.0,servicios,2026-09-27,natural
79,CL,CLP,1701482,66,Alta,gasto en juan valdez,6185.0,alimentacion,2026-04-18,natural
79,CL,CLP,1701482,66,Alta,ABASTIBLE,600.0,servicios,2026-02-15,cartola
79,CL,CLP,1701482,66,Alta,pago a comunidadfeliz gastos comunes,1397.0,vivienda,2026-03-23,natural
79,CL,CLP,1701482,66,Alta,RUTA 68,19241.0,transporte,2026-05-06,cartola
79,CL,CLP,1701482,66,Alta,WEBPAY AMAZON PRIME 4178,4733.0,streaming,2026-03-25,cartola
79,CL,CLP,1701482,66,Alta,SIBARITAS 87,8542.0,alimentacion,2026-10-17,cartola
79,CL,CLP,1701482,66,Alta,,6736.0,salud,2026-03-12,cartola
79,CL,CLP,1701482,66,Alta,gasto en imperial,4270.0,vivienda,2026-06-24,natural
79,CL,CLP,1701482,66,Alta,SPACIO1 PETROBRAS,4400.0,alimentacion,2026-11-12,cartola
79,CL,CLP,1701482,66,Alta,compra en alquiler propiedades chile,7269.0,vivienda,2026-11-26,natural
79,CL,CLP,1701482,66,Alta,NUEVOSUR,1364.0,servicios,2026-12-03,cartola
79,CL,CLP,1701482,66,Alta,compra en discoteca amanda,4392.0,ocio,2026-12-20,natural
79,CL,CLP,1701482,66,Alta,pago a universidad diego portales udp,5311.0,educacion,2026-04-01,natural
79,CL,CLP,1701482,66,Alta,pago a aguas andinas,37729.0,servicios,2026-12-17,natural
79,CL,CLP,1701482,66,Alta,PAC APPLE MUSIC 13/1,3882.0,streaming,2026-09-06,cartola
79,CL,CLP,1701482,66,Alta,ESSBIO,9275.0,servicios,2026-05-12,cartola
79,CL,CLP,1701482,66,Alta,PAGO TC AUTOPISTA CENTRAL,1325.0,transporte,2026-06-18,cartola
79,CL,CLP,1701482,66,Alta,pago a sibaritas 87,607.0,alimentacion,2026-03-01,natural
79,CL,CLP,1701482,66,Alta,compra en didi taxi,18399.0,transporte,2026-12-03,natural
79,CL,CLP,1701482,66,Alta,VERDULERÍA DON LUCHO,11764.0,alimentacion,2026-08-29,cartola
79,CL,CLP,1701482,66,Alta,PAGO TC CRUNCHYROLL 7583,3425.0,streaming,2026-07-09,cartola
79,CL,CLP,1701482,66,Alta,transferencia a ópticas gmo,6297.0,salud,2026-12-06,natural
79,CL,CLP,1701482,66,Alta,AMAZON PRIME VIDEO,1308.0,ocio,2026-10-08,cartola
79,CL,CLP,1701482,66,Alta,pago a pullman bus,11011.0,transporte,2026-08-20,natural
79,CL,CLP,1701482,66,Alta,SUBWAY,654.0,alimentacion,2026-10-16,cartola
79,CL,CLP,1701482,66,Alta,CONDOVIVE COPROPIEDAD,12685.0,vivienda,2026-10-02,cartola
79,CL,CLP,1701482,66,Alta,paog a telepizza,7096.0,alimentacion,2026-11-09,natural
79,CL,CLP,1701482,66,Alta,NF* ALVI,2931.0,alimentacion,2026-01-15,cartola
79,CL,CLP,1701482,66,Alta,TURBUS,17794.0,transporte,2026-02-10,cartola
79,CL,CLP,1701482,66,Alta,WEBPAY PINTURAS SHERWIN WILLIAMS,38318.0,vivienda,2026-07-27,cartola
79,CL,CLP,1701482,66,Alta,GIRO CAJERO REDBANC,2631.0,otros,2026-03-01,cartola
79,CL,CLP,1701482,66,Alta,compra en autopista del sol,14714.0,transporte,2026-12-31,natural
79,CL,CLP,1701482,66,Alta,transferencia a carls jr,12435.0,alimentacion,2026-08-28,natural
79,CL,CLP,1701482,66,Alta,pago a emporio la rosa,12329.0,alimentacion,2026-04-06,natural
79,CL,CLP,1701482,66,Alta,gasto en aiep,28261.0,educacion,2026-10-05,natural
79,CL,CLP,1701482,66,Alta,compra en ferretería el candado,5978.0,vivienda,2026-06-09,natural
79,CL,CLP,1701482,66,Alta,pago a mundo pacífico,10054.0,servicios,2026-10-09,natural
79,CL,CLP,1701482,66,Alta,gasto en dimeiggs,15570.0,educacion,2026-07-28,natural
79,CL,CLP,1701482,66,Alta,pago a efe trenes,5855.0,transporte,2026-05-13,natural
79,CL,CLP,1701482,66,Alta,pago a dentalalegre,5888.0,salud,2026-04-07,natural
79,CL,CLP,1701482,66,Alta,TARJETA CENCOSUD,3440.0,otros,2026-08-07,cartola
79,CL,CLP,1701482,66,Alta,LIPIGAS,13609.0,servicios,2026-03-12,cartola
79,CL,CLP,1701482,66,Alta,pago a clínica santa maría,10391.0,salud,2026-10-01,natural
79,CL,CLP,1701482,66,Alta,transferencia a verdulería don lucho,5379.0,alimentacion,2026-12-17,natural
79,CL,CLP,1701482,66,Alta,transferencia a pastelería marmentini,4874.0,alimentacion,2026-05-14,natural
79,CL,CLP,1701482,66,Alta,CAJA VECINA ALMACEN,676.0,otros,2026-03-07,cartola
79,CL,CLP,1701482,66,Alta,gasto en construmart,1138.0,vivienda,2026-07-24,natural
79,CL,CLP,1701482,66,Alta,pago ap apa johns,6748.0,alimentacion,2026-10-25,natural
79,CL,CLP,1701482,66,Alta,WEBPAY PARAMOUNT+ 6402,4845.0,streaming,2026-04-27,cartola
79,CL,CLP,1701482,66,Alta,RUTA DEL ITATA,14254.0,transporte,2026-09-24,cartola
79,CL,CLP,1701482,66,Alta,BAR LA VIRGEN,7014.0,ocio,2026-10-09,cartola
79,CL,CLP,1701482,66,Alta,NF* MAX 4084,24745.0,streaming,2026-05-29,cartola
79,CL,CLP,1701482,66,Alta,PAC STEAM GAMES,1958.0,ocio,2026-07-13,cartola
79,CL,CLP,1701482,66,Alta,transferencia a copropietarios edificio el golf,41425.0,vivienda,2026-06-17,natural
79,CL,CLP,1701482,66,Alta,EASY,3171.0,vivienda,2026-11-08,cartola
79,CL,CLP,1701482,66,Alta,transferencia a universidad de chile,9220.0,educacion,2026-06-28,natural
79,CL,CLP,1701482,66,Alta,transferencia a ticketmaster chile,6248.0,ocio,2026-05-28,natural
79,CL,CLP,1701482,66,Alta,POS TRX ESSBIO,3995.0,servicios,2026-02-26,cartola
79,CL,CLP,1701482,66,Alta,AUTOPISTA DEL SOL,1345.0,transporte,2026-01-05,cartola
79,CL,CLP,1701482,66,Alta,gasto en copropietarios edificio el golf,1299.0,vivienda,2026-01-14,natural
79,CL,CLP,1701482,66,Alta,MADERAS ENCOFRADOS,11145.0,vivienda,2026-10-07,cartola
79,CL,CLP,1701482,66,Alta,pago a vtr internet,4252.0,servicios,2026-11-20,natural
79,CL,CLP,1701482,66,Alta,pago a uber chile,29155.0,transporte,2026-10-31,natural
79,CL,CLP,1701482,66,Alta,compra en dimeiggs,3533.0,educacion,2026-08-04,natural
79,CL,CLP,1701482,66,Alta,TER* UBER CHILE,36812.0,transporte,2026-06-24,cartola
79,CL,CLP,1701482,66,Alta,JUMBO,2062.0,alimentacion,2026-11-12,cartola
79,CL,CLP,1701482,66,Alta,compra en librería subsuelo,973.0,educacion,2026-01-03,natural
79,CL,CLP,1701482,66,Alta,cargo de hbo max,3360.0,streaming,2026-05-17,natural
79,CL,CLP,1701482,66,Alta,DIDI TAXI,19437.0,transporte,2026-04-10,cartola
79,CL,CLP,1701482,66,Alta,renovación de netflix,6615.0,streaming,2026-03-24,natural
79,CL,CLP,1701482,66,Alta,transferencia a petrobras,1307.0,transporte,2026-10-07,natural
79,CL,CLP,1701482,66,Alta,transferencia a aguas andinas,2029.0,servicios,2026-05-12,natural
79,CL,CLP,1701482,66,Alta,CHILQUINTA,3343.0,servicios,2026-01-01,cartola
79,CL,CLP,1701482,66,Alta,compra en dimeiggs,7998.0,educacion,2026-04-26,natural
79,CL,CLP,1701482,66,Alta,pago a wom fibra,3622.0,servicios,2026-07-21,natural
79,CL,CLP,1701482,66,Alta,SUB*COLECTIVO LNIEA 40,12324.0,transporte,2026-05-20,cartola
79,CL,CLP,1701482,66,Alta,renovación de disney plus,8588.0,streaming,2026-05-26,natural
79,CL,CLP,1701482,66,Alta,gasto en rappi,18560.0,alimentacion,2026-09-23,natural
79,CL,CLP,1701482,66,Alta,ISAPRE CONSALUD,6232.0,salud,2026-07-21,cartola
79,CL,CLP,1701482,66,Alta,SUC. TOMMY BEANS,3606.0,alimentacion,2026-06-01,cartola
79,CL,CLP,1701482,66,Alta,TER* YOUTUBE PREMIUM 11/6,50134.0,streaming,2026-08-10,cartola
79,CL,CLP,1701482,66,Alta,gasto en kastor gastos comunes,3940.0,vivienda,2026-03-20,natural
79,CL,CLP,1701482,66,Alta,TER* IKEA CHILE,5018.0,vivienda,2026-07-19,cartola
79,CL,CLP,1701482,66,Alta,PAGO DE LUZ MUNICIPALIDAD,14849.0,servicios,2026-09-07,cartola
79,CL,CLP,1701482,66,Alta,BURGER KING,832.0,alimentacion,2026-04-09,cartola
79,CL,CLP,1701482,66,Alta,pago a redsalud,4380.0,salud,2026-08-01,natural
79,CL,CLP,1701482,66,Alta,GIMNASIO SPORTLIFE,803.0,ocio,2026-05-23,cartola
79,CL,CLP,1701482,66,Alta,PINTURAS SHERWIN WILLIAMS,1345.0,vivienda,2026-07-09,cartola
79,CL,CLP,1701482,66,Alta,METROGAS,888.0,servicios,2026-10-28,cartola
79,CL,CLP,1701482,66,Alta,gasto en casaideas,873.0,vivienda,2026-02-21,natural
79,CL,CLP,1701482,66,Alta,SUB*HBO MAX 3959,4290.0,streaming,2026-04-22,cartola
79,CL,CLP,1701482,66,Alta,FARMACIAS SALCOBRAND,14850.0,salud,2026-05-15,cartola
79,CL,CLP,1701482,66,Alta,transferencia a inacap,7929.0,educacion,2026-04-22,natural
79,CL,CLP,1701482,66,Alta,ISAPRE CONSALUD,9034.0,salud,2026-01-13,cartola
79,CL,CLP,1701482,66,Alta,transferencia a zoológico metropolitano,6567.0,ocio,2026-09-30,natural
79,CL,CLP,1701482,66,Alta,,15364.0,vivienda,2026-08-21,cartola
79,CL,CLP,1701482,66,Alta,INTEGRAMÉDICA,19038.0,salud,2026-02-13,cartola
79,CL,CLP,1701482,66,Alta,COSTANERA NORTE,16994.0,transporte,2026-03-14,cartola
79,CL,CLP,1701482,66,Alta,KASTOR GASTOS COMUNES,14991.0,vivienda,2026-09-18,cartola
79,CL,CLP,1701482,66,Alta,pago a botillería el faro,1809.0,alimentacion,2026-08-19,natural
80,CL,CLP,1310208,5,Media,BAR LA VIRGEN,11064.0,ocio,2026-09-16,cartola
80,CL,CLP,1310208,5,Media,gasto en cory,1813.0,alimentacion,2026-04-14,natural
80,CL,CLP,1310208,5,Media,CLUB DE BAILE,1111.0,ocio,2026-01-01,cartola
80,CL,CLP,1310208,5,Media,TER* TAVELLI,16387.0,alimentacion,2026-07-26,cartola
80,CL,CLP,1310208,5,Media,transferencia a saesa,13475.0,servicios,2026-05-15,natural
80,CL,CLP,1310208,5,Media,PETROBRAS,3564.0,transporte,2026-09-28,cartola
80,CL,CLP,1310208,5,Media,pago a clínica universidad de los andes,9652.0,salud,2026-03-30,natural
80,CL,CLP,1310208,5,Media,compra en doggis,1192.0,alimentacion,2026-07-14,natural
80,CL,CLP,1310208,5,Media,DOMINÓ,6360.0,alimentacion,2026-05-02,cartola
80,CL,CLP,1310208,5,Media,gasto en sparta,961.0,otros,2026-04-26,natural
80,CL,CLP,1310208,5,Media,pago a pacific fitness,4468.0,ocio,2026-07-15,natural
80,CL,CLP,1310208,5,Media,transferencia a ok market,699.0,alimentacion,2026-02-05,natural
80,CL,CLP,1310208,5,Media,transferencia a casaideas,5796.0,vivienda,2026-03-08,natural
80,CL,CLP,1310208,5,Media,pago mensual de spoitfy,4924.0,streaming,2026-05-13,natural
80,CL,CLP,1310208,5,Media,CARGO AUT AUTOPISTA VESPUCIO ORIENTE AVO,5284.0,transporte,2026-10-08,cartola
80,CL,CLP,1310208,5,Media,gasto en universidad del desarrollo udd,978.0,educacion,2026-01-11,natural
80,CL,CLP,1310208,5,Media,transferencia a nuevosur,4035.0,servicios,2026-08-06,natural
80,CL,CLP,1310208,5,Media,compra en clínica dávila,12700.0,salud,2026-11-18,natural
80,CL,CLP,1310208,5,Media,CLÍNICA UNIVERSIDAD DE LOS ANDES,4139.0,salud,2026-06-05,cartola
80,CL,CLP,1310208,5,Media,transferencia a servipag cuentas,11291.0,servicios,2026-08-28,natural
80,CL,CLP,1310208,5,Media,transferencia a melt pizzas,4147.0,alimentacion,2026-03-01,natural
80,CL,CLP,1310208,5,Media,gasto en gtd manquehue,4948.0,servicios,2026-05-18,natural
80,CL,CLP,1310208,5,Media,ATM PACIFIC FITNESS,7461.0,ocio,2026-02-19,cartola
80,CL,CLP,1310208,5,Media,RAPPI,27057.0,alimentacion,2026-06-16,cartola
80,CL,CLP,1310208,5,Media,SUB*JUAN VALDEZ,1036.0,alimentacion,2026-06-14,cartola
80,CL,CLP,1310208,5,Media,DISCOTECA AMANDA,688.0,ocio,2026-04-02,cartola
80,CL,CLP,1310208,5,Media,PULLMAN BUS,8419.0,transporte,2026-10-21,cartola
80,CL,CLP,1310208,5,Media,RUTA 68,26773.0,transporte,2026-10-16,cartola
80,CL,CLP,1310208,5,Media,gasto en universidad de los andes,41158.0,educacion,2026-03-16,natural
80,CL,CLP,1310208,5,Media,POS TRX SIBARITAS 87,5952.0,alimentacion,2026-02-14,cartola
80,CL,CLP,1310208,5,Media,BRAVISSIMO,5676.0,alimentacion,2026-02-22,cartola
80,CL,CLP,1310208,5,Media,compra en pacific fitness,9310.0,ocio,2026-06-24,natural
80,CL,CLP,1310208,5,Media,transferencia a editorial santillana,7292.0,educacion,2026-06-10,natural
80,CL,CLP,1310208,5,Media,PAC WOM FIBRA,9039.0,servicios,2026-03-08,cartola
80,CL,CLP,1310208,5,Media,KIDZANIA SANTIAGO,18624.0,ocio,2026-12-27,cartola
80,CL,CLP,1310208,5,Media,DECATHLON,12332.0,otros,2026-09-27,cartola
80,CL,CLP,1310208,5,Media,transferencia a metrogas,6176.0,servicios,2026-05-04,natural
80,CL,CLP,1310208,5,Media,transferencia a uber chile,5571.0,transporte,2026-07-01,natural
80,CL,CLP,1310208,5,Media,transferencia a dunkin donuts,9175.0,alimentacion,2026-07-01,natural
80,CL,CLP,1310208,5,Media,REDFARMA,5469.0,salud,2026-02-05,cartola
80,CL,CLP,1310208,5,Media,SENCILLITO CUENTAS,5503.0,servicios,2026-07-31,cartola
80,CL,CLP,1310208,5,Media,pago a estacionamiento saba,633.0,transporte,2026-12-19,natural
80,CL,CLP,1310208,5,Media,TER* ALMACÉN DOÑA JUANA,1719.0,alimentacion,2026-06-27,cartola
80,CL,CLP,1310208,5,Media,transferencia a amazon prime video,6028.0,ocio,2026-06-15,natural
80,CL,CLP,1310208,5,Media,DUOC UC,15551.0,educacion,2026-12-03,cartola
80,CL,CLP,1310208,5,Media,KASTOR GASTOS COMUNES,2938.0,vivienda,2026-11-25,cartola
80,CL,CLP,1310208,5,Media,pago a turbus,6649.0,transporte,2026-11-23,natural
80,CL,CLP,1310208,5,Media,gasto en decathlon,3804.0,otros,2026-02-15,natural
80,CL,CLP,1310208,5,Media,POS TRX SUBWAY,995.0,alimentacion,2026-06-05,cartola
80,CL,CLP,1310208,5,Media,pago a gtd manquehue,28565.0,servicios,2026-08-24,natural
80,CL,CLP,1310208,5,Media,NF* AGUAS DE ANTOFAGASTA,17341.0,servicios,2026-11-12,cartola
80,CL,CLP,1310208,5,Media,gasto en yolito ferretería,735.0,vivienda,2026-03-01,natural
80,CL,CLP,1310208,5,Media,DR AHORRO,11438.0,salud,2026-01-05,cartola
80,CL,CLP,1310208,5,Media,PAGO TC REDFARMA,3840.0,salud,2026-06-30,cartola
80,CL,CLP,1310208,5,Media,ENEL DISTRIBUCIÓN,47369.0,servicios,2026-05-25,cartola
80,CL,CLP,1310208,5,Media,SENCILLITO CUENTAS,3238.0,servicios,2026-11-11,cartola
80,CL,CLP,1310208,5,Media,gasto en abastible,2452.0,servicios,2026-09-22,natural
80,CL,CLP,1310208,5,Media,transferencia a petrobras,7544.0,transporte,2026-08-11,natural
80,CL,CLP,1310208,5,Media,pago a clínica santa maría,16206.0,salud,2026-10-28,natural
80,CL,CLP,1310208,5,Media,pago a vtr internet,1923.0,servicios,2026-12-02,natural
80,CL,CLP,1310208,5,Media,transferencia a ruta del maipo,11111.0,transporte,2026-08-25,natural
80,CL,CLP,1310208,5,Media,compra en dimeiggs,570.0,educacion,2026-01-13,natural
80,CL,CLP,1310208,5,Media,transferencia a efe trenes,22589.0,transporte,2026-12-05,natural
80,CL,CLP,1310208,5,Media,DENTALALEGRE,760.0,salud,2026-09-25,cartola
80,CL,CLP,1310208,5,Media,gasto en starbucks,22082.0,alimentacion,2026-09-23,natural
80,CL,CLP,1310208,5,Media,REDSALUD,6068.0,salud,2026-01-16,cartola
80,CL,CLP,1310208,5,Media,transferencia a superbodega acuenta,5344.0,alimentacion,2026-04-02,natural
80,CL,CLP,1310208,5,Media,gasto en cineplanet,32577.0,ocio,2026-09-05,natural
80,CL,CLP,1310208,5,Media,transferencia a autopista del sol,41756.0,transporte,2026-01-19,natural
80,CL,CLP,1310208,5,Media,ESVAL,9443.0,servicios,2026-12-26,cartola
80,CL,CLP,1310208,5,Media,pago a gtd manquehue,1222.0,servicios,2026-04-13,natural
80,CL,CLP,1310208,5,Media,transferencia a imperial,6344.0,vivienda,2026-04-05,natural
80,CL,CLP,1310208,5,Media,DOGGIS,6772.0,alimentacion,2026-10-10,cartola
80,CL,CLP,1310208,5,Media,pago a feria chilena del libro,6495.0,educacion,2026-08-01,natural
80,CL,CLP,1310208,5,Media,gasto en pinturas sherwin williams,7577.0,vivienda,2026-02-06,natural
80,CL,CLP,1310208,5,Media,gasto en gtd manquehue,892.0,servicios,2026-03-02,natural
80,CL,CLP,1310208,5,Media,gasto en librería qué leo,11167.0,educacion,2026-10-18,natural
80,CL,CLP,1310208,5,Media,SEGUROS SURA,11204.0,otros,2026-12-28,cartola
80,CL,CLP,1310208,5,Media,compra en lipigas,1103.0,servicios,2026-10-30,natural
80,CL,CLP,1310208,5,Media,PC FACTORY,7593.0,otros,2026-09-01,cartola
80,CL,CLP,1310208,5,Media,FALABELLA,7554.0,otros,2026-11-07,cartola
80,CL,CLP,1310208,5,Media,ESSBIO,10313.0,servicios,2026-12-10,cartola
80,CL,CLP,1310208,5,Media,,803.0,vivienda,2026-12-17,cartola
80,CL,CLP,1310208,5,Media,pago a bar el barista,8854.0,ocio,2026-01-06,natural
80,CL,CLP,1310208,5,Media,PIZZA HUT,2963.0,alimentacion,2026-11-02,cartola
80,CL,CLP,1310208,5,Media,TER* ÓPTICAS SCHILLING,6359.0,salud,2026-06-14,cartola
80,CL,CLP,1310208,5,Media,compra en netflix chile,13344.0,ocio,2026-01-13,natural
80,CL,CLP,1310208,5,Media,transferencia a vtr internet,10995.0,servicios,2026-01-25,natural
80,CL,CLP,1310208,5,Media,FARMACIAS DEL DR SIMI,1138.0,salud,2026-08-12,cartola
80,CL,CLP,1310208,5,Media,METRO DE SANTIAGO,8042.0,transporte,2026-05-03,cartola
80,CL,CLP,1310208,5,Media,FERRETERÍA EL CANDADO,31265.0,vivienda,2026-05-09,cartola
80,CL,CLP,1310208,5,Media,gasto en paris deco,1533.0,vivienda,2026-11-01,natural
80,CL,CLP,1310208,5,Media,pago a fuente suiza,17232.0,alimentacion,2026-05-02,natural
80,CL,CLP,1310208,5,Media,transferencia a eco farmacias,10901.0,salud,2026-02-04,natural
80,CL,CLP,1310208,5,Media,gasto en petrobras,13371.0,transporte,2026-03-24,natural
80,CL,CLP,1310208,5,Media,pago a ikea chile,2978.0,vivienda,2026-11-05,natural
80,CL,CLP,1310208,5,Media,pago a universidad de santiago usach,3053.0,educacion,2026-07-01,natural
80,CL,CLP,1310208,5,Media,CARGO AUT MAX 11/11,21260.0,streaming,2026-03-17,cartola
80,CL,CLP,1310208,5,Media,transferencia a teatro caupolicán,4010.0,ocio,2026-04-14,natural
80,CL,CLP,1310208,5,Media,AGUAS DEL ALTIPLANO,585.0,servicios,2026-08-20,cartola
80,CL,CLP,1310208,5,Media,pago a ruta del maipo,8252.0,transporte,2026-10-30,natural
80,CL,CLP,1310208,5,Media,gasto en essbio,1199.0,servicios,2026-02-12,natural
80,CL,CLP,1310208,5,Media,compra en telepizza,14318.0,alimentacion,2026-04-03,natural
80,CL,CLP,1310208,5,Media,KASTOR GASTOS COMUNES,9229.0,vivienda,2026-05-24,cartola
80,CL,CLP,1310208,5,Media,compra en mundo pacífico,18676.0,servicios,2026-09-11,natural
80,CL,CLP,1310208,5,Media,KASTOR GASTOS COMUNES,13813.0,vivienda,2026-03-19,cartola
80,CL,CLP,1310208,5,Media,SUC. AUTOPISTA VESPUCIO ORIENTE AVO,1069.0,transporte,2026-09-20,cartola
80,CL,CLP,1310208,5,Media,gasto en copropietarios edificio el golf,4313.0,vivienda,2026-03-11,natural
80,CL,CLP,1310208,5,Media,gasto en alquiler propiedades chile,13393.0,vivienda,2026-05-29,natural
80,CL,CLP,1310208,5,Media,cargo de netflix,4856.0,streaming,2026-10-19,natural
